seed_id	card	source_hint	source_exists	legacy_doc	legacy_line	feature	android	macos	scope	oracle	parse_status
LEGACY:bottom_navigation:bottom_navigation_page:001	F16	lib/page/bottom_navigation/bottom_navigation_page.dart	true	test/auto_test/bottom_navigation/bottom_navigation_page.md	8	点击底部标签切换对应主页面	MAPPING_REQUIRED	MAPPING_REQUIRED	RECONCILE_REQUIRED	TO_BE_DEFINED	PARSED
LEGACY:bottom_navigation:bottom_navigation_page:002	F16	lib/page/bottom_navigation/bottom_navigation_page.dart	true	test/auto_test/bottom_navigation/bottom_navigation_page.md	9	消息标签展示未读消息数角标	MAPPING_REQUIRED	MAPPING_REQUIRED	RECONCILE_REQUIRED	TO_BE_DEFINED	PARSED
LEGACY:bottom_navigation:bottom_navigation_page:003	F16	lib/page/bottom_navigation/bottom_navigation_page.dart	true	test/auto_test/bottom_navigation/bottom_navigation_page.md	10	联系人标签展示新好友提醒角标	MAPPING_REQUIRED	MAPPING_REQUIRED	RECONCILE_REQUIRED	TO_BE_DEFINED	PARSED
LEGACY:bottom_navigation:bottom_navigation_page:004	F16	lib/page/bottom_navigation/bottom_navigation_page.dart	true	test/auto_test/bottom_navigation/bottom_navigation_page.md	11	频道标签汇总订阅未读数角标	MAPPING_REQUIRED	MAPPING_REQUIRED	RECONCILE_REQUIRED	TO_BE_DEFINED	PARSED
LEGACY:bottom_navigation:bottom_navigation_page:005	F16	lib/page/bottom_navigation/bottom_navigation_page.dart	true	test/auto_test/bottom_navigation/bottom_navigation_page.md	12	我的标签展示长连接三态指示点	MAPPING_REQUIRED	MAPPING_REQUIRED	RECONCILE_REQUIRED	TO_BE_DEFINED	PARSED
LEGACY:bottom_navigation:bottom_navigation_page:006	F16	lib/page/bottom_navigation/bottom_navigation_page.dart	true	test/auto_test/bottom_navigation/bottom_navigation_page.md	13	频道开关关闭时隐藏频道标签	MAPPING_REQUIRED	MAPPING_REQUIRED	RECONCILE_REQUIRED	TO_BE_DEFINED	PARSED
LEGACY:bottom_navigation:bottom_navigation_page:007	F16	lib/page/bottom_navigation/bottom_navigation_page.dart	true	test/auto_test/bottom_navigation/bottom_navigation_page.md	14	路由参数指定进入时的初始标签	MAPPING_REQUIRED	MAPPING_REQUIRED	RECONCILE_REQUIRED	TO_BE_DEFINED	PARSED
LEGACY:bottom_navigation:bottom_navigation_page:008	F16	lib/page/bottom_navigation/bottom_navigation_page.dart	true	test/auto_test/bottom_navigation/bottom_navigation_page.md	15	越界标签下标归一化到合法范围	MAPPING_REQUIRED	MAPPING_REQUIRED	RECONCILE_REQUIRED	TO_BE_DEFINED	PARSED
LEGACY:bottom_navigation:bottom_navigation_page:009	F16	lib/page/bottom_navigation/bottom_navigation_page.dart	true	test/auto_test/bottom_navigation/bottom_navigation_page.md	16	平板宽度改用侧边导航栏布局	MAPPING_REQUIRED	MAPPING_REQUIRED	RECONCILE_REQUIRED	TO_BE_DEFINED	PARSED
LEGACY:bottom_navigation:bottom_navigation_page:010	F16	lib/page/bottom_navigation/bottom_navigation_page.dart	true	test/auto_test/bottom_navigation/bottom_navigation_page.md	17	按系统返回键不退出应用	MAPPING_REQUIRED	MAPPING_REQUIRED	RECONCILE_REQUIRED	TO_BE_DEFINED	PARSED
LEGACY:bottom_navigation:bottom_navigation_page:011	F16	lib/page/bottom_navigation/bottom_navigation_page.dart	true	test/auto_test/bottom_navigation/bottom_navigation_page.md	18	换设备后首屏弹一次密钥恢复引导	MAPPING_REQUIRED	MAPPING_REQUIRED	RECONCILE_REQUIRED	TO_BE_DEFINED	PARSED
LEGACY:bottom_navigation:bottom_navigation_page:012	F16	lib/page/bottom_navigation/bottom_navigation_page.dart	true	test/auto_test/bottom_navigation/bottom_navigation_page.md	19	切换语言后标签文案同步刷新	MAPPING_REQUIRED	MAPPING_REQUIRED	RECONCILE_REQUIRED	TO_BE_DEFINED	PARSED
LEGACY:channel:channel_admin_page:001	F07	lib/page/channel/channel_admin_page.dart	true	test/auto_test/channel/channel_admin_page.md	8	管理员列表加载与骨架屏渲染	MAPPING_REQUIRED	MAPPING_REQUIRED	RECONCILE_REQUIRED	TO_BE_DEFINED	PARSED
LEGACY:channel:channel_admin_page:002	F07	lib/page/channel/channel_admin_page.dart	true	test/auto_test/channel/channel_admin_page.md	9	加载失败态展示与点击重试	MAPPING_REQUIRED	MAPPING_REQUIRED	RECONCILE_REQUIRED	TO_BE_DEFINED	PARSED
LEGACY:channel:channel_admin_page:003	F07	lib/page/channel/channel_admin_page.dart	true	test/auto_test/channel/channel_admin_page.md	10	无管理员时空态渲染	MAPPING_REQUIRED	MAPPING_REQUIRED	RECONCILE_REQUIRED	TO_BE_DEFINED	PARSED
LEGACY:channel:channel_admin_page:004	F07	lib/page/channel/channel_admin_page.dart	true	test/auto_test/channel/channel_admin_page.md	11	添加入口打开选人弹层并过滤已有管理员	MAPPING_REQUIRED	MAPPING_REQUIRED	RECONCILE_REQUIRED	TO_BE_DEFINED	PARSED
LEGACY:channel:channel_admin_page:005	F07	lib/page/channel/channel_admin_page.dart	true	test/auto_test/channel/channel_admin_page.md	12	选人弹层搜索按昵称账号过滤	MAPPING_REQUIRED	MAPPING_REQUIRED	RECONCILE_REQUIRED	TO_BE_DEFINED	PARSED
LEGACY:channel:channel_admin_page:006	F07	lib/page/channel/channel_admin_page.dart	true	test/auto_test/channel/channel_admin_page.md	13	选人后角色选择弹窗编辑者与管理员	MAPPING_REQUIRED	MAPPING_REQUIRED	RECONCILE_REQUIRED	TO_BE_DEFINED	PARSED
LEGACY:channel:channel_admin_page:007	F07	lib/page/channel/channel_admin_page.dart	true	test/auto_test/channel/channel_admin_page.md	14	添加管理员成功失败提示与列表刷新	MAPPING_REQUIRED	MAPPING_REQUIRED	RECONCILE_REQUIRED	TO_BE_DEFINED	PARSED
LEGACY:channel:channel_admin_page:008	F07	lib/page/channel/channel_admin_page.dart	true	test/auto_test/channel/channel_admin_page.md	15	修改角色弹窗回显当前角色勾选	MAPPING_REQUIRED	MAPPING_REQUIRED	RECONCILE_REQUIRED	TO_BE_DEFINED	PARSED
LEGACY:channel:channel_admin_page:009	F07	lib/page/channel/channel_admin_page.dart	true	test/auto_test/channel/channel_admin_page.md	16	修改角色提交结果提示与刷新	MAPPING_REQUIRED	MAPPING_REQUIRED	RECONCILE_REQUIRED	TO_BE_DEFINED	PARSED
LEGACY:channel:channel_admin_page:010	F07	lib/page/channel/channel_admin_page.dart	true	test/auto_test/channel/channel_admin_page.md	17	移除管理员确认弹窗与结果提示	MAPPING_REQUIRED	MAPPING_REQUIRED	RECONCILE_REQUIRED	TO_BE_DEFINED	PARSED
LEGACY:channel:channel_admin_page:011	F07	lib/page/channel/channel_admin_page.dart	true	test/auto_test/channel/channel_admin_page.md	18	创建者行显示角色徽标且无操作菜单	MAPPING_REQUIRED	MAPPING_REQUIRED	RECONCILE_REQUIRED	TO_BE_DEFINED	PARSED
LEGACY:channel:channel_article_page:001	F07	lib/page/channel/channel_article_page.dart	true	test/auto_test/channel/channel_article_page.md	8	底栏点赞乐观更新、回滚与计数刷新	MAPPING_REQUIRED	MAPPING_REQUIRED	RECONCILE_REQUIRED	TO_BE_DEFINED	PARSED
LEGACY:channel:channel_article_page:002	F07	lib/page/channel/channel_article_page.dart	true	test/auto_test/channel/channel_article_page.md	9	深链丢失 message 时降级空态	MAPPING_REQUIRED	MAPPING_REQUIRED	RECONCILE_REQUIRED	TO_BE_DEFINED	PARSED
LEGACY:channel:channel_article_page:003	F07	lib/page/channel/channel_article_page.dart	true	test/auto_test/channel/channel_article_page.md	10	作者头部头像昵称时间阅读数渲染	MAPPING_REQUIRED	MAPPING_REQUIRED	RECONCILE_REQUIRED	TO_BE_DEFINED	PARSED
LEGACY:channel:channel_article_page:004	F07	lib/page/channel/channel_article_page.dart	true	test/auto_test/channel/channel_article_page.md	11	标题正文拆分与 markdown 正文渲染	MAPPING_REQUIRED	MAPPING_REQUIRED	RECONCILE_REQUIRED	TO_BE_DEFINED	PARSED
LEGACY:channel:channel_article_page:005	F07	lib/page/channel/channel_article_page.dart	true	test/auto_test/channel/channel_article_page.md	12	封面大图与九宫格图片点击放大	MAPPING_REQUIRED	MAPPING_REQUIRED	RECONCILE_REQUIRED	TO_BE_DEFINED	PARSED
LEGACY:channel:channel_article_page:006	F07	lib/page/channel/channel_article_page.dart	true	test/auto_test/channel/channel_article_page.md	13	单图与视频消息媒体渲染及播放跳转	MAPPING_REQUIRED	MAPPING_REQUIRED	RECONCILE_REQUIRED	TO_BE_DEFINED	PARSED
LEGACY:channel:channel_article_page:007	F07	lib/page/channel/channel_article_page.dart	true	test/auto_test/channel/channel_article_page.md	14	内联评论加载、空态与失败重试	MAPPING_REQUIRED	MAPPING_REQUIRED	RECONCILE_REQUIRED	TO_BE_DEFINED	PARSED
LEGACY:channel:channel_article_page:008	F07	lib/page/channel/channel_article_page.dart	true	test/auto_test/channel/channel_article_page.md	15	滚动到底加载更多评论	MAPPING_REQUIRED	MAPPING_REQUIRED	RECONCILE_REQUIRED	TO_BE_DEFINED	PARSED
LEGACY:channel:channel_article_page:009	F07	lib/page/channel/channel_article_page.dart	true	test/auto_test/channel/channel_article_page.md	16	底部输入发布评论并滚动到底	MAPPING_REQUIRED	MAPPING_REQUIRED	RECONCILE_REQUIRED	TO_BE_DEFINED	PARSED
LEGACY:channel:channel_article_page:010	F07	lib/page/channel/channel_article_page.dart	true	test/auto_test/channel/channel_article_page.md	17	评论回复、点赞与删除操作	MAPPING_REQUIRED	MAPPING_REQUIRED	RECONCILE_REQUIRED	TO_BE_DEFINED	PARSED
LEGACY:channel:channel_article_page:011	F07	lib/page/channel/channel_article_page.dart	true	test/auto_test/channel/channel_article_page.md	18	底栏评论按钮聚焦唤起输入框	MAPPING_REQUIRED	MAPPING_REQUIRED	RECONCILE_REQUIRED	TO_BE_DEFINED	PARSED
LEGACY:channel:channel_article_page:012	F07	lib/page/channel/channel_article_page.dart	true	test/auto_test/channel/channel_article_page.md	19	分享面板复制正文与转发到聊天	MAPPING_REQUIRED	MAPPING_REQUIRED	RECONCILE_REQUIRED	TO_BE_DEFINED	PARSED
LEGACY:channel:channel_comment_page:001	F07	lib/page/channel/channel_comment_page.dart	true	test/auto_test/channel/channel_comment_page.md	8	发布评论落库与自动滚动到底	MAPPING_REQUIRED	MAPPING_REQUIRED	RECONCILE_REQUIRED	TO_BE_DEFINED	PARSED
LEGACY:channel:channel_comment_page:002	F07	lib/page/channel/channel_comment_page.dart	true	test/auto_test/channel/channel_comment_page.md	9	评论点赞与取消点赞计数增减	MAPPING_REQUIRED	MAPPING_REQUIRED	RECONCILE_REQUIRED	TO_BE_DEFINED	PARSED
LEGACY:channel:channel_comment_page:003	F07	lib/page/channel/channel_comment_page.dart	true	test/auto_test/channel/channel_comment_page.md	10	标题栏评论计数随增删刷新	MAPPING_REQUIRED	MAPPING_REQUIRED	RECONCILE_REQUIRED	TO_BE_DEFINED	PARSED
LEGACY:channel:channel_comment_page:004	F07	lib/page/channel/channel_comment_page.dart	true	test/auto_test/channel/channel_comment_page.md	11	无评论时空态渲染	MAPPING_REQUIRED	MAPPING_REQUIRED	RECONCILE_REQUIRED	TO_BE_DEFINED	PARSED
LEGACY:channel:channel_comment_page:005	F07	lib/page/channel/channel_comment_page.dart	true	test/auto_test/channel/channel_comment_page.md	12	原消息正文预览渲染语音消息	MAPPING_REQUIRED	MAPPING_REQUIRED	RECONCILE_REQUIRED	TO_BE_DEFINED	PARSED
LEGACY:channel:channel_comment_page:006	F07	lib/page/channel/channel_comment_page.dart	true	test/auto_test/channel/channel_comment_page.md	13	评论输入框表情面板输入与删除	MAPPING_REQUIRED	MAPPING_REQUIRED	RECONCILE_REQUIRED	TO_BE_DEFINED	PARSED
LEGACY:channel:channel_comment_page:007	F07	lib/page/channel/channel_comment_page.dart	true	test/auto_test/channel/channel_comment_page.md	14	评论首屏加载与失败态重试	MAPPING_REQUIRED	MAPPING_REQUIRED	RECONCILE_REQUIRED	TO_BE_DEFINED	PARSED
LEGACY:channel:channel_comment_page:008	F07	lib/page/channel/channel_comment_page.dart	true	test/auto_test/channel/channel_comment_page.md	15	下拉刷新重载评论列表	MAPPING_REQUIRED	MAPPING_REQUIRED	RECONCILE_REQUIRED	TO_BE_DEFINED	PARSED
LEGACY:channel:channel_comment_page:009	F07	lib/page/channel/channel_comment_page.dart	true	test/auto_test/channel/channel_comment_page.md	16	滚动到底加载更多评论分页	MAPPING_REQUIRED	MAPPING_REQUIRED	RECONCILE_REQUIRED	TO_BE_DEFINED	PARSED
LEGACY:channel:channel_comment_page:010	F07	lib/page/channel/channel_comment_page.dart	true	test/auto_test/channel/channel_comment_page.md	17	回复评论引用条显示、聚焦与取消	MAPPING_REQUIRED	MAPPING_REQUIRED	RECONCILE_REQUIRED	TO_BE_DEFINED	PARSED
LEGACY:channel:channel_comment_page:011	F07	lib/page/channel/channel_comment_page.dart	true	test/auto_test/channel/channel_comment_page.md	18	删除本人评论确认与无权限提示	MAPPING_REQUIRED	MAPPING_REQUIRED	RECONCILE_REQUIRED	TO_BE_DEFINED	PARSED
LEGACY:channel:channel_comment_page:012	F07	lib/page/channel/channel_comment_page.dart	true	test/auto_test/channel/channel_comment_page.md	19	有内容才展开发送按钮的动效收放	MAPPING_REQUIRED	MAPPING_REQUIRED	RECONCILE_REQUIRED	TO_BE_DEFINED	PARSED
LEGACY:channel:channel_compose_page:001	F07	lib/page/channel/channel_compose_page.dart	true	test/auto_test/channel/channel_compose_page.md	8	Markdown 格式工具栏七个按钮插入语法	MAPPING_REQUIRED	MAPPING_REQUIRED	RECONCILE_REQUIRED	TO_BE_DEFINED	PARSED
LEGACY:channel:channel_compose_page:002	F07	lib/page/channel/channel_compose_page.dart	true	test/auto_test/channel/channel_compose_page.md	9	空内容时预览与发布按钮置灰	MAPPING_REQUIRED	MAPPING_REQUIRED	RECONCILE_REQUIRED	TO_BE_DEFINED	PARSED
LEGACY:channel:channel_compose_page:003	F07	lib/page/channel/channel_compose_page.dart	true	test/auto_test/channel/channel_compose_page.md	10	退出保存草稿与再次进入恢复标题正文	MAPPING_REQUIRED	MAPPING_REQUIRED	RECONCILE_REQUIRED	TO_BE_DEFINED	PARSED
LEGACY:channel:channel_compose_page:004	F07	lib/page/channel/channel_compose_page.dart	true	test/auto_test/channel/channel_compose_page.md	11	标题输入与临界字数计数器显隐	MAPPING_REQUIRED	MAPPING_REQUIRED	RECONCILE_REQUIRED	TO_BE_DEFINED	PARSED
LEGACY:channel:channel_compose_page:005	F07	lib/page/channel/channel_compose_page.dart	true	test/auto_test/channel/channel_compose_page.md	12	正文多行输入与聚焦边框态	MAPPING_REQUIRED	MAPPING_REQUIRED	RECONCILE_REQUIRED	TO_BE_DEFINED	PARSED
LEGACY:channel:channel_compose_page:006	F07	lib/page/channel/channel_compose_page.dart	true	test/auto_test/channel/channel_compose_page.md	13	选图上限九张与添加格子隐藏	MAPPING_REQUIRED	MAPPING_REQUIRED	RECONCILE_REQUIRED	TO_BE_DEFINED	PARSED
LEGACY:channel:channel_compose_page:007	F07	lib/page/channel/channel_compose_page.dart	true	test/auto_test/channel/channel_compose_page.md	14	长按图片标记封面与封面角标	MAPPING_REQUIRED	MAPPING_REQUIRED	RECONCILE_REQUIRED	TO_BE_DEFINED	PARSED
LEGACY:channel:channel_compose_page:008	F07	lib/page/channel/channel_compose_page.dart	true	test/auto_test/channel/channel_compose_page.md	15	删除已选图片与封面标记回退	MAPPING_REQUIRED	MAPPING_REQUIRED	RECONCILE_REQUIRED	TO_BE_DEFINED	PARSED
LEGACY:channel:channel_compose_page:009	F07	lib/page/channel/channel_compose_page.dart	true	test/auto_test/channel/channel_compose_page.md	16	预览弹层标题封面正文九宫格渲染	MAPPING_REQUIRED	MAPPING_REQUIRED	RECONCILE_REQUIRED	TO_BE_DEFINED	PARSED
LEGACY:channel:channel_compose_page:010	F07	lib/page/channel/channel_compose_page.dart	true	test/auto_test/channel/channel_compose_page.md	17	图片并发上传进度与部分失败重试	MAPPING_REQUIRED	MAPPING_REQUIRED	RECONCILE_REQUIRED	TO_BE_DEFINED	PARSED
LEGACY:channel:channel_compose_page:011	F07	lib/page/channel/channel_compose_page.dart	true	test/auto_test/channel/channel_compose_page.md	18	发布图文消息并清除草稿返回	MAPPING_REQUIRED	MAPPING_REQUIRED	RECONCILE_REQUIRED	TO_BE_DEFINED	PARSED
LEGACY:channel:channel_compose_page:012	F07	lib/page/channel/channel_compose_page.dart	true	test/auto_test/channel/channel_compose_page.md	19	已选图返回时拦截确认弹窗	MAPPING_REQUIRED	MAPPING_REQUIRED	RECONCILE_REQUIRED	TO_BE_DEFINED	PARSED
LEGACY:channel:channel_create_page:001	F07	lib/page/channel/channel_create_page.dart	true	test/auto_test/channel/channel_create_page.md	8	头像弹层拍照、相册与取消三项	MAPPING_REQUIRED	MAPPING_REQUIRED	RECONCILE_REQUIRED	TO_BE_DEFINED	PARSED
LEGACY:channel:channel_create_page:002	F07	lib/page/channel/channel_create_page.dart	true	test/auto_test/channel/channel_create_page.md	9	头像上传中遮罩与失败提示	MAPPING_REQUIRED	MAPPING_REQUIRED	RECONCILE_REQUIRED	TO_BE_DEFINED	PARSED
LEGACY:channel:channel_create_page:003	F07	lib/page/channel/channel_create_page.dart	true	test/auto_test/channel/channel_create_page.md	10	频道名称必填与 50 字上限校验	MAPPING_REQUIRED	MAPPING_REQUIRED	RECONCILE_REQUIRED	TO_BE_DEFINED	PARSED
LEGACY:channel:channel_create_page:004	F07	lib/page/channel/channel_create_page.dart	true	test/auto_test/channel/channel_create_page.md	11	频道描述多行输入与 500 字上限	MAPPING_REQUIRED	MAPPING_REQUIRED	RECONCILE_REQUIRED	TO_BE_DEFINED	PARSED
LEGACY:channel:channel_create_page:005	F07	lib/page/channel/channel_create_page.dart	true	test/auto_test/channel/channel_create_page.md	12	自定义 ID 字符集与 4-30 长度校验	MAPPING_REQUIRED	MAPPING_REQUIRED	RECONCILE_REQUIRED	TO_BE_DEFINED	PARSED
LEGACY:channel:channel_create_page:006	F07	lib/page/channel/channel_create_page.dart	true	test/auto_test/channel/channel_create_page.md	13	标签添加、去重与上限八个提示	MAPPING_REQUIRED	MAPPING_REQUIRED	RECONCILE_REQUIRED	TO_BE_DEFINED	PARSED
LEGACY:channel:channel_create_page:007	F07	lib/page/channel/channel_create_page.dart	true	test/auto_test/channel/channel_create_page.md	14	标签芯片删除移除已选标签	MAPPING_REQUIRED	MAPPING_REQUIRED	RECONCILE_REQUIRED	TO_BE_DEFINED	PARSED
LEGACY:channel:channel_create_page:008	F07	lib/page/channel/channel_create_page.dart	true	test/auto_test/channel/channel_create_page.md	15	公开/私有类型切换与说明文案联动	MAPPING_REQUIRED	MAPPING_REQUIRED	RECONCILE_REQUIRED	TO_BE_DEFINED	PARSED
LEGACY:channel:channel_create_page:009	F07	lib/page/channel/channel_create_page.dart	true	test/auto_test/channel/channel_create_page.md	16	提交创建时确认按钮置灰与转圈	MAPPING_REQUIRED	MAPPING_REQUIRED	RECONCILE_REQUIRED	TO_BE_DEFINED	PARSED
LEGACY:channel:channel_create_page:010	F07	lib/page/channel/channel_create_page.dart	true	test/auto_test/channel/channel_create_page.md	17	创建失败错误条展示并滚动到底	MAPPING_REQUIRED	MAPPING_REQUIRED	RECONCILE_REQUIRED	TO_BE_DEFINED	PARSED
LEGACY:channel:channel_create_page:011	F07	lib/page/channel/channel_create_page.dart	true	test/auto_test/channel/channel_create_page.md	18	创建成功刷新列表并跳转详情页	MAPPING_REQUIRED	MAPPING_REQUIRED	RECONCILE_REQUIRED	TO_BE_DEFINED	PARSED
LEGACY:channel:channel_detail_page:001	F07	lib/page/channel/channel_detail_page.dart	true	test/auto_test/channel/channel_detail_page.md	8	频道消息图片附件渲染（view_url 授权）	MAPPING_REQUIRED	MAPPING_REQUIRED	RECONCILE_REQUIRED	TO_BE_DEFINED	PARSED
LEGACY:channel:channel_detail_page:002	F07	lib/page/channel/channel_detail_page.dart	true	test/auto_test/channel/channel_detail_page.md	9	频道详情加载、头部渲染与未读清零	MAPPING_REQUIRED	MAPPING_REQUIRED	RECONCILE_REQUIRED	TO_BE_DEFINED	PARSED
LEGACY:channel:channel_detail_page:003	F07	lib/page/channel/channel_detail_page.dart	true	test/auto_test/channel/channel_detail_page.md	10	头部统计加载与发布后权威刷新	MAPPING_REQUIRED	MAPPING_REQUIRED	RECONCILE_REQUIRED	TO_BE_DEFINED	PARSED
LEGACY:channel:channel_detail_page:004	F07	lib/page/channel/channel_detail_page.dart	true	test/auto_test/channel/channel_detail_page.md	11	消息卡片点赞落库与计数回显	MAPPING_REQUIRED	MAPPING_REQUIRED	RECONCILE_REQUIRED	TO_BE_DEFINED	PARSED
LEGACY:channel:channel_detail_page:005	F07	lib/page/channel/channel_detail_page.dart	true	test/auto_test/channel/channel_detail_page.md	12	发布栏文本发布与键盘避让	MAPPING_REQUIRED	MAPPING_REQUIRED	RECONCILE_REQUIRED	TO_BE_DEFINED	PARSED
LEGACY:channel:channel_detail_page:006	F07	lib/page/channel/channel_detail_page.dart	true	test/auto_test/channel/channel_detail_page.md	13	发布栏语音录制发送与发送反馈	MAPPING_REQUIRED	MAPPING_REQUIRED	RECONCILE_REQUIRED	TO_BE_DEFINED	PARSED
LEGACY:channel:channel_detail_page:007	F07	lib/page/channel/channel_detail_page.dart	true	test/auto_test/channel/channel_detail_page.md	14	发布栏附件上传 scope 传参授权	MAPPING_REQUIRED	MAPPING_REQUIRED	RECONCILE_REQUIRED	TO_BE_DEFINED	PARSED
LEGACY:channel:channel_detail_page:008	F07	lib/page/channel/channel_detail_page.dart	true	test/auto_test/channel/channel_detail_page.md	15	头部订阅/退订按钮与确认弹窗防重入	MAPPING_REQUIRED	MAPPING_REQUIRED	RECONCILE_REQUIRED	TO_BE_DEFINED	PARSED
LEGACY:channel:channel_detail_page:009	F07	lib/page/channel/channel_detail_page.dart	true	test/auto_test/channel/channel_detail_page.md	16	消息流首屏加载、下拉刷新与加载更多	MAPPING_REQUIRED	MAPPING_REQUIRED	RECONCILE_REQUIRED	TO_BE_DEFINED	PARSED
LEGACY:channel:channel_detail_page:010	F07	lib/page/channel/channel_detail_page.dart	true	test/auto_test/channel/channel_detail_page.md	17	更多菜单管理项（编辑/写文章/管理员/订阅者）	MAPPING_REQUIRED	MAPPING_REQUIRED	RECONCILE_REQUIRED	TO_BE_DEFINED	PARSED
LEGACY:channel:channel_detail_page:011	F07	lib/page/channel/channel_detail_page.dart	true	test/auto_test/channel/channel_detail_page.md	18	分享面板复制链接、二维码与转发聊天	MAPPING_REQUIRED	MAPPING_REQUIRED	RECONCILE_REQUIRED	TO_BE_DEFINED	PARSED
LEGACY:channel:channel_detail_page:012	F07	lib/page/channel/channel_detail_page.dart	true	test/auto_test/channel/channel_detail_page.md	19	菜单退订与创建者删除频道确认	MAPPING_REQUIRED	MAPPING_REQUIRED	RECONCILE_REQUIRED	TO_BE_DEFINED	PARSED
LEGACY:channel:channel_detail_page:013	F07	lib/page/channel/channel_detail_page.dart	true	test/auto_test/channel/channel_detail_page.md	20	付费频道 paywall 锁定与购买后刷新	MAPPING_REQUIRED	MAPPING_REQUIRED	RECONCILE_REQUIRED	TO_BE_DEFINED	PARSED
LEGACY:channel:channel_discover_page:001	F07	lib/page/channel/channel_discover_page.dart	true	test/auto_test/channel/channel_discover_page.md	8	列表项订阅乐观更新与失败回滚刷新	MAPPING_REQUIRED	MAPPING_REQUIRED	RECONCILE_REQUIRED	TO_BE_DEFINED	PARSED
LEGACY:channel:channel_discover_page:002	F07	lib/page/channel/channel_discover_page.dart	true	test/auto_test/channel/channel_discover_page.md	9	推荐频道首屏加载与骨架屏	MAPPING_REQUIRED	MAPPING_REQUIRED	RECONCILE_REQUIRED	TO_BE_DEFINED	PARSED
LEGACY:channel:channel_discover_page:003	F07	lib/page/channel/channel_discover_page.dart	true	test/auto_test/channel/channel_discover_page.md	10	推荐频道为空时空态渲染	MAPPING_REQUIRED	MAPPING_REQUIRED	RECONCILE_REQUIRED	TO_BE_DEFINED	PARSED
LEGACY:channel:channel_discover_page:004	F07	lib/page/channel/channel_discover_page.dart	true	test/auto_test/channel/channel_discover_page.md	11	下拉刷新同步推荐列表与已订阅集合	MAPPING_REQUIRED	MAPPING_REQUIRED	RECONCILE_REQUIRED	TO_BE_DEFINED	PARSED
LEGACY:channel:channel_discover_page:005	F07	lib/page/channel/channel_discover_page.dart	true	test/auto_test/channel/channel_discover_page.md	13	搜索输入 300ms 防抖触发请求	MAPPING_REQUIRED	MAPPING_REQUIRED	RECONCILE_REQUIRED	TO_BE_DEFINED	PARSED
LEGACY:channel:channel_discover_page:006	F07	lib/page/channel/channel_discover_page.dart	true	test/auto_test/channel/channel_discover_page.md	14	搜索结果渲染与无结果空态	MAPPING_REQUIRED	MAPPING_REQUIRED	RECONCILE_REQUIRED	TO_BE_DEFINED	PARSED
LEGACY:channel:channel_discover_page:007	F07	lib/page/channel/channel_discover_page.dart	true	test/auto_test/channel/channel_discover_page.md	15	清除按钮复位搜索并回到推荐列表	MAPPING_REQUIRED	MAPPING_REQUIRED	RECONCILE_REQUIRED	TO_BE_DEFINED	PARSED
LEGACY:channel:channel_discover_page:008	F07	lib/page/channel/channel_discover_page.dart	true	test/auto_test/channel/channel_discover_page.md	16	退订确认弹窗与订阅数本地增减	MAPPING_REQUIRED	MAPPING_REQUIRED	RECONCILE_REQUIRED	TO_BE_DEFINED	PARSED
LEGACY:channel:channel_discover_page:009	F07	lib/page/channel/channel_discover_page.dart	true	test/auto_test/channel/channel_discover_page.md	17	自己管理的频道显示「管理」按钮	MAPPING_REQUIRED	MAPPING_REQUIRED	RECONCILE_REQUIRED	TO_BE_DEFINED	PARSED
LEGACY:channel:channel_discover_page:010	F07	lib/page/channel/channel_discover_page.dart	true	test/auto_test/channel/channel_discover_page.md	18	点击结果项进入频道详情页	MAPPING_REQUIRED	MAPPING_REQUIRED	RECONCILE_REQUIRED	TO_BE_DEFINED	PARSED
LEGACY:channel:channel_edit_page:001	F07	lib/page/channel/channel_edit_page.dart	true	test/auto_test/channel/channel_edit_page.md	8	保存成功提示并回传最新频道对象	MAPPING_REQUIRED	MAPPING_REQUIRED	RECONCILE_REQUIRED	TO_BE_DEFINED	PARSED
LEGACY:channel:channel_edit_page:002	F07	lib/page/channel/channel_edit_page.dart	true	test/auto_test/channel/channel_edit_page.md	9	自定义 ID 为空可补设一次、已设则锁定	MAPPING_REQUIRED	MAPPING_REQUIRED	RECONCILE_REQUIRED	TO_BE_DEFINED	PARSED
LEGACY:channel:channel_edit_page:003	F07	lib/page/channel/channel_edit_page.dart	true	test/auto_test/channel/channel_edit_page.md	10	进入时回填资料并拉服务端最新覆盖	MAPPING_REQUIRED	MAPPING_REQUIRED	RECONCILE_REQUIRED	TO_BE_DEFINED	PARSED
LEGACY:channel:channel_edit_page:004	F07	lib/page/channel/channel_edit_page.dart	true	test/auto_test/channel/channel_edit_page.md	11	头像弹层选择与上传替换	MAPPING_REQUIRED	MAPPING_REQUIRED	RECONCILE_REQUIRED	TO_BE_DEFINED	PARSED
LEGACY:channel:channel_edit_page:005	F07	lib/page/channel/channel_edit_page.dart	true	test/auto_test/channel/channel_edit_page.md	12	频道名称必填与 50 字上限校验	MAPPING_REQUIRED	MAPPING_REQUIRED	RECONCILE_REQUIRED	TO_BE_DEFINED	PARSED
LEGACY:channel:channel_edit_page:006	F07	lib/page/channel/channel_edit_page.dart	true	test/auto_test/channel/channel_edit_page.md	13	频道描述编辑与 500 字上限	MAPPING_REQUIRED	MAPPING_REQUIRED	RECONCILE_REQUIRED	TO_BE_DEFINED	PARSED
LEGACY:channel:channel_edit_page:007	F07	lib/page/channel/channel_edit_page.dart	true	test/auto_test/channel/channel_edit_page.md	14	自定义 ID 首字母与最短四位格式校验	MAPPING_REQUIRED	MAPPING_REQUIRED	RECONCILE_REQUIRED	TO_BE_DEFINED	PARSED
LEGACY:channel:channel_edit_page:008	F07	lib/page/channel/channel_edit_page.dart	true	test/auto_test/channel/channel_edit_page.md	15	标签增删与上限八个提示	MAPPING_REQUIRED	MAPPING_REQUIRED	RECONCILE_REQUIRED	TO_BE_DEFINED	PARSED
LEGACY:channel:channel_edit_page:009	F07	lib/page/channel/channel_edit_page.dart	true	test/auto_test/channel/channel_edit_page.md	16	频道类型只读展示与不可修改提示	MAPPING_REQUIRED	MAPPING_REQUIRED	RECONCILE_REQUIRED	TO_BE_DEFINED	PARSED
LEGACY:channel:channel_edit_page:010	F07	lib/page/channel/channel_edit_page.dart	true	test/auto_test/channel/channel_edit_page.md	17	保存失败错误提示与按钮恢复	MAPPING_REQUIRED	MAPPING_REQUIRED	RECONCILE_REQUIRED	TO_BE_DEFINED	PARSED
LEGACY:channel:channel_edit_page:011	F07	lib/page/channel/channel_edit_page.dart	true	test/auto_test/channel/channel_edit_page.md	18	底部订阅者数量统计展示	MAPPING_REQUIRED	MAPPING_REQUIRED	RECONCILE_REQUIRED	TO_BE_DEFINED	PARSED
LEGACY:channel:channel_invitation_page:001	F07	lib/page/channel/channel_invitation_page.dart	true	test/auto_test/channel/channel_invitation_page.md	8	「我发出的」tab 列表渲染与发起邀请入口	MAPPING_REQUIRED	MAPPING_REQUIRED	RECONCILE_REQUIRED	TO_BE_DEFINED	PARSED
LEGACY:channel:channel_invitation_page:002	F07	lib/page/channel/channel_invitation_page.dart	true	test/auto_test/channel/channel_invitation_page.md	9	收到与发出两类邀请并行加载与加载态	MAPPING_REQUIRED	MAPPING_REQUIRED	RECONCILE_REQUIRED	TO_BE_DEFINED	PARSED
LEGACY:channel:channel_invitation_page:003	F07	lib/page/channel/channel_invitation_page.dart	true	test/auto_test/channel/channel_invitation_page.md	10	加载失败整页错误态与重试按钮	MAPPING_REQUIRED	MAPPING_REQUIRED	RECONCILE_REQUIRED	TO_BE_DEFINED	PARSED
LEGACY:channel:channel_invitation_page:004	F07	lib/page/channel/channel_invitation_page.dart	true	test/auto_test/channel/channel_invitation_page.md	11	「我收到的」卡片频道名邀请人时间渲染	MAPPING_REQUIRED	MAPPING_REQUIRED	RECONCILE_REQUIRED	TO_BE_DEFINED	PARSED
LEGACY:channel:channel_invitation_page:005	F07	lib/page/channel/channel_invitation_page.dart	true	test/auto_test/channel/channel_invitation_page.md	12	接受邀请提交、提示与列表刷新	MAPPING_REQUIRED	MAPPING_REQUIRED	RECONCILE_REQUIRED	TO_BE_DEFINED	PARSED
LEGACY:channel:channel_invitation_page:006	F07	lib/page/channel/channel_invitation_page.dart	true	test/auto_test/channel/channel_invitation_page.md	13	拒绝邀请提交与结果提示	MAPPING_REQUIRED	MAPPING_REQUIRED	RECONCILE_REQUIRED	TO_BE_DEFINED	PARSED
LEGACY:channel:channel_invitation_page:007	F07	lib/page/channel/channel_invitation_page.dart	true	test/auto_test/channel/channel_invitation_page.md	14	处理中按钮禁用与异常后解锁	MAPPING_REQUIRED	MAPPING_REQUIRED	RECONCILE_REQUIRED	TO_BE_DEFINED	PARSED
LEGACY:channel:channel_invitation_page:008	F07	lib/page/channel/channel_invitation_page.dart	true	test/auto_test/channel/channel_invitation_page.md	15	五种邀请状态文案与配色映射	MAPPING_REQUIRED	MAPPING_REQUIRED	RECONCILE_REQUIRED	TO_BE_DEFINED	PARSED
LEGACY:channel:channel_invitation_page:009	F07	lib/page/channel/channel_invitation_page.dart	true	test/auto_test/channel/channel_invitation_page.md	16	两个 tab 的无邀请空态渲染	MAPPING_REQUIRED	MAPPING_REQUIRED	RECONCILE_REQUIRED	TO_BE_DEFINED	PARSED
LEGACY:channel:channel_invitation_page:010	F07	lib/page/channel/channel_invitation_page.dart	true	test/auto_test/channel/channel_invitation_page.md	17	下拉刷新与右上角刷新按钮	MAPPING_REQUIRED	MAPPING_REQUIRED	RECONCILE_REQUIRED	TO_BE_DEFINED	PARSED
LEGACY:channel:channel_invitation_page:011	F07	lib/page/channel/channel_invitation_page.dart	true	test/auto_test/channel/channel_invitation_page.md	18	点击条目或打开频道按钮跳详情	MAPPING_REQUIRED	MAPPING_REQUIRED	RECONCILE_REQUIRED	TO_BE_DEFINED	PARSED
LEGACY:channel:channel_list_page:001	F07	lib/page/channel/channel_list_page.dart	true	test/auto_test/channel/channel_list_page.md	8	「已订阅」tab 列表加载与渲染	MAPPING_REQUIRED	MAPPING_REQUIRED	RECONCILE_REQUIRED	TO_BE_DEFINED	PARSED
LEGACY:channel:channel_list_page:002	F07	lib/page/channel/channel_list_page.dart	true	test/auto_test/channel/channel_list_page.md	9	滚动到底加载更多与底部转圈收起	MAPPING_REQUIRED	MAPPING_REQUIRED	RECONCILE_REQUIRED	TO_BE_DEFINED	PARSED
LEGACY:channel:channel_list_page:003	F07	lib/page/channel/channel_list_page.dart	true	test/auto_test/channel/channel_list_page.md	10	频道头像渲染与📢兜底图标降级	MAPPING_REQUIRED	MAPPING_REQUIRED	RECONCILE_REQUIRED	TO_BE_DEFINED	PARSED
LEGACY:channel:channel_list_page:004	F07	lib/page/channel/channel_list_page.dart	true	test/auto_test/channel/channel_list_page.md	11	切换「我管理的」tab 触发对应列表加载	MAPPING_REQUIRED	MAPPING_REQUIRED	RECONCILE_REQUIRED	TO_BE_DEFINED	PARSED
LEGACY:channel:channel_list_page:005	F07	lib/page/channel/channel_list_page.dart	true	test/auto_test/channel/channel_list_page.md	12	管理列表角色标签与认证图标渲染	MAPPING_REQUIRED	MAPPING_REQUIRED	RECONCILE_REQUIRED	TO_BE_DEFINED	PARSED
LEGACY:channel:channel_list_page:006	F07	lib/page/channel/channel_list_page.dart	true	test/auto_test/channel/channel_list_page.md	13	点击频道项跳详情（customId 优先）	MAPPING_REQUIRED	MAPPING_REQUIRED	RECONCILE_REQUIRED	TO_BE_DEFINED	PARSED
LEGACY:channel:channel_list_page:007	F07	lib/page/channel/channel_list_page.dart	true	test/auto_test/channel/channel_list_page.md	14	下拉刷新重载当前 tab 列表	MAPPING_REQUIRED	MAPPING_REQUIRED	RECONCILE_REQUIRED	TO_BE_DEFINED	PARSED
LEGACY:channel:channel_list_page:008	F07	lib/page/channel/channel_list_page.dart	true	test/auto_test/channel/channel_list_page.md	15	首屏骨架屏加载态渲染	MAPPING_REQUIRED	MAPPING_REQUIRED	RECONCILE_REQUIRED	TO_BE_DEFINED	PARSED
LEGACY:channel:channel_list_page:009	F07	lib/page/channel/channel_list_page.dart	true	test/auto_test/channel/channel_list_page.md	16	加载失败态展示与点击重试	MAPPING_REQUIRED	MAPPING_REQUIRED	RECONCILE_REQUIRED	TO_BE_DEFINED	PARSED
LEGACY:channel:channel_list_page:010	F07	lib/page/channel/channel_list_page.dart	true	test/auto_test/channel/channel_list_page.md	17	空态渲染与「发现频道」引导跳转	MAPPING_REQUIRED	MAPPING_REQUIRED	RECONCILE_REQUIRED	TO_BE_DEFINED	PARSED
LEGACY:channel:channel_list_page:011	F07	lib/page/channel/channel_list_page.dart	true	test/auto_test/channel/channel_list_page.md	18	顶部搜索入口跳发现页（flag 控制）	MAPPING_REQUIRED	MAPPING_REQUIRED	RECONCILE_REQUIRED	TO_BE_DEFINED	PARSED
LEGACY:channel:channel_list_page:012	F07	lib/page/channel/channel_list_page.dart	true	test/auto_test/channel/channel_list_page.md	19	溢出菜单我的订单与频道邀请入口	MAPPING_REQUIRED	MAPPING_REQUIRED	RECONCILE_REQUIRED	TO_BE_DEFINED	PARSED
LEGACY:channel:channel_order_detail_page:001	F07	lib/page/channel/channel_order_detail_page.dart	true	test/auto_test/channel/channel_order_detail_page.md	8	按订单号加载详情与骨架屏	MAPPING_REQUIRED	MAPPING_REQUIRED	RECONCILE_REQUIRED	TO_BE_DEFINED	PARSED
LEGACY:channel:channel_order_detail_page:002	F07	lib/page/channel/channel_order_detail_page.dart	true	test/auto_test/channel/channel_order_detail_page.md	9	加载失败态展示与点击重试	MAPPING_REQUIRED	MAPPING_REQUIRED	RECONCILE_REQUIRED	TO_BE_DEFINED	PARSED
LEGACY:channel:channel_order_detail_page:003	F07	lib/page/channel/channel_order_detail_page.dart	true	test/auto_test/channel/channel_order_detail_page.md	10	订单不存在时空态渲染	MAPPING_REQUIRED	MAPPING_REQUIRED	RECONCILE_REQUIRED	TO_BE_DEFINED	PARSED
LEGACY:channel:channel_order_detail_page:004	F07	lib/page/channel/channel_order_detail_page.dart	true	test/auto_test/channel/channel_order_detail_page.md	11	订单号、频道与金额字段行渲染	MAPPING_REQUIRED	MAPPING_REQUIRED	RECONCILE_REQUIRED	TO_BE_DEFINED	PARSED
LEGACY:channel:channel_order_detail_page:005	F07	lib/page/channel/channel_order_detail_page.dart	true	test/auto_test/channel/channel_order_detail_page.md	12	订单状态标签文案与配色渲染	MAPPING_REQUIRED	MAPPING_REQUIRED	RECONCILE_REQUIRED	TO_BE_DEFINED	PARSED
LEGACY:channel:channel_order_detail_page:006	F07	lib/page/channel/channel_order_detail_page.dart	true	test/auto_test/channel/channel_order_detail_page.md	13	支付方式钱包支付宝微信文案映射	MAPPING_REQUIRED	MAPPING_REQUIRED	RECONCILE_REQUIRED	TO_BE_DEFINED	PARSED
LEGACY:channel:channel_order_detail_page:007	F07	lib/page/channel/channel_order_detail_page.dart	true	test/auto_test/channel/channel_order_detail_page.md	14	创建支付时间与订阅周期展示	MAPPING_REQUIRED	MAPPING_REQUIRED	RECONCILE_REQUIRED	TO_BE_DEFINED	PARSED
LEGACY:channel:channel_order_detail_page:008	F07	lib/page/channel/channel_order_detail_page.dart	true	test/auto_test/channel/channel_order_detail_page.md	15	仅已支付订单显示退款申请按钮	MAPPING_REQUIRED	MAPPING_REQUIRED	RECONCILE_REQUIRED	TO_BE_DEFINED	PARSED
LEGACY:channel:channel_order_detail_page:009	F07	lib/page/channel/channel_order_detail_page.dart	true	test/auto_test/channel/channel_order_detail_page.md	16	退款确认弹窗取消与确认分支	MAPPING_REQUIRED	MAPPING_REQUIRED	RECONCILE_REQUIRED	TO_BE_DEFINED	PARSED
LEGACY:channel:channel_order_detail_page:010	F07	lib/page/channel/channel_order_detail_page.dart	true	test/auto_test/channel/channel_order_detail_page.md	17	退款提交防重入与成功后刷新列表	MAPPING_REQUIRED	MAPPING_REQUIRED	RECONCILE_REQUIRED	TO_BE_DEFINED	PARSED
LEGACY:channel:channel_order_list_page:001	F07	lib/page/channel/channel_order_list_page.dart	true	test/auto_test/channel/channel_order_list_page.md	8	订单列表加载与骨架屏渲染	MAPPING_REQUIRED	MAPPING_REQUIRED	RECONCILE_REQUIRED	TO_BE_DEFINED	PARSED
LEGACY:channel:channel_order_list_page:002	F07	lib/page/channel/channel_order_list_page.dart	true	test/auto_test/channel/channel_order_list_page.md	9	加载失败态展示与点击重试	MAPPING_REQUIRED	MAPPING_REQUIRED	RECONCILE_REQUIRED	TO_BE_DEFINED	PARSED
LEGACY:channel:channel_order_list_page:003	F07	lib/page/channel/channel_order_list_page.dart	true	test/auto_test/channel/channel_order_list_page.md	10	无订单时空态渲染	MAPPING_REQUIRED	MAPPING_REQUIRED	RECONCILE_REQUIRED	TO_BE_DEFINED	PARSED
LEGACY:channel:channel_order_list_page:004	F07	lib/page/channel/channel_order_list_page.dart	true	test/auto_test/channel/channel_order_list_page.md	11	下拉刷新重新拉取订单	MAPPING_REQUIRED	MAPPING_REQUIRED	RECONCILE_REQUIRED	TO_BE_DEFINED	PARSED
LEGACY:channel:channel_order_list_page:005	F07	lib/page/channel/channel_order_list_page.dart	true	test/auto_test/channel/channel_order_list_page.md	12	订单项频道名渲染与缺省回退频道号	MAPPING_REQUIRED	MAPPING_REQUIRED	RECONCILE_REQUIRED	TO_BE_DEFINED	PARSED
LEGACY:channel:channel_order_list_page:006	F07	lib/page/channel/channel_order_list_page.dart	true	test/auto_test/channel/channel_order_list_page.md	13	金额币种符号映射与两位小数格式	MAPPING_REQUIRED	MAPPING_REQUIRED	RECONCILE_REQUIRED	TO_BE_DEFINED	PARSED
LEGACY:channel:channel_order_list_page:007	F07	lib/page/channel/channel_order_list_page.dart	true	test/auto_test/channel/channel_order_list_page.md	14	订单状态标签文案与配色渲染	MAPPING_REQUIRED	MAPPING_REQUIRED	RECONCILE_REQUIRED	TO_BE_DEFINED	PARSED
LEGACY:channel:channel_order_list_page:008	F07	lib/page/channel/channel_order_list_page.dart	true	test/auto_test/channel/channel_order_list_page.md	15	副标题下单日期与订阅有效期展示	MAPPING_REQUIRED	MAPPING_REQUIRED	RECONCILE_REQUIRED	TO_BE_DEFINED	PARSED
LEGACY:channel:channel_order_list_page:009	F07	lib/page/channel/channel_order_list_page.dart	true	test/auto_test/channel/channel_order_list_page.md	16	点击订单项跳转订单详情页	MAPPING_REQUIRED	MAPPING_REQUIRED	RECONCILE_REQUIRED	TO_BE_DEFINED	PARSED
LEGACY:channel:channel_subscriber_page:001	F07	lib/page/channel/channel_subscriber_page.dart	true	test/auto_test/channel/channel_subscriber_page.md	8	订阅者列表首屏加载与骨架屏	MAPPING_REQUIRED	MAPPING_REQUIRED	RECONCILE_REQUIRED	TO_BE_DEFINED	PARSED
LEGACY:channel:channel_subscriber_page:002	F07	lib/page/channel/channel_subscriber_page.dart	true	test/auto_test/channel/channel_subscriber_page.md	9	加载失败态展示与点击重试	MAPPING_REQUIRED	MAPPING_REQUIRED	RECONCILE_REQUIRED	TO_BE_DEFINED	PARSED
LEGACY:channel:channel_subscriber_page:003	F07	lib/page/channel/channel_subscriber_page.dart	true	test/auto_test/channel/channel_subscriber_page.md	10	空态渲染与分享频道引导按钮	MAPPING_REQUIRED	MAPPING_REQUIRED	RECONCILE_REQUIRED	TO_BE_DEFINED	PARSED
LEGACY:channel:channel_subscriber_page:004	F07	lib/page/channel/channel_subscriber_page.dart	true	test/auto_test/channel/channel_subscriber_page.md	11	下拉刷新重载订阅者列表	MAPPING_REQUIRED	MAPPING_REQUIRED	RECONCILE_REQUIRED	TO_BE_DEFINED	PARSED
LEGACY:channel:channel_subscriber_page:005	F07	lib/page/channel/channel_subscriber_page.dart	true	test/auto_test/channel/channel_subscriber_page.md	12	滚动到底按 30 条分页加载更多	MAPPING_REQUIRED	MAPPING_REQUIRED	RECONCILE_REQUIRED	TO_BE_DEFINED	PARSED
LEGACY:channel:channel_subscriber_page:006	F07	lib/page/channel/channel_subscriber_page.dart	true	test/auto_test/channel/channel_subscriber_page.md	13	搜索订阅者弹窗输入与关键词生效	MAPPING_REQUIRED	MAPPING_REQUIRED	RECONCILE_REQUIRED	TO_BE_DEFINED	PARSED
LEGACY:channel:channel_subscriber_page:007	F07	lib/page/channel/channel_subscriber_page.dart	true	test/auto_test/channel/channel_subscriber_page.md	14	清除搜索关键词恢复全量列表	MAPPING_REQUIRED	MAPPING_REQUIRED	RECONCILE_REQUIRED	TO_BE_DEFINED	PARSED
LEGACY:channel:channel_subscriber_page:008	F07	lib/page/channel/channel_subscriber_page.dart	true	test/auto_test/channel/channel_subscriber_page.md	15	标题栏订阅者数量随列表刷新	MAPPING_REQUIRED	MAPPING_REQUIRED	RECONCILE_REQUIRED	TO_BE_DEFINED	PARSED
LEGACY:channel:channel_subscriber_page:009	F07	lib/page/channel/channel_subscriber_page.dart	true	test/auto_test/channel/channel_subscriber_page.md	16	条目菜单查看资料跳转个人页	MAPPING_REQUIRED	MAPPING_REQUIRED	RECONCILE_REQUIRED	TO_BE_DEFINED	PARSED
LEGACY:channel:channel_subscriber_page:010	F07	lib/page/channel/channel_subscriber_page.dart	true	test/auto_test/channel/channel_subscriber_page.md	17	条目菜单移除订阅者确认与结果提示	MAPPING_REQUIRED	MAPPING_REQUIRED	RECONCILE_REQUIRED	TO_BE_DEFINED	PARSED
LEGACY:channel:channel_subscriber_page:011	F07	lib/page/channel/channel_subscriber_page.dart	true	test/auto_test/channel/channel_subscriber_page.md	18	邀请悬浮按钮仅私有频道可邀请时显示	MAPPING_REQUIRED	MAPPING_REQUIRED	RECONCILE_REQUIRED	TO_BE_DEFINED	PARSED
LEGACY:channel:channel_subscriber_page:012	F07	lib/page/channel/channel_subscriber_page.dart	true	test/auto_test/channel/channel_subscriber_page.md	19	邀请选人弹层过滤待处理邀请并发送	MAPPING_REQUIRED	MAPPING_REQUIRED	RECONCILE_REQUIRED	TO_BE_DEFINED	PARSED
LEGACY:chat:chat_page:001	F03	lib/page/chat/chat/chat_page.dart	true	test/auto_test/chat/chat_page.md	8	加载历史消息并向上翻页	MAPPING_REQUIRED	MAPPING_REQUIRED	RECONCILE_REQUIRED	TO_BE_DEFINED	PARSED
LEGACY:chat:chat_page:002	F03	lib/page/chat/chat/chat_page.dart	true	test/auto_test/chat/chat_page.md	9	输入文本并发送消息	MAPPING_REQUIRED	MAPPING_REQUIRED	RECONCILE_REQUIRED	TO_BE_DEFINED	PARSED
LEGACY:chat:chat_page:003	F03	lib/page/chat/chat/chat_page.dart	true	test/auto_test/chat/chat_page.md	10	消息落库与送达状态标记	MAPPING_REQUIRED	MAPPING_REQUIRED	RECONCILE_REQUIRED	TO_BE_DEFINED	PARSED
LEGACY:chat:chat_page:004	F03	lib/page/chat/chat/chat_page.dart	true	test/auto_test/chat/chat_page.md	11	顶栏展示对端标题与头像	MAPPING_REQUIRED	MAPPING_REQUIRED	RECONCILE_REQUIRED	TO_BE_DEFINED	PARSED
LEGACY:chat:chat_page:005	F03	lib/page/chat/chat/chat_page.dart	true	test/auto_test/chat/chat_page.md	12	长按消息弹出操作菜单	MAPPING_REQUIRED	MAPPING_REQUIRED	RECONCILE_REQUIRED	TO_BE_DEFINED	PARSED
LEGACY:chat:chat_page:006	F03	lib/page/chat/chat/chat_page.dart	true	test/auto_test/chat/chat_page.md	13	转发消息到其他会话	MAPPING_REQUIRED	MAPPING_REQUIRED	RECONCILE_REQUIRED	TO_BE_DEFINED	PARSED
LEGACY:chat:chat_page:007	F03	lib/page/chat/chat/chat_page.dart	true	test/auto_test/chat/chat_page.md	14	发送并播放视频消息	MAPPING_REQUIRED	MAPPING_REQUIRED	RECONCILE_REQUIRED	TO_BE_DEFINED	PARSED
LEGACY:chat:chat_page:008	F03	lib/page/chat/chat/chat_page.dart	true	test/auto_test/chat/chat_page.md	15	打开表情面板插入表情	MAPPING_REQUIRED	MAPPING_REQUIRED	RECONCILE_REQUIRED	TO_BE_DEFINED	PARSED
LEGACY:chat:chat_page:009	F03	lib/page/chat/chat/chat_page.dart	true	test/auto_test/chat/chat_page.md	16	清理已到期的阅后即焚消息	MAPPING_REQUIRED	MAPPING_REQUIRED	RECONCILE_REQUIRED	TO_BE_DEFINED	PARSED
LEGACY:chat:chat_page:010	F03	lib/page/chat/chat/chat_page.dart	true	test/auto_test/chat/chat_page.md	17	发送图片并多图滑动预览	MAPPING_REQUIRED	MAPPING_REQUIRED	RECONCILE_REQUIRED	TO_BE_DEFINED	PARSED
LEGACY:chat:chat_page:011	F03	lib/page/chat/chat/chat_page.dart	true	test/auto_test/chat/chat_page.md	18	录制并播放语音消息	MAPPING_REQUIRED	MAPPING_REQUIRED	RECONCILE_REQUIRED	TO_BE_DEFINED	PARSED
LEGACY:chat:chat_page:012	F03	lib/page/chat/chat/chat_page.dart	true	test/auto_test/chat/chat_page.md	19	发送文件并确认打开	MAPPING_REQUIRED	MAPPING_REQUIRED	RECONCILE_REQUIRED	TO_BE_DEFINED	PARSED
LEGACY:chat:chat_page:013	F03	lib/page/chat/chat/chat_page.dart	true	test/auto_test/chat/chat_page.md	20	选点发送位置消息	MAPPING_REQUIRED	MAPPING_REQUIRED	RECONCILE_REQUIRED	TO_BE_DEFINED	PARSED
LEGACY:chat:chat_page:014	F03	lib/page/chat/chat/chat_page.dart	true	test/auto_test/chat/chat_page.md	21	选择好友发送名片消息	MAPPING_REQUIRED	MAPPING_REQUIRED	RECONCILE_REQUIRED	TO_BE_DEFINED	PARSED
LEGACY:chat:chat_page:015	F03	lib/page/chat/chat/chat_page.dart	true	test/auto_test/chat/chat_page.md	22	从收藏选内容发送到会话	MAPPING_REQUIRED	MAPPING_REQUIRED	RECONCILE_REQUIRED	TO_BE_DEFINED	PARSED
LEGACY:chat:chat_page:016	F03	lib/page/chat/chat/chat_page.dart	true	test/auto_test/chat/chat_page.md	23	发送红包与转账	MAPPING_REQUIRED	MAPPING_REQUIRED	RECONCILE_REQUIRED	TO_BE_DEFINED	PARSED
LEGACY:chat:chat_page:017	F03	lib/page/chat/chat/chat_page.dart	true	test/auto_test/chat/chat_page.md	24	引用消息回复并跳回原文	MAPPING_REQUIRED	MAPPING_REQUIRED	RECONCILE_REQUIRED	TO_BE_DEFINED	PARSED
LEGACY:chat:chat_page:018	F03	lib/page/chat/chat/chat_page.dart	true	test/auto_test/chat/chat_page.md	25	撤回消息与本地删除消息	MAPPING_REQUIRED	MAPPING_REQUIRED	RECONCILE_REQUIRED	TO_BE_DEFINED	PARSED
LEGACY:chat:chat_page:019	F03	lib/page/chat/chat/chat_page.dart	true	test/auto_test/chat/chat_page.md	26	发送失败消息点击重试	MAPPING_REQUIRED	MAPPING_REQUIRED	RECONCILE_REQUIRED	TO_BE_DEFINED	PARSED
LEGACY:chat:chat_page:020	F03	lib/page/chat/chat/chat_page.dart	true	test/auto_test/chat/chat_page.md	27	群内 @成员与 @所有人拦截	MAPPING_REQUIRED	MAPPING_REQUIRED	RECONCILE_REQUIRED	TO_BE_DEFINED	PARSED
LEGACY:chat:chat_page:021	F03	lib/page/chat/chat/chat_page.dart	true	test/auto_test/chat/chat_page.md	28	E2EE 解密失败引导与密钥重建	MAPPING_REQUIRED	MAPPING_REQUIRED	RECONCILE_REQUIRED	TO_BE_DEFINED	PARSED
LEGACY:chat:chat_setting_page:001	F03	lib/page/chat/chat_setting/chat_setting_page.dart	true	test/auto_test/chat/chat_setting_page.md	8	展示当前会话加密模式与说明	MAPPING_REQUIRED	MAPPING_REQUIRED	RECONCILE_REQUIRED	TO_BE_DEFINED	PARSED
LEGACY:chat:chat_setting_page:002	F03	lib/page/chat/chat_setting/chat_setting_page.dart	true	test/auto_test/chat/chat_setting_page.md	9	切换消息免打扰并持久化	MAPPING_REQUIRED	MAPPING_REQUIRED	RECONCILE_REQUIRED	TO_BE_DEFINED	PARSED
LEGACY:chat:chat_setting_page:003	F03	lib/page/chat/chat_setting/chat_setting_page.dart	true	test/auto_test/chat/chat_setting_page.md	10	切换阅后即焚开关并持久化	MAPPING_REQUIRED	MAPPING_REQUIRED	RECONCILE_REQUIRED	TO_BE_DEFINED	PARSED
LEGACY:chat:chat_setting_page:004	F03	lib/page/chat/chat_setting/chat_setting_page.dart	true	test/auto_test/chat/chat_setting_page.md	11	选择阅后即焚销毁时长	MAPPING_REQUIRED	MAPPING_REQUIRED	RECONCILE_REQUIRED	TO_BE_DEFINED	PARSED
LEGACY:chat:chat_setting_page:005	F03	lib/page/chat/chat_setting/chat_setting_page.dart	true	test/auto_test/chat/chat_setting_page.md	12	跳转查找聊天记录页	MAPPING_REQUIRED	MAPPING_REQUIRED	RECONCILE_REQUIRED	TO_BE_DEFINED	PARSED
LEGACY:chat:chat_setting_page:006	F03	lib/page/chat/chat_setting/chat_setting_page.dart	true	test/auto_test/chat/chat_setting_page.md	13	跳转聊天背景设置页	MAPPING_REQUIRED	MAPPING_REQUIRED	RECONCILE_REQUIRED	TO_BE_DEFINED	PARSED
LEGACY:chat:chat_setting_page:007	F03	lib/page/chat/chat_setting/chat_setting_page.dart	true	test/auto_test/chat/chat_setting_page.md	14	确认并清空本会话聊天记录	MAPPING_REQUIRED	MAPPING_REQUIRED	RECONCILE_REQUIRED	TO_BE_DEFINED	PARSED
LEGACY:chat:chat_setting_page:008	F03	lib/page/chat/chat_setting/chat_setting_page.dart	true	test/auto_test/chat/chat_setting_page.md	15	返回时回传刷新标记给聊天页	MAPPING_REQUIRED	MAPPING_REQUIRED	RECONCILE_REQUIRED	TO_BE_DEFINED	PARSED
LEGACY:chat:chat_setting_page:009	F03	lib/page/chat/chat_setting/chat_setting_page.dart	true	test/auto_test/chat/chat_setting_page.md	16	开关操作后弹出成功/失败提示	MAPPING_REQUIRED	MAPPING_REQUIRED	RECONCILE_REQUIRED	TO_BE_DEFINED	PARSED
LEGACY:chat:chat_setting_page:010	F03	lib/page/chat/chat_setting/chat_setting_page.dart	true	test/auto_test/chat/chat_setting_page.md	17	切换系统语言后页面实时刷新	MAPPING_REQUIRED	MAPPING_REQUIRED	RECONCILE_REQUIRED	TO_BE_DEFINED	PARSED
LEGACY:chat:p2p_call_screen_page:001	F03	lib/page/chat/p2p_call_screen/p2p_call_screen_page.dart	true	test/auto_test/chat/p2p_call_screen_page.md	8	发起音视频呼叫并邀请对端	MAPPING_REQUIRED	MAPPING_REQUIRED	RECONCILE_REQUIRED	TO_BE_DEFINED	PARSED
LEGACY:chat:p2p_call_screen_page:002	F03	lib/page/chat/p2p_call_screen/p2p_call_screen_page.dart	true	test/auto_test/chat/p2p_call_screen_page.md	9	接听来电并建立连接	MAPPING_REQUIRED	MAPPING_REQUIRED	RECONCILE_REQUIRED	TO_BE_DEFINED	PARSED
LEGACY:chat:p2p_call_screen_page:003	F03	lib/page/chat/p2p_call_screen/p2p_call_screen_page.dart	true	test/auto_test/chat/p2p_call_screen_page.md	10	通话状态机流转与文案切换	MAPPING_REQUIRED	MAPPING_REQUIRED	RECONCILE_REQUIRED	TO_BE_DEFINED	PARSED
LEGACY:chat:p2p_call_screen_page:004	F03	lib/page/chat/p2p_call_screen/p2p_call_screen_page.dart	true	test/auto_test/chat/p2p_call_screen_page.md	11	对端无应答超时自动结束	MAPPING_REQUIRED	MAPPING_REQUIRED	RECONCILE_REQUIRED	TO_BE_DEFINED	PARSED
LEGACY:chat:p2p_call_screen_page:005	F03	lib/page/chat/p2p_call_screen/p2p_call_screen_page.dart	true	test/auto_test/chat/p2p_call_screen_page.md	12	通话结束写入本地通话记录	MAPPING_REQUIRED	MAPPING_REQUIRED	RECONCILE_REQUIRED	TO_BE_DEFINED	PARSED
LEGACY:chat:p2p_call_screen_page:006	F03	lib/page/chat/p2p_call_screen/p2p_call_screen_page.dart	true	test/auto_test/chat/p2p_call_screen_page.md	13	切换麦克风静音状态	MAPPING_REQUIRED	MAPPING_REQUIRED	RECONCILE_REQUIRED	TO_BE_DEFINED	PARSED
LEGACY:chat:p2p_call_screen_page:007	F03	lib/page/chat/p2p_call_screen/p2p_call_screen_page.dart	true	test/auto_test/chat/p2p_call_screen_page.md	14	切换摄像头开关状态	MAPPING_REQUIRED	MAPPING_REQUIRED	RECONCILE_REQUIRED	TO_BE_DEFINED	PARSED
LEGACY:chat:p2p_call_screen_page:008	F03	lib/page/chat/p2p_call_screen/p2p_call_screen_page.dart	true	test/auto_test/chat/p2p_call_screen_page.md	15	切换扬声器与前后镜头	MAPPING_REQUIRED	MAPPING_REQUIRED	RECONCILE_REQUIRED	TO_BE_DEFINED	PARSED
LEGACY:chat:p2p_call_screen_page:009	F03	lib/page/chat/p2p_call_screen/p2p_call_screen_page.dart	true	test/auto_test/chat/p2p_call_screen_page.md	16	点挂断键结束通话	MAPPING_REQUIRED	MAPPING_REQUIRED	RECONCILE_REQUIRED	TO_BE_DEFINED	PARSED
LEGACY:chat:p2p_call_screen_page:010	F03	lib/page/chat/p2p_call_screen/p2p_call_screen_page.dart	true	test/auto_test/chat/p2p_call_screen_page.md	17	拖拽小窗并交换主次画面	MAPPING_REQUIRED	MAPPING_REQUIRED	RECONCILE_REQUIRED	TO_BE_DEFINED	PARSED
LEGACY:chat:p2p_call_screen_page:011	F03	lib/page/chat/p2p_call_screen/p2p_call_screen_page.dart	true	test/auto_test/chat/p2p_call_screen_page.md	18	最小化为悬浮窗并复原全屏	MAPPING_REQUIRED	MAPPING_REQUIRED	RECONCILE_REQUIRED	TO_BE_DEFINED	PARSED
LEGACY:chat:p2p_call_screen_page:012	F03	lib/page/chat/p2p_call_screen/p2p_call_screen_page.dart	true	test/auto_test/chat/p2p_call_screen_page.md	19	展示重连横幅与权限错误横幅	MAPPING_REQUIRED	MAPPING_REQUIRED	RECONCILE_REQUIRED	TO_BE_DEFINED	PARSED
LEGACY:chat:quick_reply_manage_page:001	F03	lib/page/chat/widget/quick_reply_manage_page.dart	true	test/auto_test/chat/quick_reply_manage_page.md	8	从快捷回复面板进入管理页	MAPPING_REQUIRED	MAPPING_REQUIRED	RECONCILE_REQUIRED	TO_BE_DEFINED	PARSED
LEGACY:chat:quick_reply_manage_page:002	F03	lib/page/chat/widget/quick_reply_manage_page.dart	true	test/auto_test/chat/quick_reply_manage_page.md	9	加载快捷回复列表与空态	MAPPING_REQUIRED	MAPPING_REQUIRED	RECONCILE_REQUIRED	TO_BE_DEFINED	PARSED
LEGACY:chat:quick_reply_manage_page:003	F03	lib/page/chat/widget/quick_reply_manage_page.dart	true	test/auto_test/chat/quick_reply_manage_page.md	10	点 FAB 新增快捷回复短语	MAPPING_REQUIRED	MAPPING_REQUIRED	RECONCILE_REQUIRED	TO_BE_DEFINED	PARSED
LEGACY:chat:quick_reply_manage_page:004	F03	lib/page/chat/widget/quick_reply_manage_page.dart	true	test/auto_test/chat/quick_reply_manage_page.md	11	超出条数上限时提示拒绝	MAPPING_REQUIRED	MAPPING_REQUIRED	RECONCILE_REQUIRED	TO_BE_DEFINED	PARSED
LEGACY:chat:quick_reply_manage_page:005	F03	lib/page/chat/widget/quick_reply_manage_page.dart	true	test/auto_test/chat/quick_reply_manage_page.md	12	重复内容校验并提示	MAPPING_REQUIRED	MAPPING_REQUIRED	RECONCILE_REQUIRED	TO_BE_DEFINED	PARSED
LEGACY:chat:quick_reply_manage_page:006	F03	lib/page/chat/widget/quick_reply_manage_page.dart	true	test/auto_test/chat/quick_reply_manage_page.md	13	点击条目进入编辑弹窗	MAPPING_REQUIRED	MAPPING_REQUIRED	RECONCILE_REQUIRED	TO_BE_DEFINED	PARSED
LEGACY:chat:quick_reply_manage_page:007	F03	lib/page/chat/widget/quick_reply_manage_page.dart	true	test/auto_test/chat/quick_reply_manage_page.md	14	点铅笔按钮编辑短语	MAPPING_REQUIRED	MAPPING_REQUIRED	RECONCILE_REQUIRED	TO_BE_DEFINED	PARSED
LEGACY:chat:quick_reply_manage_page:008	F03	lib/page/chat/widget/quick_reply_manage_page.dart	true	test/auto_test/chat/quick_reply_manage_page.md	15	左划删除单条快捷回复	MAPPING_REQUIRED	MAPPING_REQUIRED	RECONCILE_REQUIRED	TO_BE_DEFINED	PARSED
LEGACY:chat:quick_reply_manage_page:009	F03	lib/page/chat/widget/quick_reply_manage_page.dart	true	test/auto_test/chat/quick_reply_manage_page.md	16	拖拽手柄调整条目顺序	MAPPING_REQUIRED	MAPPING_REQUIRED	RECONCILE_REQUIRED	TO_BE_DEFINED	PARSED
LEGACY:chat:quick_reply_manage_page:010	F03	lib/page/chat/widget/quick_reply_manage_page.dart	true	test/auto_test/chat/quick_reply_manage_page.md	17	未登录态隐藏新增按钮	MAPPING_REQUIRED	MAPPING_REQUIRED	RECONCILE_REQUIRED	TO_BE_DEFINED	PARSED
LEGACY:chat:quick_reply_manage_page:011	F03	lib/page/chat/widget/quick_reply_manage_page.dart	true	test/auto_test/chat/quick_reply_manage_page.md	18	输入框最大长度限制生效	MAPPING_REQUIRED	MAPPING_REQUIRED	RECONCILE_REQUIRED	TO_BE_DEFINED	PARSED
LEGACY:chat:rtc_room_page:001	F03	lib/page/chat/rtc_room/rtc_room_page.dart	true	test/auto_test/chat/rtc_room_page.md	9	进入房间连接 LiveKit 服务	MAPPING_REQUIRED	MAPPING_REQUIRED	RECONCILE_REQUIRED	TO_BE_DEFINED	PARSED
LEGACY:chat:rtc_room_page:002	F03	lib/page/chat/rtc_room/rtc_room_page.dart	true	test/auto_test/chat/rtc_room_page.md	10	连接失败时提示并退出页面	MAPPING_REQUIRED	MAPPING_REQUIRED	RECONCILE_REQUIRED	TO_BE_DEFINED	PARSED
LEGACY:chat:rtc_room_page:003	F03	lib/page/chat/rtc_room/rtc_room_page.dart	true	test/auto_test/chat/rtc_room_page.md	11	参与者网格随人数切换列数	MAPPING_REQUIRED	MAPPING_REQUIRED	RECONCILE_REQUIRED	TO_BE_DEFINED	PARSED
LEGACY:chat:rtc_room_page:004	F03	lib/page/chat/rtc_room/rtc_room_page.dart	true	test/auto_test/chat/rtc_room_page.md	12	渲染远端参与者视频画面	MAPPING_REQUIRED	MAPPING_REQUIRED	RECONCILE_REQUIRED	TO_BE_DEFINED	PARSED
LEGACY:chat:rtc_room_page:005	F03	lib/page/chat/rtc_room/rtc_room_page.dart	true	test/auto_test/chat/rtc_room_page.md	13	无视频轨时显示头像占位	MAPPING_REQUIRED	MAPPING_REQUIRED	RECONCILE_REQUIRED	TO_BE_DEFINED	PARSED
LEGACY:chat:rtc_room_page:006	F03	lib/page/chat/rtc_room/rtc_room_page.dart	true	test/auto_test/chat/rtc_room_page.md	14	画面左下角展示参与者标识	MAPPING_REQUIRED	MAPPING_REQUIRED	RECONCILE_REQUIRED	TO_BE_DEFINED	PARSED
LEGACY:chat:rtc_room_page:007	F03	lib/page/chat/rtc_room/rtc_room_page.dart	true	test/auto_test/chat/rtc_room_page.md	15	切换麦克风开关	MAPPING_REQUIRED	MAPPING_REQUIRED	RECONCILE_REQUIRED	TO_BE_DEFINED	PARSED
LEGACY:chat:rtc_room_page:008	F03	lib/page/chat/rtc_room/rtc_room_page.dart	true	test/auto_test/chat/rtc_room_page.md	16	切换摄像头开关	MAPPING_REQUIRED	MAPPING_REQUIRED	RECONCILE_REQUIRED	TO_BE_DEFINED	PARSED
LEGACY:chat:rtc_room_page:009	F03	lib/page/chat/rtc_room/rtc_room_page.dart	true	test/auto_test/chat/rtc_room_page.md	17	切换扬声器与前后镜头	MAPPING_REQUIRED	MAPPING_REQUIRED	RECONCILE_REQUIRED	TO_BE_DEFINED	PARSED
LEGACY:chat:rtc_room_page:010	F03	lib/page/chat/rtc_room/rtc_room_page.dart	true	test/auto_test/chat/rtc_room_page.md	18	点挂断退出房间并返回	MAPPING_REQUIRED	MAPPING_REQUIRED	RECONCILE_REQUIRED	TO_BE_DEFINED	PARSED
LEGACY:chat:rtc_room_page:011	F03	lib/page/chat/rtc_room/rtc_room_page.dart	true	test/auto_test/chat/rtc_room_page.md	19	通话中被断开时提示并退出	MAPPING_REQUIRED	MAPPING_REQUIRED	RECONCILE_REQUIRED	TO_BE_DEFINED	PARSED
LEGACY:chat:rtc_room_page:012	F03	lib/page/chat/rtc_room/rtc_room_page.dart	true	test/auto_test/chat/rtc_room_page.md	20	顶部展示房间标题与连接状态	MAPPING_REQUIRED	MAPPING_REQUIRED	RECONCILE_REQUIRED	TO_BE_DEFINED	PARSED
LEGACY:chat:send_to_page:001	F03	lib/page/chat/send_to/send_to_page.dart	true	test/auto_test/chat/send_to_page.md	8	加载可转发的会话联系人列表	MAPPING_REQUIRED	MAPPING_REQUIRED	RECONCILE_REQUIRED	TO_BE_DEFINED	PARSED
LEGACY:chat:send_to_page:002	F03	lib/page/chat/send_to/send_to_page.dart	true	test/auto_test/chat/send_to_page.md	9	输入关键词过滤联系人	MAPPING_REQUIRED	MAPPING_REQUIRED	RECONCILE_REQUIRED	TO_BE_DEFINED	PARSED
LEGACY:chat:send_to_page:003	F03	lib/page/chat/send_to/send_to_page.dart	true	test/auto_test/chat/send_to_page.md	10	点选与取消选择联系人	MAPPING_REQUIRED	MAPPING_REQUIRED	RECONCILE_REQUIRED	TO_BE_DEFINED	PARSED
LEGACY:chat:send_to_page:004	F03	lib/page/chat/send_to/send_to_page.dart	true	test/auto_test/chat/send_to_page.md	11	点发送转发消息给选中对象	MAPPING_REQUIRED	MAPPING_REQUIRED	RECONCILE_REQUIRED	TO_BE_DEFINED	PARSED
LEGACY:chat:send_to_page:005	F03	lib/page/chat/send_to/send_to_page.dart	true	test/auto_test/chat/send_to_page.md	12	发送成功后关闭页面回退	MAPPING_REQUIRED	MAPPING_REQUIRED	RECONCILE_REQUIRED	TO_BE_DEFINED	PARSED
LEGACY:chat:send_to_page:006	F03	lib/page/chat/send_to/send_to_page.dart	true	test/auto_test/chat/send_to_page.md	13	未选联系人直接点发送即返回	MAPPING_REQUIRED	MAPPING_REQUIRED	RECONCILE_REQUIRED	TO_BE_DEFINED	PARSED
LEGACY:chat:send_to_page:007	F03	lib/page/chat/send_to/send_to_page.dart	true	test/auto_test/chat/send_to_page.md	14	部分转发失败留页并提示	MAPPING_REQUIRED	MAPPING_REQUIRED	RECONCILE_REQUIRED	TO_BE_DEFINED	PARSED
LEGACY:chat:send_to_page:008	F03	lib/page/chat/send_to/send_to_page.dart	true	test/auto_test/chat/send_to_page.md	15	无联系人时展示空态文案	MAPPING_REQUIRED	MAPPING_REQUIRED	RECONCILE_REQUIRED	TO_BE_DEFINED	PARSED
LEGACY:chat:send_to_page:009	F03	lib/page/chat/send_to/send_to_page.dart	true	test/auto_test/chat/send_to_page.md	16	转发成功 toast 文案提示	MAPPING_REQUIRED	MAPPING_REQUIRED	RECONCILE_REQUIRED	TO_BE_DEFINED	PARSED
LEGACY:chat:send_to_page:010	F03	lib/page/chat/send_to/send_to_page.dart	true	test/auto_test/chat/send_to_page.md	17	点返回按钮取消转发	MAPPING_REQUIRED	MAPPING_REQUIRED	RECONCILE_REQUIRED	TO_BE_DEFINED	PARSED
LEGACY:contact:add_friend_page:001	F02	lib/page/contact/new_friend/add_friend_page.dart	true	test/auto_test/contact/add_friend_page.md	8	输入账号搜索并跳转用户详情	MAPPING_REQUIRED	MAPPING_REQUIRED	RECONCILE_REQUIRED	TO_BE_DEFINED	PARSED
LEGACY:contact:add_friend_page:002	F02	lib/page/contact/new_friend/add_friend_page.dart	true	test/auto_test/contact/add_friend_page.md	9	搜索无匹配时提示无结果	MAPPING_REQUIRED	MAPPING_REQUIRED	RECONCILE_REQUIRED	TO_BE_DEFINED	PARSED
LEGACY:contact:add_friend_page:003	F02	lib/page/contact/new_friend/add_friend_page.dart	true	test/auto_test/contact/add_friend_page.md	10	搜索异常时提示网络错误	MAPPING_REQUIRED	MAPPING_REQUIRED	RECONCILE_REQUIRED	TO_BE_DEFINED	PARSED
LEGACY:contact:add_friend_page:004	F02	lib/page/contact/new_friend/add_friend_page.dart	true	test/auto_test/contact/add_friend_page.md	11	展示当前账号的登录账号号码	MAPPING_REQUIRED	MAPPING_REQUIRED	RECONCILE_REQUIRED	TO_BE_DEFINED	PARSED
LEGACY:contact:add_friend_page:005	F02	lib/page/contact/new_friend/add_friend_page.dart	true	test/auto_test/contact/add_friend_page.md	12	点击二维码图标打开我的名片码	MAPPING_REQUIRED	MAPPING_REQUIRED	RECONCILE_REQUIRED	TO_BE_DEFINED	PARSED
LEGACY:contact:add_friend_page:006	F02	lib/page/contact/new_friend/add_friend_page.dart	true	test/auto_test/contact/add_friend_page.md	13	进入「附近的人」功能页	MAPPING_REQUIRED	MAPPING_REQUIRED	RECONCILE_REQUIRED	TO_BE_DEFINED	PARSED
LEGACY:contact:add_friend_page:007	F02	lib/page/contact/new_friend/add_friend_page.dart	true	test/auto_test/contact/add_friend_page.md	14	进入「面对面建群」功能页	MAPPING_REQUIRED	MAPPING_REQUIRED	RECONCILE_REQUIRED	TO_BE_DEFINED	PARSED
LEGACY:contact:add_friend_page:008	F02	lib/page/contact/new_friend/add_friend_page.dart	true	test/auto_test/contact/add_friend_page.md	15	进入扫一扫扫码加好友	MAPPING_REQUIRED	MAPPING_REQUIRED	RECONCILE_REQUIRED	TO_BE_DEFINED	PARSED
LEGACY:contact:add_friend_page:009	F02	lib/page/contact/new_friend/add_friend_page.dart	true	test/auto_test/contact/add_friend_page.md	16	进入「最近注册用户」列表页	MAPPING_REQUIRED	MAPPING_REQUIRED	RECONCILE_REQUIRED	TO_BE_DEFINED	PARSED
LEGACY:contact:apply_friend_page:001	F02	lib/page/contact/apply_friend/apply_friend_page.dart	true	test/auto_test/contact/apply_friend_page.md	8	验证消息自动填充「我是 xx」	MAPPING_REQUIRED	MAPPING_REQUIRED	RECONCILE_REQUIRED	TO_BE_DEFINED	PARSED
LEGACY:contact:apply_friend_page:002	F02	lib/page/contact/apply_friend/apply_friend_page.dart	true	test/auto_test/contact/apply_friend_page.md	9	备注栏自动填充对方昵称	MAPPING_REQUIRED	MAPPING_REQUIRED	RECONCILE_REQUIRED	TO_BE_DEFINED	PARSED
LEGACY:contact:apply_friend_page:003	F02	lib/page/contact/apply_friend/apply_friend_page.dart	true	test/auto_test/contact/apply_friend_page.md	10	编辑验证消息并限制 100 字	MAPPING_REQUIRED	MAPPING_REQUIRED	RECONCILE_REQUIRED	TO_BE_DEFINED	PARSED
LEGACY:contact:apply_friend_page:004	F02	lib/page/contact/apply_friend/apply_friend_page.dart	true	test/auto_test/contact/apply_friend_page.md	11	编辑备注并限制 80 字上限	MAPPING_REQUIRED	MAPPING_REQUIRED	RECONCILE_REQUIRED	TO_BE_DEFINED	PARSED
LEGACY:contact:apply_friend_page:005	F02	lib/page/contact/apply_friend/apply_friend_page.dart	true	test/auto_test/contact/apply_friend_page.md	12	进入标签页选择标签并回填	MAPPING_REQUIRED	MAPPING_REQUIRED	RECONCILE_REQUIRED	TO_BE_DEFINED	PARSED
LEGACY:contact:apply_friend_page:006	F02	lib/page/contact/apply_friend/apply_friend_page.dart	true	test/auto_test/contact/apply_friend_page.md	13	点击「发送」提交好友申请	MAPPING_REQUIRED	MAPPING_REQUIRED	RECONCILE_REQUIRED	TO_BE_DEFINED	PARSED
LEGACY:contact:apply_friend_page:007	F02	lib/page/contact/apply_friend/apply_friend_page.dart	true	test/auto_test/contact/apply_friend_page.md	14	提交中按钮禁用并显示转圈	MAPPING_REQUIRED	MAPPING_REQUIRED	RECONCILE_REQUIRED	TO_BE_DEFINED	PARSED
LEGACY:contact:apply_friend_page:008	F02	lib/page/contact/apply_friend/apply_friend_page.dart	true	test/auto_test/contact/apply_friend_page.md	15	提交成功后连退两级页面	MAPPING_REQUIRED	MAPPING_REQUIRED	RECONCILE_REQUIRED	TO_BE_DEFINED	PARSED
LEGACY:contact:apply_friend_page:009	F02	lib/page/contact/apply_friend/apply_friend_page.dart	true	test/auto_test/contact/apply_friend_page.md	16	提交失败后恢复按钮可点状态	MAPPING_REQUIRED	MAPPING_REQUIRED	RECONCILE_REQUIRED	TO_BE_DEFINED	PARSED
LEGACY:contact:assistant_plaza_page:001	F02	lib/page/contact/assistant_plaza/assistant_plaza_page.dart	true	test/auto_test/contact/assistant_plaza_page.md	8	助手收到消息后返回回复	MAPPING_REQUIRED	MAPPING_REQUIRED	RECONCILE_REQUIRED	TO_BE_DEFINED	PARSED
LEGACY:contact:assistant_plaza_page:002	F02	lib/page/contact/assistant_plaza/assistant_plaza_page.dart	true	test/auto_test/contact/assistant_plaza_page.md	9	加载助手列表并渲染卡片	MAPPING_REQUIRED	MAPPING_REQUIRED	RECONCILE_REQUIRED	TO_BE_DEFINED	PARSED
LEGACY:contact:assistant_plaza_page:003	F02	lib/page/contact/assistant_plaza/assistant_plaza_page.dart	true	test/auto_test/contact/assistant_plaza_page.md	10	点击「发消息」进入助手会话	MAPPING_REQUIRED	MAPPING_REQUIRED	RECONCILE_REQUIRED	TO_BE_DEFINED	PARSED
LEGACY:contact:assistant_plaza_page:004	F02	lib/page/contact/assistant_plaza/assistant_plaza_page.dart	true	test/auto_test/contact/assistant_plaza_page.md	11	顶部展示 AI 透明声明卡	MAPPING_REQUIRED	MAPPING_REQUIRED	RECONCILE_REQUIRED	TO_BE_DEFINED	PARSED
LEGACY:contact:assistant_plaza_page:005	F02	lib/page/contact/assistant_plaza/assistant_plaza_page.dart	true	test/auto_test/contact/assistant_plaza_page.md	12	搜索助手并做 300ms 防抖	MAPPING_REQUIRED	MAPPING_REQUIRED	RECONCILE_REQUIRED	TO_BE_DEFINED	PARSED
LEGACY:contact:assistant_plaza_page:006	F02	lib/page/contact/assistant_plaza/assistant_plaza_page.dart	true	test/auto_test/contact/assistant_plaza_page.md	13	搜索无结果展示对应空态文案	MAPPING_REQUIRED	MAPPING_REQUIRED	RECONCILE_REQUIRED	TO_BE_DEFINED	PARSED
LEGACY:contact:assistant_plaza_page:007	F02	lib/page/contact/assistant_plaza/assistant_plaza_page.dart	true	test/auto_test/contact/assistant_plaza_page.md	14	滚动触底加载下一页助手	MAPPING_REQUIRED	MAPPING_REQUIRED	RECONCILE_REQUIRED	TO_BE_DEFINED	PARSED
LEGACY:contact:assistant_plaza_page:008	F02	lib/page/contact/assistant_plaza/assistant_plaza_page.dart	true	test/auto_test/contact/assistant_plaza_page.md	15	下拉刷新重新拉取助手列表	MAPPING_REQUIRED	MAPPING_REQUIRED	RECONCILE_REQUIRED	TO_BE_DEFINED	PARSED
LEGACY:contact:assistant_plaza_page:009	F02	lib/page/contact/assistant_plaza/assistant_plaza_page.dart	true	test/auto_test/contact/assistant_plaza_page.md	16	加载失败展示错误态与重试	MAPPING_REQUIRED	MAPPING_REQUIRED	RECONCILE_REQUIRED	TO_BE_DEFINED	PARSED
LEGACY:contact:assistant_plaza_page:010	F02	lib/page/contact/assistant_plaza/assistant_plaza_page.dart	true	test/auto_test/contact/assistant_plaza_page.md	17	助手昵称旁展示 AI 身份徽章	MAPPING_REQUIRED	MAPPING_REQUIRED	RECONCILE_REQUIRED	TO_BE_DEFINED	PARSED
LEGACY:contact:confirm_new_friend_page:001	F02	lib/page/contact/confirm_new_friend/confirm_new_friend_page.dart	true	test/auto_test/contact/confirm_new_friend_page.md	8	点击「完成」提交确认加好友	MAPPING_REQUIRED	MAPPING_REQUIRED	RECONCILE_REQUIRED	TO_BE_DEFINED	PARSED
LEGACY:contact:confirm_new_friend_page:002	F02	lib/page/contact/confirm_new_friend/confirm_new_friend_page.dart	true	test/auto_test/contact/confirm_new_friend_page.md	9	展示对方发来的验证消息	MAPPING_REQUIRED	MAPPING_REQUIRED	RECONCILE_REQUIRED	TO_BE_DEFINED	PARSED
LEGACY:contact:confirm_new_friend_page:003	F02	lib/page/contact/confirm_new_friend/confirm_new_friend_page.dart	true	test/auto_test/contact/confirm_new_friend_page.md	10	备注输入框默认填充对方昵称	MAPPING_REQUIRED	MAPPING_REQUIRED	RECONCILE_REQUIRED	TO_BE_DEFINED	PARSED
LEGACY:contact:confirm_new_friend_page:004	F02	lib/page/contact/confirm_new_friend/confirm_new_friend_page.dart	true	test/auto_test/contact/confirm_new_friend_page.md	11	修改备注并限制 80 字上限	MAPPING_REQUIRED	MAPPING_REQUIRED	RECONCILE_REQUIRED	TO_BE_DEFINED	PARSED
LEGACY:contact:confirm_new_friend_page:005	F02	lib/page/contact/confirm_new_friend/confirm_new_friend_page.dart	true	test/auto_test/contact/confirm_new_friend_page.md	12	进入标签页选择标签并回填	MAPPING_REQUIRED	MAPPING_REQUIRED	RECONCILE_REQUIRED	TO_BE_DEFINED	PARSED
LEGACY:contact:confirm_new_friend_page:006	F02	lib/page/contact/confirm_new_friend/confirm_new_friend_page.dart	true	test/auto_test/contact/confirm_new_friend_page.md	13	未选标签时显示「添加标签」占位	MAPPING_REQUIRED	MAPPING_REQUIRED	RECONCILE_REQUIRED	TO_BE_DEFINED	PARSED
LEGACY:contact:confirm_new_friend_page:007	F02	lib/page/contact/confirm_new_friend/confirm_new_friend_page.dart	true	test/auto_test/contact/confirm_new_friend_page.md	14	提交中按钮禁用并显示转圈	MAPPING_REQUIRED	MAPPING_REQUIRED	RECONCILE_REQUIRED	TO_BE_DEFINED	PARSED
LEGACY:contact:confirm_new_friend_page:008	F02	lib/page/contact/confirm_new_friend/confirm_new_friend_page.dart	true	test/auto_test/contact/confirm_new_friend_page.md	15	提交失败后按钮恢复可点击	MAPPING_REQUIRED	MAPPING_REQUIRED	RECONCILE_REQUIRED	TO_BE_DEFINED	PARSED
LEGACY:contact:confirm_new_friend_page:009	F02	lib/page/contact/confirm_new_friend/confirm_new_friend_page.dart	true	test/auto_test/contact/confirm_new_friend_page.md	16	提交前收起键盘避免遮挡	MAPPING_REQUIRED	MAPPING_REQUIRED	RECONCILE_REQUIRED	TO_BE_DEFINED	PARSED
LEGACY:contact:contact_page:001	F02	lib/page/contact/contact/contact_page.dart	true	test/auto_test/contact/contact_page.md	8	加载好友列表并按 A-Z 分组渲染	MAPPING_REQUIRED	MAPPING_REQUIRED	RECONCILE_REQUIRED	TO_BE_DEFINED	PARSED
LEGACY:contact:contact_page:002	F02	lib/page/contact/contact/contact_page.dart	true	test/auto_test/contact/contact_page.md	9	搜索框按昵称本地过滤联系人	MAPPING_REQUIRED	MAPPING_REQUIRED	RECONCILE_REQUIRED	TO_BE_DEFINED	PARSED
LEGACY:contact:contact_page:003	F02	lib/page/contact/contact/contact_page.dart	true	test/auto_test/contact/contact_page.md	10	索引栏标签随过滤结果同步派生	MAPPING_REQUIRED	MAPPING_REQUIRED	RECONCILE_REQUIRED	TO_BE_DEFINED	PARSED
LEGACY:contact:contact_page:004	F02	lib/page/contact/contact/contact_page.dart	true	test/auto_test/contact/contact_page.md	11	拖动索引栏定位到对应字母分组	MAPPING_REQUIRED	MAPPING_REQUIRED	RECONCILE_REQUIRED	TO_BE_DEFINED	PARSED
LEGACY:contact:contact_page:005	F02	lib/page/contact/contact/contact_page.dart	true	test/auto_test/contact/contact_page.md	12	点击联系人进入个人资料页	MAPPING_REQUIRED	MAPPING_REQUIRED	RECONCILE_REQUIRED	TO_BE_DEFINED	PARSED
LEGACY:contact:contact_page:006	F02	lib/page/contact/contact/contact_page.dart	true	test/auto_test/contact/contact_page.md	13	长按联系人直接进入会话	MAPPING_REQUIRED	MAPPING_REQUIRED	RECONCILE_REQUIRED	TO_BE_DEFINED	PARSED
LEGACY:contact:contact_page:007	F02	lib/page/contact/contact/contact_page.dart	true	test/auto_test/contact/contact_page.md	14	点击「新的朋友」进入申请列表	MAPPING_REQUIRED	MAPPING_REQUIRED	RECONCILE_REQUIRED	TO_BE_DEFINED	PARSED
LEGACY:contact:contact_page:008	F02	lib/page/contact/contact/contact_page.dart	true	test/auto_test/contact/contact_page.md	15	点击朋友圈/附近的人/助手广场入口	MAPPING_REQUIRED	MAPPING_REQUIRED	RECONCILE_REQUIRED	TO_BE_DEFINED	PARSED
LEGACY:contact:contact_page:009	F02	lib/page/contact/contact/contact_page.dart	true	test/auto_test/contact/contact_page.md	16	点击群聊与标签两个菜单入口	MAPPING_REQUIRED	MAPPING_REQUIRED	RECONCILE_REQUIRED	TO_BE_DEFINED	PARSED
LEGACY:contact:contact_page:010	F02	lib/page/contact/contact/contact_page.dart	true	test/auto_test/contact/contact_page.md	17	顶栏标签与添加朋友按钮跳转	MAPPING_REQUIRED	MAPPING_REQUIRED	RECONCILE_REQUIRED	TO_BE_DEFINED	PARSED
LEGACY:contact:contact_page:011	F02	lib/page/contact/contact/contact_page.dart	true	test/auto_test/contact/contact_page.md	18	新朋友未读红点与在线状态展示	MAPPING_REQUIRED	MAPPING_REQUIRED	RECONCILE_REQUIRED	TO_BE_DEFINED	PARSED
LEGACY:contact:contact_page:012	F02	lib/page/contact/contact/contact_page.dart	true	test/auto_test/contact/contact_page.md	19	骨架/无联系人/搜索无结果三态	MAPPING_REQUIRED	MAPPING_REQUIRED	RECONCILE_REQUIRED	TO_BE_DEFINED	PARSED
LEGACY:contact:contact_setting_page:001	F02	lib/page/contact/contact_setting/contact_setting_page.dart	true	test/auto_test/contact/contact_setting_page.md	8	「删除联系人」使用破坏色红字	MAPPING_REQUIRED	MAPPING_REQUIRED	RECONCILE_REQUIRED	TO_BE_DEFINED	PARSED
LEGACY:contact:contact_setting_page:002	F02	lib/page/contact/contact_setting/contact_setting_page.dart	true	test/auto_test/contact/contact_setting_page.md	9	「推荐给朋友」提示功能开发中	MAPPING_REQUIRED	MAPPING_REQUIRED	RECONCILE_REQUIRED	TO_BE_DEFINED	PARSED
LEGACY:contact:contact_setting_page:003	F02	lib/page/contact/contact_setting/contact_setting_page.dart	true	test/auto_test/contact/contact_setting_page.md	10	进入「设置备注和标签」页面	MAPPING_REQUIRED	MAPPING_REQUIRED	RECONCILE_REQUIRED	TO_BE_DEFINED	PARSED
LEGACY:contact:contact_setting_page:004	F02	lib/page/contact/contact_setting/contact_setting_page.dart	true	test/auto_test/contact/contact_setting_page.md	11	删除联系人弹出二次确认框	MAPPING_REQUIRED	MAPPING_REQUIRED	RECONCILE_REQUIRED	TO_BE_DEFINED	PARSED
LEGACY:contact:contact_setting_page:005	F02	lib/page/contact/contact_setting/contact_setting_page.dart	true	test/auto_test/contact/contact_setting_page.md	12	确认删除后返回首页并提示成功	MAPPING_REQUIRED	MAPPING_REQUIRED	RECONCILE_REQUIRED	TO_BE_DEFINED	PARSED
LEGACY:contact:contact_setting_page:006	F02	lib/page/contact/contact_setting/contact_setting_page.dart	true	test/auto_test/contact/contact_setting_page.md	13	打开开关加入黑名单并确认	MAPPING_REQUIRED	MAPPING_REQUIRED	RECONCILE_REQUIRED	TO_BE_DEFINED	PARSED
LEGACY:contact:contact_setting_page:007	F02	lib/page/contact/contact_setting/contact_setting_page.dart	true	test/auto_test/contact/contact_setting_page.md	14	关闭开关移出黑名单并同步本地	MAPPING_REQUIRED	MAPPING_REQUIRED	RECONCILE_REQUIRED	TO_BE_DEFINED	PARSED
LEGACY:contact:contact_setting_page:008	F02	lib/page/contact/contact_setting/contact_setting_page.dart	true	test/auto_test/contact/contact_setting_page.md	15	举报用户弹出四种理由选择面板	MAPPING_REQUIRED	MAPPING_REQUIRED	RECONCILE_REQUIRED	TO_BE_DEFINED	PARSED
LEGACY:contact:contact_setting_page:009	F02	lib/page/contact/contact_setting/contact_setting_page.dart	true	test/auto_test/contact/contact_setting_page.md	16	提交举报并提示成功或失败	MAPPING_REQUIRED	MAPPING_REQUIRED	RECONCILE_REQUIRED	TO_BE_DEFINED	PARSED
LEGACY:contact:contact_setting_page:010	F02	lib/page/contact/contact_setting/contact_setting_page.dart	true	test/auto_test/contact/contact_setting_page.md	17	黑名单状态联动图标颜色变化	MAPPING_REQUIRED	MAPPING_REQUIRED	RECONCILE_REQUIRED	TO_BE_DEFINED	PARSED
LEGACY:contact:contact_setting_tag_page:001	F02	lib/page/contact/contact_setting_tag/contact_setting_tag_page.dart	true	test/auto_test/contact/contact_setting_tag_page.md	8	进入页面回显已有备注与标签	MAPPING_REQUIRED	MAPPING_REQUIRED	RECONCILE_REQUIRED	TO_BE_DEFINED	PARSED
LEGACY:contact:contact_setting_tag_page:002	F02	lib/page/contact/contact_setting_tag/contact_setting_tag_page.dart	true	test/auto_test/contact/contact_setting_tag_page.md	9	备注输入框进入即自动聚焦	MAPPING_REQUIRED	MAPPING_REQUIRED	RECONCILE_REQUIRED	TO_BE_DEFINED	PARSED
LEGACY:contact:contact_setting_tag_page:003	F02	lib/page/contact/contact_setting_tag/contact_setting_tag_page.dart	true	test/auto_test/contact/contact_setting_tag_page.md	10	修改备注后完成按钮由灰变蓝	MAPPING_REQUIRED	MAPPING_REQUIRED	RECONCILE_REQUIRED	TO_BE_DEFINED	PARSED
LEGACY:contact:contact_setting_tag_page:004	F02	lib/page/contact/contact_setting_tag/contact_setting_tag_page.dart	true	test/auto_test/contact/contact_setting_tag_page.md	11	未修改时完成按钮保持禁用	MAPPING_REQUIRED	MAPPING_REQUIRED	RECONCILE_REQUIRED	TO_BE_DEFINED	PARSED
LEGACY:contact:contact_setting_tag_page:005	F02	lib/page/contact/contact_setting_tag/contact_setting_tag_page.dart	true	test/auto_test/contact/contact_setting_tag_page.md	12	提交备注成功后提示并返回	MAPPING_REQUIRED	MAPPING_REQUIRED	RECONCILE_REQUIRED	TO_BE_DEFINED	PARSED
LEGACY:contact:contact_setting_tag_page:006	F02	lib/page/contact/contact_setting_tag/contact_setting_tag_page.dart	true	test/auto_test/contact/contact_setting_tag_page.md	13	点击标签行进入标签关系页	MAPPING_REQUIRED	MAPPING_REQUIRED	RECONCILE_REQUIRED	TO_BE_DEFINED	PARSED
LEGACY:contact:contact_setting_tag_page:007	F02	lib/page/contact/contact_setting_tag/contact_setting_tag_page.dart	true	test/auto_test/contact/contact_setting_tag_page.md	14	选完标签返回后渲染标签 Chip	MAPPING_REQUIRED	MAPPING_REQUIRED	RECONCILE_REQUIRED	TO_BE_DEFINED	PARSED
LEGACY:contact:contact_setting_tag_page:008	F02	lib/page/contact/contact_setting_tag/contact_setting_tag_page.dart	true	test/auto_test/contact/contact_setting_tag_page.md	15	无标签时右侧显示「添加标签」	MAPPING_REQUIRED	MAPPING_REQUIRED	RECONCILE_REQUIRED	TO_BE_DEFINED	PARSED
LEGACY:contact:contact_setting_tag_page:009	F02	lib/page/contact/contact_setting_tag/contact_setting_tag_page.dart	true	test/auto_test/contact/contact_setting_tag_page.md	16	备注输入限制 40 字上限	MAPPING_REQUIRED	MAPPING_REQUIRED	RECONCILE_REQUIRED	TO_BE_DEFINED	PARSED
LEGACY:contact:new_friend_page:001	F02	lib/page/contact/new_friend/new_friend_page.dart	true	test/auto_test/contact/new_friend_page.md	8	拉取好友申请列表并落库渲染	MAPPING_REQUIRED	MAPPING_REQUIRED	RECONCILE_REQUIRED	TO_BE_DEFINED	PARSED
LEGACY:contact:new_friend_page:002	F02	lib/page/contact/new_friend/new_friend_page.dart	true	test/auto_test/contact/new_friend_page.md	9	顶部搜索账号并跳转用户详情	MAPPING_REQUIRED	MAPPING_REQUIRED	RECONCILE_REQUIRED	TO_BE_DEFINED	PARSED
LEGACY:contact:new_friend_page:003	F02	lib/page/contact/new_friend/new_friend_page.dart	true	test/auto_test/contact/new_friend_page.md	10	搜索无结果与网络异常提示	MAPPING_REQUIRED	MAPPING_REQUIRED	RECONCILE_REQUIRED	TO_BE_DEFINED	PARSED
LEGACY:contact:new_friend_page:004	F02	lib/page/contact/new_friend/new_friend_page.dart	true	test/auto_test/contact/new_friend_page.md	11	左滑删除单条申请记录	MAPPING_REQUIRED	MAPPING_REQUIRED	RECONCILE_REQUIRED	TO_BE_DEFINED	PARSED
LEGACY:contact:new_friend_page:005	F02	lib/page/contact/new_friend/new_friend_page.dart	true	test/auto_test/contact/new_friend_page.md	12	点击「接受」进入确认好友页	MAPPING_REQUIRED	MAPPING_REQUIRED	RECONCILE_REQUIRED	TO_BE_DEFINED	PARSED
LEGACY:contact:new_friend_page:006	F02	lib/page/contact/new_friend/new_friend_page.dart	true	test/auto_test/contact/new_friend_page.md	13	收到他人申请后渲染待处理项	MAPPING_REQUIRED	MAPPING_REQUIRED	RECONCILE_REQUIRED	TO_BE_DEFINED	PARSED
LEGACY:contact:new_friend_page:007	F02	lib/page/contact/new_friend/new_friend_page.dart	true	test/auto_test/contact/new_friend_page.md	14	点击列表项进入对方资料页	MAPPING_REQUIRED	MAPPING_REQUIRED	RECONCILE_REQUIRED	TO_BE_DEFINED	PARSED
LEGACY:contact:new_friend_page:008	F02	lib/page/contact/new_friend/new_friend_page.dart	true	test/auto_test/contact/new_friend_page.md	15	已添加/已过期/等待验证状态展示	MAPPING_REQUIRED	MAPPING_REQUIRED	RECONCILE_REQUIRED	TO_BE_DEFINED	PARSED
LEGACY:contact:new_friend_page:009	F02	lib/page/contact/new_friend/new_friend_page.dart	true	test/auto_test/contact/new_friend_page.md	16	自己发起的申请显示「已发送」标签	MAPPING_REQUIRED	MAPPING_REQUIRED	RECONCILE_REQUIRED	TO_BE_DEFINED	PARSED
LEGACY:contact:new_friend_page:010	F02	lib/page/contact/new_friend/new_friend_page.dart	true	test/auto_test/contact/new_friend_page.md	17	无申请时展示空态与说明文案	MAPPING_REQUIRED	MAPPING_REQUIRED	RECONCILE_REQUIRED	TO_BE_DEFINED	PARSED
LEGACY:contact:new_friend_page:011	F02	lib/page/contact/new_friend/new_friend_page.dart	true	test/auto_test/contact/new_friend_page.md	18	切换语言后页面文案即时刷新	MAPPING_REQUIRED	MAPPING_REQUIRED	RECONCILE_REQUIRED	TO_BE_DEFINED	PARSED
LEGACY:contact:people_info_more_page:001	F02	lib/page/contact/people_info_more/people_info_more_page.dart	true	test/auto_test/contact/people_info_more_page.md	8	共同群聊请求超时的失败反馈	MAPPING_REQUIRED	MAPPING_REQUIRED	RECONCILE_REQUIRED	TO_BE_DEFINED	PARSED
LEGACY:contact:people_info_more_page:002	F02	lib/page/contact/people_info_more/people_info_more_page.dart	true	test/auto_test/contact/people_info_more_page.md	9	展示共同群聊数量与徽章	MAPPING_REQUIRED	MAPPING_REQUIRED	RECONCILE_REQUIRED	TO_BE_DEFINED	PARSED
LEGACY:contact:people_info_more_page:003	F02	lib/page/contact/people_info_more/people_info_more_page.dart	true	test/auto_test/contact/people_info_more_page.md	10	展示对方个性签名卡片	MAPPING_REQUIRED	MAPPING_REQUIRED	RECONCILE_REQUIRED	TO_BE_DEFINED	PARSED
LEGACY:contact:people_info_more_page:004	F02	lib/page/contact/people_info_more/people_info_more_page.dart	true	test/auto_test/contact/people_info_more_page.md	11	展示好友来源信息卡片	MAPPING_REQUIRED	MAPPING_REQUIRED	RECONCILE_REQUIRED	TO_BE_DEFINED	PARSED
LEGACY:contact:people_info_more_page:005	F02	lib/page/contact/people_info_more/people_info_more_page.dart	true	test/auto_test/contact/people_info_more_page.md	12	点击共同群组卡片进入群列表	MAPPING_REQUIRED	MAPPING_REQUIRED	RECONCILE_REQUIRED	TO_BE_DEFINED	PARSED
LEGACY:contact:people_info_more_page:006	F02	lib/page/contact/people_info_more/people_info_more_page.dart	true	test/auto_test/contact/people_info_more_page.md	13	无共同群时卡片不可点击	MAPPING_REQUIRED	MAPPING_REQUIRED	RECONCILE_REQUIRED	TO_BE_DEFINED	PARSED
LEGACY:contact:people_info_more_page:007	F02	lib/page/contact/people_info_more/people_info_more_page.dart	true	test/auto_test/contact/people_info_more_page.md	14	无任何信息时展示空状态	MAPPING_REQUIRED	MAPPING_REQUIRED	RECONCILE_REQUIRED	TO_BE_DEFINED	PARSED
LEGACY:contact:people_info_more_page:008	F02	lib/page/contact/people_info_more/people_info_more_page.dart	true	test/auto_test/contact/people_info_more_page.md	15	请求抛异常时展示错误态与重试	MAPPING_REQUIRED	MAPPING_REQUIRED	RECONCILE_REQUIRED	TO_BE_DEFINED	PARSED
LEGACY:contact:people_info_more_page:009	F02	lib/page/contact/people_info_more/people_info_more_page.dart	true	test/auto_test/contact/people_info_more_page.md	16	暗色模式下卡片描边与背景	MAPPING_REQUIRED	MAPPING_REQUIRED	RECONCILE_REQUIRED	TO_BE_DEFINED	PARSED
LEGACY:contact:people_info_page:001	F02	lib/page/contact/people_info/people_info_page.dart	true	test/auto_test/contact/people_info_page.md	8	加载用户名片并判定好友关系	MAPPING_REQUIRED	MAPPING_REQUIRED	RECONCILE_REQUIRED	TO_BE_DEFINED	PARSED
LEGACY:contact:people_info_page:002	F02	lib/page/contact/people_info/people_info_page.dart	true	test/auto_test/contact/people_info_page.md	9	订阅事件实时刷新在线状态	MAPPING_REQUIRED	MAPPING_REQUIRED	RECONCILE_REQUIRED	TO_BE_DEFINED	PARSED
LEGACY:contact:people_info_page:003	F02	lib/page/contact/people_info/people_info_page.dart	true	test/auto_test/contact/people_info_page.md	10	顶栏「•••」进入联系人设置页	MAPPING_REQUIRED	MAPPING_REQUIRED	RECONCILE_REQUIRED	TO_BE_DEFINED	PARSED
LEGACY:contact:people_info_page:004	F02	lib/page/contact/people_info/people_info_page.dart	true	test/auto_test/contact/people_info_page.md	11	标签行进入备注标签页并回填	MAPPING_REQUIRED	MAPPING_REQUIRED	RECONCILE_REQUIRED	TO_BE_DEFINED	PARSED
LEGACY:contact:people_info_page:005	F02	lib/page/contact/people_info/people_info_page.dart	true	test/auto_test/contact/people_info_page.md	12	点击「更多信息」进入详情页	MAPPING_REQUIRED	MAPPING_REQUIRED	RECONCILE_REQUIRED	TO_BE_DEFINED	PARSED
LEGACY:contact:people_info_page:006	F02	lib/page/contact/people_info/people_info_page.dart	true	test/auto_test/contact/people_info_page.md	13	点击「发消息」进入单聊会话	MAPPING_REQUIRED	MAPPING_REQUIRED	RECONCILE_REQUIRED	TO_BE_DEFINED	PARSED
LEGACY:contact:people_info_page:007	F02	lib/page/contact/people_info/people_info_page.dart	true	test/auto_test/contact/people_info_page.md	14	点击「语音通话」发起音频呼叫	MAPPING_REQUIRED	MAPPING_REQUIRED	RECONCILE_REQUIRED	TO_BE_DEFINED	PARSED
LEGACY:contact:people_info_page:008	F02	lib/page/contact/people_info/people_info_page.dart	true	test/auto_test/contact/people_info_page.md	15	点击「视频通话」发起视频呼叫	MAPPING_REQUIRED	MAPPING_REQUIRED	RECONCILE_REQUIRED	TO_BE_DEFINED	PARSED
LEGACY:contact:people_info_page:009	F02	lib/page/contact/people_info/people_info_page.dart	true	test/auto_test/contact/people_info_page.md	16	非好友展示添加按钮并进申请页	MAPPING_REQUIRED	MAPPING_REQUIRED	RECONCILE_REQUIRED	TO_BE_DEFINED	PARSED
LEGACY:contact:people_info_page:010	F02	lib/page/contact/people_info/people_info_page.dart	true	test/auto_test/contact/people_info_page.md	17	黑名单场景展示红色警告条	MAPPING_REQUIRED	MAPPING_REQUIRED	RECONCILE_REQUIRED	TO_BE_DEFINED	PARSED
LEGACY:contact:people_info_page:011	F02	lib/page/contact/people_info/people_info_page.dart	true	test/auto_test/contact/people_info_page.md	18	自己或机器人时隐藏操作入口	MAPPING_REQUIRED	MAPPING_REQUIRED	RECONCILE_REQUIRED	TO_BE_DEFINED	PARSED
LEGACY:contact:people_info_same_group_page:001	F02	lib/page/contact/people_info_more/people_info_same_group_page.dart	true	test/auto_test/contact/people_info_same_group_page.md	8	展示群名称并做空名兜底	MAPPING_REQUIRED	MAPPING_REQUIRED	RECONCILE_REQUIRED	TO_BE_DEFINED	PARSED
LEGACY:contact:people_info_same_group_page:002	F02	lib/page/contact/people_info_more/people_info_same_group_page.dart	true	test/auto_test/contact/people_info_same_group_page.md	9	渲染共同群组列表	MAPPING_REQUIRED	MAPPING_REQUIRED	RECONCILE_REQUIRED	TO_BE_DEFINED	PARSED
LEGACY:contact:people_info_same_group_page:003	F02	lib/page/contact/people_info_more/people_info_same_group_page.dart	true	test/auto_test/contact/people_info_same_group_page.md	10	点击群条目进入群聊会话	MAPPING_REQUIRED	MAPPING_REQUIRED	RECONCILE_REQUIRED	TO_BE_DEFINED	PARSED
LEGACY:contact:people_info_same_group_page:004	F02	lib/page/contact/people_info_more/people_info_same_group_page.dart	true	test/auto_test/contact/people_info_same_group_page.md	11	无群头像时合成智能群头像	MAPPING_REQUIRED	MAPPING_REQUIRED	RECONCILE_REQUIRED	TO_BE_DEFINED	PARSED
LEGACY:contact:people_info_same_group_page:005	F02	lib/page/contact/people_info_more/people_info_same_group_page.dart	true	test/auto_test/contact/people_info_same_group_page.md	12	底部展示共同群总数	MAPPING_REQUIRED	MAPPING_REQUIRED	RECONCILE_REQUIRED	TO_BE_DEFINED	PARSED
LEGACY:contact:people_info_same_group_page:006	F02	lib/page/contact/people_info_more/people_info_same_group_page.dart	true	test/auto_test/contact/people_info_same_group_page.md	13	群列表为空时展示无数据态	MAPPING_REQUIRED	MAPPING_REQUIRED	RECONCILE_REQUIRED	TO_BE_DEFINED	PARSED
LEGACY:contact:people_info_same_group_page:007	F02	lib/page/contact/people_info_more/people_info_same_group_page.dart	true	test/auto_test/contact/people_info_same_group_page.md	14	数据量少时列表仍可滚动	MAPPING_REQUIRED	MAPPING_REQUIRED	RECONCILE_REQUIRED	TO_BE_DEFINED	PARSED
LEGACY:contact:people_info_same_group_page:008	F02	lib/page/contact/people_info_more/people_info_same_group_page.dart	true	test/auto_test/contact/people_info_same_group_page.md	15	切换语言后标题文案刷新	MAPPING_REQUIRED	MAPPING_REQUIRED	RECONCILE_REQUIRED	TO_BE_DEFINED	PARSED
LEGACY:contact:people_nearby_page:001	F02	lib/page/contact/people_nearby/people_nearby_page.dart	true	test/auto_test/contact/people_nearby_page.md	8	冷启动优先取系统缓存位置	MAPPING_REQUIRED	MAPPING_REQUIRED	RECONCILE_REQUIRED	TO_BE_DEFINED	PARSED
LEGACY:contact:people_nearby_page:002	F02	lib/page/contact/people_nearby/people_nearby_page.dart	true	test/auto_test/contact/people_nearby_page.md	9	定位链路分段埋点与超时收敛	MAPPING_REQUIRED	MAPPING_REQUIRED	RECONCILE_REQUIRED	TO_BE_DEFINED	PARSED
LEGACY:contact:people_nearby_page:003	F02	lib/page/contact/people_nearby/people_nearby_page.dart	true	test/auto_test/contact/people_nearby_page.md	10	申请并校验定位权限	MAPPING_REQUIRED	MAPPING_REQUIRED	RECONCILE_REQUIRED	TO_BE_DEFINED	PARSED
LEGACY:contact:people_nearby_page:004	F02	lib/page/contact/people_nearby/people_nearby_page.dart	true	test/auto_test/contact/people_nearby_page.md	11	渲染附近的人列表与距离单位	MAPPING_REQUIRED	MAPPING_REQUIRED	RECONCILE_REQUIRED	TO_BE_DEFINED	PARSED
LEGACY:contact:people_nearby_page:005	F02	lib/page/contact/people_nearby/people_nearby_page.dart	true	test/auto_test/contact/people_nearby_page.md	12	点击指南针旋转并刷新列表	MAPPING_REQUIRED	MAPPING_REQUIRED	RECONCILE_REQUIRED	TO_BE_DEFINED	PARSED
LEGACY:contact:people_nearby_page:006	F02	lib/page/contact/people_nearby/people_nearby_page.dart	true	test/auto_test/contact/people_nearby_page.md	13	下拉刷新重新拉取附近的人	MAPPING_REQUIRED	MAPPING_REQUIRED	RECONCILE_REQUIRED	TO_BE_DEFINED	PARSED
LEGACY:contact:people_nearby_page:007	F02	lib/page/contact/people_nearby/people_nearby_page.dart	true	test/auto_test/contact/people_nearby_page.md	14	开启可见性弹出说明确认框	MAPPING_REQUIRED	MAPPING_REQUIRED	RECONCILE_REQUIRED	TO_BE_DEFINED	PARSED
LEGACY:contact:people_nearby_page:008	F02	lib/page/contact/people_nearby/people_nearby_page.dart	true	test/auto_test/contact/people_nearby_page.md	15	关闭可见性并提示位置已隐藏	MAPPING_REQUIRED	MAPPING_REQUIRED	RECONCILE_REQUIRED	TO_BE_DEFINED	PARSED
LEGACY:contact:people_nearby_page:009	F02	lib/page/contact/people_nearby/people_nearby_page.dart	true	test/auto_test/contact/people_nearby_page.md	16	点击列表项进入对方资料页	MAPPING_REQUIRED	MAPPING_REQUIRED	RECONCILE_REQUIRED	TO_BE_DEFINED	PARSED
LEGACY:contact:people_nearby_page:010	F02	lib/page/contact/people_nearby/people_nearby_page.dart	true	test/auto_test/contact/people_nearby_page.md	17	空态指南针可点击重新搜索	MAPPING_REQUIRED	MAPPING_REQUIRED	RECONCILE_REQUIRED	TO_BE_DEFINED	PARSED
LEGACY:contact:people_nearby_page:011	F02	lib/page/contact/people_nearby/people_nearby_page.dart	true	test/auto_test/contact/people_nearby_page.md	18	可见性行展示附近人数徽章	MAPPING_REQUIRED	MAPPING_REQUIRED	RECONCILE_REQUIRED	TO_BE_DEFINED	PARSED
LEGACY:contact:recently_registered_user_page:001	F02	lib/page/contact/recently_registered_user/recently_registered_user_page.dart	true	test/auto_test/contact/recently_registered_user_page.md	8	加载并渲染最近注册用户列表	MAPPING_REQUIRED	MAPPING_REQUIRED	RECONCILE_REQUIRED	TO_BE_DEFINED	PARSED
LEGACY:contact:recently_registered_user_page:002	F02	lib/page/contact/recently_registered_user/recently_registered_user_page.dart	true	test/auto_test/contact/recently_registered_user_page.md	9	点击用户进入个人资料详情	MAPPING_REQUIRED	MAPPING_REQUIRED	RECONCILE_REQUIRED	TO_BE_DEFINED	PARSED
LEGACY:contact:recently_registered_user_page:003	F02	lib/page/contact/recently_registered_user/recently_registered_user_page.dart	true	test/auto_test/contact/recently_registered_user_page.md	10	顶部展示可被搜索说明卡片	MAPPING_REQUIRED	MAPPING_REQUIRED	RECONCILE_REQUIRED	TO_BE_DEFINED	PARSED
LEGACY:contact:recently_registered_user_page:004	F02	lib/page/contact/recently_registered_user/recently_registered_user_page.dart	true	test/auto_test/contact/recently_registered_user_page.md	11	右侧展示注册日期徽章	MAPPING_REQUIRED	MAPPING_REQUIRED	RECONCILE_REQUIRED	TO_BE_DEFINED	PARSED
LEGACY:contact:recently_registered_user_page:005	F02	lib/page/contact/recently_registered_user/recently_registered_user_page.dart	true	test/auto_test/contact/recently_registered_user_page.md	12	昵称为空时回退展示账号	MAPPING_REQUIRED	MAPPING_REQUIRED	RECONCILE_REQUIRED	TO_BE_DEFINED	PARSED
LEGACY:contact:recently_registered_user_page:006	F02	lib/page/contact/recently_registered_user/recently_registered_user_page.dart	true	test/auto_test/contact/recently_registered_user_page.md	13	地区为空时显示未知地区	MAPPING_REQUIRED	MAPPING_REQUIRED	RECONCILE_REQUIRED	TO_BE_DEFINED	PARSED
LEGACY:contact:recently_registered_user_page:007	F02	lib/page/contact/recently_registered_user/recently_registered_user_page.dart	true	test/auto_test/contact/recently_registered_user_page.md	14	首次加载展示居中转圈态	MAPPING_REQUIRED	MAPPING_REQUIRED	RECONCILE_REQUIRED	TO_BE_DEFINED	PARSED
LEGACY:contact:recently_registered_user_page:008	F02	lib/page/contact/recently_registered_user/recently_registered_user_page.dart	true	test/auto_test/contact/recently_registered_user_page.md	15	列表为空时展示无数据视图	MAPPING_REQUIRED	MAPPING_REQUIRED	RECONCILE_REQUIRED	TO_BE_DEFINED	PARSED
LEGACY:conversation:conversation_page:001	F03	lib/page/conversation/conversation_page.dart	true	test/auto_test/conversation/conversation_page.md	8	加载并展示会话列表	MAPPING_REQUIRED	MAPPING_REQUIRED	RECONCILE_REQUIRED	TO_BE_DEFINED	PARSED
LEGACY:conversation:conversation_page:002	F03	lib/page/conversation/conversation_page.dart	true	test/auto_test/conversation/conversation_page.md	9	下拉刷新拉取服务端权威列表	MAPPING_REQUIRED	MAPPING_REQUIRED	RECONCILE_REQUIRED	TO_BE_DEFINED	PARSED
LEGACY:conversation:conversation_page:003	F03	lib/page/conversation/conversation_page.dart	true	test/auto_test/conversation/conversation_page.md	10	顶部搜索框本地过滤会话	MAPPING_REQUIRED	MAPPING_REQUIRED	RECONCILE_REQUIRED	TO_BE_DEFINED	PARSED
LEGACY:conversation:conversation_page:004	F03	lib/page/conversation/conversation_page.dart	true	test/auto_test/conversation/conversation_page.md	11	点击会话进入对应聊天页	MAPPING_REQUIRED	MAPPING_REQUIRED	RECONCILE_REQUIRED	TO_BE_DEFINED	PARSED
LEGACY:conversation:conversation_page:005	F03	lib/page/conversation/conversation_page.dart	true	test/auto_test/conversation/conversation_page.md	12	新建群会话进入会话列表	MAPPING_REQUIRED	MAPPING_REQUIRED	RECONCILE_REQUIRED	TO_BE_DEFINED	PARSED
LEGACY:conversation:conversation_page:006	F03	lib/page/conversation/conversation_page.dart	true	test/auto_test/conversation/conversation_page.md	13	点击头像进入对方资料页	MAPPING_REQUIRED	MAPPING_REQUIRED	RECONCILE_REQUIRED	TO_BE_DEFINED	PARSED
LEGACY:conversation:conversation_page:007	F03	lib/page/conversation/conversation_page.dart	true	test/auto_test/conversation/conversation_page.md	14	侧滑标记已读/未读	MAPPING_REQUIRED	MAPPING_REQUIRED	RECONCILE_REQUIRED	TO_BE_DEFINED	PARSED
LEGACY:conversation:conversation_page:008	F03	lib/page/conversation/conversation_page.dart	true	test/auto_test/conversation/conversation_page.md	15	侧滑置顶与取消置顶会话	MAPPING_REQUIRED	MAPPING_REQUIRED	RECONCILE_REQUIRED	TO_BE_DEFINED	PARSED
LEGACY:conversation:conversation_page:009	F03	lib/page/conversation/conversation_page.dart	true	test/auto_test/conversation/conversation_page.md	16	侧滑删除会话并同步服务端	MAPPING_REQUIRED	MAPPING_REQUIRED	RECONCILE_REQUIRED	TO_BE_DEFINED	PARSED
LEGACY:conversation:conversation_page:010	F03	lib/page/conversation/conversation_page.dart	true	test/auto_test/conversation/conversation_page.md	17	展示与关闭 E2EE 恢复横幅	MAPPING_REQUIRED	MAPPING_REQUIRED	RECONCILE_REQUIRED	TO_BE_DEFINED	PARSED
LEGACY:conversation:conversation_page:011	F03	lib/page/conversation/conversation_page.dart	true	test/auto_test/conversation/conversation_page.md	18	群名缺失时的标题兜底显示	MAPPING_REQUIRED	MAPPING_REQUIRED	RECONCILE_REQUIRED	TO_BE_DEFINED	PARSED
LEGACY:conversation:conversation_page:012	F03	lib/page/conversation/conversation_page.dart	true	test/auto_test/conversation/conversation_page.md	19	空列表与搜索无结果空态	MAPPING_REQUIRED	MAPPING_REQUIRED	RECONCILE_REQUIRED	TO_BE_DEFINED	PARSED
LEGACY:customer_service:cs_session_page:001	F12	lib/modules/customer_service/presentation/cs_session_page.dart	true	test/auto_test/customer_service/cs_session_page.md	9	触发第 1 处 button 交互入口	MAPPING_REQUIRED	MAPPING_REQUIRED	RECONCILE_REQUIRED	TO_BE_DEFINED	PARSED
LEGACY:customer_service:cs_session_page:002	F12	lib/modules/customer_service/presentation/cs_session_page.dart	true	test/auto_test/customer_service/cs_session_page.md	10	触发第 2 处 button 交互入口	MAPPING_REQUIRED	MAPPING_REQUIRED	RECONCILE_REQUIRED	TO_BE_DEFINED	PARSED
LEGACY:customer_service:cs_session_page:003	F12	lib/modules/customer_service/presentation/cs_session_page.dart	true	test/auto_test/customer_service/cs_session_page.md	11	触发第 3 处 menu_item 交互入口	MAPPING_REQUIRED	MAPPING_REQUIRED	RECONCILE_REQUIRED	TO_BE_DEFINED	PARSED
LEGACY:customer_service:cs_session_page:004	F12	lib/modules/customer_service/presentation/cs_session_page.dart	true	test/auto_test/customer_service/cs_session_page.md	12	触发第 4 处 button 交互入口	MAPPING_REQUIRED	MAPPING_REQUIRED	RECONCILE_REQUIRED	TO_BE_DEFINED	PARSED
LEGACY:customer_service:cs_session_page:005	F12	lib/modules/customer_service/presentation/cs_session_page.dart	true	test/auto_test/customer_service/cs_session_page.md	13	触发第 5 处 button 交互入口	MAPPING_REQUIRED	MAPPING_REQUIRED	RECONCILE_REQUIRED	TO_BE_DEFINED	PARSED
LEGACY:customer_service:cs_session_page:006	F12	lib/modules/customer_service/presentation/cs_session_page.dart	true	test/auto_test/customer_service/cs_session_page.md	14	触发第 6 处 button 交互入口	MAPPING_REQUIRED	MAPPING_REQUIRED	RECONCILE_REQUIRED	TO_BE_DEFINED	PARSED
LEGACY:customer_service:cs_session_page:007	F12	lib/modules/customer_service/presentation/cs_session_page.dart	true	test/auto_test/customer_service/cs_session_page.md	15	触发第 7 处 button 交互入口	MAPPING_REQUIRED	MAPPING_REQUIRED	RECONCILE_REQUIRED	TO_BE_DEFINED	PARSED
LEGACY:customer_service:cs_session_page:008	F12	lib/modules/customer_service/presentation/cs_session_page.dart	true	test/auto_test/customer_service/cs_session_page.md	16	触发第 8 处 button 交互入口	MAPPING_REQUIRED	MAPPING_REQUIRED	RECONCILE_REQUIRED	TO_BE_DEFINED	PARSED
LEGACY:customer_service:cs_session_page:009	F12	lib/modules/customer_service/presentation/cs_session_page.dart	true	test/auto_test/customer_service/cs_session_page.md	17	触发第 9 处 button 交互入口	MAPPING_REQUIRED	MAPPING_REQUIRED	RECONCILE_REQUIRED	TO_BE_DEFINED	PARSED
LEGACY:customer_service:cs_session_page:010	F12	lib/modules/customer_service/presentation/cs_session_page.dart	true	test/auto_test/customer_service/cs_session_page.md	18	触发第 10 处 menu_item 交互入口	MAPPING_REQUIRED	MAPPING_REQUIRED	RECONCILE_REQUIRED	TO_BE_DEFINED	PARSED
LEGACY:customer_service:cs_session_page:011	F12	lib/modules/customer_service/presentation/cs_session_page.dart	true	test/auto_test/customer_service/cs_session_page.md	19	触发第 11 处 menu_item 交互入口	MAPPING_REQUIRED	MAPPING_REQUIRED	RECONCILE_REQUIRED	TO_BE_DEFINED	PARSED
LEGACY:customer_service:cs_session_page:012	F12	lib/modules/customer_service/presentation/cs_session_page.dart	true	test/auto_test/customer_service/cs_session_page.md	20	触发第 12 处 button 交互入口	MAPPING_REQUIRED	MAPPING_REQUIRED	RECONCILE_REQUIRED	TO_BE_DEFINED	PARSED
LEGACY:customer_service:cs_session_page:013	F12	lib/modules/customer_service/presentation/cs_session_page.dart	true	test/auto_test/customer_service/cs_session_page.md	21	触发第 13 处 text_field 交互入口	MAPPING_REQUIRED	MAPPING_REQUIRED	RECONCILE_REQUIRED	TO_BE_DEFINED	PARSED
LEGACY:customer_service:cs_session_page:014	F12	lib/modules/customer_service/presentation/cs_session_page.dart	true	test/auto_test/customer_service/cs_session_page.md	22	触发第 14 处 button 交互入口	MAPPING_REQUIRED	MAPPING_REQUIRED	RECONCILE_REQUIRED	TO_BE_DEFINED	PARSED
LEGACY:customer_service:cs_session_page:015	F12	lib/modules/customer_service/presentation/cs_session_page.dart	true	test/auto_test/customer_service/cs_session_page.md	23	触发第 15 处 menu_item 交互入口	MAPPING_REQUIRED	MAPPING_REQUIRED	RECONCILE_REQUIRED	TO_BE_DEFINED	PARSED
LEGACY:customer_service:cs_session_page:016	F12	lib/modules/customer_service/presentation/cs_session_page.dart	true	test/auto_test/customer_service/cs_session_page.md	24	触发第 16 处 menu_item 交互入口	MAPPING_REQUIRED	MAPPING_REQUIRED	RECONCILE_REQUIRED	TO_BE_DEFINED	PARSED
LEGACY:customer_service:cs_session_page:017	F12	lib/modules/customer_service/presentation/cs_session_page.dart	true	test/auto_test/customer_service/cs_session_page.md	25	触发第 17 处 button 交互入口	MAPPING_REQUIRED	MAPPING_REQUIRED	RECONCILE_REQUIRED	TO_BE_DEFINED	PARSED
LEGACY:customer_service:cs_workspace_page:001	F12	lib/modules/customer_service/presentation/cs_workspace_page.dart	true	test/auto_test/customer_service/cs_workspace_page.md	9	页面可进入（无静态可识别控件，待人工细化）	MAPPING_REQUIRED	MAPPING_REQUIRED	RECONCILE_REQUIRED	TO_BE_DEFINED	PARSED
LEGACY:enterprise:enterprise_conversation_page:001	F11	lib/modules/enterprise/presentation/enterprise_conversation_page.dart	true	test/auto_test/enterprise/enterprise_conversation_page.md	9	触发「关闭」button 交互	MAPPING_REQUIRED	MAPPING_REQUIRED	RECONCILE_REQUIRED	TO_BE_DEFINED	PARSED
LEGACY:enterprise:enterprise_conversation_page:002	F11	lib/modules/enterprise/presentation/enterprise_conversation_page.dart	true	test/auto_test/enterprise/enterprise_conversation_page.md	10	触发第 2 处 menu_item 交互入口	MAPPING_REQUIRED	MAPPING_REQUIRED	RECONCILE_REQUIRED	TO_BE_DEFINED	PARSED
LEGACY:enterprise:enterprise_conversation_page:003	F11	lib/modules/enterprise/presentation/enterprise_conversation_page.dart	true	test/auto_test/enterprise/enterprise_conversation_page.md	11	触发第 3 处 button 交互入口	MAPPING_REQUIRED	MAPPING_REQUIRED	RECONCILE_REQUIRED	TO_BE_DEFINED	PARSED
LEGACY:enterprise:enterprise_conversation_page:004	F11	lib/modules/enterprise/presentation/enterprise_conversation_page.dart	true	test/auto_test/enterprise/enterprise_conversation_page.md	12	触发第 4 处 text_field 交互入口	MAPPING_REQUIRED	MAPPING_REQUIRED	RECONCILE_REQUIRED	TO_BE_DEFINED	PARSED
LEGACY:enterprise:enterprise_conversation_page:005	F11	lib/modules/enterprise/presentation/enterprise_conversation_page.dart	true	test/auto_test/enterprise/enterprise_conversation_page.md	13	触发第 5 处 button 交互入口	MAPPING_REQUIRED	MAPPING_REQUIRED	RECONCILE_REQUIRED	TO_BE_DEFINED	PARSED
LEGACY:enterprise:enterprise_home_page:001	F11	lib/modules/enterprise/presentation/enterprise_home_page.dart	true	test/auto_test/enterprise/enterprise_home_page.md	9	触发第 1 处 menu_item 交互入口	MAPPING_REQUIRED	MAPPING_REQUIRED	RECONCILE_REQUIRED	TO_BE_DEFINED	PARSED
LEGACY:enterprise:enterprise_home_page:002	F11	lib/modules/enterprise/presentation/enterprise_home_page.dart	true	test/auto_test/enterprise/enterprise_home_page.md	10	触发第 2 处 menu_item 交互入口	MAPPING_REQUIRED	MAPPING_REQUIRED	RECONCILE_REQUIRED	TO_BE_DEFINED	PARSED
LEGACY:enterprise:enterprise_home_page:003	F11	lib/modules/enterprise/presentation/enterprise_home_page.dart	true	test/auto_test/enterprise/enterprise_home_page.md	11	触发「当前成员被暂停（suspend）或正在离职交接，仅可查看」menu_item 交互	MAPPING_REQUIRED	MAPPING_REQUIRED	RECONCILE_REQUIRED	TO_BE_DEFINED	PARSED
LEGACY:enterprise:enterprise_home_page:004	F11	lib/modules/enterprise/presentation/enterprise_home_page.dart	true	test/auto_test/enterprise/enterprise_home_page.md	12	触发「业务身份」menu_item 交互	MAPPING_REQUIRED	MAPPING_REQUIRED	RECONCILE_REQUIRED	TO_BE_DEFINED	PARSED
LEGACY:enterprise:enterprise_home_page:005	F11	lib/modules/enterprise/presentation/enterprise_home_page.dart	true	test/auto_test/enterprise/enterprise_home_page.md	13	触发第 5 处 menu_item 交互入口	MAPPING_REQUIRED	MAPPING_REQUIRED	RECONCILE_REQUIRED	TO_BE_DEFINED	PARSED
LEGACY:enterprise:enterprise_home_page:006	F11	lib/modules/enterprise/presentation/enterprise_home_page.dart	true	test/auto_test/enterprise/enterprise_home_page.md	14	触发「联系人」menu_item 交互	MAPPING_REQUIRED	MAPPING_REQUIRED	RECONCILE_REQUIRED	TO_BE_DEFINED	PARSED
LEGACY:enterprise:enterprise_home_page:007	F11	lib/modules/enterprise/presentation/enterprise_home_page.dart	true	test/auto_test/enterprise/enterprise_home_page.md	15	触发第 7 处 menu_item 交互入口	MAPPING_REQUIRED	MAPPING_REQUIRED	RECONCILE_REQUIRED	TO_BE_DEFINED	PARSED
LEGACY:enterprise:enterprise_home_page:008	F11	lib/modules/enterprise/presentation/enterprise_home_page.dart	true	test/auto_test/enterprise/enterprise_home_page.md	16	触发「企业会话」menu_item 交互	MAPPING_REQUIRED	MAPPING_REQUIRED	RECONCILE_REQUIRED	TO_BE_DEFINED	PARSED
LEGACY:enterprise:enterprise_home_page:009	F11	lib/modules/enterprise/presentation/enterprise_home_page.dart	true	test/auto_test/enterprise/enterprise_home_page.md	17	触发第 9 处 menu_item 交互入口	MAPPING_REQUIRED	MAPPING_REQUIRED	RECONCILE_REQUIRED	TO_BE_DEFINED	PARSED
LEGACY:enterprise:enterprise_home_page:010	F11	lib/modules/enterprise/presentation/enterprise_home_page.dart	true	test/auto_test/enterprise/enterprise_home_page.md	18	触发第 10 处 button 交互入口	MAPPING_REQUIRED	MAPPING_REQUIRED	RECONCILE_REQUIRED	TO_BE_DEFINED	PARSED
LEGACY:enterprise:enterprise_home_page:011	F11	lib/modules/enterprise/presentation/enterprise_home_page.dart	true	test/auto_test/enterprise/enterprise_home_page.md	19	触发「暂无企业会话」menu_item 交互	MAPPING_REQUIRED	MAPPING_REQUIRED	RECONCILE_REQUIRED	TO_BE_DEFINED	PARSED
LEGACY:group:add_member_page:001	F04+F05	lib/page/group/group_detail/add_member_page.dart	true	test/auto_test/group/add_member_page.md	8	从本地库加载可选联系人列表	MAPPING_REQUIRED	MAPPING_REQUIRED	RECONCILE_REQUIRED	TO_BE_DEFINED	PARSED
LEGACY:group:add_member_page:002	F04+F05	lib/page/group/group_detail/add_member_page.dart	true	test/auto_test/group/add_member_page.md	9	首帧后加载并正常结束转圈	MAPPING_REQUIRED	MAPPING_REQUIRED	RECONCILE_REQUIRED	TO_BE_DEFINED	PARSED
LEGACY:group:add_member_page:003	F04+F05	lib/page/group/group_detail/add_member_page.dart	true	test/auto_test/group/add_member_page.md	10	联系人列表剔除功能入口占位	MAPPING_REQUIRED	MAPPING_REQUIRED	RECONCILE_REQUIRED	TO_BE_DEFINED	PARSED
LEGACY:group:add_member_page:004	F04+F05	lib/page/group/group_detail/add_member_page.dart	true	test/auto_test/group/add_member_page.md	11	点联系人切换勾选状态	MAPPING_REQUIRED	MAPPING_REQUIRED	RECONCILE_REQUIRED	TO_BE_DEFINED	PARSED
LEGACY:group:add_member_page:005	F04+F05	lib/page/group/group_detail/add_member_page.dart	true	test/auto_test/group/add_member_page.md	12	已是群成员的行禁选并标注	MAPPING_REQUIRED	MAPPING_REQUIRED	RECONCILE_REQUIRED	TO_BE_DEFINED	PARSED
LEGACY:group:add_member_page:006	F04+F05	lib/page/group/group_detail/add_member_page.dart	true	test/auto_test/group/add_member_page.md	13	顶部展示已选人数提示条	MAPPING_REQUIRED	MAPPING_REQUIRED	RECONCILE_REQUIRED	TO_BE_DEFINED	PARSED
LEGACY:group:add_member_page:007	F04+F05	lib/page/group/group_detail/add_member_page.dart	true	test/auto_test/group/add_member_page.md	14	A-Z 索引栏拖动定位联系人	MAPPING_REQUIRED	MAPPING_REQUIRED	RECONCILE_REQUIRED	TO_BE_DEFINED	PARSED
LEGACY:group:add_member_page:008	F04+F05	lib/page/group/group_detail/add_member_page.dart	true	test/auto_test/group/add_member_page.md	15	未选中时完成按钮置灰禁用	MAPPING_REQUIRED	MAPPING_REQUIRED	RECONCILE_REQUIRED	TO_BE_DEFINED	PARSED
LEGACY:group:add_member_page:009	F04+F05	lib/page/group/group_detail/add_member_page.dart	true	test/auto_test/group/add_member_page.md	16	点左上角关闭退出选人页	MAPPING_REQUIRED	MAPPING_REQUIRED	RECONCILE_REQUIRED	TO_BE_DEFINED	PARSED
LEGACY:group:add_member_page:010	F04+F05	lib/page/group/group_detail/add_member_page.dart	true	test/auto_test/group/add_member_page.md	17	无联系人时展示暂无数据空态	MAPPING_REQUIRED	MAPPING_REQUIRED	RECONCILE_REQUIRED	TO_BE_DEFINED	PARSED
LEGACY:group:add_member_page:011	F04+F05	lib/page/group/group_detail/add_member_page.dart	true	test/auto_test/group/add_member_page.md	18	提交添加选中成员入群	MAPPING_REQUIRED	MAPPING_REQUIRED	RECONCILE_REQUIRED	TO_BE_DEFINED	PARSED
LEGACY:group:change_info_page:001	F04+F05	lib/page/group/group_detail/change_info_page.dart	true	test/auto_test/group/change_info_page.md	8	进页回填群名并自动聚焦输入	MAPPING_REQUIRED	MAPPING_REQUIRED	RECONCILE_REQUIRED	TO_BE_DEFINED	PARSED
LEGACY:group:change_info_page:002	F04+F05	lib/page/group/group_detail/change_info_page.dart	true	test/auto_test/group/change_info_page.md	9	输入群名实时同步到状态	MAPPING_REQUIRED	MAPPING_REQUIRED	RECONCILE_REQUIRED	TO_BE_DEFINED	PARSED
LEGACY:group:change_info_page:003	F04+F05	lib/page/group/group_detail/change_info_page.dart	true	test/auto_test/group/change_info_page.md	10	点清除图标一键清空输入	MAPPING_REQUIRED	MAPPING_REQUIRED	RECONCILE_REQUIRED	TO_BE_DEFINED	PARSED
LEGACY:group:change_info_page:004	F04+F05	lib/page/group/group_detail/change_info_page.dart	true	test/auto_test/group/change_info_page.md	11	完成按钮随内容变更切换高亮	MAPPING_REQUIRED	MAPPING_REQUIRED	RECONCILE_REQUIRED	TO_BE_DEFINED	PARSED
LEGACY:group:change_info_page:005	F04+F05	lib/page/group/group_detail/change_info_page.dart	true	test/auto_test/group/change_info_page.md	12	展示群头像合成九宫格图	MAPPING_REQUIRED	MAPPING_REQUIRED	RECONCILE_REQUIRED	TO_BE_DEFINED	PARSED
LEGACY:group:change_info_page:006	F04+F05	lib/page/group/group_detail/change_info_page.dart	true	test/auto_test/group/change_info_page.md	13	展示副标题输入引导文案	MAPPING_REQUIRED	MAPPING_REQUIRED	RECONCILE_REQUIRED	TO_BE_DEFINED	PARSED
LEGACY:group:change_info_page:007	F04+F05	lib/page/group/group_detail/change_info_page.dart	true	test/auto_test/group/change_info_page.md	14	点返回不保存直接退出页面	MAPPING_REQUIRED	MAPPING_REQUIRED	RECONCILE_REQUIRED	TO_BE_DEFINED	PARSED
LEGACY:group:change_info_page:008	F04+F05	lib/page/group/group_detail/change_info_page.dart	true	test/auto_test/group/change_info_page.md	15	群名输入超 80 字被截断	MAPPING_REQUIRED	MAPPING_REQUIRED	RECONCILE_REQUIRED	TO_BE_DEFINED	PARSED
LEGACY:group:change_info_page:009	F04+F05	lib/page/group/group_detail/change_info_page.dart	true	test/auto_test/group/change_info_page.md	16	空群名时占位显示「未命名」	MAPPING_REQUIRED	MAPPING_REQUIRED	RECONCILE_REQUIRED	TO_BE_DEFINED	PARSED
LEGACY:group:change_info_page:010	F04+F05	lib/page/group/group_detail/change_info_page.dart	true	test/auto_test/group/change_info_page.md	17	保存群名成功提示并回传	MAPPING_REQUIRED	MAPPING_REQUIRED	RECONCILE_REQUIRED	TO_BE_DEFINED	PARSED
LEGACY:group:face_to_face_confirm_page:001	F04+F05	lib/page/group/face_to_face/face_to_face_confirm_page.dart	true	test/auto_test/group/face_to_face_confirm_page.md	8	进群后标题空串兜底为未命名	MAPPING_REQUIRED	MAPPING_REQUIRED	RECONCILE_REQUIRED	TO_BE_DEFINED	PARSED
LEGACY:group:face_to_face_confirm_page:002	F04+F05	lib/page/group/face_to_face/face_to_face_confirm_page.dart	true	test/auto_test/group/face_to_face_confirm_page.md	9	展示四位暗号数字与锁标签	MAPPING_REQUIRED	MAPPING_REQUIRED	RECONCILE_REQUIRED	TO_BE_DEFINED	PARSED
LEGACY:group:face_to_face_confirm_page:003	F04+F05	lib/page/group/face_to_face/face_to_face_confirm_page.dart	true	test/auto_test/group/face_to_face_confirm_page.md	10	提交中按钮禁用并显示转圈	MAPPING_REQUIRED	MAPPING_REQUIRED	RECONCILE_REQUIRED	TO_BE_DEFINED	PARSED
LEGACY:group:face_to_face_confirm_page:004	F04+F05	lib/page/group/face_to_face/face_to_face_confirm_page.dart	true	test/auto_test/group/face_to_face_confirm_page.md	11	呼吸绿点动画持续闪烁	MAPPING_REQUIRED	MAPPING_REQUIRED	RECONCILE_REQUIRED	TO_BE_DEFINED	PARSED
LEGACY:group:face_to_face_confirm_page:005	F04+F05	lib/page/group/face_to_face/face_to_face_confirm_page.dart	true	test/auto_test/group/face_to_face_confirm_page.md	12	点返回退出建群确认页	MAPPING_REQUIRED	MAPPING_REQUIRED	RECONCILE_REQUIRED	TO_BE_DEFINED	PARSED
LEGACY:group:face_to_face_confirm_page:006	F04+F05	lib/page/group/face_to_face/face_to_face_confirm_page.dart	true	test/auto_test/group/face_to_face_confirm_page.md	13	建群失败弹出错误提示	MAPPING_REQUIRED	MAPPING_REQUIRED	RECONCILE_REQUIRED	TO_BE_DEFINED	PARSED
LEGACY:group:face_to_face_confirm_page:007	F04+F05	lib/page/group/face_to_face/face_to_face_confirm_page.dart	true	test/auto_test/group/face_to_face_confirm_page.md	14	实时显示即将进群的人数	MAPPING_REQUIRED	MAPPING_REQUIRED	RECONCILE_REQUIRED	TO_BE_DEFINED	PARSED
LEGACY:group:face_to_face_confirm_page:008	F04+F05	lib/page/group/face_to_face/face_to_face_confirm_page.dart	true	test/auto_test/group/face_to_face_confirm_page.md	15	收到入群事件实时追加头像	MAPPING_REQUIRED	MAPPING_REQUIRED	RECONCILE_REQUIRED	TO_BE_DEFINED	PARSED
LEGACY:group:face_to_face_confirm_page:009	F04+F05	lib/page/group/face_to_face/face_to_face_confirm_page.dart	true	test/auto_test/group/face_to_face_confirm_page.md	16	断网恢复后补拉服务端成员	MAPPING_REQUIRED	MAPPING_REQUIRED	RECONCILE_REQUIRED	TO_BE_DEFINED	PARSED
LEGACY:group:face_to_face_confirm_page:010	F04+F05	lib/page/group/face_to_face/face_to_face_confirm_page.dart	true	test/auto_test/group/face_to_face_confirm_page.md	17	点进入该群提交建群并跳转	MAPPING_REQUIRED	MAPPING_REQUIRED	RECONCILE_REQUIRED	TO_BE_DEFINED	PARSED
LEGACY:group:face_to_face_page:001	F04+F05	lib/page/group/face_to_face/face_to_face_page.dart	true	test/auto_test/group/face_to_face_page.md	8	数字键盘输入四位暗号并回显	MAPPING_REQUIRED	MAPPING_REQUIRED	RECONCILE_REQUIRED	TO_BE_DEFINED	PARSED
LEGACY:group:face_to_face_page:002	F04+F05	lib/page/group/face_to_face/face_to_face_page.dart	true	test/auto_test/group/face_to_face_page.md	9	删除键回退已输入的单位数字	MAPPING_REQUIRED	MAPPING_REQUIRED	RECONCILE_REQUIRED	TO_BE_DEFINED	PARSED
LEGACY:group:face_to_face_page:003	F04+F05	lib/page/group/face_to_face/face_to_face_page.dart	true	test/auto_test/group/face_to_face_page.md	10	输入三秒后自动清空重来	MAPPING_REQUIRED	MAPPING_REQUIRED	RECONCILE_REQUIRED	TO_BE_DEFINED	PARSED
LEGACY:group:face_to_face_page:004	F04+F05	lib/page/group/face_to_face/face_to_face_page.dart	true	test/auto_test/group/face_to_face_page.md	11	异常路径加载遮罩必被关闭	MAPPING_REQUIRED	MAPPING_REQUIRED	RECONCILE_REQUIRED	TO_BE_DEFINED	PARSED
LEGACY:group:face_to_face_page:005	F04+F05	lib/page/group/face_to_face/face_to_face_page.dart	true	test/auto_test/group/face_to_face_page.md	12	展示面对面建群提示卡片	MAPPING_REQUIRED	MAPPING_REQUIRED	RECONCILE_REQUIRED	TO_BE_DEFINED	PARSED
LEGACY:group:face_to_face_page:006	F04+F05	lib/page/group/face_to_face/face_to_face_page.dart	true	test/auto_test/group/face_to_face_page.md	13	输入框激活态边框高亮切换	MAPPING_REQUIRED	MAPPING_REQUIRED	RECONCILE_REQUIRED	TO_BE_DEFINED	PARSED
LEGACY:group:face_to_face_page:007	F04+F05	lib/page/group/face_to_face/face_to_face_page.dart	true	test/auto_test/group/face_to_face_page.md	14	点返回退出面对面建群页	MAPPING_REQUIRED	MAPPING_REQUIRED	RECONCILE_REQUIRED	TO_BE_DEFINED	PARSED
LEGACY:group:face_to_face_page:008	F04+F05	lib/page/group/face_to_face/face_to_face_page.dart	true	test/auto_test/group/face_to_face_page.md	15	匹配失败展示红色错误文案	MAPPING_REQUIRED	MAPPING_REQUIRED	RECONCILE_REQUIRED	TO_BE_DEFINED	PARSED
LEGACY:group:face_to_face_page:009	F04+F05	lib/page/group/face_to_face/face_to_face_page.dart	true	test/auto_test/group/face_to_face_page.md	16	小屏下输入框尺寸自适应缩小	MAPPING_REQUIRED	MAPPING_REQUIRED	RECONCILE_REQUIRED	TO_BE_DEFINED	PARSED
LEGACY:group:face_to_face_page:010	F04+F05	lib/page/group/face_to_face/face_to_face_page.dart	true	test/auto_test/group/face_to_face_page.md	17	输满四位自动发起建群匹配	MAPPING_REQUIRED	MAPPING_REQUIRED	RECONCILE_REQUIRED	TO_BE_DEFINED	PARSED
LEGACY:group:face_to_face_page:011	F04+F05	lib/page/group/face_to_face/face_to_face_page.dart	true	test/auto_test/group/face_to_face_page.md	18	匹配成功跳转建群确认页	MAPPING_REQUIRED	MAPPING_REQUIRED	RECONCILE_REQUIRED	TO_BE_DEFINED	PARSED
LEGACY:group:group_album_page:001	F04+F05	lib/page/group/album/group_album_page.dart	true	test/auto_test/group/group_album_page.md	8	加载并渲染群相册列表项	MAPPING_REQUIRED	MAPPING_REQUIRED	RECONCILE_REQUIRED	TO_BE_DEFINED	PARSED
LEGACY:group:group_album_page:002	F04+F05	lib/page/group/album/group_album_page.dart	true	test/auto_test/group/group_album_page.md	9	顶栏弹窗新建相册并提交	MAPPING_REQUIRED	MAPPING_REQUIRED	RECONCILE_REQUIRED	TO_BE_DEFINED	PARSED
LEGACY:group:group_album_page:003	F04+F05	lib/page/group/album/group_album_page.dart	true	test/auto_test/group/group_album_page.md	10	相册名为空时取消创建	MAPPING_REQUIRED	MAPPING_REQUIRED	RECONCILE_REQUIRED	TO_BE_DEFINED	PARSED
LEGACY:group:group_album_page:004	F04+F05	lib/page/group/album/group_album_page.dart	true	test/auto_test/group/group_album_page.md	11	下拉刷新重新拉取相册列表	MAPPING_REQUIRED	MAPPING_REQUIRED	RECONCILE_REQUIRED	TO_BE_DEFINED	PARSED
LEGACY:group:group_album_page:005	F04+F05	lib/page/group/album/group_album_page.dart	true	test/auto_test/group/group_album_page.md	12	弹窗重命名相册并同步列表	MAPPING_REQUIRED	MAPPING_REQUIRED	RECONCILE_REQUIRED	TO_BE_DEFINED	PARSED
LEGACY:group:group_album_page:006	F04+F05	lib/page/group/album/group_album_page.dart	true	test/auto_test/group/group_album_page.md	13	选图上传照片进指定相册	MAPPING_REQUIRED	MAPPING_REQUIRED	RECONCILE_REQUIRED	TO_BE_DEFINED	PARSED
LEGACY:group:group_album_page:007	F04+F05	lib/page/group/album/group_album_page.dart	true	test/auto_test/group/group_album_page.md	14	删除相册并二次确认拦截	MAPPING_REQUIRED	MAPPING_REQUIRED	RECONCILE_REQUIRED	TO_BE_DEFINED	PARSED
LEGACY:group:group_album_page:008	F04+F05	lib/page/group/album/group_album_page.dart	true	test/auto_test/group/group_album_page.md	15	按创建者与管理员角色隐藏删除	MAPPING_REQUIRED	MAPPING_REQUIRED	RECONCILE_REQUIRED	TO_BE_DEFINED	PARSED
LEGACY:group:group_album_page:009	F04+F05	lib/page/group/album/group_album_page.dart	true	test/auto_test/group/group_album_page.md	16	副标题展示照片数与创建时间	MAPPING_REQUIRED	MAPPING_REQUIRED	RECONCILE_REQUIRED	TO_BE_DEFINED	PARSED
LEGACY:group:group_album_page:010	F04+F05	lib/page/group/album/group_album_page.dart	true	test/auto_test/group/group_album_page.md	17	上传中禁用按钮并显示进度条	MAPPING_REQUIRED	MAPPING_REQUIRED	RECONCILE_REQUIRED	TO_BE_DEFINED	PARSED
LEGACY:group:group_album_photo_detail_page:001	F04+F05	lib/page/group/album/group_album_photo_detail_page.dart	true	test/auto_test/group/group_album_photo_detail_page.md	8	加载图片详情并渲染可缩放大图	MAPPING_REQUIRED	MAPPING_REQUIRED	RECONCILE_REQUIRED	TO_BE_DEFINED	PARSED
LEGACY:group:group_album_photo_detail_page:002	F04+F05	lib/page/group/album/group_album_photo_detail_page.dart	true	test/auto_test/group/group_album_photo_detail_page.md	9	上一张下一张切换与序号计数	MAPPING_REQUIRED	MAPPING_REQUIRED	RECONCILE_REQUIRED	TO_BE_DEFINED	PARSED
LEGACY:group:group_album_photo_detail_page:003	F04+F05	lib/page/group/album/group_album_photo_detail_page.dart	true	test/auto_test/group/group_album_photo_detail_page.md	10	调用外部应用打开原图	MAPPING_REQUIRED	MAPPING_REQUIRED	RECONCILE_REQUIRED	TO_BE_DEFINED	PARSED
LEGACY:group:group_album_photo_detail_page:004	F04+F05	lib/page/group/album/group_album_photo_detail_page.dart	true	test/auto_test/group/group_album_photo_detail_page.md	11	将当前图片设为相册封面	MAPPING_REQUIRED	MAPPING_REQUIRED	RECONCILE_REQUIRED	TO_BE_DEFINED	PARSED
LEGACY:group:group_album_photo_detail_page:005	F04+F05	lib/page/group/album/group_album_photo_detail_page.dart	true	test/auto_test/group/group_album_photo_detail_page.md	12	删除图片并回传父页刷新	MAPPING_REQUIRED	MAPPING_REQUIRED	RECONCILE_REQUIRED	TO_BE_DEFINED	PARSED
LEGACY:group:group_album_photo_detail_page:006	F04+F05	lib/page/group/album/group_album_photo_detail_page.dart	true	test/auto_test/group/group_album_photo_detail_page.md	13	格式化展示图片创建时间	MAPPING_REQUIRED	MAPPING_REQUIRED	RECONCILE_REQUIRED	TO_BE_DEFINED	PARSED
LEGACY:group:group_album_photo_detail_page:007	F04+F05	lib/page/group/album/group_album_photo_detail_page.dart	true	test/auto_test/group/group_album_photo_detail_page.md	14	展示图片宽高分辨率信息行	MAPPING_REQUIRED	MAPPING_REQUIRED	RECONCILE_REQUIRED	TO_BE_DEFINED	PARSED
LEGACY:group:group_album_photo_detail_page:008	F04+F05	lib/page/group/album/group_album_photo_detail_page.dart	true	test/auto_test/group/group_album_photo_detail_page.md	15	文件大小按单位换算显示	MAPPING_REQUIRED	MAPPING_REQUIRED	RECONCILE_REQUIRED	TO_BE_DEFINED	PARSED
LEGACY:group:group_album_photo_detail_page:009	F04+F05	lib/page/group/album/group_album_photo_detail_page.dart	true	test/auto_test/group/group_album_photo_detail_page.md	16	展示点赞数评论数与我的点赞	MAPPING_REQUIRED	MAPPING_REQUIRED	RECONCILE_REQUIRED	TO_BE_DEFINED	PARSED
LEGACY:group:group_album_photo_detail_page:010	F04+F05	lib/page/group/album/group_album_photo_detail_page.dart	true	test/auto_test/group/group_album_photo_detail_page.md	17	详情为空时给出重试入口	MAPPING_REQUIRED	MAPPING_REQUIRED	RECONCILE_REQUIRED	TO_BE_DEFINED	PARSED
LEGACY:group:group_album_photo_detail_page:011	F04+F05	lib/page/group/album/group_album_photo_detail_page.dart	true	test/auto_test/group/group_album_photo_detail_page.md	18	URL缺失或非法时的错误提示	MAPPING_REQUIRED	MAPPING_REQUIRED	RECONCILE_REQUIRED	TO_BE_DEFINED	PARSED
LEGACY:group:group_album_photo_page:001	F04+F05	lib/page/group/album/group_album_photo_page.dart	true	test/auto_test/group/group_album_photo_page.md	8	九宫格加载并渲染照片缩略图	MAPPING_REQUIRED	MAPPING_REQUIRED	RECONCILE_REQUIRED	TO_BE_DEFINED	PARSED
LEGACY:group:group_album_photo_page:002	F04+F05	lib/page/group/album/group_album_photo_page.dart	true	test/auto_test/group/group_album_photo_page.md	9	滚动触底分页加载更多照片	MAPPING_REQUIRED	MAPPING_REQUIRED	RECONCILE_REQUIRED	TO_BE_DEFINED	PARSED
LEGACY:group:group_album_photo_page:003	F04+F05	lib/page/group/album/group_album_photo_page.dart	true	test/auto_test/group/group_album_photo_page.md	10	下拉刷新重载首页照片	MAPPING_REQUIRED	MAPPING_REQUIRED	RECONCILE_REQUIRED	TO_BE_DEFINED	PARSED
LEGACY:group:group_album_photo_page:004	F04+F05	lib/page/group/album/group_album_photo_page.dart	true	test/auto_test/group/group_album_photo_page.md	11	长按照片进入多选模式	MAPPING_REQUIRED	MAPPING_REQUIRED	RECONCILE_REQUIRED	TO_BE_DEFINED	PARSED
LEGACY:group:group_album_photo_page:005	F04+F05	lib/page/group/album/group_album_photo_page.dart	true	test/auto_test/group/group_album_photo_page.md	12	多选模式下切换单张选中态	MAPPING_REQUIRED	MAPPING_REQUIRED	RECONCILE_REQUIRED	TO_BE_DEFINED	PARSED
LEGACY:group:group_album_photo_page:006	F04+F05	lib/page/group/album/group_album_photo_page.dart	true	test/auto_test/group/group_album_photo_page.md	13	全选与取消全选来回切换	MAPPING_REQUIRED	MAPPING_REQUIRED	RECONCILE_REQUIRED	TO_BE_DEFINED	PARSED
LEGACY:group:group_album_photo_page:007	F04+F05	lib/page/group/album/group_album_photo_page.dart	true	test/auto_test/group/group_album_photo_page.md	14	批量删除所选照片并汇报结果	MAPPING_REQUIRED	MAPPING_REQUIRED	RECONCILE_REQUIRED	TO_BE_DEFINED	PARSED
LEGACY:group:group_album_photo_page:008	F04+F05	lib/page/group/album/group_album_photo_page.dart	true	test/auto_test/group/group_album_photo_page.md	15	退出多选恢复常规标题栏	MAPPING_REQUIRED	MAPPING_REQUIRED	RECONCILE_REQUIRED	TO_BE_DEFINED	PARSED
LEGACY:group:group_album_photo_page:009	F04+F05	lib/page/group/album/group_album_photo_page.dart	true	test/auto_test/group/group_album_photo_page.md	16	单张照片删除按钮与确认弹窗	MAPPING_REQUIRED	MAPPING_REQUIRED	RECONCILE_REQUIRED	TO_BE_DEFINED	PARSED
LEGACY:group:group_album_photo_page:010	F04+F05	lib/page/group/album/group_album_photo_page.dart	true	test/auto_test/group/group_album_photo_page.md	17	点击照片跳详情并回传刷新	MAPPING_REQUIRED	MAPPING_REQUIRED	RECONCILE_REQUIRED	TO_BE_DEFINED	PARSED
LEGACY:group:group_album_photo_page:011	F04+F05	lib/page/group/album/group_album_photo_page.dart	true	test/auto_test/group/group_album_photo_page.md	18	区分空态失败态与ID缺失提示	MAPPING_REQUIRED	MAPPING_REQUIRED	RECONCILE_REQUIRED	TO_BE_DEFINED	PARSED
LEGACY:group:group_album_photo_page:012	F04+F05	lib/page/group/album/group_album_photo_page.dart	true	test/auto_test/group/group_album_photo_page.md	19	按上传者与管理员角色控制删除	MAPPING_REQUIRED	MAPPING_REQUIRED	RECONCILE_REQUIRED	TO_BE_DEFINED	PARSED
LEGACY:group:group_announcement_page:001	F04+F05	lib/page/group/announcement/group_announcement_page.dart	true	test/auto_test/group/group_announcement_page.md	8	加载并渲染群公告卡片列表	MAPPING_REQUIRED	MAPPING_REQUIRED	RECONCILE_REQUIRED	TO_BE_DEFINED	PARSED
LEGACY:group:group_announcement_page:002	F04+F05	lib/page/group/announcement/group_announcement_page.dart	true	test/auto_test/group/group_announcement_page.md	9	弹窗填写内容并发布公告	MAPPING_REQUIRED	MAPPING_REQUIRED	RECONCILE_REQUIRED	TO_BE_DEFINED	PARSED
LEGACY:group:group_announcement_page:003	F04+F05	lib/page/group/announcement/group_announcement_page.dart	true	test/auto_test/group/group_announcement_page.md	10	滚轮选择公告过期日期	MAPPING_REQUIRED	MAPPING_REQUIRED	RECONCILE_REQUIRED	TO_BE_DEFINED	PARSED
LEGACY:group:group_announcement_page:004	F04+F05	lib/page/group/announcement/group_announcement_page.dart	true	test/auto_test/group/group_announcement_page.md	11	内容为空时阻止提交发布	MAPPING_REQUIRED	MAPPING_REQUIRED	RECONCILE_REQUIRED	TO_BE_DEFINED	PARSED
LEGACY:group:group_announcement_page:005	F04+F05	lib/page/group/announcement/group_announcement_page.dart	true	test/auto_test/group/group_announcement_page.md	12	删除公告并二次确认拦截	MAPPING_REQUIRED	MAPPING_REQUIRED	RECONCILE_REQUIRED	TO_BE_DEFINED	PARSED
LEGACY:group:group_announcement_page:006	F04+F05	lib/page/group/announcement/group_announcement_page.dart	true	test/auto_test/group/group_announcement_page.md	13	按管理角色控制发布删除入口	MAPPING_REQUIRED	MAPPING_REQUIRED	RECONCILE_REQUIRED	TO_BE_DEFINED	PARSED
LEGACY:group:group_announcement_page:007	F04+F05	lib/page/group/announcement/group_announcement_page.dart	true	test/auto_test/group/group_announcement_page.md	14	下拉刷新重新拉取公告	MAPPING_REQUIRED	MAPPING_REQUIRED	RECONCILE_REQUIRED	TO_BE_DEFINED	PARSED
LEGACY:group:group_announcement_page:008	F04+F05	lib/page/group/announcement/group_announcement_page.dart	true	test/auto_test/group/group_announcement_page.md	15	触底自动加载下一页公告	MAPPING_REQUIRED	MAPPING_REQUIRED	RECONCILE_REQUIRED	TO_BE_DEFINED	PARSED
LEGACY:group:group_announcement_page:009	F04+F05	lib/page/group/announcement/group_announcement_page.dart	true	test/auto_test/group/group_announcement_page.md	16	无公告时展示空态占位图	MAPPING_REQUIRED	MAPPING_REQUIRED	RECONCILE_REQUIRED	TO_BE_DEFINED	PARSED
LEGACY:group:group_announcement_page:010	F04+F05	lib/page/group/announcement/group_announcement_page.dart	true	test/auto_test/group/group_announcement_page.md	17	加载失败弹提示并清除错误态	MAPPING_REQUIRED	MAPPING_REQUIRED	RECONCILE_REQUIRED	TO_BE_DEFINED	PARSED
LEGACY:group:group_announcement_page:011	F04+F05	lib/page/group/announcement/group_announcement_page.dart	true	test/auto_test/group/group_announcement_page.md	18	展示公告过期时间标签	MAPPING_REQUIRED	MAPPING_REQUIRED	RECONCILE_REQUIRED	TO_BE_DEFINED	PARSED
LEGACY:group:group_announcement_page:012	F04+F05	lib/page/group/announcement/group_announcement_page.dart	true	test/auto_test/group/group_announcement_page.md	19	群ID为空时自动退出页面	MAPPING_REQUIRED	MAPPING_REQUIRED	RECONCILE_REQUIRED	TO_BE_DEFINED	PARSED
LEGACY:group:group_category_detail_page:001	F04+F05	lib/page/group/category/group_category_detail_page.dart	true	test/auto_test/group/group_category_detail_page.md	8	重命名分组并同步父页列表	MAPPING_REQUIRED	MAPPING_REQUIRED	RECONCILE_REQUIRED	TO_BE_DEFINED	PARSED
LEGACY:group:group_category_detail_page:002	F04+F05	lib/page/group/category/group_category_detail_page.dart	true	test/auto_test/group/group_category_detail_page.md	9	名称未变更时跳过重命名请求	MAPPING_REQUIRED	MAPPING_REQUIRED	RECONCILE_REQUIRED	TO_BE_DEFINED	PARSED
LEGACY:group:group_category_detail_page:003	F04+F05	lib/page/group/category/group_category_detail_page.dart	true	test/auto_test/group/group_category_detail_page.md	10	删除分组并二次确认拦截	MAPPING_REQUIRED	MAPPING_REQUIRED	RECONCILE_REQUIRED	TO_BE_DEFINED	PARSED
LEGACY:group:group_category_detail_page:004	F04+F05	lib/page/group/category/group_category_detail_page.dart	true	test/auto_test/group/group_category_detail_page.md	11	删除成功后回传刷新并退出	MAPPING_REQUIRED	MAPPING_REQUIRED	RECONCILE_REQUIRED	TO_BE_DEFINED	PARSED
LEGACY:group:group_category_detail_page:005	F04+F05	lib/page/group/category/group_category_detail_page.dart	true	test/auto_test/group/group_category_detail_page.md	12	右上角弹出更多操作动作面板	MAPPING_REQUIRED	MAPPING_REQUIRED	RECONCILE_REQUIRED	TO_BE_DEFINED	PARSED
LEGACY:group:group_category_detail_page:006	F04+F05	lib/page/group/category/group_category_detail_page.dart	true	test/auto_test/group/group_category_detail_page.md	13	未分类桶隐藏重命名删除入口	MAPPING_REQUIRED	MAPPING_REQUIRED	RECONCILE_REQUIRED	TO_BE_DEFINED	PARSED
LEGACY:group:group_category_detail_page:007	F04+F05	lib/page/group/category/group_category_detail_page.dart	true	test/auto_test/group/group_category_detail_page.md	14	列表项直接触发重命名与删除	MAPPING_REQUIRED	MAPPING_REQUIRED	RECONCILE_REQUIRED	TO_BE_DEFINED	PARSED
LEGACY:group:group_category_detail_page:008	F04+F05	lib/page/group/category/group_category_detail_page.dart	true	test/auto_test/group/group_category_detail_page.md	15	渲染分组用途说明提示卡片	MAPPING_REQUIRED	MAPPING_REQUIRED	RECONCILE_REQUIRED	TO_BE_DEFINED	PARSED
LEGACY:group:group_category_detail_page:009	F04+F05	lib/page/group/category/group_category_detail_page.dart	true	test/auto_test/group/group_category_detail_page.md	16	重命名与删除失败的错误提示	MAPPING_REQUIRED	MAPPING_REQUIRED	RECONCILE_REQUIRED	TO_BE_DEFINED	PARSED
LEGACY:group:group_category_detail_page:010	F04+F05	lib/page/group/category/group_category_detail_page.dart	true	test/auto_test/group/group_category_detail_page.md	17	标题栏实时反映当前分组名	MAPPING_REQUIRED	MAPPING_REQUIRED	RECONCILE_REQUIRED	TO_BE_DEFINED	PARSED
LEGACY:group:group_category_page:001	F04+F05	lib/page/group/category/group_category_page.dart	true	test/auto_test/group/group_category_page.md	8	加载并渲染群分组列表	MAPPING_REQUIRED	MAPPING_REQUIRED	RECONCILE_REQUIRED	TO_BE_DEFINED	PARSED
LEGACY:group:group_category_page:002	F04+F05	lib/page/group/category/group_category_page.dart	true	test/auto_test/group/group_category_page.md	9	弹窗新建分组并提交	MAPPING_REQUIRED	MAPPING_REQUIRED	RECONCILE_REQUIRED	TO_BE_DEFINED	PARSED
LEGACY:group:group_category_page:003	F04+F05	lib/page/group/category/group_category_page.dart	true	test/auto_test/group/group_category_page.md	10	分组名为空时不发起创建	MAPPING_REQUIRED	MAPPING_REQUIRED	RECONCILE_REQUIRED	TO_BE_DEFINED	PARSED
LEGACY:group:group_category_page:004	F04+F05	lib/page/group/category/group_category_page.dart	true	test/auto_test/group/group_category_page.md	11	下拉刷新重新拉取分组	MAPPING_REQUIRED	MAPPING_REQUIRED	RECONCILE_REQUIRED	TO_BE_DEFINED	PARSED
LEGACY:group:group_category_page:005	F04+F05	lib/page/group/category/group_category_page.dart	true	test/auto_test/group/group_category_page.md	12	点击分组进入分组详情页	MAPPING_REQUIRED	MAPPING_REQUIRED	RECONCILE_REQUIRED	TO_BE_DEFINED	PARSED
LEGACY:group:group_category_page:006	F04+F05	lib/page/group/category/group_category_page.dart	true	test/auto_test/group/group_category_page.md	13	详情页回传结果后刷新列表	MAPPING_REQUIRED	MAPPING_REQUIRED	RECONCILE_REQUIRED	TO_BE_DEFINED	PARSED
LEGACY:group:group_category_page:007	F04+F05	lib/page/group/category/group_category_page.dart	true	test/auto_test/group/group_category_page.md	14	副标题展示分组内群数量	MAPPING_REQUIRED	MAPPING_REQUIRED	RECONCILE_REQUIRED	TO_BE_DEFINED	PARSED
LEGACY:group:group_category_page:008	F04+F05	lib/page/group/category/group_category_page.dart	true	test/auto_test/group/group_category_page.md	15	无分组时展示空态占位	MAPPING_REQUIRED	MAPPING_REQUIRED	RECONCILE_REQUIRED	TO_BE_DEFINED	PARSED
LEGACY:group:group_category_page:009	F04+F05	lib/page/group/category/group_category_page.dart	true	test/auto_test/group/group_category_page.md	16	加载失败展示重试入口	MAPPING_REQUIRED	MAPPING_REQUIRED	RECONCILE_REQUIRED	TO_BE_DEFINED	PARSED
LEGACY:group:group_category_page:010	F04+F05	lib/page/group/category/group_category_page.dart	true	test/auto_test/group/group_category_page.md	17	创建失败弹出错误提示	MAPPING_REQUIRED	MAPPING_REQUIRED	RECONCILE_REQUIRED	TO_BE_DEFINED	PARSED
LEGACY:group:group_detail_page:001	F04+F05	lib/page/group/group_detail/group_detail_page.dart	true	test/auto_test/group/group_detail_page.md	8	点「＋」进入添加成员页	MAPPING_REQUIRED	MAPPING_REQUIRED	RECONCILE_REQUIRED	TO_BE_DEFINED	PARSED
LEGACY:group:group_detail_page:002	F04+F05	lib/page/group/group_detail/group_detail_page.dart	true	test/auto_test/group/group_detail_page.md	9	点「－」进入移除成员页（管理员）	MAPPING_REQUIRED	MAPPING_REQUIRED	RECONCILE_REQUIRED	TO_BE_DEFINED	PARSED
LEGACY:group:group_detail_page:003	F04+F05	lib/page/group/group_detail/group_detail_page.dart	true	test/auto_test/group/group_detail_page.md	10	群成员数按服务端权威值显示	MAPPING_REQUIRED	MAPPING_REQUIRED	RECONCILE_REQUIRED	TO_BE_DEFINED	PARSED
LEGACY:group:group_detail_page:004	F04+F05	lib/page/group/group_detail/group_detail_page.dart	true	test/auto_test/group/group_detail_page.md	11	点成员头像按身份分流跳转	MAPPING_REQUIRED	MAPPING_REQUIRED	RECONCILE_REQUIRED	TO_BE_DEFINED	PARSED
LEGACY:group:group_detail_page:005	F04+F05	lib/page/group/group_detail/group_detail_page.dart	true	test/auto_test/group/group_detail_page.md	12	群应用九宫格九个入口跳转	MAPPING_REQUIRED	MAPPING_REQUIRED	RECONCILE_REQUIRED	TO_BE_DEFINED	PARSED
LEGACY:group:group_detail_page:006	F04+F05	lib/page/group/group_detail/group_detail_page.dart	true	test/auto_test/group/group_detail_page.md	13	点群信息卡片进入改群名页	MAPPING_REQUIRED	MAPPING_REQUIRED	RECONCILE_REQUIRED	TO_BE_DEFINED	PARSED
LEGACY:group:group_detail_page:007	F04+F05	lib/page/group/group_detail/group_detail_page.dart	true	test/auto_test/group/group_detail_page.md	14	编辑我的群昵称并落库	MAPPING_REQUIRED	MAPPING_REQUIRED	RECONCILE_REQUIRED	TO_BE_DEFINED	PARSED
LEGACY:group:group_detail_page:008	F04+F05	lib/page/group/group_detail/group_detail_page.dart	true	test/auto_test/group/group_detail_page.md	15	编辑群备注并落库	MAPPING_REQUIRED	MAPPING_REQUIRED	RECONCILE_REQUIRED	TO_BE_DEFINED	PARSED
LEGACY:group:group_detail_page:009	F04+F05	lib/page/group/group_detail/group_detail_page.dart	true	test/auto_test/group/group_detail_page.md	16	切换消息免打扰开关	MAPPING_REQUIRED	MAPPING_REQUIRED	RECONCILE_REQUIRED	TO_BE_DEFINED	PARSED
LEGACY:group:group_detail_page:010	F04+F05	lib/page/group/group_detail/group_detail_page.dart	true	test/auto_test/group/group_detail_page.md	17	展示查看全部成员入口	MAPPING_REQUIRED	MAPPING_REQUIRED	RECONCILE_REQUIRED	TO_BE_DEFINED	PARSED
LEGACY:group:group_detail_page:011	F04+F05	lib/page/group/group_detail/group_detail_page.dart	true	test/auto_test/group/group_detail_page.md	18	群主开启群级 E2EE 加密	MAPPING_REQUIRED	MAPPING_REQUIRED	RECONCILE_REQUIRED	TO_BE_DEFINED	PARSED
LEGACY:group:group_detail_page:012	F04+F05	lib/page/group/group_detail/group_detail_page.dart	true	test/auto_test/group/group_detail_page.md	19	危险操作区清空记录与退群解散	MAPPING_REQUIRED	MAPPING_REQUIRED	RECONCILE_REQUIRED	TO_BE_DEFINED	PARSED
LEGACY:group:group_detail_page:013	F04+F05	lib/page/group/group_detail/group_detail_page.dart	true	test/auto_test/group/group_detail_page.md	20	群详情头部群头像：有自定义群图显示群图，无群图按成员头像拼图（group_info_card SmartGroupAvatar）	MAPPING_REQUIRED	MAPPING_REQUIRED	RECONCILE_REQUIRED	TO_BE_DEFINED	PARSED
LEGACY:group:group_detail_page:014	F04+F05	lib/page/group/group_detail/group_detail_page.dart	true	test/auto_test/group/group_detail_page.md	21	非好友成员头像出现在拼图中（驱动表 group_member，contact 仅补头像）	MAPPING_REQUIRED	MAPPING_REQUIRED	RECONCILE_REQUIRED	TO_BE_DEFINED	PARSED
LEGACY:group:group_detail_page:015	F04+F05	lib/page/group/group_detail/group_detail_page.dart	true	test/auto_test/group/group_detail_page.md	22	拼图排列按 user_id 恒定：重进页面/成员换头像均不漂移	MAPPING_REQUIRED	MAPPING_REQUIRED	RECONCILE_REQUIRED	TO_BE_DEFINED	PARSED
LEGACY:group:group_detail_page:016	F04+F05	lib/page/group/group_detail/group_detail_page.dart	true	test/auto_test/group/group_detail_page.md	23	群主头像不缺席（is_join=0 行不被过滤，or user_id=自己兜底）	MAPPING_REQUIRED	MAPPING_REQUIRED	RECONCILE_REQUIRED	TO_BE_DEFINED	PARSED
LEGACY:group:group_detail_page:017	F04+F05	lib/page/group/group_detail/group_detail_page.dart	true	test/auto_test/group/group_detail_page.md	24	成员退群后本页拼图即时更新（GroupMemberUpdateEvent 失效缓存）	MAPPING_REQUIRED	MAPPING_REQUIRED	RECONCILE_REQUIRED	TO_BE_DEFINED	PARSED
LEGACY:group:group_file_audio_preview_page:001	F04+F05	lib/page/group/file/group_file_audio_preview_page.dart	true	test/auto_test/group/group_file_audio_preview_page.md	8	加载音频源并展示准备中状态	MAPPING_REQUIRED	MAPPING_REQUIRED	RECONCILE_REQUIRED	TO_BE_DEFINED	PARSED
LEGACY:group:group_file_audio_preview_page:002	F04+F05	lib/page/group/file/group_file_audio_preview_page.dart	true	test/auto_test/group/group_file_audio_preview_page.md	9	点击按钮播放与暂停切换	MAPPING_REQUIRED	MAPPING_REQUIRED	RECONCILE_REQUIRED	TO_BE_DEFINED	PARSED
LEGACY:group:group_file_audio_preview_page:003	F04+F05	lib/page/group/file/group_file_audio_preview_page.dart	true	test/auto_test/group/group_file_audio_preview_page.md	10	拖动进度条跳转播放位置	MAPPING_REQUIRED	MAPPING_REQUIRED	RECONCILE_REQUIRED	TO_BE_DEFINED	PARSED
LEGACY:group:group_file_audio_preview_page:004	F04+F05	lib/page/group/file/group_file_audio_preview_page.dart	true	test/auto_test/group/group_file_audio_preview_page.md	11	实时更新播放位置与总时长	MAPPING_REQUIRED	MAPPING_REQUIRED	RECONCILE_REQUIRED	TO_BE_DEFINED	PARSED
LEGACY:group:group_file_audio_preview_page:005	F04+F05	lib/page/group/file/group_file_audio_preview_page.dart	true	test/auto_test/group/group_file_audio_preview_page.md	12	音频加载失败展示错误文案	MAPPING_REQUIRED	MAPPING_REQUIRED	RECONCILE_REQUIRED	TO_BE_DEFINED	PARSED
LEGACY:group:group_file_audio_preview_page:006	F04+F05	lib/page/group/file/group_file_audio_preview_page.dart	true	test/auto_test/group/group_file_audio_preview_page.md	13	标题栏展示音频文件名	MAPPING_REQUIRED	MAPPING_REQUIRED	RECONCILE_REQUIRED	TO_BE_DEFINED	PARSED
LEGACY:group:group_file_audio_preview_page:007	F04+F05	lib/page/group/file/group_file_audio_preview_page.dart	true	test/auto_test/group/group_file_audio_preview_page.md	14	退出页面时释放播放器资源	MAPPING_REQUIRED	MAPPING_REQUIRED	RECONCILE_REQUIRED	TO_BE_DEFINED	PARSED
LEGACY:group:group_file_audio_preview_page:008	F04+F05	lib/page/group/file/group_file_audio_preview_page.dart	true	test/auto_test/group/group_file_audio_preview_page.md	15	时长按分秒格式化显示	MAPPING_REQUIRED	MAPPING_REQUIRED	RECONCILE_REQUIRED	TO_BE_DEFINED	PARSED
LEGACY:group:group_file_audio_preview_page:009	F04+F05	lib/page/group/file/group_file_audio_preview_page.dart	true	test/auto_test/group/group_file_audio_preview_page.md	16	准备中或失败时禁用播放操作	MAPPING_REQUIRED	MAPPING_REQUIRED	RECONCILE_REQUIRED	TO_BE_DEFINED	FEATURE_SOURCE_CONFIRMED_MAPPING_REQUIRED
LEGACY:group:group_file_page:001	F04+F05	lib/page/group/file/group_file_page.dart	true	test/auto_test/group/group_file_page.md	8	并发加载文件列表与分类统计	MAPPING_REQUIRED	MAPPING_REQUIRED	RECONCILE_REQUIRED	TO_BE_DEFINED	PARSED
LEGACY:group:group_file_page:002	F04+F05	lib/page/group/file/group_file_page.dart	true	test/auto_test/group/group_file_page.md	9	选择本地文件上传到群文件	MAPPING_REQUIRED	MAPPING_REQUIRED	RECONCILE_REQUIRED	TO_BE_DEFINED	PARSED
LEGACY:group:group_file_page:003	F04+F05	lib/page/group/file/group_file_page.dart	true	test/auto_test/group/group_file_page.md	10	输入关键词搜索群文件	MAPPING_REQUIRED	MAPPING_REQUIRED	RECONCILE_REQUIRED	TO_BE_DEFINED	PARSED
LEGACY:group:group_file_page:004	F04+F05	lib/page/group/file/group_file_page.dart	true	test/auto_test/group/group_file_page.md	11	清空关键词恢复完整列表	MAPPING_REQUIRED	MAPPING_REQUIRED	RECONCILE_REQUIRED	TO_BE_DEFINED	PARSED
LEGACY:group:group_file_page:005	F04+F05	lib/page/group/file/group_file_page.dart	true	test/auto_test/group/group_file_page.md	12	切换分类筛选条过滤文件	MAPPING_REQUIRED	MAPPING_REQUIRED	RECONCILE_REQUIRED	TO_BE_DEFINED	PARSED
LEGACY:group:group_file_page:006	F04+F05	lib/page/group/file/group_file_page.dart	true	test/auto_test/group/group_file_page.md	13	下拉刷新同步列表与统计	MAPPING_REQUIRED	MAPPING_REQUIRED	RECONCILE_REQUIRED	TO_BE_DEFINED	PARSED
LEGACY:group:group_file_page:007	F04+F05	lib/page/group/file/group_file_page.dart	true	test/auto_test/group/group_file_page.md	14	图片文件底部弹层缩放预览	MAPPING_REQUIRED	MAPPING_REQUIRED	RECONCILE_REQUIRED	TO_BE_DEFINED	PARSED
LEGACY:group:group_file_page:008	F04+F05	lib/page/group/file/group_file_page.dart	true	test/auto_test/group/group_file_page.md	15	音视频文件跳转媒体预览页	MAPPING_REQUIRED	MAPPING_REQUIRED	RECONCILE_REQUIRED	TO_BE_DEFINED	PARSED
LEGACY:group:group_file_page:009	F04+F05	lib/page/group/file/group_file_page.dart	true	test/auto_test/group/group_file_page.md	16	文档与PDF走内嵌网页预览	MAPPING_REQUIRED	MAPPING_REQUIRED	RECONCILE_REQUIRED	TO_BE_DEFINED	PARSED
LEGACY:group:group_file_page:010	F04+F05	lib/page/group/file/group_file_page.dart	true	test/auto_test/group/group_file_page.md	17	其他类型回退外部应用打开	MAPPING_REQUIRED	MAPPING_REQUIRED	RECONCILE_REQUIRED	TO_BE_DEFINED	PARSED
LEGACY:group:group_file_page:011	F04+F05	lib/page/group/file/group_file_page.dart	true	test/auto_test/group/group_file_page.md	18	删除文件确认并按角色控可见	MAPPING_REQUIRED	MAPPING_REQUIRED	RECONCILE_REQUIRED	TO_BE_DEFINED	PARSED
LEGACY:group:group_file_page:012	F04+F05	lib/page/group/file/group_file_page.dart	true	test/auto_test/group/group_file_page.md	19	区分空态搜索空与加载失败态	MAPPING_REQUIRED	MAPPING_REQUIRED	RECONCILE_REQUIRED	TO_BE_DEFINED	PARSED
LEGACY:group:group_list_page:001	F04+F05	lib/page/group/group_list/group_list_page.dart	true	test/auto_test/group/group_list_page.md	9	无名群标题走 displayTitle 兜底	MAPPING_REQUIRED	MAPPING_REQUIRED	RECONCILE_REQUIRED	TO_BE_DEFINED	PARSED
LEGACY:group:group_list_page:002	F04+F05	lib/page/group/group_list/group_list_page.dart	true	test/auto_test/group/group_list_page.md	10	「全部」分段加载全部群列表	MAPPING_REQUIRED	MAPPING_REQUIRED	RECONCILE_REQUIRED	TO_BE_DEFINED	PARSED
LEGACY:group:group_list_page:003	F04+F05	lib/page/group/group_list/group_list_page.dart	true	test/auto_test/group/group_list_page.md	11	「我加入」分段筛选群列表	MAPPING_REQUIRED	MAPPING_REQUIRED	RECONCILE_REQUIRED	TO_BE_DEFINED	PARSED
LEGACY:group:group_list_page:004	F04+F05	lib/page/group/group_list/group_list_page.dart	true	test/auto_test/group/group_list_page.md	12	「我管理」分段筛选群列表	MAPPING_REQUIRED	MAPPING_REQUIRED	RECONCILE_REQUIRED	TO_BE_DEFINED	PARSED
LEGACY:group:group_list_page:005	F04+F05	lib/page/group/group_list/group_list_page.dart	true	test/auto_test/group/group_list_page.md	13	「我创建」分段筛选群列表	MAPPING_REQUIRED	MAPPING_REQUIRED	RECONCILE_REQUIRED	TO_BE_DEFINED	PARSED
LEGACY:group:group_list_page:006	F04+F05	lib/page/group/group_list/group_list_page.dart	true	test/auto_test/group/group_list_page.md	14	点右上角刷新触发成员自愈同步	MAPPING_REQUIRED	MAPPING_REQUIRED	RECONCILE_REQUIRED	TO_BE_DEFINED	PARSED
LEGACY:group:group_list_page:007	F04+F05	lib/page/group/group_list/group_list_page.dart	true	test/auto_test/group/group_list_page.md	15	下拉刷新重新拉取群列表	MAPPING_REQUIRED	MAPPING_REQUIRED	RECONCILE_REQUIRED	TO_BE_DEFINED	PARSED
LEGACY:group:group_list_page:008	F04+F05	lib/page/group/group_list/group_list_page.dart	true	test/auto_test/group/group_list_page.md	16	搜索框按群名即时本地过滤	MAPPING_REQUIRED	MAPPING_REQUIRED	RECONCILE_REQUIRED	TO_BE_DEFINED	PARSED
LEGACY:group:group_list_page:009	F04+F05	lib/page/group/group_list/group_list_page.dart	true	test/auto_test/group/group_list_page.md	17	点群条目进入该群聊天页	MAPPING_REQUIRED	MAPPING_REQUIRED	RECONCILE_REQUIRED	TO_BE_DEFINED	PARSED
LEGACY:group:group_list_page:010	F04+F05	lib/page/group/group_list/group_list_page.dart	true	test/auto_test/group/group_list_page.md	18	长按弹出群聊信息与聊天操作表	MAPPING_REQUIRED	MAPPING_REQUIRED	RECONCILE_REQUIRED	TO_BE_DEFINED	PARSED
LEGACY:group:group_list_page:011	F04+F05	lib/page/group/group_list/group_list_page.dart	true	test/auto_test/group/group_list_page.md	19	空态展示发起群聊引导按钮	MAPPING_REQUIRED	MAPPING_REQUIRED	RECONCILE_REQUIRED	TO_BE_DEFINED	PARSED
LEGACY:group:group_list_page:012	F04+F05	lib/page/group/group_list/group_list_page.dart	true	test/auto_test/group/group_list_page.md	20	搜索无结果展示纯文案空态	MAPPING_REQUIRED	MAPPING_REQUIRED	RECONCILE_REQUIRED	TO_BE_DEFINED	PARSED
LEGACY:group:group_list_page:013	F04+F05	lib/page/group/group_list/group_list_page.dart	true	test/auto_test/group/group_list_page.md	21	群列表头像：无群图的群按成员头像拼图且排列恒定（SmartGroupAvatar 同款）	MAPPING_REQUIRED	MAPPING_REQUIRED	RECONCILE_REQUIRED	TO_BE_DEFINED	PARSED
LEGACY:group:group_list_page:014	F04+F05	lib/page/group/group_list/group_list_page.dart	true	test/auto_test/group/group_list_page.md	22	头像同步渲染优先：滚动重挂载/二次进入列表无占位闪烁（缓存 peek 命中）	MAPPING_REQUIRED	MAPPING_REQUIRED	RECONCILE_REQUIRED	TO_BE_DEFINED	PARSED
LEGACY:group:group_member_detail_page:001	F04+F05	lib/page/group/group_member/group_member_detail_page.dart	true	test/auto_test/group/group_member_detail_page.md	8	展示成员头像昵称与签名卡片	MAPPING_REQUIRED	MAPPING_REQUIRED	RECONCILE_REQUIRED	TO_BE_DEFINED	PARSED
LEGACY:group:group_member_detail_page:002	F04+F05	lib/page/group/group_member/group_member_detail_page.dart	true	test/auto_test/group/group_member_detail_page.md	9	展示禁言状态与剩余时间行	MAPPING_REQUIRED	MAPPING_REQUIRED	RECONCILE_REQUIRED	TO_BE_DEFINED	PARSED
LEGACY:group:group_member_detail_page:003	F04+F05	lib/page/group/group_member/group_member_detail_page.dart	true	test/auto_test/group/group_member_detail_page.md	10	点禁言弹出时长选择底部弹层	MAPPING_REQUIRED	MAPPING_REQUIRED	RECONCILE_REQUIRED	TO_BE_DEFINED	PARSED
LEGACY:group:group_member_detail_page:004	F04+F05	lib/page/group/group_member/group_member_detail_page.dart	true	test/auto_test/group/group_member_detail_page.md	11	点更多操作弹出管理操作表	MAPPING_REQUIRED	MAPPING_REQUIRED	RECONCILE_REQUIRED	TO_BE_DEFINED	PARSED
LEGACY:group:group_member_detail_page:005	F04+F05	lib/page/group/group_member/group_member_detail_page.dart	true	test/auto_test/group/group_member_detail_page.md	12	普通成员看不到管理操作区	MAPPING_REQUIRED	MAPPING_REQUIRED	RECONCILE_REQUIRED	TO_BE_DEFINED	PARSED
LEGACY:group:group_member_detail_page:006	F04+F05	lib/page/group/group_member/group_member_detail_page.dart	true	test/auto_test/group/group_member_detail_page.md	13	返回时回传变更标记刷新列表	MAPPING_REQUIRED	MAPPING_REQUIRED	RECONCILE_REQUIRED	TO_BE_DEFINED	PARSED
LEGACY:group:group_member_detail_page:007	F04+F05	lib/page/group/group_member/group_member_detail_page.dart	true	test/auto_test/group/group_member_detail_page.md	14	成员不存在时展示暂无数据	MAPPING_REQUIRED	MAPPING_REQUIRED	RECONCILE_REQUIRED	TO_BE_DEFINED	PARSED
LEGACY:group:group_member_detail_page:008	F04+F05	lib/page/group/group_member/group_member_detail_page.dart	true	test/auto_test/group/group_member_detail_page.md	15	选择时长提交禁言该成员	MAPPING_REQUIRED	MAPPING_REQUIRED	RECONCILE_REQUIRED	TO_BE_DEFINED	PARSED
LEGACY:group:group_member_detail_page:009	F04+F05	lib/page/group/group_member/group_member_detail_page.dart	true	test/auto_test/group/group_member_detail_page.md	16	二次确认后解除成员禁言	MAPPING_REQUIRED	MAPPING_REQUIRED	RECONCILE_REQUIRED	TO_BE_DEFINED	PARSED
LEGACY:group:group_member_detail_page:010	F04+F05	lib/page/group/group_member/group_member_detail_page.dart	true	test/auto_test/group/group_member_detail_page.md	17	群主设置或取消成员管理员	MAPPING_REQUIRED	MAPPING_REQUIRED	RECONCILE_REQUIRED	TO_BE_DEFINED	PARSED
LEGACY:group:group_member_detail_page:011	F04+F05	lib/page/group/group_member/group_member_detail_page.dart	true	test/auto_test/group/group_member_detail_page.md	18	管理员确认后移出该成员	MAPPING_REQUIRED	MAPPING_REQUIRED	RECONCILE_REQUIRED	TO_BE_DEFINED	PARSED
LEGACY:group:group_member_page:001	F04+F05	lib/page/group/group_member/group_member_page.dart	true	test/auto_test/group/group_member_page.md	8	首屏加载本地与服务端成员列表	MAPPING_REQUIRED	MAPPING_REQUIRED	RECONCILE_REQUIRED	TO_BE_DEFINED	PARSED
LEGACY:group:group_member_page:002	F04+F05	lib/page/group/group_member/group_member_page.dart	true	test/auto_test/group/group_member_page.md	9	下拉刷新重载第一页成员	MAPPING_REQUIRED	MAPPING_REQUIRED	RECONCILE_REQUIRED	TO_BE_DEFINED	PARSED
LEGACY:group:group_member_page:003	F04+F05	lib/page/group/group_member/group_member_page.dart	true	test/auto_test/group/group_member_page.md	10	上拉加载更多分页成员	MAPPING_REQUIRED	MAPPING_REQUIRED	RECONCILE_REQUIRED	TO_BE_DEFINED	PARSED
LEGACY:group:group_member_page:004	F04+F05	lib/page/group/group_member/group_member_page.dart	true	test/auto_test/group/group_member_page.md	11	分页失败回滚页码避免漏页	MAPPING_REQUIRED	MAPPING_REQUIRED	RECONCILE_REQUIRED	TO_BE_DEFINED	PARSED
LEGACY:group:group_member_page:005	F04+F05	lib/page/group/group_member/group_member_page.dart	true	test/auto_test/group/group_member_page.md	12	搜索框按昵称群昵称过滤	MAPPING_REQUIRED	MAPPING_REQUIRED	RECONCILE_REQUIRED	TO_BE_DEFINED	PARSED
LEGACY:group:group_member_page:006	F04+F05	lib/page/group/group_member/group_member_page.dart	true	test/auto_test/group/group_member_page.md	13	角色筛选「全部」展示所有成员	MAPPING_REQUIRED	MAPPING_REQUIRED	RECONCILE_REQUIRED	TO_BE_DEFINED	PARSED
LEGACY:group:group_member_page:007	F04+F05	lib/page/group/group_member/group_member_page.dart	true	test/auto_test/group/group_member_page.md	14	角色筛选群主管理员成员三档	MAPPING_REQUIRED	MAPPING_REQUIRED	RECONCILE_REQUIRED	TO_BE_DEFINED	PARSED
LEGACY:group:group_member_page:008	F04+F05	lib/page/group/group_member/group_member_page.dart	true	test/auto_test/group/group_member_page.md	15	群主与管理员角色徽章渲染	MAPPING_REQUIRED	MAPPING_REQUIRED	RECONCILE_REQUIRED	TO_BE_DEFINED	PARSED
LEGACY:group:group_member_page:009	F04+F05	lib/page/group/group_member/group_member_page.dart	true	test/auto_test/group/group_member_page.md	16	禁言剩余时间徽章展示	MAPPING_REQUIRED	MAPPING_REQUIRED	RECONCILE_REQUIRED	TO_BE_DEFINED	PARSED
LEGACY:group:group_member_page:010	F04+F05	lib/page/group/group_member/group_member_page.dart	true	test/auto_test/group/group_member_page.md	17	禁言解禁事件实时更新列表	MAPPING_REQUIRED	MAPPING_REQUIRED	RECONCILE_REQUIRED	TO_BE_DEFINED	PARSED
LEGACY:group:group_member_page:011	F04+F05	lib/page/group/group_member/group_member_page.dart	true	test/auto_test/group/group_member_page.md	18	点成员进详情并回传刷新	MAPPING_REQUIRED	MAPPING_REQUIRED	RECONCILE_REQUIRED	TO_BE_DEFINED	PARSED
LEGACY:group:group_member_page:012	F04+F05	lib/page/group/group_member/group_member_page.dart	true	test/auto_test/group/group_member_page.md	19	筛选无结果区分两类空态	MAPPING_REQUIRED	MAPPING_REQUIRED	RECONCILE_REQUIRED	TO_BE_DEFINED	PARSED
LEGACY:group:group_schedule_detail_page:001	F04+F05	lib/page/group/schedule/group_schedule_detail_page.dart	true	test/auto_test/group/group_schedule_detail_page.md	8	加载日程详情并渲染标题信息	MAPPING_REQUIRED	MAPPING_REQUIRED	RECONCILE_REQUIRED	TO_BE_DEFINED	PARSED
LEGACY:group:group_schedule_detail_page:002	F04+F05	lib/page/group/schedule/group_schedule_detail_page.dart	true	test/auto_test/group/group_schedule_detail_page.md	9	按起止时间推导四种状态标签	MAPPING_REQUIRED	MAPPING_REQUIRED	RECONCILE_REQUIRED	TO_BE_DEFINED	PARSED
LEGACY:group:group_schedule_detail_page:003	F04+F05	lib/page/group/schedule/group_schedule_detail_page.dart	true	test/auto_test/group/group_schedule_detail_page.md	10	参与人列表显示群内昵称别名	MAPPING_REQUIRED	MAPPING_REQUIRED	RECONCILE_REQUIRED	TO_BE_DEFINED	PARSED
LEGACY:group:group_schedule_detail_page:004	F04+F05	lib/page/group/schedule/group_schedule_detail_page.dart	true	test/auto_test/group/group_schedule_detail_page.md	11	点击确认参加日程并刷新	MAPPING_REQUIRED	MAPPING_REQUIRED	RECONCILE_REQUIRED	TO_BE_DEFINED	PARSED
LEGACY:group:group_schedule_detail_page:005	F04+F05	lib/page/group/schedule/group_schedule_detail_page.dart	true	test/auto_test/group/group_schedule_detail_page.md	12	点击拒绝参加日程并刷新	MAPPING_REQUIRED	MAPPING_REQUIRED	RECONCILE_REQUIRED	TO_BE_DEFINED	PARSED
LEGACY:group:group_schedule_detail_page:006	F04+F05	lib/page/group/schedule/group_schedule_detail_page.dart	true	test/auto_test/group/group_schedule_detail_page.md	13	取消整场日程并刷新详情	MAPPING_REQUIRED	MAPPING_REQUIRED	RECONCILE_REQUIRED	TO_BE_DEFINED	PARSED
LEGACY:group:group_schedule_detail_page:007	F04+F05	lib/page/group/schedule/group_schedule_detail_page.dart	true	test/auto_test/group/group_schedule_detail_page.md	14	已结束或已取消隐藏操作按钮	MAPPING_REQUIRED	MAPPING_REQUIRED	RECONCILE_REQUIRED	TO_BE_DEFINED	PARSED
LEGACY:group:group_schedule_detail_page:008	F04+F05	lib/page/group/schedule/group_schedule_detail_page.dart	true	test/auto_test/group/group_schedule_detail_page.md	15	提交中禁用按钮防重复点击	MAPPING_REQUIRED	MAPPING_REQUIRED	RECONCILE_REQUIRED	TO_BE_DEFINED	PARSED
LEGACY:group:group_schedule_detail_page:009	F04+F05	lib/page/group/schedule/group_schedule_detail_page.dart	true	test/auto_test/group/group_schedule_detail_page.md	16	下拉刷新重新拉取日程详情	MAPPING_REQUIRED	MAPPING_REQUIRED	RECONCILE_REQUIRED	TO_BE_DEFINED	PARSED
LEGACY:group:group_schedule_detail_page:010	F04+F05	lib/page/group/schedule/group_schedule_detail_page.dart	true	test/auto_test/group/group_schedule_detail_page.md	17	格式化展示开始与结束时间	MAPPING_REQUIRED	MAPPING_REQUIRED	RECONCILE_REQUIRED	TO_BE_DEFINED	PARSED
LEGACY:group:group_schedule_detail_page:011	F04+F05	lib/page/group/schedule/group_schedule_detail_page.dart	true	test/auto_test/group/group_schedule_detail_page.md	18	可选展示地点与描述信息行	MAPPING_REQUIRED	MAPPING_REQUIRED	RECONCILE_REQUIRED	TO_BE_DEFINED	PARSED
LEGACY:group:group_schedule_detail_page:012	F04+F05	lib/page/group/schedule/group_schedule_detail_page.dart	true	test/auto_test/group/group_schedule_detail_page.md	19	详情为空或出错时重试入口	MAPPING_REQUIRED	MAPPING_REQUIRED	RECONCILE_REQUIRED	TO_BE_DEFINED	PARSED
LEGACY:group:group_schedule_page:001	F04+F05	lib/page/group/schedule/group_schedule_page.dart	true	test/auto_test/group/group_schedule_page.md	8	加载并渲染群日程卡片列表	MAPPING_REQUIRED	MAPPING_REQUIRED	RECONCILE_REQUIRED	TO_BE_DEFINED	PARSED
LEGACY:group:group_schedule_page:002	F04+F05	lib/page/group/schedule/group_schedule_page.dart	true	test/auto_test/group/group_schedule_page.md	9	弹窗填写标题并创建日程	MAPPING_REQUIRED	MAPPING_REQUIRED	RECONCILE_REQUIRED	TO_BE_DEFINED	PARSED
LEGACY:group:group_schedule_page:003	F04+F05	lib/page/group/schedule/group_schedule_page.dart	true	test/auto_test/group/group_schedule_page.md	10	滚轮选择日程开始日期	MAPPING_REQUIRED	MAPPING_REQUIRED	RECONCILE_REQUIRED	TO_BE_DEFINED	PARSED
LEGACY:group:group_schedule_page:004	F04+F05	lib/page/group/schedule/group_schedule_page.dart	true	test/auto_test/group/group_schedule_page.md	11	滚轮选择日程开始时间	MAPPING_REQUIRED	MAPPING_REQUIRED	RECONCILE_REQUIRED	TO_BE_DEFINED	PARSED
LEGACY:group:group_schedule_page:005	F04+F05	lib/page/group/schedule/group_schedule_page.dart	true	test/auto_test/group/group_schedule_page.md	12	创建后向群内发送日程卡片消息	MAPPING_REQUIRED	MAPPING_REQUIRED	RECONCILE_REQUIRED	TO_BE_DEFINED	PARSED
LEGACY:group:group_schedule_page:006	F04+F05	lib/page/group/schedule/group_schedule_page.dart	true	test/auto_test/group/group_schedule_page.md	13	从聊天面板直达自动弹创建表单	MAPPING_REQUIRED	MAPPING_REQUIRED	RECONCILE_REQUIRED	TO_BE_DEFINED	PARSED
LEGACY:group:group_schedule_page:007	F04+F05	lib/page/group/schedule/group_schedule_page.dart	true	test/auto_test/group/group_schedule_page.md	14	下拉刷新重新拉取日程	MAPPING_REQUIRED	MAPPING_REQUIRED	RECONCILE_REQUIRED	TO_BE_DEFINED	PARSED
LEGACY:group:group_schedule_page:008	F04+F05	lib/page/group/schedule/group_schedule_page.dart	true	test/auto_test/group/group_schedule_page.md	15	点击日程进详情并回传刷新	MAPPING_REQUIRED	MAPPING_REQUIRED	RECONCILE_REQUIRED	TO_BE_DEFINED	PARSED
LEGACY:group:group_schedule_page:009	F04+F05	lib/page/group/schedule/group_schedule_page.dart	true	test/auto_test/group/group_schedule_page.md	16	渲染日期块时间与地点信息	MAPPING_REQUIRED	MAPPING_REQUIRED	RECONCILE_REQUIRED	TO_BE_DEFINED	PARSED
LEGACY:group:group_schedule_page:010	F04+F05	lib/page/group/schedule/group_schedule_page.dart	true	test/auto_test/group/group_schedule_page.md	17	区分空态与加载失败重试入口	MAPPING_REQUIRED	MAPPING_REQUIRED	RECONCILE_REQUIRED	TO_BE_DEFINED	PARSED
LEGACY:group:group_schedule_page:011	F04+F05	lib/page/group/schedule/group_schedule_page.dart	true	test/auto_test/group/group_schedule_page.md	18	日程ID缺失时提示不跳转	MAPPING_REQUIRED	MAPPING_REQUIRED	RECONCILE_REQUIRED	TO_BE_DEFINED	PARSED
LEGACY:group:group_select_page:001	F04+F05	lib/page/group/group_select/group_select_page.dart	true	test/auto_test/group/group_select_page.md	8	加载可选群会话列表	MAPPING_REQUIRED	MAPPING_REQUIRED	RECONCILE_REQUIRED	TO_BE_DEFINED	PARSED
LEGACY:group:group_select_page:002	F04+F05	lib/page/group/group_select/group_select_page.dart	true	test/auto_test/group/group_select_page.md	9	无名群走 displayTitle 兜底渲染	MAPPING_REQUIRED	MAPPING_REQUIRED	RECONCILE_REQUIRED	TO_BE_DEFINED	PARSED
LEGACY:group:group_select_page:003	F04+F05	lib/page/group/group_select/group_select_page.dart	true	test/auto_test/group/group_select_page.md	10	点群条目跳转对应群聊天页	MAPPING_REQUIRED	MAPPING_REQUIRED	RECONCILE_REQUIRED	TO_BE_DEFINED	PARSED
LEGACY:group:group_select_page:004	F04+F05	lib/page/group/group_select/group_select_page.dart	true	test/auto_test/group/group_select_page.md	11	向下游传不兜底的 resolvedTitle	MAPPING_REQUIRED	MAPPING_REQUIRED	RECONCILE_REQUIRED	TO_BE_DEFINED	PARSED
LEGACY:group:group_select_page:005	F04+F05	lib/page/group/group_select/group_select_page.dart	true	test/auto_test/group/group_select_page.md	12	加载中展示居中转圈指示器	MAPPING_REQUIRED	MAPPING_REQUIRED	RECONCILE_REQUIRED	TO_BE_DEFINED	PARSED
LEGACY:group:group_select_page:006	F04+F05	lib/page/group/group_select/group_select_page.dart	true	test/auto_test/group/group_select_page.md	13	展示群头像合成九宫格图	MAPPING_REQUIRED	MAPPING_REQUIRED	RECONCILE_REQUIRED	TO_BE_DEFINED	PARSED
LEGACY:group:group_select_page:007	F04+F05	lib/page/group/group_select/group_select_page.dart	true	test/auto_test/group/group_select_page.md	14	长列表滚动与分隔线渲染	MAPPING_REQUIRED	MAPPING_REQUIRED	RECONCILE_REQUIRED	TO_BE_DEFINED	PARSED
LEGACY:group:group_select_page:008	F04+F05	lib/page/group/group_select/group_select_page.dart	true	test/auto_test/group/group_select_page.md	15	点返回退回发起聊天页	MAPPING_REQUIRED	MAPPING_REQUIRED	RECONCILE_REQUIRED	TO_BE_DEFINED	PARSED
LEGACY:group:group_select_page:009	F04+F05	lib/page/group/group_select/group_select_page.dart	true	test/auto_test/group/group_select_page.md	16	无群会话时展示暂无数据空态	MAPPING_REQUIRED	MAPPING_REQUIRED	RECONCILE_REQUIRED	TO_BE_DEFINED	PARSED
LEGACY:group:group_tag_page:001	F04+F05	lib/page/group/tag/group_tag_page.dart	true	test/auto_test/group/group_tag_page.md	8	加载并渲染群标签列表	MAPPING_REQUIRED	MAPPING_REQUIRED	RECONCILE_REQUIRED	TO_BE_DEFINED	PARSED
LEGACY:group:group_tag_page:002	F04+F05	lib/page/group/tag/group_tag_page.dart	true	test/auto_test/group/group_tag_page.md	9	弹窗输入名称新增群标签	MAPPING_REQUIRED	MAPPING_REQUIRED	RECONCILE_REQUIRED	TO_BE_DEFINED	PARSED
LEGACY:group:group_tag_page:003	F04+F05	lib/page/group/tag/group_tag_page.dart	true	test/auto_test/group/group_tag_page.md	10	标签名为空时不发起新增	MAPPING_REQUIRED	MAPPING_REQUIRED	RECONCILE_REQUIRED	TO_BE_DEFINED	PARSED
LEGACY:group:group_tag_page:004	F04+F05	lib/page/group/tag/group_tag_page.dart	true	test/auto_test/group/group_tag_page.md	11	删除标签并二次确认拦截	MAPPING_REQUIRED	MAPPING_REQUIRED	RECONCILE_REQUIRED	TO_BE_DEFINED	PARSED
LEGACY:group:group_tag_page:005	F04+F05	lib/page/group/tag/group_tag_page.dart	true	test/auto_test/group/group_tag_page.md	12	删除成功后自动刷新列表	MAPPING_REQUIRED	MAPPING_REQUIRED	RECONCILE_REQUIRED	TO_BE_DEFINED	PARSED
LEGACY:group:group_tag_page:006	F04+F05	lib/page/group/tag/group_tag_page.dart	true	test/auto_test/group/group_tag_page.md	13	新增与删除失败的错误提示	MAPPING_REQUIRED	MAPPING_REQUIRED	RECONCILE_REQUIRED	TO_BE_DEFINED	PARSED
LEGACY:group:group_tag_page:007	F04+F05	lib/page/group/tag/group_tag_page.dart	true	test/auto_test/group/group_tag_page.md	14	下拉刷新重新拉取标签	MAPPING_REQUIRED	MAPPING_REQUIRED	RECONCILE_REQUIRED	TO_BE_DEFINED	PARSED
LEGACY:group:group_tag_page:008	F04+F05	lib/page/group/tag/group_tag_page.dart	true	test/auto_test/group/group_tag_page.md	15	解析服务端颜色渲染标签圆点	MAPPING_REQUIRED	MAPPING_REQUIRED	RECONCILE_REQUIRED	TO_BE_DEFINED	PARSED
LEGACY:group:group_tag_page:009	F04+F05	lib/page/group/tag/group_tag_page.dart	true	test/auto_test/group/group_tag_page.md	16	无标签时展示空态占位	MAPPING_REQUIRED	MAPPING_REQUIRED	RECONCILE_REQUIRED	TO_BE_DEFINED	PARSED
LEGACY:group:group_tag_page:010	F04+F05	lib/page/group/tag/group_tag_page.dart	true	test/auto_test/group/group_tag_page.md	17	加载失败展示重试入口	MAPPING_REQUIRED	MAPPING_REQUIRED	RECONCILE_REQUIRED	TO_BE_DEFINED	PARSED
LEGACY:group:group_task_detail_page:001	F04+F05	lib/page/group/task/group_task_detail_page.dart	true	test/auto_test/group/group_task_detail_page.md	8	加载任务详情并渲染标题信息	MAPPING_REQUIRED	MAPPING_REQUIRED	RECONCILE_REQUIRED	TO_BE_DEFINED	PARSED
LEGACY:group:group_task_detail_page:002	F04+F05	lib/page/group/task/group_task_detail_page.dart	true	test/auto_test/group/group_task_detail_page.md	9	按status枚举展示完成状态标签	MAPPING_REQUIRED	MAPPING_REQUIRED	RECONCILE_REQUIRED	TO_BE_DEFINED	PARSED
LEGACY:group:group_task_detail_page:003	F04+F05	lib/page/group/task/group_task_detail_page.dart	true	test/auto_test/group/group_task_detail_page.md	10	未截止时展示提交作业按钮	MAPPING_REQUIRED	MAPPING_REQUIRED	RECONCILE_REQUIRED	TO_BE_DEFINED	PARSED
LEGACY:group:group_task_detail_page:004	F04+F05	lib/page/group/task/group_task_detail_page.dart	true	test/auto_test/group/group_task_detail_page.md	11	提交按钮使用动作语义文案	MAPPING_REQUIRED	MAPPING_REQUIRED	RECONCILE_REQUIRED	TO_BE_DEFINED	PARSED
LEGACY:group:group_task_detail_page:005	F04+F05	lib/page/group/task/group_task_detail_page.dart	true	test/auto_test/group/group_task_detail_page.md	12	详情页隐藏内部任务ID	MAPPING_REQUIRED	MAPPING_REQUIRED	RECONCILE_REQUIRED	TO_BE_DEFINED	PARSED
LEGACY:group:group_task_detail_page:006	F04+F05	lib/page/group/task/group_task_detail_page.dart	true	test/auto_test/group/group_task_detail_page.md	13	实际提交作业并刷新详情	MAPPING_REQUIRED	MAPPING_REQUIRED	RECONCILE_REQUIRED	TO_BE_DEFINED	PARSED
LEGACY:group:group_task_detail_page:007	F04+F05	lib/page/group/task/group_task_detail_page.dart	true	test/auto_test/group/group_task_detail_page.md	14	展示待批改作业数量统计	MAPPING_REQUIRED	MAPPING_REQUIRED	RECONCILE_REQUIRED	TO_BE_DEFINED	PARSED
LEGACY:group:group_task_detail_page:008	F04+F05	lib/page/group/task/group_task_detail_page.dart	true	test/auto_test/group/group_task_detail_page.md	15	格式化截止时间与无截止文案	MAPPING_REQUIRED	MAPPING_REQUIRED	RECONCILE_REQUIRED	TO_BE_DEFINED	PARSED
LEGACY:group:group_task_detail_page:009	F04+F05	lib/page/group/task/group_task_detail_page.dart	true	test/auto_test/group/group_task_detail_page.md	16	可选展示任务描述信息行	MAPPING_REQUIRED	MAPPING_REQUIRED	RECONCILE_REQUIRED	TO_BE_DEFINED	PARSED
LEGACY:group:group_task_detail_page:010	F04+F05	lib/page/group/task/group_task_detail_page.dart	true	test/auto_test/group/group_task_detail_page.md	17	下拉刷新重新拉取任务详情	MAPPING_REQUIRED	MAPPING_REQUIRED	RECONCILE_REQUIRED	TO_BE_DEFINED	PARSED
LEGACY:group:group_task_detail_page:011	F04+F05	lib/page/group/task/group_task_detail_page.dart	true	test/auto_test/group/group_task_detail_page.md	18	提交中禁用按钮并显示转圈	MAPPING_REQUIRED	MAPPING_REQUIRED	RECONCILE_REQUIRED	TO_BE_DEFINED	PARSED
LEGACY:group:group_task_detail_page:012	F04+F05	lib/page/group/task/group_task_detail_page.dart	true	test/auto_test/group/group_task_detail_page.md	19	详情为空或出错时重试入口	MAPPING_REQUIRED	MAPPING_REQUIRED	RECONCILE_REQUIRED	TO_BE_DEFINED	PARSED
LEGACY:group:group_task_page:001	F04+F05	lib/page/group/task/group_task_page.dart	true	test/auto_test/group/group_task_page.md	8	加载并渲染群作业任务列表	MAPPING_REQUIRED	MAPPING_REQUIRED	RECONCILE_REQUIRED	TO_BE_DEFINED	PARSED
LEGACY:group:group_task_page:002	F04+F05	lib/page/group/task/group_task_page.dart	true	test/auto_test/group/group_task_page.md	9	弹窗填写标题描述创建任务	MAPPING_REQUIRED	MAPPING_REQUIRED	RECONCILE_REQUIRED	TO_BE_DEFINED	PARSED
LEGACY:group:group_task_page:003	F04+F05	lib/page/group/task/group_task_page.dart	true	test/auto_test/group/group_task_page.md	10	标题为空时阻止弹窗关闭	MAPPING_REQUIRED	MAPPING_REQUIRED	RECONCILE_REQUIRED	TO_BE_DEFINED	PARSED
LEGACY:group:group_task_page:004	F04+F05	lib/page/group/task/group_task_page.dart	true	test/auto_test/group/group_task_page.md	11	全部待完成已截止分段筛选	MAPPING_REQUIRED	MAPPING_REQUIRED	RECONCILE_REQUIRED	TO_BE_DEFINED	PARSED
LEGACY:group:group_task_page:005	F04+F05	lib/page/group/task/group_task_page.dart	true	test/auto_test/group/group_task_page.md	12	从聊天面板直达自动弹创建表单	MAPPING_REQUIRED	MAPPING_REQUIRED	RECONCILE_REQUIRED	TO_BE_DEFINED	PARSED
LEGACY:group:group_task_page:006	F04+F05	lib/page/group/task/group_task_page.dart	true	test/auto_test/group/group_task_page.md	13	列表项勾选直接提交作业	MAPPING_REQUIRED	MAPPING_REQUIRED	RECONCILE_REQUIRED	TO_BE_DEFINED	PARSED
LEGACY:group:group_task_page:007	F04+F05	lib/page/group/task/group_task_page.dart	true	test/auto_test/group/group_task_page.md	14	下拉刷新重新拉取任务列表	MAPPING_REQUIRED	MAPPING_REQUIRED	RECONCILE_REQUIRED	TO_BE_DEFINED	PARSED
LEGACY:group:group_task_page:008	F04+F05	lib/page/group/task/group_task_page.dart	true	test/auto_test/group/group_task_page.md	15	点击任务进详情并回传刷新	MAPPING_REQUIRED	MAPPING_REQUIRED	RECONCILE_REQUIRED	TO_BE_DEFINED	PARSED
LEGACY:group:group_task_page:009	F04+F05	lib/page/group/task/group_task_page.dart	true	test/auto_test/group/group_task_page.md	16	截止倒计时文案与超期配色	MAPPING_REQUIRED	MAPPING_REQUIRED	RECONCILE_REQUIRED	TO_BE_DEFINED	PARSED
LEGACY:group:group_task_page:010	F04+F05	lib/page/group/task/group_task_page.dart	true	test/auto_test/group/group_task_page.md	17	已截止任务标题划线并置灰	MAPPING_REQUIRED	MAPPING_REQUIRED	RECONCILE_REQUIRED	TO_BE_DEFINED	PARSED
LEGACY:group:group_task_page:011	F04+F05	lib/page/group/task/group_task_page.dart	true	test/auto_test/group/group_task_page.md	18	区分空态与失败态并给重试	MAPPING_REQUIRED	MAPPING_REQUIRED	RECONCILE_REQUIRED	TO_BE_DEFINED	PARSED
LEGACY:group:group_task_page:012	F04+F05	lib/page/group/task/group_task_page.dart	true	test/auto_test/group/group_task_page.md	19	任务ID缺失时提示不跳转	MAPPING_REQUIRED	MAPPING_REQUIRED	RECONCILE_REQUIRED	TO_BE_DEFINED	PARSED
LEGACY:group:group_vote_detail_page:001	F04+F05	lib/page/group/vote/group_vote_detail_page.dart	true	test/auto_test/group/group_vote_detail_page.md	8	加载投票详情与我的已投选项	MAPPING_REQUIRED	MAPPING_REQUIRED	RECONCILE_REQUIRED	TO_BE_DEFINED	PARSED
LEGACY:group:group_vote_detail_page:002	F04+F05	lib/page/group/vote/group_vote_detail_page.dart	true	test/auto_test/group/group_vote_detail_page.md	9	单选模式点选项互斥切换	MAPPING_REQUIRED	MAPPING_REQUIRED	RECONCILE_REQUIRED	TO_BE_DEFINED	PARSED
LEGACY:group:group_vote_detail_page:003	F04+F05	lib/page/group/vote/group_vote_detail_page.dart	true	test/auto_test/group/group_vote_detail_page.md	10	多选模式点选项累加取消	MAPPING_REQUIRED	MAPPING_REQUIRED	RECONCILE_REQUIRED	TO_BE_DEFINED	PARSED
LEGACY:group:group_vote_detail_page:004	F04+F05	lib/page/group/vote/group_vote_detail_page.dart	true	test/auto_test/group/group_vote_detail_page.md	11	提交投票并刷新统计结果	MAPPING_REQUIRED	MAPPING_REQUIRED	RECONCILE_REQUIRED	TO_BE_DEFINED	PARSED
LEGACY:group:group_vote_detail_page:005	F04+F05	lib/page/group/vote/group_vote_detail_page.dart	true	test/auto_test/group/group_vote_detail_page.md	12	已投票时按钮改为更新投票	MAPPING_REQUIRED	MAPPING_REQUIRED	RECONCILE_REQUIRED	TO_BE_DEFINED	PARSED
LEGACY:group:group_vote_detail_page:006	F04+F05	lib/page/group/vote/group_vote_detail_page.dart	true	test/auto_test/group/group_vote_detail_page.md	13	撤销我的投票并刷新	MAPPING_REQUIRED	MAPPING_REQUIRED	RECONCILE_REQUIRED	TO_BE_DEFINED	PARSED
LEGACY:group:group_vote_detail_page:007	F04+F05	lib/page/group/vote/group_vote_detail_page.dart	true	test/auto_test/group/group_vote_detail_page.md	14	发起人或管理员结束投票	MAPPING_REQUIRED	MAPPING_REQUIRED	RECONCILE_REQUIRED	TO_BE_DEFINED	PARSED
LEGACY:group:group_vote_detail_page:008	F04+F05	lib/page/group/vote/group_vote_detail_page.dart	true	test/auto_test/group/group_vote_detail_page.md	15	已结束时禁用选项与操作区	MAPPING_REQUIRED	MAPPING_REQUIRED	RECONCILE_REQUIRED	TO_BE_DEFINED	PARSED
LEGACY:group:group_vote_detail_page:009	F04+F05	lib/page/group/vote/group_vote_detail_page.dart	true	test/auto_test/group/group_vote_detail_page.md	16	渲染票数百分比与进度条	MAPPING_REQUIRED	MAPPING_REQUIRED	RECONCILE_REQUIRED	TO_BE_DEFINED	PARSED
LEGACY:group:group_vote_detail_page:010	F04+F05	lib/page/group/vote/group_vote_detail_page.dart	true	test/auto_test/group/group_vote_detail_page.md	17	未选中选项时禁用提交按钮	MAPPING_REQUIRED	MAPPING_REQUIRED	RECONCILE_REQUIRED	TO_BE_DEFINED	PARSED
LEGACY:group:group_vote_detail_page:011	F04+F05	lib/page/group/vote/group_vote_detail_page.dart	true	test/auto_test/group/group_vote_detail_page.md	18	下拉刷新重新拉取投票详情	MAPPING_REQUIRED	MAPPING_REQUIRED	RECONCILE_REQUIRED	TO_BE_DEFINED	PARSED
LEGACY:group:group_vote_detail_page:012	F04+F05	lib/page/group/vote/group_vote_detail_page.dart	true	test/auto_test/group/group_vote_detail_page.md	19	区分加载失败与投票不存在态	MAPPING_REQUIRED	MAPPING_REQUIRED	RECONCILE_REQUIRED	TO_BE_DEFINED	PARSED
LEGACY:group:group_vote_page:001	F04+F05	lib/page/group/vote/group_vote_page.dart	true	test/auto_test/group/group_vote_page.md	8	加载并渲染群投票列表	MAPPING_REQUIRED	MAPPING_REQUIRED	RECONCILE_REQUIRED	TO_BE_DEFINED	PARSED
LEGACY:group:group_vote_page:002	F04+F05	lib/page/group/vote/group_vote_page.dart	true	test/auto_test/group/group_vote_page.md	9	弹窗填写标题选项创建投票	MAPPING_REQUIRED	MAPPING_REQUIRED	RECONCILE_REQUIRED	TO_BE_DEFINED	PARSED
LEGACY:group:group_vote_page:003	F04+F05	lib/page/group/vote/group_vote_page.dart	true	test/auto_test/group/group_vote_page.md	10	选项不足两条时拦截并提示	MAPPING_REQUIRED	MAPPING_REQUIRED	RECONCILE_REQUIRED	TO_BE_DEFINED	PARSED
LEGACY:group:group_vote_page:004	F04+F05	lib/page/group/vote/group_vote_page.dart	true	test/auto_test/group/group_vote_page.md	11	创建失败弹出网络错误提示	MAPPING_REQUIRED	MAPPING_REQUIRED	RECONCILE_REQUIRED	TO_BE_DEFINED	PARSED
LEGACY:group:group_vote_page:005	F04+F05	lib/page/group/vote/group_vote_page.dart	true	test/auto_test/group/group_vote_page.md	12	从聊天面板直达自动弹创建表单	MAPPING_REQUIRED	MAPPING_REQUIRED	RECONCILE_REQUIRED	TO_BE_DEFINED	PARSED
LEGACY:group:group_vote_page:006	F04+F05	lib/page/group/vote/group_vote_page.dart	true	test/auto_test/group/group_vote_page.md	13	下拉刷新重新拉取投票列表	MAPPING_REQUIRED	MAPPING_REQUIRED	RECONCILE_REQUIRED	TO_BE_DEFINED	PARSED
LEGACY:group:group_vote_page:007	F04+F05	lib/page/group/vote/group_vote_page.dart	true	test/auto_test/group/group_vote_page.md	14	点击投票进详情并回传刷新	MAPPING_REQUIRED	MAPPING_REQUIRED	RECONCILE_REQUIRED	TO_BE_DEFINED	PARSED
LEGACY:group:group_vote_page:008	F04+F05	lib/page/group/vote/group_vote_page.dart	true	test/auto_test/group/group_vote_page.md	15	展示进行中与已结束状态徽标	MAPPING_REQUIRED	MAPPING_REQUIRED	RECONCILE_REQUIRED	TO_BE_DEFINED	PARSED
LEGACY:group:group_vote_page:009	F04+F05	lib/page/group/vote/group_vote_page.dart	true	test/auto_test/group/group_vote_page.md	16	参与人数缺失时兜底取总票数	MAPPING_REQUIRED	MAPPING_REQUIRED	RECONCILE_REQUIRED	TO_BE_DEFINED	PARSED
LEGACY:group:group_vote_page:010	F04+F05	lib/page/group/vote/group_vote_page.dart	true	test/auto_test/group/group_vote_page.md	17	区分空态与加载失败重试入口	MAPPING_REQUIRED	MAPPING_REQUIRED	RECONCILE_REQUIRED	TO_BE_DEFINED	PARSED
LEGACY:group:group_vote_page:011	F04+F05	lib/page/group/vote/group_vote_page.dart	true	test/auto_test/group/group_vote_page.md	18	投票ID缺失时提示不跳转	MAPPING_REQUIRED	MAPPING_REQUIRED	RECONCILE_REQUIRED	TO_BE_DEFINED	PARSED
LEGACY:group:launch_chat_page:001	F04+F05	lib/page/group/launch_chat/launch_chat_page.dart	true	test/auto_test/group/launch_chat_page.md	8	加载好友列表本地空则请服务端	MAPPING_REQUIRED	MAPPING_REQUIRED	RECONCILE_REQUIRED	TO_BE_DEFINED	PARSED
LEGACY:group:launch_chat_page:002	F04+F05	lib/page/group/launch_chat/launch_chat_page.dart	true	test/auto_test/group/launch_chat_page.md	9	A-Z 索引栏动态生成并定位	MAPPING_REQUIRED	MAPPING_REQUIRED	RECONCILE_REQUIRED	TO_BE_DEFINED	PARSED
LEGACY:group:launch_chat_page:003	F04+F05	lib/page/group/launch_chat/launch_chat_page.dart	true	test/auto_test/group/launch_chat_page.md	10	点联系人切换勾选并给出反馈	MAPPING_REQUIRED	MAPPING_REQUIRED	RECONCILE_REQUIRED	TO_BE_DEFINED	PARSED
LEGACY:group:launch_chat_page:004	F04+F05	lib/page/group/launch_chat/launch_chat_page.dart	true	test/auto_test/group/launch_chat_page.md	11	顶部横滑展示已选成员头像	MAPPING_REQUIRED	MAPPING_REQUIRED	RECONCILE_REQUIRED	TO_BE_DEFINED	PARSED
LEGACY:group:launch_chat_page:005	F04+F05	lib/page/group/launch_chat/launch_chat_page.dart	true	test/auto_test/group/launch_chat_page.md	12	点预览头像移除该已选成员	MAPPING_REQUIRED	MAPPING_REQUIRED	RECONCILE_REQUIRED	TO_BE_DEFINED	PARSED
LEGACY:group:launch_chat_page:006	F04+F05	lib/page/group/launch_chat/launch_chat_page.dart	true	test/auto_test/group/launch_chat_page.md	13	未选人时完成按钮真正禁用	MAPPING_REQUIRED	MAPPING_REQUIRED	RECONCILE_REQUIRED	TO_BE_DEFINED	PARSED
LEGACY:group:launch_chat_page:007	F04+F05	lib/page/group/launch_chat/launch_chat_page.dart	true	test/auto_test/group/launch_chat_page.md	14	快捷入口跳转选择群聊页	MAPPING_REQUIRED	MAPPING_REQUIRED	RECONCILE_REQUIRED	TO_BE_DEFINED	PARSED
LEGACY:group:launch_chat_page:008	F04+F05	lib/page/group/launch_chat/launch_chat_page.dart	true	test/auto_test/group/launch_chat_page.md	15	快捷入口跳转面对面建群页	MAPPING_REQUIRED	MAPPING_REQUIRED	RECONCILE_REQUIRED	TO_BE_DEFINED	PARSED
LEGACY:group:launch_chat_page:009	F04+F05	lib/page/group/launch_chat/launch_chat_page.dart	true	test/auto_test/group/launch_chat_page.md	16	点取消退出选择联系人页	MAPPING_REQUIRED	MAPPING_REQUIRED	RECONCILE_REQUIRED	TO_BE_DEFINED	PARSED
LEGACY:group:launch_chat_page:010	F04+F05	lib/page/group/launch_chat/launch_chat_page.dart	true	test/auto_test/group/launch_chat_page.md	17	无好友时展示暂无数据空态	MAPPING_REQUIRED	MAPPING_REQUIRED	RECONCILE_REQUIRED	TO_BE_DEFINED	FEATURE_SOURCE_CONFIRMED_MAPPING_REQUIRED
LEGACY:group:launch_chat_page:011	F04+F05	lib/page/group/launch_chat/launch_chat_page.dart	true	test/auto_test/group/launch_chat_page.md	18	提交建群并防重复点击	MAPPING_REQUIRED	MAPPING_REQUIRED	RECONCILE_REQUIRED	TO_BE_DEFINED	PARSED
LEGACY:group:launch_chat_page:012	F04+F05	lib/page/group/launch_chat/launch_chat_page.dart	true	test/auto_test/group/launch_chat_page.md	19	建群成功弹出双入口引导层	MAPPING_REQUIRED	MAPPING_REQUIRED	RECONCILE_REQUIRED	TO_BE_DEFINED	PARSED
LEGACY:group:remove_member_page:001	F04+F05	lib/page/group/group_detail/remove_member_page.dart	true	test/auto_test/group/remove_member_page.md	8	从群详情进入本页可正常打开	MAPPING_REQUIRED	MAPPING_REQUIRED	RECONCILE_REQUIRED	TO_BE_DEFINED	PARSED
LEGACY:group:remove_member_page:002	F04+F05	lib/page/group/group_detail/remove_member_page.dart	true	test/auto_test/group/remove_member_page.md	9	加载群成员列表并排除自己	MAPPING_REQUIRED	MAPPING_REQUIRED	RECONCILE_REQUIRED	TO_BE_DEFINED	PARSED
LEGACY:group:remove_member_page:003	F04+F05	lib/page/group/group_detail/remove_member_page.dart	true	test/auto_test/group/remove_member_page.md	10	点成员行切换勾选状态	MAPPING_REQUIRED	MAPPING_REQUIRED	RECONCILE_REQUIRED	TO_BE_DEFINED	PARSED
LEGACY:group:remove_member_page:004	F04+F05	lib/page/group/group_detail/remove_member_page.dart	true	test/auto_test/group/remove_member_page.md	11	完成按钮随选中数高亮变化	MAPPING_REQUIRED	MAPPING_REQUIRED	RECONCILE_REQUIRED	TO_BE_DEFINED	PARSED
LEGACY:group:remove_member_page:005	F04+F05	lib/page/group/group_detail/remove_member_page.dart	true	test/auto_test/group/remove_member_page.md	12	未选中时点完成不触发请求	MAPPING_REQUIRED	MAPPING_REQUIRED	RECONCILE_REQUIRED	TO_BE_DEFINED	PARSED
LEGACY:group:remove_member_page:006	F04+F05	lib/page/group/group_detail/remove_member_page.dart	true	test/auto_test/group/remove_member_page.md	13	点信息图标查看成员资料	MAPPING_REQUIRED	MAPPING_REQUIRED	RECONCILE_REQUIRED	TO_BE_DEFINED	PARSED
LEGACY:group:remove_member_page:007	F04+F05	lib/page/group/group_detail/remove_member_page.dart	true	test/auto_test/group/remove_member_page.md	14	点取消返回群详情页	MAPPING_REQUIRED	MAPPING_REQUIRED	RECONCILE_REQUIRED	TO_BE_DEFINED	PARSED
LEGACY:group:remove_member_page:008	F04+F05	lib/page/group/group_detail/remove_member_page.dart	true	test/auto_test/group/remove_member_page.md	15	成员为空时展示暂无数据空态	MAPPING_REQUIRED	MAPPING_REQUIRED	RECONCILE_REQUIRED	TO_BE_DEFINED	PARSED
LEGACY:group:remove_member_page:009	F04+F05	lib/page/group/group_detail/remove_member_page.dart	true	test/auto_test/group/remove_member_page.md	16	移除失败时弹出错误提示	MAPPING_REQUIRED	MAPPING_REQUIRED	RECONCILE_REQUIRED	TO_BE_DEFINED	PARSED
LEGACY:group:remove_member_page:010	F04+F05	lib/page/group/group_detail/remove_member_page.dart	true	test/auto_test/group/remove_member_page.md	17	提交移除成员并回传结果	MAPPING_REQUIRED	MAPPING_REQUIRED	RECONCILE_REQUIRED	TO_BE_DEFINED	PARSED
LEGACY:live_room:live_room_list_page:001	F13	lib/page/live_room/live_room_list/live_room_list_page.dart	true	test/auto_test/live_room/live_room_list_page.md	9	首次进入拉取直播间首页列表	MAPPING_REQUIRED	MAPPING_REQUIRED	RECONCILE_REQUIRED	TO_BE_DEFINED	PARSED
LEGACY:live_room:live_room_list_page:002	F13	lib/page/live_room/live_room_list/live_room_list_page.dart	true	test/auto_test/live_room/live_room_list_page.md	10	下拉刷新重新加载列表首页	MAPPING_REQUIRED	MAPPING_REQUIRED	RECONCILE_REQUIRED	TO_BE_DEFINED	PARSED
LEGACY:live_room:live_room_list_page:003	F13	lib/page/live_room/live_room_list/live_room_list_page.dart	true	test/auto_test/live_room/live_room_list_page.md	11	上滑触底自动加载下一页	MAPPING_REQUIRED	MAPPING_REQUIRED	RECONCILE_REQUIRED	TO_BE_DEFINED	PARSED
LEGACY:live_room:live_room_list_page:004	F13	lib/page/live_room/live_room_list/live_room_list_page.dart	true	test/auto_test/live_room/live_room_list_page.md	12	无数据时展示空态视图	MAPPING_REQUIRED	MAPPING_REQUIRED	RECONCILE_REQUIRED	TO_BE_DEFINED	PARSED
LEGACY:live_room:live_room_list_page:005	F13	lib/page/live_room/live_room_list/live_room_list_page.dart	true	test/auto_test/live_room/live_room_list_page.md	13	首屏加载中展示进度圈	MAPPING_REQUIRED	MAPPING_REQUIRED	RECONCILE_REQUIRED	TO_BE_DEFINED	PARSED
LEGACY:live_room:live_room_list_page:006	F13	lib/page/live_room/live_room_list/live_room_list_page.dart	true	test/auto_test/live_room/live_room_list_page.md	14	点击加号弹出创建直播间对话框	MAPPING_REQUIRED	MAPPING_REQUIRED	RECONCILE_REQUIRED	TO_BE_DEFINED	PARSED
LEGACY:live_room:live_room_list_page:007	F13	lib/page/live_room/live_room_list/live_room_list_page.dart	true	test/auto_test/live_room/live_room_list_page.md	15	标题为空时提示必须填写标题	MAPPING_REQUIRED	MAPPING_REQUIRED	RECONCILE_REQUIRED	TO_BE_DEFINED	PARSED
LEGACY:live_room:live_room_list_page:008	F13	lib/page/live_room/live_room_list/live_room_list_page.dart	true	test/auto_test/live_room/live_room_list_page.md	16	创建成功跳转推流页并刷新列表	MAPPING_REQUIRED	MAPPING_REQUIRED	RECONCILE_REQUIRED	TO_BE_DEFINED	PARSED
LEGACY:live_room:live_room_list_page:009	F13	lib/page/live_room/live_room_list/live_room_list_page.dart	true	test/auto_test/live_room/live_room_list_page.md	17	点击非直播房间进入推流页	MAPPING_REQUIRED	MAPPING_REQUIRED	RECONCILE_REQUIRED	TO_BE_DEFINED	PARSED
LEGACY:live_room:live_room_list_page:010	F13	lib/page/live_room/live_room_list/live_room_list_page.dart	true	test/auto_test/live_room/live_room_list_page.md	18	封面加载失败时展示占位图标	MAPPING_REQUIRED	MAPPING_REQUIRED	RECONCILE_REQUIRED	TO_BE_DEFINED	PARSED
LEGACY:live_room:live_room_list_page:011	F13	lib/page/live_room/live_room_list/live_room_list_page.dart	true	test/auto_test/live_room/live_room_list_page.md	19	点击直播中房间进入观看页	MAPPING_REQUIRED	MAPPING_REQUIRED	RECONCILE_REQUIRED	TO_BE_DEFINED	PARSED
LEGACY:live_room:live_room_list_page:012	F13	lib/page/live_room/live_room_list/live_room_list_page.dart	true	test/auto_test/live_room/live_room_list_page.md	20	房间行展示直播状态与观看人数	MAPPING_REQUIRED	MAPPING_REQUIRED	RECONCILE_REQUIRED	TO_BE_DEFINED	PARSED
LEGACY:live_room:publisher_page:001	F13	lib/page/live_room/publisher/publisher_page.dart	true	test/auto_test/live_room/publisher_page.md	9	进入页面初始化本地视频渲染器	MAPPING_REQUIRED	MAPPING_REQUIRED	RECONCILE_REQUIRED	TO_BE_DEFINED	PARSED
LEGACY:live_room:publisher_page:002	F13	lib/page/live_room/publisher/publisher_page.dart	true	test/auto_test/live_room/publisher_page.md	10	开始推流时申请摄像头与麦克风权限	MAPPING_REQUIRED	MAPPING_REQUIRED	RECONCILE_REQUIRED	TO_BE_DEFINED	PARSED
LEGACY:live_room:publisher_page:003	F13	lib/page/live_room/publisher/publisher_page.dart	true	test/auto_test/live_room/publisher_page.md	11	本地预览镜像展示采集画面	MAPPING_REQUIRED	MAPPING_REQUIRED	RECONCILE_REQUIRED	TO_BE_DEFINED	PARSED
LEGACY:live_room:publisher_page:004	F13	lib/page/live_room/publisher/publisher_page.dart	true	test/auto_test/live_room/publisher_page.md	12	输入并保存推流服务器地址	MAPPING_REQUIRED	MAPPING_REQUIRED	RECONCILE_REQUIRED	TO_BE_DEFINED	PARSED
LEGACY:live_room:publisher_page:005	F13	lib/page/live_room/publisher/publisher_page.dart	true	test/auto_test/live_room/publisher_page.md	13	点击开始推流建立连接并上行	MAPPING_REQUIRED	MAPPING_REQUIRED	RECONCILE_REQUIRED	TO_BE_DEFINED	PARSED
LEGACY:live_room:publisher_page:006	F13	lib/page/live_room/publisher/publisher_page.dart	true	test/auto_test/live_room/publisher_page.md	14	连接中禁用按钮并显示连接中文案	MAPPING_REQUIRED	MAPPING_REQUIRED	RECONCILE_REQUIRED	TO_BE_DEFINED	PARSED
LEGACY:live_room:publisher_page:007	F13	lib/page/live_room/publisher/publisher_page.dart	true	test/auto_test/live_room/publisher_page.md	15	点击停止推流断开并释放采集	MAPPING_REQUIRED	MAPPING_REQUIRED	RECONCILE_REQUIRED	TO_BE_DEFINED	PARSED
LEGACY:live_room:publisher_page:008	F13	lib/page/live_room/publisher/publisher_page.dart	true	test/auto_test/live_room/publisher_page.md	16	左上角状态徽章显示当前推流状态	MAPPING_REQUIRED	MAPPING_REQUIRED	RECONCILE_REQUIRED	TO_BE_DEFINED	PARSED
LEGACY:live_room:publisher_page:009	F13	lib/page/live_room/publisher/publisher_page.dart	true	test/auto_test/live_room/publisher_page.md	17	右上角脱敏展示房间推流密钥	MAPPING_REQUIRED	MAPPING_REQUIRED	RECONCILE_REQUIRED	TO_BE_DEFINED	PARSED
LEGACY:live_room:publisher_page:010	F13	lib/page/live_room/publisher/publisher_page.dart	true	test/auto_test/live_room/publisher_page.md	18	标题栏显示房间名或默认标题	MAPPING_REQUIRED	MAPPING_REQUIRED	RECONCILE_REQUIRED	TO_BE_DEFINED	PARSED
LEGACY:live_room:publisher_page:011	F13	lib/page/live_room/publisher/publisher_page.dart	true	test/auto_test/live_room/publisher_page.md	19	退出页面停止推流并熄灭摄像头指示灯	MAPPING_REQUIRED	MAPPING_REQUIRED	RECONCILE_REQUIRED	TO_BE_DEFINED	PARSED
LEGACY:live_room:subscriber_page:001	F13	lib/page/live_room/subscriber/subscriber_page.dart	true	test/auto_test/live_room/subscriber_page.md	9	进入页面初始化远端视频渲染器	MAPPING_REQUIRED	MAPPING_REQUIRED	RECONCILE_REQUIRED	TO_BE_DEFINED	PARSED
LEGACY:live_room:subscriber_page:002	F13	lib/page/live_room/subscriber/subscriber_page.dart	true	test/auto_test/live_room/subscriber_page.md	10	输入并保存拉流服务器地址	MAPPING_REQUIRED	MAPPING_REQUIRED	RECONCILE_REQUIRED	TO_BE_DEFINED	PARSED
LEGACY:live_room:subscriber_page:003	F13	lib/page/live_room/subscriber/subscriber_page.dart	true	test/auto_test/live_room/subscriber_page.md	11	点击开始播放建立拉流连接	MAPPING_REQUIRED	MAPPING_REQUIRED	RECONCILE_REQUIRED	TO_BE_DEFINED	PARSED
LEGACY:live_room:subscriber_page:004	F13	lib/page/live_room/subscriber/subscriber_page.dart	true	test/auto_test/live_room/subscriber_page.md	12	连接中禁用按钮并显示连接中文案	MAPPING_REQUIRED	MAPPING_REQUIRED	RECONCILE_REQUIRED	TO_BE_DEFINED	PARSED
LEGACY:live_room:subscriber_page:005	F13	lib/page/live_room/subscriber/subscriber_page.dart	true	test/auto_test/live_room/subscriber_page.md	13	点击停止播放关闭拉流会话	MAPPING_REQUIRED	MAPPING_REQUIRED	RECONCILE_REQUIRED	TO_BE_DEFINED	PARSED
LEGACY:live_room:subscriber_page:006	F13	lib/page/live_room/subscriber/subscriber_page.dart	true	test/auto_test/live_room/subscriber_page.md	14	远端画面按裁剪模式铺满渲染区	MAPPING_REQUIRED	MAPPING_REQUIRED	RECONCILE_REQUIRED	TO_BE_DEFINED	PARSED
LEGACY:live_room:subscriber_page:007	F13	lib/page/live_room/subscriber/subscriber_page.dart	true	test/auto_test/live_room/subscriber_page.md	15	左上角状态徽章显示播放状态	MAPPING_REQUIRED	MAPPING_REQUIRED	RECONCILE_REQUIRED	TO_BE_DEFINED	PARSED
LEGACY:live_room:subscriber_page:008	F13	lib/page/live_room/subscriber/subscriber_page.dart	true	test/auto_test/live_room/subscriber_page.md	16	标题栏右侧展示当前观看人数	MAPPING_REQUIRED	MAPPING_REQUIRED	RECONCILE_REQUIRED	TO_BE_DEFINED	PARSED
LEGACY:live_room:subscriber_page:009	F13	lib/page/live_room/subscriber/subscriber_page.dart	true	test/auto_test/live_room/subscriber_page.md	17	标题栏显示房间名或默认标题	MAPPING_REQUIRED	MAPPING_REQUIRED	RECONCILE_REQUIRED	TO_BE_DEFINED	PARSED
LEGACY:live_room:subscriber_page:010	F13	lib/page/live_room/subscriber/subscriber_page.dart	true	test/auto_test/live_room/subscriber_page.md	18	退出页面关闭会话并释放渲染器	MAPPING_REQUIRED	MAPPING_REQUIRED	RECONCILE_REQUIRED	TO_BE_DEFINED	PARSED
LEGACY:mention:mention_list_page:001	F03	lib/page/mention/mention_list_page.dart	true	test/auto_test/mention/mention_list_page.md	8	首屏加载 @我 的提及列表	MAPPING_REQUIRED	MAPPING_REQUIRED	RECONCILE_REQUIRED	TO_BE_DEFINED	PARSED
LEGACY:mention:mention_list_page:002	F03	lib/page/mention/mention_list_page.dart	true	test/auto_test/mention/mention_list_page.md	9	加载失败展示错误态与重试	MAPPING_REQUIRED	MAPPING_REQUIRED	RECONCILE_REQUIRED	TO_BE_DEFINED	PARSED
LEGACY:mention:mention_list_page:003	F03	lib/page/mention/mention_list_page.dart	true	test/auto_test/mention/mention_list_page.md	10	无提及时展示空态文案	MAPPING_REQUIRED	MAPPING_REQUIRED	RECONCILE_REQUIRED	TO_BE_DEFINED	PARSED
LEGACY:mention:mention_list_page:004	F03	lib/page/mention/mention_list_page.dart	true	test/auto_test/mention/mention_list_page.md	11	下拉刷新重新拉取列表	MAPPING_REQUIRED	MAPPING_REQUIRED	RECONCILE_REQUIRED	TO_BE_DEFINED	PARSED
LEGACY:mention:mention_list_page:005	F03	lib/page/mention/mention_list_page.dart	true	test/auto_test/mention/mention_list_page.md	12	滚动触底加载下一页	MAPPING_REQUIRED	MAPPING_REQUIRED	RECONCILE_REQUIRED	TO_BE_DEFINED	PARSED
LEGACY:mention:mention_list_page:006	F03	lib/page/mention/mention_list_page.dart	true	test/auto_test/mention/mention_list_page.md	13	未读条目显示红点标识	MAPPING_REQUIRED	MAPPING_REQUIRED	RECONCILE_REQUIRED	TO_BE_DEFINED	PARSED
LEGACY:mention:mention_list_page:007	F03	lib/page/mention/mention_list_page.dart	true	test/auto_test/mention/mention_list_page.md	14	点「全部已读」清空未读数	MAPPING_REQUIRED	MAPPING_REQUIRED	RECONCILE_REQUIRED	TO_BE_DEFINED	PARSED
LEGACY:mention:mention_list_page:008	F03	lib/page/mention/mention_list_page.dart	true	test/auto_test/mention/mention_list_page.md	15	点击条目标记该提及已读	MAPPING_REQUIRED	MAPPING_REQUIRED	RECONCILE_REQUIRED	TO_BE_DEFINED	PARSED
LEGACY:mention:mention_list_page:009	F03	lib/page/mention/mention_list_page.dart	true	test/auto_test/mention/mention_list_page.md	16	点击跳转群聊并定位消息	MAPPING_REQUIRED	MAPPING_REQUIRED	RECONCILE_REQUIRED	TO_BE_DEFINED	PARSED
LEGACY:mention:mention_list_page:010	F03	lib/page/mention/mention_list_page.dart	true	test/auto_test/mention/mention_list_page.md	17	跳转信息缺失时提示无法定位	MAPPING_REQUIRED	MAPPING_REQUIRED	RECONCILE_REQUIRED	TO_BE_DEFINED	PARSED
LEGACY:mention:mention_list_page:011	F03	lib/page/mention/mention_list_page.dart	true	test/auto_test/mention/mention_list_page.md	18	收到新提及事件后自动刷新	MAPPING_REQUIRED	MAPPING_REQUIRED	RECONCILE_REQUIRED	TO_BE_DEFINED	PARSED
LEGACY:mention:mention_list_page:012	F03	lib/page/mention/mention_list_page.dart	true	test/auto_test/mention/mention_list_page.md	19	条目时间按相对格式展示	MAPPING_REQUIRED	MAPPING_REQUIRED	RECONCILE_REQUIRED	TO_BE_DEFINED	PARSED
LEGACY:mine:account_security_page:001	F08	lib/page/mine/account_security/account_security_page.dart	true	test/auto_test/mine/account_security_page.md	8	回显已绑定邮箱的掩码文本	MAPPING_REQUIRED	MAPPING_REQUIRED	RECONCILE_REQUIRED	TO_BE_DEFINED	PARSED
LEGACY:mine:account_security_page:002	F08	lib/page/mine/account_security/account_security_page.dart	true	test/auto_test/mine/account_security_page.md	9	回显已绑定手机的掩码文本	MAPPING_REQUIRED	MAPPING_REQUIRED	RECONCILE_REQUIRED	TO_BE_DEFINED	PARSED
LEGACY:mine:account_security_page:003	F08	lib/page/mine/account_security/account_security_page.dart	true	test/auto_test/mine/account_security_page.md	10	未绑定时显示未绑定文案	MAPPING_REQUIRED	MAPPING_REQUIRED	RECONCILE_REQUIRED	TO_BE_DEFINED	PARSED
LEGACY:mine:account_security_page:004	F08	lib/page/mine/account_security/account_security_page.dart	true	test/auto_test/mine/account_security_page.md	11	短用户名邮箱的掩码降级处理	MAPPING_REQUIRED	MAPPING_REQUIRED	RECONCILE_REQUIRED	TO_BE_DEFINED	PARSED
LEGACY:mine:account_security_page:005	F08	lib/page/mine/account_security/account_security_page.dart	true	test/auto_test/mine/account_security_page.md	12	进入绑定或更改邮箱页	MAPPING_REQUIRED	MAPPING_REQUIRED	RECONCILE_REQUIRED	TO_BE_DEFINED	PARSED
LEGACY:mine:account_security_page:006	F08	lib/page/mine/account_security/account_security_page.dart	true	test/auto_test/mine/account_security_page.md	13	进入绑定或更改手机页	MAPPING_REQUIRED	MAPPING_REQUIRED	RECONCILE_REQUIRED	TO_BE_DEFINED	PARSED
LEGACY:mine:account_security_page:007	F08	lib/page/mine/account_security/account_security_page.dart	true	test/auto_test/mine/account_security_page.md	14	进入修改登录密码页	MAPPING_REQUIRED	MAPPING_REQUIRED	RECONCILE_REQUIRED	TO_BE_DEFINED	PARSED
LEGACY:mine:account_security_page:008	F08	lib/page/mine/account_security/account_security_page.dart	true	test/auto_test/mine/account_security_page.md	15	渲染登录凭证分组标题	MAPPING_REQUIRED	MAPPING_REQUIRED	RECONCILE_REQUIRED	TO_BE_DEFINED	PARSED
LEGACY:mine:account_security_page:009	F08	lib/page/mine/account_security/account_security_page.dart	true	test/auto_test/mine/account_security_page.md	16	返回上级设置页	MAPPING_REQUIRED	MAPPING_REQUIRED	RECONCILE_REQUIRED	TO_BE_DEFINED	PARSED
LEGACY:mine:bind_email_page:001	F08	lib/page/mine/account_security/bind_email_page.dart	true	test/auto_test/mine/bind_email_page.md	8	展示当前邮箱与绑定状态徽标	MAPPING_REQUIRED	MAPPING_REQUIRED	RECONCILE_REQUIRED	TO_BE_DEFINED	PARSED
LEGACY:mine:bind_email_page:002	F08	lib/page/mine/account_security/bind_email_page.dart	true	test/auto_test/mine/bind_email_page.md	9	已绑定时标题切换为更改邮箱	MAPPING_REQUIRED	MAPPING_REQUIRED	RECONCILE_REQUIRED	TO_BE_DEFINED	PARSED
LEGACY:mine:bind_email_page:003	F08	lib/page/mine/account_security/bind_email_page.dart	true	test/auto_test/mine/bind_email_page.md	10	输入邮箱并实时同步到状态	MAPPING_REQUIRED	MAPPING_REQUIRED	RECONCILE_REQUIRED	TO_BE_DEFINED	PARSED
LEGACY:mine:bind_email_page:004	F08	lib/page/mine/account_security/bind_email_page.dart	true	test/auto_test/mine/bind_email_page.md	11	限制验证码为六位纯数字	MAPPING_REQUIRED	MAPPING_REQUIRED	RECONCILE_REQUIRED	TO_BE_DEFINED	PARSED
LEGACY:mine:bind_email_page:005	F08	lib/page/mine/account_security/bind_email_page.dart	true	test/auto_test/mine/bind_email_page.md	12	判定获取验证码按钮可用态	MAPPING_REQUIRED	MAPPING_REQUIRED	RECONCILE_REQUIRED	TO_BE_DEFINED	PARSED
LEGACY:mine:bind_email_page:006	F08	lib/page/mine/account_security/bind_email_page.dart	true	test/auto_test/mine/bind_email_page.md	13	发送验证码后倒计时回显	MAPPING_REQUIRED	MAPPING_REQUIRED	RECONCILE_REQUIRED	TO_BE_DEFINED	PARSED
LEGACY:mine:bind_email_page:007	F08	lib/page/mine/account_security/bind_email_page.dart	true	test/auto_test/mine/bind_email_page.md	14	发送验证码失败弹出错误提示	MAPPING_REQUIRED	MAPPING_REQUIRED	RECONCILE_REQUIRED	TO_BE_DEFINED	PARSED
LEGACY:mine:bind_email_page:008	F08	lib/page/mine/account_security/bind_email_page.dart	true	test/auto_test/mine/bind_email_page.md	15	邮箱格式校验行实时反馈	MAPPING_REQUIRED	MAPPING_REQUIRED	RECONCILE_REQUIRED	TO_BE_DEFINED	PARSED
LEGACY:mine:bind_email_page:009	F08	lib/page/mine/account_security/bind_email_page.dart	true	test/auto_test/mine/bind_email_page.md	16	验证码长度校验行回显进度	MAPPING_REQUIRED	MAPPING_REQUIRED	RECONCILE_REQUIRED	TO_BE_DEFINED	PARSED
LEGACY:mine:bind_email_page:010	F08	lib/page/mine/account_security/bind_email_page.dart	true	test/auto_test/mine/bind_email_page.md	17	判定提交按钮启用与禁用态	MAPPING_REQUIRED	MAPPING_REQUIRED	RECONCILE_REQUIRED	TO_BE_DEFINED	PARSED
LEGACY:mine:bind_email_page:011	F08	lib/page/mine/account_security/bind_email_page.dart	true	test/auto_test/mine/bind_email_page.md	18	提交成功后自动返回上一页	MAPPING_REQUIRED	MAPPING_REQUIRED	RECONCILE_REQUIRED	TO_BE_DEFINED	PARSED
LEGACY:mine:bind_email_page:012	F08	lib/page/mine/account_security/bind_email_page.dart	true	test/auto_test/mine/bind_email_page.md	19	提交失败展示后端错误文案	MAPPING_REQUIRED	MAPPING_REQUIRED	RECONCILE_REQUIRED	TO_BE_DEFINED	PARSED
LEGACY:mine:bind_mobile_page:001	F08	lib/page/mine/account_security/bind_mobile_page.dart	true	test/auto_test/mine/bind_mobile_page.md	8	展示当前手机号与绑定徽标	MAPPING_REQUIRED	MAPPING_REQUIRED	RECONCILE_REQUIRED	TO_BE_DEFINED	PARSED
LEGACY:mine:bind_mobile_page:002	F08	lib/page/mine/account_security/bind_mobile_page.dart	true	test/auto_test/mine/bind_mobile_page.md	9	已绑定时标题切换为更改手机	MAPPING_REQUIRED	MAPPING_REQUIRED	RECONCILE_REQUIRED	TO_BE_DEFINED	PARSED
LEGACY:mine:bind_mobile_page:003	F08	lib/page/mine/account_security/bind_mobile_page.dart	true	test/auto_test/mine/bind_mobile_page.md	10	选择国际区号并输入手机号	MAPPING_REQUIRED	MAPPING_REQUIRED	RECONCILE_REQUIRED	TO_BE_DEFINED	PARSED
LEGACY:mine:bind_mobile_page:004	F08	lib/page/mine/account_security/bind_mobile_page.dart	true	test/auto_test/mine/bind_mobile_page.md	11	手机号格式校验行实时反馈	MAPPING_REQUIRED	MAPPING_REQUIRED	RECONCILE_REQUIRED	TO_BE_DEFINED	PARSED
LEGACY:mine:bind_mobile_page:005	F08	lib/page/mine/account_security/bind_mobile_page.dart	true	test/auto_test/mine/bind_mobile_page.md	12	限制验证码为六位纯数字	MAPPING_REQUIRED	MAPPING_REQUIRED	RECONCILE_REQUIRED	TO_BE_DEFINED	PARSED
LEGACY:mine:bind_mobile_page:006	F08	lib/page/mine/account_security/bind_mobile_page.dart	true	test/auto_test/mine/bind_mobile_page.md	13	判定获取验证码按钮可用态	MAPPING_REQUIRED	MAPPING_REQUIRED	RECONCILE_REQUIRED	TO_BE_DEFINED	PARSED
LEGACY:mine:bind_mobile_page:007	F08	lib/page/mine/account_security/bind_mobile_page.dart	true	test/auto_test/mine/bind_mobile_page.md	14	发送验证码后倒计时回显	MAPPING_REQUIRED	MAPPING_REQUIRED	RECONCILE_REQUIRED	TO_BE_DEFINED	PARSED
LEGACY:mine:bind_mobile_page:008	F08	lib/page/mine/account_security/bind_mobile_page.dart	true	test/auto_test/mine/bind_mobile_page.md	15	发送验证码失败弹出错误提示	MAPPING_REQUIRED	MAPPING_REQUIRED	RECONCILE_REQUIRED	TO_BE_DEFINED	PARSED
LEGACY:mine:bind_mobile_page:009	F08	lib/page/mine/account_security/bind_mobile_page.dart	true	test/auto_test/mine/bind_mobile_page.md	16	验证码长度校验行回显进度	MAPPING_REQUIRED	MAPPING_REQUIRED	RECONCILE_REQUIRED	TO_BE_DEFINED	PARSED
LEGACY:mine:bind_mobile_page:010	F08	lib/page/mine/account_security/bind_mobile_page.dart	true	test/auto_test/mine/bind_mobile_page.md	17	判定提交按钮启用与禁用态	MAPPING_REQUIRED	MAPPING_REQUIRED	RECONCILE_REQUIRED	TO_BE_DEFINED	PARSED
LEGACY:mine:bind_mobile_page:011	F08	lib/page/mine/account_security/bind_mobile_page.dart	true	test/auto_test/mine/bind_mobile_page.md	18	提交成功后自动返回上一页	MAPPING_REQUIRED	MAPPING_REQUIRED	RECONCILE_REQUIRED	TO_BE_DEFINED	PARSED
LEGACY:mine:bind_mobile_page:012	F08	lib/page/mine/account_security/bind_mobile_page.dart	true	test/auto_test/mine/bind_mobile_page.md	19	表单标签本地化随语言切换	MAPPING_REQUIRED	MAPPING_REQUIRED	RECONCILE_REQUIRED	TO_BE_DEFINED	PARSED
LEGACY:mine:change_name_page:001	F08	lib/page/mine/user_device/change_name_page.dart	true	test/auto_test/mine/change_name_page.md	8	进入页面自动聚焦并回填原值	MAPPING_REQUIRED	MAPPING_REQUIRED	RECONCILE_REQUIRED	TO_BE_DEFINED	PARSED
LEGACY:mine:change_name_page:002	F08	lib/page/mine/user_device/change_name_page.dart	true	test/auto_test/mine/change_name_page.md	9	输入变化驱动完成按钮高亮	MAPPING_REQUIRED	MAPPING_REQUIRED	RECONCILE_REQUIRED	TO_BE_DEFINED	PARSED
LEGACY:mine:change_name_page:003	F08	lib/page/mine/user_device/change_name_page.dart	true	test/auto_test/mine/change_name_page.md	10	空值提交被拦截并重置变更态	MAPPING_REQUIRED	MAPPING_REQUIRED	RECONCILE_REQUIRED	TO_BE_DEFINED	PARSED
LEGACY:mine:change_name_page:004	F08	lib/page/mine/user_device/change_name_page.dart	true	test/auto_test/mine/change_name_page.md	11	点击完成提交新名称	MAPPING_REQUIRED	MAPPING_REQUIRED	RECONCILE_REQUIRED	TO_BE_DEFINED	PARSED
LEGACY:mine:change_name_page:005	F08	lib/page/mine/user_device/change_name_page.dart	true	test/auto_test/mine/change_name_page.md	12	键盘回车键直接提交	MAPPING_REQUIRED	MAPPING_REQUIRED	RECONCILE_REQUIRED	TO_BE_DEFINED	PARSED
LEGACY:mine:change_name_page:006	F08	lib/page/mine/user_device/change_name_page.dart	true	test/auto_test/mine/change_name_page.md	13	提交期间拦截重复点击	MAPPING_REQUIRED	MAPPING_REQUIRED	RECONCILE_REQUIRED	TO_BE_DEFINED	PARSED
LEGACY:mine:change_name_page:007	F08	lib/page/mine/user_device/change_name_page.dart	true	test/auto_test/mine/change_name_page.md	14	提交期间输入框转为只读	MAPPING_REQUIRED	MAPPING_REQUIRED	RECONCILE_REQUIRED	TO_BE_DEFINED	PARSED
LEGACY:mine:change_name_page:008	F08	lib/page/mine/user_device/change_name_page.dart	true	test/auto_test/mine/change_name_page.md	15	提交期间按钮展示加载态	MAPPING_REQUIRED	MAPPING_REQUIRED	RECONCILE_REQUIRED	TO_BE_DEFINED	PARSED
LEGACY:mine:change_name_page:009	F08	lib/page/mine/user_device/change_name_page.dart	true	test/auto_test/mine/change_name_page.md	16	提交成功后自动返回上一页	MAPPING_REQUIRED	MAPPING_REQUIRED	RECONCILE_REQUIRED	TO_BE_DEFINED	PARSED
LEGACY:mine:change_name_page:010	F08	lib/page/mine/user_device/change_name_page.dart	true	test/auto_test/mine/change_name_page.md	17	回调抛异常时兜底错误提示	MAPPING_REQUIRED	MAPPING_REQUIRED	RECONCILE_REQUIRED	TO_BE_DEFINED	PARSED
LEGACY:mine:change_name_page:011	F08	lib/page/mine/user_device/change_name_page.dart	true	test/auto_test/mine/change_name_page.md	18	输入按单词首字母自动大写	MAPPING_REQUIRED	MAPPING_REQUIRED	RECONCILE_REQUIRED	TO_BE_DEFINED	PARSED
LEGACY:mine:change_password_page:001	F08	lib/page/mine/change_password/change_password_page.dart	true	test/auto_test/mine/change_password_page.md	8	展示登录密码启用状态卡片	MAPPING_REQUIRED	MAPPING_REQUIRED	RECONCILE_REQUIRED	TO_BE_DEFINED	PARSED
LEGACY:mine:change_password_page:002	F08	lib/page/mine/change_password/change_password_page.dart	true	test/auto_test/mine/change_password_page.md	9	输入旧密码字段	MAPPING_REQUIRED	MAPPING_REQUIRED	RECONCILE_REQUIRED	TO_BE_DEFINED	PARSED
LEGACY:mine:change_password_page:003	F08	lib/page/mine/change_password/change_password_page.dart	true	test/auto_test/mine/change_password_page.md	10	输入新密码字段	MAPPING_REQUIRED	MAPPING_REQUIRED	RECONCILE_REQUIRED	TO_BE_DEFINED	PARSED
LEGACY:mine:change_password_page:004	F08	lib/page/mine/change_password/change_password_page.dart	true	test/auto_test/mine/change_password_page.md	11	输入确认新密码字段	MAPPING_REQUIRED	MAPPING_REQUIRED	RECONCILE_REQUIRED	TO_BE_DEFINED	PARSED
LEGACY:mine:change_password_page:005	F08	lib/page/mine/change_password/change_password_page.dart	true	test/auto_test/mine/change_password_page.md	12	切换三个字段的明文密文显示	MAPPING_REQUIRED	MAPPING_REQUIRED	RECONCILE_REQUIRED	TO_BE_DEFINED	PARSED
LEGACY:mine:change_password_page:006	F08	lib/page/mine/change_password/change_password_page.dart	true	test/auto_test/mine/change_password_page.md	13	展示密码最小长度约束说明	MAPPING_REQUIRED	MAPPING_REQUIRED	RECONCILE_REQUIRED	TO_BE_DEFINED	PARSED
LEGACY:mine:change_password_page:007	F08	lib/page/mine/change_password/change_password_page.dart	true	test/auto_test/mine/change_password_page.md	14	旧密码长度校验行反馈	MAPPING_REQUIRED	MAPPING_REQUIRED	RECONCILE_REQUIRED	TO_BE_DEFINED	PARSED
LEGACY:mine:change_password_page:008	F08	lib/page/mine/change_password/change_password_page.dart	true	test/auto_test/mine/change_password_page.md	15	新密码长度校验行反馈	MAPPING_REQUIRED	MAPPING_REQUIRED	RECONCILE_REQUIRED	TO_BE_DEFINED	PARSED
LEGACY:mine:change_password_page:009	F08	lib/page/mine/change_password/change_password_page.dart	true	test/auto_test/mine/change_password_page.md	16	两次新密码一致性校验反馈	MAPPING_REQUIRED	MAPPING_REQUIRED	RECONCILE_REQUIRED	TO_BE_DEFINED	PARSED
LEGACY:mine:change_password_page:010	F08	lib/page/mine/change_password/change_password_page.dart	true	test/auto_test/mine/change_password_page.md	17	判定保存按钮启用与禁用态	MAPPING_REQUIRED	MAPPING_REQUIRED	RECONCILE_REQUIRED	TO_BE_DEFINED	PARSED
LEGACY:mine:change_password_page:011	F08	lib/page/mine/change_password/change_password_page.dart	true	test/auto_test/mine/change_password_page.md	18	提交改密并展示加载指示	MAPPING_REQUIRED	MAPPING_REQUIRED	RECONCILE_REQUIRED	TO_BE_DEFINED	PARSED
LEGACY:mine:change_password_page:012	F08	lib/page/mine/change_password/change_password_page.dart	true	test/auto_test/mine/change_password_page.md	19	提交异常时兜底错误提示	MAPPING_REQUIRED	MAPPING_REQUIRED	RECONCILE_REQUIRED	TO_BE_DEFINED	PARSED
LEGACY:mine:dark_model_page:001	F08	lib/page/mine/dark_model/dark_model_page.dart	true	test/auto_test/mine/dark_model_page.md	8	切换跟随系统主题开关	MAPPING_REQUIRED	MAPPING_REQUIRED	RECONCILE_REQUIRED	TO_BE_DEFINED	PARSED
LEGACY:mine:dark_model_page:002	F08	lib/page/mine/dark_model/dark_model_page.dart	true	test/auto_test/mine/dark_model_page.md	9	开启跟随系统时隐藏主题选项组	MAPPING_REQUIRED	MAPPING_REQUIRED	RECONCILE_REQUIRED	TO_BE_DEFINED	PARSED
LEGACY:mine:dark_model_page:003	F08	lib/page/mine/dark_model/dark_model_page.dart	true	test/auto_test/mine/dark_model_page.md	10	选择强制浅色主题并即时生效	MAPPING_REQUIRED	MAPPING_REQUIRED	RECONCILE_REQUIRED	TO_BE_DEFINED	PARSED
LEGACY:mine:dark_model_page:004	F08	lib/page/mine/dark_model/dark_model_page.dart	true	test/auto_test/mine/dark_model_page.md	11	选择强制深色主题并即时生效	MAPPING_REQUIRED	MAPPING_REQUIRED	RECONCILE_REQUIRED	TO_BE_DEFINED	PARSED
LEGACY:mine:dark_model_page:005	F08	lib/page/mine/dark_model/dark_model_page.dart	true	test/auto_test/mine/dark_model_page.md	12	当前选中项显示对勾标记	MAPPING_REQUIRED	MAPPING_REQUIRED	RECONCILE_REQUIRED	TO_BE_DEFINED	PARSED
LEGACY:mine:dark_model_page:006	F08	lib/page/mine/dark_model/dark_model_page.dart	true	test/auto_test/mine/dark_model_page.md	13	重复点击已选项时不重复切换	MAPPING_REQUIRED	MAPPING_REQUIRED	RECONCILE_REQUIRED	TO_BE_DEFINED	PARSED
LEGACY:mine:dark_model_page:007	F08	lib/page/mine/dark_model/dark_model_page.dart	true	test/auto_test/mine/dark_model_page.md	14	进入页面时回显当前主题状态	MAPPING_REQUIRED	MAPPING_REQUIRED	RECONCILE_REQUIRED	TO_BE_DEFINED	PARSED
LEGACY:mine:dark_model_page:008	F08	lib/page/mine/dark_model/dark_model_page.dart	true	test/auto_test/mine/dark_model_page.md	15	关闭跟随系统后回落实际亮暗	MAPPING_REQUIRED	MAPPING_REQUIRED	RECONCILE_REQUIRED	TO_BE_DEFINED	PARSED
LEGACY:mine:dark_model_page:009	F08	lib/page/mine/dark_model/dark_model_page.dart	true	test/auto_test/mine/dark_model_page.md	16	渲染显示与主题分组标题	MAPPING_REQUIRED	MAPPING_REQUIRED	RECONCILE_REQUIRED	TO_BE_DEFINED	PARSED
LEGACY:mine:denylist_page:001	F08	lib/page/mine/denylist/denylist_page.dart	true	test/auto_test/mine/denylist_page.md	8	展示顶部黑名单风险说明卡片	MAPPING_REQUIRED	MAPPING_REQUIRED	RECONCILE_REQUIRED	TO_BE_DEFINED	PARSED
LEGACY:mine:denylist_page:002	F08	lib/page/mine/denylist/denylist_page.dart	true	test/auto_test/mine/denylist_page.md	9	进入页面自动加载黑名单列表	MAPPING_REQUIRED	MAPPING_REQUIRED	RECONCILE_REQUIRED	TO_BE_DEFINED	PARSED
LEGACY:mine:denylist_page:003	F08	lib/page/mine/denylist/denylist_page.dart	true	test/auto_test/mine/denylist_page.md	10	首次加载展示加载中状态	MAPPING_REQUIRED	MAPPING_REQUIRED	RECONCILE_REQUIRED	TO_BE_DEFINED	PARSED
LEGACY:mine:denylist_page:004	F08	lib/page/mine/denylist/denylist_page.dart	true	test/auto_test/mine/denylist_page.md	11	加载失败展示错误与重试按钮	MAPPING_REQUIRED	MAPPING_REQUIRED	RECONCILE_REQUIRED	TO_BE_DEFINED	PARSED
LEGACY:mine:denylist_page:005	F08	lib/page/mine/denylist/denylist_page.dart	true	test/auto_test/mine/denylist_page.md	12	无数据时展示黑名单为空态	MAPPING_REQUIRED	MAPPING_REQUIRED	RECONCILE_REQUIRED	TO_BE_DEFINED	PARSED
LEGACY:mine:denylist_page:006	F08	lib/page/mine/denylist/denylist_page.dart	true	test/auto_test/mine/denylist_page.md	13	渲染右侧字母索引栏	MAPPING_REQUIRED	MAPPING_REQUIRED	RECONCILE_REQUIRED	TO_BE_DEFINED	PARSED
LEGACY:mine:denylist_page:007	F08	lib/page/mine/denylist/denylist_page.dart	true	test/auto_test/mine/denylist_page.md	14	渲染悬浮字母分组标题	MAPPING_REQUIRED	MAPPING_REQUIRED	RECONCILE_REQUIRED	TO_BE_DEFINED	PARSED
LEGACY:mine:denylist_page:008	F08	lib/page/mine/denylist/denylist_page.dart	true	test/auto_test/mine/denylist_page.md	15	展示头像昵称并在昵称空时回落账号	MAPPING_REQUIRED	MAPPING_REQUIRED	RECONCILE_REQUIRED	TO_BE_DEFINED	PARSED
LEGACY:mine:denylist_page:009	F08	lib/page/mine/denylist/denylist_page.dart	true	test/auto_test/mine/denylist_page.md	16	点击条目进入对方资料页	MAPPING_REQUIRED	MAPPING_REQUIRED	RECONCILE_REQUIRED	TO_BE_DEFINED	PARSED
LEGACY:mine:denylist_page:010	F08	lib/page/mine/denylist/denylist_page.dart	true	test/auto_test/mine/denylist_page.md	17	从资料页返回后自动刷新列表	MAPPING_REQUIRED	MAPPING_REQUIRED	RECONCILE_REQUIRED	TO_BE_DEFINED	PARSED
LEGACY:mine:denylist_page:011	F08	lib/page/mine/denylist/denylist_page.dart	true	test/auto_test/mine/denylist_page.md	18	左滑条目显示移除操作背景	MAPPING_REQUIRED	MAPPING_REQUIRED	RECONCILE_REQUIRED	TO_BE_DEFINED	PARSED
LEGACY:mine:denylist_page:012	F08	lib/page/mine/denylist/denylist_page.dart	true	test/auto_test/mine/denylist_page.md	19	滑动移除成功或失败弹出提示	MAPPING_REQUIRED	MAPPING_REQUIRED	RECONCILE_REQUIRED	TO_BE_DEFINED	PARSED
LEGACY:mine:feedback_detail_page:001	F08	lib/page/mine/feedback/feedback_detail_page.dart	true	test/auto_test/mine/feedback_detail_page.md	8	映射反馈类型为本地化标题	MAPPING_REQUIRED	MAPPING_REQUIRED	RECONCILE_REQUIRED	TO_BE_DEFINED	PARSED
LEGACY:mine:feedback_detail_page:002	F08	lib/page/mine/feedback/feedback_detail_page.dart	true	test/auto_test/mine/feedback_detail_page.md	9	展示反馈提交时间	MAPPING_REQUIRED	MAPPING_REQUIRED	RECONCILE_REQUIRED	TO_BE_DEFINED	PARSED
LEGACY:mine:feedback_detail_page:003	F08	lib/page/mine/feedback/feedback_detail_page.dart	true	test/auto_test/mine/feedback_detail_page.md	10	按状态码渲染状态徽标颜色	MAPPING_REQUIRED	MAPPING_REQUIRED	RECONCILE_REQUIRED	TO_BE_DEFINED	PARSED
LEGACY:mine:feedback_detail_page:004	F08	lib/page/mine/feedback/feedback_detail_page.dart	true	test/auto_test/mine/feedback_detail_page.md	11	点击查看附件打开图片画廊	MAPPING_REQUIRED	MAPPING_REQUIRED	RECONCILE_REQUIRED	TO_BE_DEFINED	PARSED
LEGACY:mine:feedback_detail_page:005	F08	lib/page/mine/feedback/feedback_detail_page.dart	true	test/auto_test/mine/feedback_detail_page.md	12	有评分时展示评分卡片	MAPPING_REQUIRED	MAPPING_REQUIRED	RECONCILE_REQUIRED	TO_BE_DEFINED	PARSED
LEGACY:mine:feedback_detail_page:006	F08	lib/page/mine/feedback/feedback_detail_page.dart	true	test/auto_test/mine/feedback_detail_page.md	13	渲染只读星级评分条	MAPPING_REQUIRED	MAPPING_REQUIRED	RECONCILE_REQUIRED	TO_BE_DEFINED	PARSED
LEGACY:mine:feedback_detail_page:007	F08	lib/page/mine/feedback/feedback_detail_page.dart	true	test/auto_test/mine/feedback_detail_page.md	14	展示反馈正文内容	MAPPING_REQUIRED	MAPPING_REQUIRED	RECONCILE_REQUIRED	TO_BE_DEFINED	PARSED
LEGACY:mine:feedback_detail_page:008	F08	lib/page/mine/feedback/feedback_detail_page.dart	true	test/auto_test/mine/feedback_detail_page.md	15	加载官方回复列表	MAPPING_REQUIRED	MAPPING_REQUIRED	RECONCILE_REQUIRED	TO_BE_DEFINED	PARSED
LEGACY:mine:feedback_detail_page:009	F08	lib/page/mine/feedback/feedback_detail_page.dart	true	test/auto_test/mine/feedback_detail_page.md	16	无回复时展示暂无回复空态	MAPPING_REQUIRED	MAPPING_REQUIRED	RECONCILE_REQUIRED	TO_BE_DEFINED	PARSED
LEGACY:mine:feedback_detail_page:010	F08	lib/page/mine/feedback/feedback_detail_page.dart	true	test/auto_test/mine/feedback_detail_page.md	17	回复加载失败可点击重试	MAPPING_REQUIRED	MAPPING_REQUIRED	RECONCILE_REQUIRED	TO_BE_DEFINED	PARSED
LEGACY:mine:feedback_detail_page:011	F08	lib/page/mine/feedback/feedback_detail_page.dart	true	test/auto_test/mine/feedback_detail_page.md	18	按状态码渲染回复项状态色	MAPPING_REQUIRED	MAPPING_REQUIRED	RECONCILE_REQUIRED	TO_BE_DEFINED	PARSED
LEGACY:mine:feedback_detail_page:012	F08	lib/page/mine/feedback/feedback_detail_page.dart	true	test/auto_test/mine/feedback_detail_page.md	19	回复区超高时限高并可滚动	MAPPING_REQUIRED	MAPPING_REQUIRED	RECONCILE_REQUIRED	TO_BE_DEFINED	PARSED
LEGACY:mine:feedback_page:001	F08	lib/page/mine/feedback/feedback_page.dart	true	test/auto_test/mine/feedback_page.md	8	展示顶部反馈说明卡片	MAPPING_REQUIRED	MAPPING_REQUIRED	RECONCILE_REQUIRED	TO_BE_DEFINED	PARSED
LEGACY:mine:feedback_page:002	F08	lib/page/mine/feedback/feedback_page.dart	true	test/auto_test/mine/feedback_page.md	9	点击导航栏加号新建反馈	MAPPING_REQUIRED	MAPPING_REQUIRED	RECONCILE_REQUIRED	TO_BE_DEFINED	PARSED
LEGACY:mine:feedback_page:003	F08	lib/page/mine/feedback/feedback_page.dart	true	test/auto_test/mine/feedback_page.md	10	点击卡片内新建反馈按钮	MAPPING_REQUIRED	MAPPING_REQUIRED	RECONCILE_REQUIRED	TO_BE_DEFINED	PARSED
LEGACY:mine:feedback_page:004	F08	lib/page/mine/feedback/feedback_page.dart	true	test/auto_test/mine/feedback_page.md	11	调起截图标注反馈编辑面板	MAPPING_REQUIRED	MAPPING_REQUIRED	RECONCILE_REQUIRED	TO_BE_DEFINED	PARSED
LEGACY:mine:feedback_page:005	F08	lib/page/mine/feedback/feedback_page.dart	true	test/auto_test/mine/feedback_page.md	12	内容为空时拦截提交并提示	MAPPING_REQUIRED	MAPPING_REQUIRED	RECONCILE_REQUIRED	TO_BE_DEFINED	PARSED
LEGACY:mine:feedback_page:006	F08	lib/page/mine/feedback/feedback_page.dart	true	test/auto_test/mine/feedback_page.md	13	截图解码失败时明确报错	MAPPING_REQUIRED	MAPPING_REQUIRED	RECONCILE_REQUIRED	TO_BE_DEFINED	PARSED
LEGACY:mine:feedback_page:007	F08	lib/page/mine/feedback/feedback_page.dart	true	test/auto_test/mine/feedback_page.md	14	压缩截图并走预签名上传	MAPPING_REQUIRED	MAPPING_REQUIRED	RECONCILE_REQUIRED	TO_BE_DEFINED	PARSED
LEGACY:mine:feedback_page:008	F08	lib/page/mine/feedback/feedback_page.dart	true	test/auto_test/mine/feedback_page.md	15	提交成功提示并刷新历史列表	MAPPING_REQUIRED	MAPPING_REQUIRED	RECONCILE_REQUIRED	TO_BE_DEFINED	PARSED
LEGACY:mine:feedback_page:009	F08	lib/page/mine/feedback/feedback_page.dart	true	test/auto_test/mine/feedback_page.md	16	加载历史反馈列表	MAPPING_REQUIRED	MAPPING_REQUIRED	RECONCILE_REQUIRED	TO_BE_DEFINED	PARSED
LEGACY:mine:feedback_page:010	F08	lib/page/mine/feedback/feedback_page.dart	true	test/auto_test/mine/feedback_page.md	17	展示加载空态与错误重试三态	MAPPING_REQUIRED	MAPPING_REQUIRED	RECONCILE_REQUIRED	TO_BE_DEFINED	PARSED
LEGACY:mine:feedback_page:011	F08	lib/page/mine/feedback/feedback_page.dart	true	test/auto_test/mine/feedback_page.md	18	按状态码渲染待回复已回复完结色	MAPPING_REQUIRED	MAPPING_REQUIRED	RECONCILE_REQUIRED	TO_BE_DEFINED	PARSED
LEGACY:mine:feedback_page:012	F08	lib/page/mine/feedback/feedback_page.dart	true	test/auto_test/mine/feedback_page.md	19	点击条目进入反馈详情页	MAPPING_REQUIRED	MAPPING_REQUIRED	RECONCILE_REQUIRED	TO_BE_DEFINED	PARSED
LEGACY:mine:feedback_page:013	F08	lib/page/mine/feedback/feedback_page.dart	true	test/auto_test/mine/feedback_page.md	20	左滑删除反馈并二次确认	MAPPING_REQUIRED	MAPPING_REQUIRED	RECONCILE_REQUIRED	TO_BE_DEFINED	PARSED
LEGACY:mine:font_size_page:001	F08	lib/page/mine/font_size/font_size_page.dart	true	test/auto_test/mine/font_size_page.md	8	预览卡片随档位改变三级字号	MAPPING_REQUIRED	MAPPING_REQUIRED	RECONCILE_REQUIRED	TO_BE_DEFINED	PARSED
LEGACY:mine:font_size_page:002	F08	lib/page/mine/font_size/font_size_page.dart	true	test/auto_test/mine/font_size_page.md	9	拖动滑块实时更新预览效果	MAPPING_REQUIRED	MAPPING_REQUIRED	RECONCILE_REQUIRED	TO_BE_DEFINED	PARSED
LEGACY:mine:font_size_page:003	F08	lib/page/mine/font_size/font_size_page.dart	true	test/auto_test/mine/font_size_page.md	10	松手后应用字号并双写持久化	MAPPING_REQUIRED	MAPPING_REQUIRED	RECONCILE_REQUIRED	TO_BE_DEFINED	PARSED
LEGACY:mine:font_size_page:004	F08	lib/page/mine/font_size/font_size_page.dart	true	test/auto_test/mine/font_size_page.md	11	应用成功弹出更新成功提示	MAPPING_REQUIRED	MAPPING_REQUIRED	RECONCILE_REQUIRED	TO_BE_DEFINED	PARSED
LEGACY:mine:font_size_page:005	F08	lib/page/mine/font_size/font_size_page.dart	true	test/auto_test/mine/font_size_page.md	12	应用失败回滚滑块与预览档位	MAPPING_REQUIRED	MAPPING_REQUIRED	RECONCILE_REQUIRED	TO_BE_DEFINED	PARSED
LEGACY:mine:font_size_page:006	F08	lib/page/mine/font_size/font_size_page.dart	true	test/auto_test/mine/font_size_page.md	13	回显当前档位名称与缩放百分比	MAPPING_REQUIRED	MAPPING_REQUIRED	RECONCILE_REQUIRED	TO_BE_DEFINED	PARSED
LEGACY:mine:font_size_page:007	F08	lib/page/mine/font_size/font_size_page.dart	true	test/auto_test/mine/font_size_page.md	14	字号过小时提示可读性风险	MAPPING_REQUIRED	MAPPING_REQUIRED	RECONCILE_REQUIRED	TO_BE_DEFINED	PARSED
LEGACY:mine:font_size_page:008	F08	lib/page/mine/font_size/font_size_page.dart	true	test/auto_test/mine/font_size_page.md	15	展示较小与较大端点标签	MAPPING_REQUIRED	MAPPING_REQUIRED	RECONCILE_REQUIRED	TO_BE_DEFINED	PARSED
LEGACY:mine:font_size_page:009	F08	lib/page/mine/font_size/font_size_page.dart	true	test/auto_test/mine/font_size_page.md	16	重启应用后字号设置仍保持	MAPPING_REQUIRED	MAPPING_REQUIRED	RECONCILE_REQUIRED	TO_BE_DEFINED	PARSED
LEGACY:mine:font_size_page:010	F08	lib/page/mine/font_size/font_size_page.dart	true	test/auto_test/mine/font_size_page.md	17	渲染推荐档位徽标	MAPPING_REQUIRED	MAPPING_REQUIRED	RECONCILE_REQUIRED	TO_BE_DEFINED	PARSED
LEGACY:mine:language_page:001	F08	lib/page/mine/language/language_page.dart	true	test/auto_test/mine/language_page.md	8	渲染十个语言的自称名称列表	MAPPING_REQUIRED	MAPPING_REQUIRED	RECONCILE_REQUIRED	TO_BE_DEFINED	PARSED
LEGACY:mine:language_page:002	F08	lib/page/mine/language/language_page.dart	true	test/auto_test/mine/language_page.md	9	当前语言项显示对勾标记	MAPPING_REQUIRED	MAPPING_REQUIRED	RECONCILE_REQUIRED	TO_BE_DEFINED	PARSED
LEGACY:mine:language_page:003	F08	lib/page/mine/language/language_page.dart	true	test/auto_test/mine/language_page.md	10	点击语言项全局即时生效	MAPPING_REQUIRED	MAPPING_REQUIRED	RECONCILE_REQUIRED	TO_BE_DEFINED	PARSED
LEGACY:mine:language_page:004	F08	lib/page/mine/language/language_page.dart	true	test/auto_test/mine/language_page.md	11	持久化所选语言到本地存储	MAPPING_REQUIRED	MAPPING_REQUIRED	RECONCILE_REQUIRED	TO_BE_DEFINED	PARSED
LEGACY:mine:language_page:005	F08	lib/page/mine/language/language_page.dart	true	test/auto_test/mine/language_page.md	12	选完立刻返回不触发未挂载异常	MAPPING_REQUIRED	MAPPING_REQUIRED	RECONCILE_REQUIRED	TO_BE_DEFINED	PARSED
LEGACY:mine:language_page:006	F08	lib/page/mine/language/language_page.dart	true	test/auto_test/mine/language_page.md	13	渲染选择语言分组标题	MAPPING_REQUIRED	MAPPING_REQUIRED	RECONCILE_REQUIRED	TO_BE_DEFINED	PARSED
LEGACY:mine:language_page:007	F08	lib/page/mine/language/language_page.dart	true	test/auto_test/mine/language_page.md	14	提供跟随系统语言选项	MAPPING_REQUIRED	MAPPING_REQUIRED	RECONCILE_REQUIRED	TO_BE_DEFINED	PARSED
LEGACY:mine:language_page:008	F08	lib/page/mine/language/language_page.dart	true	test/auto_test/mine/language_page.md	15	切换阿拉伯语后 RTL 布局表现	MAPPING_REQUIRED	MAPPING_REQUIRED	RECONCILE_REQUIRED	TO_BE_DEFINED	PARSED
LEGACY:mine:language_page:009	F08	lib/page/mine/language/language_page.dart	true	test/auto_test/mine/language_page.md	16	存储值非法时回落简体中文	MAPPING_REQUIRED	MAPPING_REQUIRED	RECONCILE_REQUIRED	TO_BE_DEFINED	PARSED
LEGACY:mine:logout_account_page:001	F08	lib/page/mine/logout_account/logout_account_page.dart	true	test/auto_test/mine/logout_account_page.md	8	点击导出我的数据生成文件	MAPPING_REQUIRED	MAPPING_REQUIRED	RECONCILE_REQUIRED	TO_BE_DEFINED	PARSED
LEGACY:mine:logout_account_page:002	F08	lib/page/mine/logout_account/logout_account_page.dart	true	test/auto_test/mine/logout_account_page.md	9	导出完成后调起系统分享面板	MAPPING_REQUIRED	MAPPING_REQUIRED	RECONCILE_REQUIRED	TO_BE_DEFINED	PARSED
LEGACY:mine:logout_account_page:003	F08	lib/page/mine/logout_account/logout_account_page.dart	true	test/auto_test/mine/logout_account_page.md	10	导出失败展示错误文案区块	MAPPING_REQUIRED	MAPPING_REQUIRED	RECONCILE_REQUIRED	TO_BE_DEFINED	PARSED
LEGACY:mine:logout_account_page:004	F08	lib/page/mine/logout_account/logout_account_page.dart	true	test/auto_test/mine/logout_account_page.md	11	勾选已阅读并同意条款复选框	MAPPING_REQUIRED	MAPPING_REQUIRED	RECONCILE_REQUIRED	TO_BE_DEFINED	PARSED
LEGACY:mine:logout_account_page:005	F08	lib/page/mine/logout_account/logout_account_page.dart	true	test/auto_test/mine/logout_account_page.md	12	点击整行同样切换勾选状态	MAPPING_REQUIRED	MAPPING_REQUIRED	RECONCILE_REQUIRED	TO_BE_DEFINED	PARSED
LEGACY:mine:logout_account_page:006	F08	lib/page/mine/logout_account/logout_account_page.dart	true	test/auto_test/mine/logout_account_page.md	13	未勾选时注销按钮保持禁用	MAPPING_REQUIRED	MAPPING_REQUIRED	RECONCILE_REQUIRED	TO_BE_DEFINED	PARSED
LEGACY:mine:logout_account_page:007	F08	lib/page/mine/logout_account/logout_account_page.dart	true	test/auto_test/mine/logout_account_page.md	14	注销按钮使用 iosRed 破坏色	MAPPING_REQUIRED	MAPPING_REQUIRED	RECONCILE_REQUIRED	TO_BE_DEFINED	PARSED
LEGACY:mine:logout_account_page:008	F08	lib/page/mine/logout_account/logout_account_page.dart	true	test/auto_test/mine/logout_account_page.md	15	点击注销弹出不可逆二次确认	MAPPING_REQUIRED	MAPPING_REQUIRED	RECONCILE_REQUIRED	TO_BE_DEFINED	PARSED
LEGACY:mine:logout_account_page:009	F08	lib/page/mine/logout_account/logout_account_page.dart	true	test/auto_test/mine/logout_account_page.md	16	确认后调用服务端注销接口	MAPPING_REQUIRED	MAPPING_REQUIRED	RECONCILE_REQUIRED	TO_BE_DEFINED	PARSED
LEGACY:mine:logout_account_page:010	F08	lib/page/mine/logout_account/logout_account_page.dart	true	test/auto_test/mine/logout_account_page.md	17	注销成功清理本地并跳欢迎页	MAPPING_REQUIRED	MAPPING_REQUIRED	RECONCILE_REQUIRED	TO_BE_DEFINED	PARSED
LEGACY:mine:logout_account_page:011	F08	lib/page/mine/logout_account/logout_account_page.dart	true	test/auto_test/mine/logout_account_page.md	18	注销失败展示错误提示文案	MAPPING_REQUIRED	MAPPING_REQUIRED	RECONCILE_REQUIRED	TO_BE_DEFINED	PARSED
LEGACY:mine:logout_account_page:012	F08	lib/page/mine/logout_account/logout_account_page.dart	true	test/auto_test/mine/logout_account_page.md	19	加载中禁用导出与勾选交互	MAPPING_REQUIRED	MAPPING_REQUIRED	RECONCILE_REQUIRED	TO_BE_DEFINED	PARSED
LEGACY:mine:mine_page:001	F08	lib/page/mine/mine/mine_page.dart	true	test/auto_test/mine/mine_page.md	8	渲染头像昵称名片卡片	MAPPING_REQUIRED	MAPPING_REQUIRED	RECONCILE_REQUIRED	TO_BE_DEFINED	PARSED
LEGACY:mine:mine_page:002	F08	lib/page/mine/mine/mine_page.dart	true	test/auto_test/mine/mine_page.md	9	无头像时显示首字母兜底	MAPPING_REQUIRED	MAPPING_REQUIRED	RECONCILE_REQUIRED	TO_BE_DEFINED	PARSED
LEGACY:mine:mine_page:003	F08	lib/page/mine/mine/mine_page.dart	true	test/auto_test/mine/mine_page.md	10	展示账号 ID 文本	MAPPING_REQUIRED	MAPPING_REQUIRED	RECONCILE_REQUIRED	TO_BE_DEFINED	PARSED
LEGACY:mine:mine_page:004	F08	lib/page/mine/mine/mine_page.dart	true	test/auto_test/mine/mine_page.md	11	点击名片进入个人资料页	MAPPING_REQUIRED	MAPPING_REQUIRED	RECONCILE_REQUIRED	TO_BE_DEFINED	PARSED
LEGACY:mine:mine_page:005	F08	lib/page/mine/mine/mine_page.dart	true	test/auto_test/mine/mine_page.md	12	点击图标打开我的二维码	MAPPING_REQUIRED	MAPPING_REQUIRED	RECONCILE_REQUIRED	TO_BE_DEFINED	PARSED
LEGACY:mine:mine_page:006	F08	lib/page/mine/mine/mine_page.dart	true	test/auto_test/mine/mine_page.md	13	快捷入口跳转钱包页面	MAPPING_REQUIRED	MAPPING_REQUIRED	RECONCILE_REQUIRED	TO_BE_DEFINED	PARSED
LEGACY:mine:mine_page:007	F08	lib/page/mine/mine/mine_page.dart	true	test/auto_test/mine/mine_page.md	14	快捷入口跳转我的频道	MAPPING_REQUIRED	MAPPING_REQUIRED	RECONCILE_REQUIRED	TO_BE_DEFINED	PARSED
LEGACY:mine:mine_page:008	F08	lib/page/mine/mine/mine_page.dart	true	test/auto_test/mine/mine_page.md	15	快捷入口跳转我的收藏	MAPPING_REQUIRED	MAPPING_REQUIRED	RECONCILE_REQUIRED	TO_BE_DEFINED	PARSED
LEGACY:mine:mine_page:009	F08	lib/page/mine/mine/mine_page.dart	true	test/auto_test/mine/mine_page.md	16	打开存储空间管理页面	MAPPING_REQUIRED	MAPPING_REQUIRED	RECONCILE_REQUIRED	TO_BE_DEFINED	PARSED
LEGACY:mine:mine_page:010	F08	lib/page/mine/mine/mine_page.dart	true	test/auto_test/mine/mine_page.md	17	打开登录设备管理页面	MAPPING_REQUIRED	MAPPING_REQUIRED	RECONCILE_REQUIRED	TO_BE_DEFINED	PARSED
LEGACY:mine:mine_page:011	F08	lib/page/mine/mine/mine_page.dart	true	test/auto_test/mine/mine_page.md	18	打开设置页面	MAPPING_REQUIRED	MAPPING_REQUIRED	RECONCILE_REQUIRED	TO_BE_DEFINED	PARSED
LEGACY:mine:mine_page:012	F08	lib/page/mine/mine/mine_page.dart	true	test/auto_test/mine/mine_page.md	19	打开意见反馈页面	MAPPING_REQUIRED	MAPPING_REQUIRED	RECONCILE_REQUIRED	TO_BE_DEFINED	PARSED
LEGACY:mine:select_region_page:001	F08	lib/page/mine/select_region/select_region_page.dart	true	test/auto_test/mine/select_region_page.md	8	渲染当前层级地区列表	MAPPING_REQUIRED	MAPPING_REQUIRED	RECONCILE_REQUIRED	TO_BE_DEFINED	PARSED
LEGACY:mine:select_region_page:002	F08	lib/page/mine/select_region/select_region_page.dart	true	test/auto_test/mine/select_region_page.md	9	搜索框防抖过滤地区名称	MAPPING_REQUIRED	MAPPING_REQUIRED	RECONCILE_REQUIRED	TO_BE_DEFINED	PARSED
LEGACY:mine:select_region_page:003	F08	lib/page/mine/select_region/select_region_page.dart	true	test/auto_test/mine/select_region_page.md	10	搜索无匹配时列表清空	MAPPING_REQUIRED	MAPPING_REQUIRED	RECONCILE_REQUIRED	TO_BE_DEFINED	PARSED
LEGACY:mine:select_region_page:004	F08	lib/page/mine/select_region/select_region_page.dart	true	test/auto_test/mine/select_region_page.md	11	顶部回显已选地区路径	MAPPING_REQUIRED	MAPPING_REQUIRED	RECONCILE_REQUIRED	TO_BE_DEFINED	PARSED
LEGACY:mine:select_region_page:005	F08	lib/page/mine/select_region/select_region_page.dart	true	test/auto_test/mine/select_region_page.md	12	点击含下级项进入子级页面	MAPPING_REQUIRED	MAPPING_REQUIRED	RECONCILE_REQUIRED	TO_BE_DEFINED	PARSED
LEGACY:mine:select_region_page:006	F08	lib/page/mine/select_region/select_region_page.dart	true	test/auto_test/mine/select_region_page.md	13	叶子节点选中显示对勾标记	MAPPING_REQUIRED	MAPPING_REQUIRED	RECONCILE_REQUIRED	TO_BE_DEFINED	PARSED
LEGACY:mine:select_region_page:007	F08	lib/page/mine/select_region/select_region_page.dart	true	test/auto_test/mine/select_region_page.md	14	未变更时完成按钮保持禁用	MAPPING_REQUIRED	MAPPING_REQUIRED	RECONCILE_REQUIRED	TO_BE_DEFINED	PARSED
LEGACY:mine:select_region_page:008	F08	lib/page/mine/select_region/select_region_page.dart	true	test/auto_test/mine/select_region_page.md	15	点击完成提交并按层级回退	MAPPING_REQUIRED	MAPPING_REQUIRED	RECONCILE_REQUIRED	TO_BE_DEFINED	PARSED
LEGACY:mine:select_region_page:009	F08	lib/page/mine/select_region/select_region_page.dart	true	test/auto_test/mine/select_region_page.md	16	重复选择同一值时不标记变更	MAPPING_REQUIRED	MAPPING_REQUIRED	RECONCILE_REQUIRED	TO_BE_DEFINED	PARSED
LEGACY:mine:select_region_page:010	F08	lib/page/mine/select_region/select_region_page.dart	true	test/auto_test/mine/select_region_page.md	17	渲染设置地区页面标题	MAPPING_REQUIRED	MAPPING_REQUIRED	RECONCILE_REQUIRED	TO_BE_DEFINED	PARSED
LEGACY:mine:set_password_page:001	F08	lib/page/mine/change_password/set_password_page.dart	true	test/auto_test/mine/set_password_page.md	8	展示账号安全说明卡片	MAPPING_REQUIRED	MAPPING_REQUIRED	RECONCILE_REQUIRED	TO_BE_DEFINED	PARSED
LEGACY:mine:set_password_page:002	F08	lib/page/mine/change_password/set_password_page.dart	true	test/auto_test/mine/set_password_page.md	9	展示密码长度要求提示	MAPPING_REQUIRED	MAPPING_REQUIRED	RECONCILE_REQUIRED	TO_BE_DEFINED	PARSED
LEGACY:mine:set_password_page:003	F08	lib/page/mine/change_password/set_password_page.dart	true	test/auto_test/mine/set_password_page.md	10	输入新密码字段	MAPPING_REQUIRED	MAPPING_REQUIRED	RECONCILE_REQUIRED	TO_BE_DEFINED	PARSED
LEGACY:mine:set_password_page:004	F08	lib/page/mine/change_password/set_password_page.dart	true	test/auto_test/mine/set_password_page.md	11	切换新密码明文密文显示	MAPPING_REQUIRED	MAPPING_REQUIRED	RECONCILE_REQUIRED	TO_BE_DEFINED	PARSED
LEGACY:mine:set_password_page:005	F08	lib/page/mine/change_password/set_password_page.dart	true	test/auto_test/mine/set_password_page.md	12	输入重复确认密码字段	MAPPING_REQUIRED	MAPPING_REQUIRED	RECONCILE_REQUIRED	TO_BE_DEFINED	PARSED
LEGACY:mine:set_password_page:006	F08	lib/page/mine/change_password/set_password_page.dart	true	test/auto_test/mine/set_password_page.md	13	切换确认密码明文密文显示	MAPPING_REQUIRED	MAPPING_REQUIRED	RECONCILE_REQUIRED	TO_BE_DEFINED	PARSED
LEGACY:mine:set_password_page:007	F08	lib/page/mine/change_password/set_password_page.dart	true	test/auto_test/mine/set_password_page.md	14	点击返回退出设置密码页	MAPPING_REQUIRED	MAPPING_REQUIRED	RECONCILE_REQUIRED	TO_BE_DEFINED	PARSED
LEGACY:mine:set_password_page:008	F08	lib/page/mine/change_password/set_password_page.dart	true	test/auto_test/mine/set_password_page.md	15	点击确认提交设置登录密码	MAPPING_REQUIRED	MAPPING_REQUIRED	RECONCILE_REQUIRED	TO_BE_DEFINED	PARSED
LEGACY:mine:set_password_page:009	F08	lib/page/mine/change_password/set_password_page.dart	true	test/auto_test/mine/set_password_page.md	16	未绑手机邮箱时跳转引导页	MAPPING_REQUIRED	MAPPING_REQUIRED	RECONCILE_REQUIRED	TO_BE_DEFINED	PARSED
LEGACY:mine:set_password_page:010	F08	lib/page/mine/change_password/set_password_page.dart	true	test/auto_test/mine/set_password_page.md	17	已绑定时直接进入主导航页	MAPPING_REQUIRED	MAPPING_REQUIRED	RECONCILE_REQUIRED	TO_BE_DEFINED	PARSED
LEGACY:mine:set_password_page:011	F08	lib/page/mine/change_password/set_password_page.dart	true	test/auto_test/mine/set_password_page.md	18	提交异常时兜底错误提示	MAPPING_REQUIRED	MAPPING_REQUIRED	RECONCILE_REQUIRED	TO_BE_DEFINED	PARSED
LEGACY:mine:setting_page:001	F08	lib/page/mine/setting/setting_page.dart	true	test/auto_test/mine/setting_page.md	8	进入账号安全设置页	MAPPING_REQUIRED	MAPPING_REQUIRED	RECONCILE_REQUIRED	TO_BE_DEFINED	PARSED
LEGACY:mine:setting_page:002	F08	lib/page/mine/setting/setting_page.dart	true	test/auto_test/mine/setting_page.md	9	进入语言设置页	MAPPING_REQUIRED	MAPPING_REQUIRED	RECONCILE_REQUIRED	TO_BE_DEFINED	PARSED
LEGACY:mine:setting_page:003	F08	lib/page/mine/setting/setting_page.dart	true	test/auto_test/mine/setting_page.md	10	进入深色模式页并回显当前模式	MAPPING_REQUIRED	MAPPING_REQUIRED	RECONCILE_REQUIRED	TO_BE_DEFINED	PARSED
LEGACY:mine:setting_page:004	F08	lib/page/mine/setting/setting_page.dart	true	test/auto_test/mine/setting_page.md	11	进入字号设置页并回显当前档位	MAPPING_REQUIRED	MAPPING_REQUIRED	RECONCILE_REQUIRED	TO_BE_DEFINED	PARSED
LEGACY:mine:setting_page:005	F08	lib/page/mine/setting/setting_page.dart	true	test/auto_test/mine/setting_page.md	12	在「工作模式」中自由切换个人 / 工作区首页；仅影响本机入口，不改变成员或资源权限	MAPPING_REQUIRED	MAPPING_REQUIRED	RECONCILE_REQUIRED	TO_BE_DEFINED	PARSED
LEGACY:mine:setting_page:006	F08	lib/page/mine/setting/setting_page.dart	true	test/auto_test/mine/setting_page.md	13	切换允许被搜索开关并同步后端	MAPPING_REQUIRED	MAPPING_REQUIRED	RECONCILE_REQUIRED	TO_BE_DEFINED	PARSED
LEGACY:mine:setting_page:007	F08	lib/page/mine/setting/setting_page.dart	true	test/auto_test/mine/setting_page.md	14	刷新设备密钥并清空 E2EE 缓存	MAPPING_REQUIRED	MAPPING_REQUIRED	RECONCILE_REQUIRED	TO_BE_DEFINED	PARSED
LEGACY:mine:setting_page:008	F08	lib/page/mine/setting/setting_page.dart	true	test/auto_test/mine/setting_page.md	15	打开 E2EE 密钥管理页	MAPPING_REQUIRED	MAPPING_REQUIRED	RECONCILE_REQUIRED	TO_BE_DEFINED	PARSED
LEGACY:mine:setting_page:009	F08	lib/page/mine/setting/setting_page.dart	true	test/auto_test/mine/setting_page.md	16	打开更新日志文档	MAPPING_REQUIRED	MAPPING_REQUIRED	RECONCILE_REQUIRED	TO_BE_DEFINED	PARSED
LEGACY:mine:setting_page:010	F08	lib/page/mine/setting/setting_page.dart	true	test/auto_test/mine/setting_page.md	17	打开帮助文档	MAPPING_REQUIRED	MAPPING_REQUIRED	RECONCILE_REQUIRED	TO_BE_DEFINED	PARSED
LEGACY:mine:setting_page:011	F08	lib/page/mine/setting/setting_page.dart	true	test/auto_test/mine/setting_page.md	18	打开隐私政策文档	MAPPING_REQUIRED	MAPPING_REQUIRED	RECONCILE_REQUIRED	TO_BE_DEFINED	PARSED
LEGACY:mine:setting_page:012	F08	lib/page/mine/setting/setting_page.dart	true	test/auto_test/mine/setting_page.md	19	打开服务条款页面	MAPPING_REQUIRED	MAPPING_REQUIRED	RECONCILE_REQUIRED	TO_BE_DEFINED	PARSED
LEGACY:mine:setting_page:013	F08	lib/page/mine/setting/setting_page.dart	true	test/auto_test/mine/setting_page.md	20	打开关于页并展示版本与更新红点	MAPPING_REQUIRED	MAPPING_REQUIRED	RECONCILE_REQUIRED	TO_BE_DEFINED	PARSED
LEGACY:mine:setting_page:014	F08	lib/page/mine/setting/setting_page.dart	true	test/auto_test/mine/setting_page.md	21	在关于页手动检查版本更新	MAPPING_REQUIRED	MAPPING_REQUIRED	RECONCILE_REQUIRED	TO_BE_DEFINED	PARSED
LEGACY:mine:setting_page:015	F08	lib/page/mine/setting/setting_page.dart	true	test/auto_test/mine/setting_page.md	22	切换运行环境并重启应用	MAPPING_REQUIRED	MAPPING_REQUIRED	RECONCILE_REQUIRED	TO_BE_DEFINED	PARSED
LEGACY:mine:setting_page:016	F08	lib/page/mine/setting/setting_page.dart	true	test/auto_test/mine/setting_page.md	23	退出登录并二次确认	MAPPING_REQUIRED	MAPPING_REQUIRED	RECONCILE_REQUIRED	TO_BE_DEFINED	PARSED
LEGACY:mine:setting_page:017	F08	lib/page/mine/setting/setting_page.dart	true	test/auto_test/mine/setting_page.md	24	注销账号入口用 iosRed 破坏色	MAPPING_REQUIRED	MAPPING_REQUIRED	RECONCILE_REQUIRED	TO_BE_DEFINED	PARSED
LEGACY:mine:storage_space_page:001	F08	lib/page/mine/storage_space/storage_space_page.dart	true	test/auto_test/mine/storage_space_page.md	8	渲染磁盘占用三段进度条	MAPPING_REQUIRED	MAPPING_REQUIRED	RECONCILE_REQUIRED	TO_BE_DEFINED	PARSED
LEGACY:mine:storage_space_page:002	F08	lib/page/mine/storage_space/storage_space_page.dart	true	test/auto_test/mine/storage_space_page.md	9	展示三色图例与对应容量数值	MAPPING_REQUIRED	MAPPING_REQUIRED	RECONCILE_REQUIRED	TO_BE_DEFINED	PARSED
LEGACY:mine:storage_space_page:003	F08	lib/page/mine/storage_space/storage_space_page.dart	true	test/auto_test/mine/storage_space_page.md	10	展示应用占用总量与设备占比	MAPPING_REQUIRED	MAPPING_REQUIRED	RECONCILE_REQUIRED	TO_BE_DEFINED	PARSED
LEGACY:mine:storage_space_page:004	F08	lib/page/mine/storage_space/storage_space_page.dart	true	test/auto_test/mine/storage_space_page.md	11	展示缓存卡片容量与说明	MAPPING_REQUIRED	MAPPING_REQUIRED	RECONCILE_REQUIRED	TO_BE_DEFINED	PARSED
LEGACY:mine:storage_space_page:005	F08	lib/page/mine/storage_space/storage_space_page.dart	true	test/auto_test/mine/storage_space_page.md	12	点击清理按钮清空全部缓存	MAPPING_REQUIRED	MAPPING_REQUIRED	RECONCILE_REQUIRED	TO_BE_DEFINED	PARSED
LEGACY:mine:storage_space_page:006	F08	lib/page/mine/storage_space/storage_space_page.dart	true	test/auto_test/mine/storage_space_page.md	13	清理成功提示并实时刷新数值	MAPPING_REQUIRED	MAPPING_REQUIRED	RECONCILE_REQUIRED	TO_BE_DEFINED	PARSED
LEGACY:mine:storage_space_page:007	F08	lib/page/mine/storage_space/storage_space_page.dart	true	test/auto_test/mine/storage_space_page.md	14	展示用户数据卡片容量	MAPPING_REQUIRED	MAPPING_REQUIRED	RECONCILE_REQUIRED	TO_BE_DEFINED	PARSED
LEGACY:mine:storage_space_page:008	F08	lib/page/mine/storage_space/storage_space_page.dart	true	test/auto_test/mine/storage_space_page.md	15	展示安装包大小卡片容量	MAPPING_REQUIRED	MAPPING_REQUIRED	RECONCILE_REQUIRED	TO_BE_DEFINED	PARSED
LEGACY:mine:storage_space_page:009	F08	lib/page/mine/storage_space/storage_space_page.dart	true	test/auto_test/mine/storage_space_page.md	16	展示加载错误重试与空态	MAPPING_REQUIRED	MAPPING_REQUIRED	RECONCILE_REQUIRED	TO_BE_DEFINED	PARSED
LEGACY:mine:storage_space_page:010	F08	lib/page/mine/storage_space/storage_space_page.dart	true	test/auto_test/mine/storage_space_page.md	17	按千进制格式化字节数显示	MAPPING_REQUIRED	MAPPING_REQUIRED	RECONCILE_REQUIRED	TO_BE_DEFINED	PARSED
LEGACY:mine:user_collect_detail_page:001	F08	lib/page/mine/user_collect/user_collect_detail_page.dart	true	test/auto_test/mine/user_collect_detail_page.md	8	展示收藏来源与收藏时间	MAPPING_REQUIRED	MAPPING_REQUIRED	RECONCILE_REQUIRED	TO_BE_DEFINED	PARSED
LEGACY:mine:user_collect_detail_page:002	F08	lib/page/mine/user_collect/user_collect_detail_page.dart	true	test/auto_test/mine/user_collect_detail_page.md	9	备注卡片展示最新备注内容	MAPPING_REQUIRED	MAPPING_REQUIRED	RECONCILE_REQUIRED	TO_BE_DEFINED	PARSED
LEGACY:mine:user_collect_detail_page:003	F08	lib/page/mine/user_collect/user_collect_detail_page.dart	true	test/auto_test/mine/user_collect_detail_page.md	10	按收藏类型渲染内容主体	MAPPING_REQUIRED	MAPPING_REQUIRED	RECONCILE_REQUIRED	TO_BE_DEFINED	PARSED
LEGACY:mine:user_collect_detail_page:004	F08	lib/page/mine/user_collect/user_collect_detail_page.dart	true	test/auto_test/mine/user_collect_detail_page.md	11	点击更多打开底部操作面板	MAPPING_REQUIRED	MAPPING_REQUIRED	RECONCILE_REQUIRED	TO_BE_DEFINED	PARSED
LEGACY:mine:user_collect_detail_page:005	F08	lib/page/mine/user_collect/user_collect_detail_page.dart	true	test/auto_test/mine/user_collect_detail_page.md	12	复制文本类收藏到剪贴板	MAPPING_REQUIRED	MAPPING_REQUIRED	RECONCILE_REQUIRED	TO_BE_DEFINED	PARSED
LEGACY:mine:user_collect_detail_page:006	F08	lib/page/mine/user_collect/user_collect_detail_page.dart	true	test/auto_test/mine/user_collect_detail_page.md	13	转发收藏给好友并推断消息类型	MAPPING_REQUIRED	MAPPING_REQUIRED	RECONCILE_REQUIRED	TO_BE_DEFINED	PARSED
LEGACY:mine:user_collect_detail_page:007	F08	lib/page/mine/user_collect/user_collect_detail_page.dart	true	test/auto_test/mine/user_collect_detail_page.md	14	转发构造失败时兜底错误提示	MAPPING_REQUIRED	MAPPING_REQUIRED	RECONCILE_REQUIRED	TO_BE_DEFINED	PARSED
LEGACY:mine:user_collect_detail_page:008	F08	lib/page/mine/user_collect/user_collect_detail_page.dart	true	test/auto_test/mine/user_collect_detail_page.md	15	编辑标签并回写到收藏列表	MAPPING_REQUIRED	MAPPING_REQUIRED	RECONCILE_REQUIRED	TO_BE_DEFINED	PARSED
LEGACY:mine:user_collect_detail_page:009	F08	lib/page/mine/user_collect/user_collect_detail_page.dart	true	test/auto_test/mine/user_collect_detail_page.md	16	设置备注并回写到收藏列表	MAPPING_REQUIRED	MAPPING_REQUIRED	RECONCILE_REQUIRED	TO_BE_DEFINED	PARSED
LEGACY:mine:user_collect_detail_page:010	F08	lib/page/mine/user_collect/user_collect_detail_page.dart	true	test/auto_test/mine/user_collect_detail_page.md	17	删除收藏成功后给出结果反馈	MAPPING_REQUIRED	MAPPING_REQUIRED	RECONCILE_REQUIRED	TO_BE_DEFINED	PARSED
LEGACY:mine:user_collect_detail_page:011	F08	lib/page/mine/user_collect/user_collect_detail_page.dart	true	test/auto_test/mine/user_collect_detail_page.md	18	点击取消关闭底部操作面板	MAPPING_REQUIRED	MAPPING_REQUIRED	RECONCILE_REQUIRED	TO_BE_DEFINED	PARSED
LEGACY:mine:user_collect_detail_page:012	F08	lib/page/mine/user_collect/user_collect_detail_page.dart	true	test/auto_test/mine/user_collect_detail_page.md	19	删除项使用 iosRed 破坏色	MAPPING_REQUIRED	MAPPING_REQUIRED	RECONCILE_REQUIRED	TO_BE_DEFINED	PARSED
LEGACY:mine:user_collect_page:001	F08	lib/page/mine/user_collect/user_collect_page.dart	true	test/auto_test/mine/user_collect_page.md	8	首屏加载收藏列表数据	MAPPING_REQUIRED	MAPPING_REQUIRED	RECONCILE_REQUIRED	TO_BE_DEFINED	PARSED
LEGACY:mine:user_collect_page:002	F08	lib/page/mine/user_collect/user_collect_page.dart	true	test/auto_test/mine/user_collect_page.md	9	滚动到底部自动加载下一页	MAPPING_REQUIRED	MAPPING_REQUIRED	RECONCILE_REQUIRED	TO_BE_DEFINED	PARSED
LEGACY:mine:user_collect_page:003	F08	lib/page/mine/user_collect/user_collect_page.dart	true	test/auto_test/mine/user_collect_page.md	10	搜索框输入防抖触发关键词搜索	MAPPING_REQUIRED	MAPPING_REQUIRED	RECONCILE_REQUIRED	TO_BE_DEFINED	PARSED
LEGACY:mine:user_collect_page:004	F08	lib/page/mine/user_collect/user_collect_page.dart	true	test/auto_test/mine/user_collect_page.md	11	点击清除按钮重置搜索结果	MAPPING_REQUIRED	MAPPING_REQUIRED	RECONCILE_REQUIRED	TO_BE_DEFINED	PARSED
LEGACY:mine:user_collect_page:005	F08	lib/page/mine/user_collect/user_collect_page.dart	true	test/auto_test/mine/user_collect_page.md	12	按九类类型筛选收藏内容	MAPPING_REQUIRED	MAPPING_REQUIRED	RECONCILE_REQUIRED	TO_BE_DEFINED	PARSED
LEGACY:mine:user_collect_page:006	F08	lib/page/mine/user_collect/user_collect_page.dart	true	test/auto_test/mine/user_collect_page.md	13	点击标签按标签筛选收藏	MAPPING_REQUIRED	MAPPING_REQUIRED	RECONCILE_REQUIRED	TO_BE_DEFINED	PARSED
LEGACY:mine:user_collect_page:007	F08	lib/page/mine/user_collect/user_collect_page.dart	true	test/auto_test/mine/user_collect_page.md	14	长按条目进入多选模式	MAPPING_REQUIRED	MAPPING_REQUIRED	RECONCILE_REQUIRED	TO_BE_DEFINED	PARSED
LEGACY:mine:user_collect_page:008	F08	lib/page/mine/user_collect/user_collect_page.dart	true	test/auto_test/mine/user_collect_page.md	15	多选栏全选当前列表全部条目	MAPPING_REQUIRED	MAPPING_REQUIRED	RECONCILE_REQUIRED	TO_BE_DEFINED	PARSED
LEGACY:mine:user_collect_page:009	F08	lib/page/mine/user_collect/user_collect_page.dart	true	test/auto_test/mine/user_collect_page.md	16	批量打标签弹窗输入与去重	MAPPING_REQUIRED	MAPPING_REQUIRED	RECONCILE_REQUIRED	TO_BE_DEFINED	PARSED
LEGACY:mine:user_collect_page:010	F08	lib/page/mine/user_collect/user_collect_page.dart	true	test/auto_test/mine/user_collect_page.md	17	批量删除并汇总成功失败数量	MAPPING_REQUIRED	MAPPING_REQUIRED	RECONCILE_REQUIRED	TO_BE_DEFINED	PARSED
LEGACY:mine:user_collect_page:011	F08	lib/page/mine/user_collect/user_collect_page.dart	true	test/auto_test/mine/user_collect_page.md	18	点击关闭退出多选模式	MAPPING_REQUIRED	MAPPING_REQUIRED	RECONCILE_REQUIRED	TO_BE_DEFINED	PARSED
LEGACY:mine:user_collect_page:012	F08	lib/page/mine/user_collect/user_collect_page.dart	true	test/auto_test/mine/user_collect_page.md	19	左滑置顶或取消置顶并本地持久化	MAPPING_REQUIRED	MAPPING_REQUIRED	RECONCILE_REQUIRED	TO_BE_DEFINED	PARSED
LEGACY:mine:user_collect_page:013	F08	lib/page/mine/user_collect/user_collect_page.dart	true	test/auto_test/mine/user_collect_page.md	20	右滑进入标签编辑页并回写	MAPPING_REQUIRED	MAPPING_REQUIRED	RECONCILE_REQUIRED	TO_BE_DEFINED	PARSED
LEGACY:mine:user_collect_page:014	F08	lib/page/mine/user_collect/user_collect_page.dart	true	test/auto_test/mine/user_collect_page.md	21	右滑删除弹出二次确认对话框	MAPPING_REQUIRED	MAPPING_REQUIRED	RECONCILE_REQUIRED	TO_BE_DEFINED	PARSED
LEGACY:mine:user_collect_page:015	F08	lib/page/mine/user_collect/user_collect_page.dart	true	test/auto_test/mine/user_collect_page.md	22	无数据时展示暂无收藏空态	MAPPING_REQUIRED	MAPPING_REQUIRED	RECONCILE_REQUIRED	TO_BE_DEFINED	PARSED
LEGACY:mine:user_collect_page:016	F08	lib/page/mine/user_collect/user_collect_page.dart	true	test/auto_test/mine/user_collect_page.md	23	加载失败展示错误横幅与重试	MAPPING_REQUIRED	MAPPING_REQUIRED	RECONCILE_REQUIRED	TO_BE_DEFINED	PARSED
LEGACY:mine:user_collect_page:017	F08	lib/page/mine/user_collect/user_collect_page.dart	true	test/auto_test/mine/user_collect_page.md	24	选择模式下弹出发送给确认框	MAPPING_REQUIRED	MAPPING_REQUIRED	RECONCILE_REQUIRED	TO_BE_DEFINED	PARSED
LEGACY:mine:user_device_detail_page:001	F08	lib/page/mine/user_device/user_device_detail_page.dart	true	test/auto_test/mine/user_device_detail_page.md	8	展示设备图标名称与类型卡片	MAPPING_REQUIRED	MAPPING_REQUIRED	RECONCILE_REQUIRED	TO_BE_DEFINED	PARSED
LEGACY:mine:user_device_detail_page:002	F08	lib/page/mine/user_device/user_device_detail_page.dart	true	test/auto_test/mine/user_device_detail_page.md	9	展示设备在线离线状态指示	MAPPING_REQUIRED	MAPPING_REQUIRED	RECONCILE_REQUIRED	TO_BE_DEFINED	PARSED
LEGACY:mine:user_device_detail_page:003	F08	lib/page/mine/user_device/user_device_detail_page.dart	true	test/auto_test/mine/user_device_detail_page.md	10	设备类型为空时兜底显示未知	MAPPING_REQUIRED	MAPPING_REQUIRED	RECONCILE_REQUIRED	TO_BE_DEFINED	PARSED
LEGACY:mine:user_device_detail_page:004	F08	lib/page/mine/user_device/user_device_detail_page.dart	true	test/auto_test/mine/user_device_detail_page.md	11	点击设备名称进入改名页	MAPPING_REQUIRED	MAPPING_REQUIRED	RECONCILE_REQUIRED	TO_BE_DEFINED	PARSED
LEGACY:mine:user_device_detail_page:005	F08	lib/page/mine/user_device/user_device_detail_page.dart	true	test/auto_test/mine/user_device_detail_page.md	12	改名成功后详情页名称即时更新	MAPPING_REQUIRED	MAPPING_REQUIRED	RECONCILE_REQUIRED	TO_BE_DEFINED	PARSED
LEGACY:mine:user_device_detail_page:006	F08	lib/page/mine/user_device/user_device_detail_page.dart	true	test/auto_test/mine/user_device_detail_page.md	13	格式化展示最后活跃时间	MAPPING_REQUIRED	MAPPING_REQUIRED	RECONCILE_REQUIRED	TO_BE_DEFINED	PARSED
LEGACY:mine:user_device_detail_page:007	F08	lib/page/mine/user_device/user_device_detail_page.dart	true	test/auto_test/mine/user_device_detail_page.md	14	无活跃时间时显示未知	MAPPING_REQUIRED	MAPPING_REQUIRED	RECONCILE_REQUIRED	TO_BE_DEFINED	PARSED
LEGACY:mine:user_device_detail_page:008	F08	lib/page/mine/user_device/user_device_detail_page.dart	true	test/auto_test/mine/user_device_detail_page.md	15	展示活跃时间说明提示卡片	MAPPING_REQUIRED	MAPPING_REQUIRED	RECONCILE_REQUIRED	TO_BE_DEFINED	PARSED
LEGACY:mine:user_device_detail_page:009	F08	lib/page/mine/user_device/user_device_detail_page.dart	true	test/auto_test/mine/user_device_detail_page.md	16	非当前设备才显示下线按钮	MAPPING_REQUIRED	MAPPING_REQUIRED	RECONCILE_REQUIRED	TO_BE_DEFINED	PARSED
LEGACY:mine:user_device_detail_page:010	F08	lib/page/mine/user_device/user_device_detail_page.dart	true	test/auto_test/mine/user_device_detail_page.md	17	设备离线时下线按钮置灰禁用	MAPPING_REQUIRED	MAPPING_REQUIRED	RECONCILE_REQUIRED	TO_BE_DEFINED	PARSED
LEGACY:mine:user_device_detail_page:011	F08	lib/page/mine/user_device/user_device_detail_page.dart	true	test/auto_test/mine/user_device_detail_page.md	18	强制下线二次确认并下发指令	MAPPING_REQUIRED	MAPPING_REQUIRED	RECONCILE_REQUIRED	TO_BE_DEFINED	PARSED
LEGACY:mine:user_device_detail_page:012	F08	lib/page/mine/user_device/user_device_detail_page.dart	true	test/auto_test/mine/user_device_detail_page.md	19	删除设备按钮用 iosRed 破坏色	MAPPING_REQUIRED	MAPPING_REQUIRED	RECONCILE_REQUIRED	TO_BE_DEFINED	PARSED
LEGACY:mine:user_device_detail_page:013	F08	lib/page/mine/user_device/user_device_detail_page.dart	true	test/auto_test/mine/user_device_detail_page.md	20	删除设备二次确认并返回列表	MAPPING_REQUIRED	MAPPING_REQUIRED	RECONCILE_REQUIRED	TO_BE_DEFINED	PARSED
LEGACY:mine:user_device_detail_page:014	F08	lib/page/mine/user_device/user_device_detail_page.dart	true	test/auto_test/mine/user_device_detail_page.md	21	切换语言后页面文案即时刷新	MAPPING_REQUIRED	MAPPING_REQUIRED	RECONCILE_REQUIRED	TO_BE_DEFINED	PARSED
LEGACY:mine:user_device_page:001	F08	lib/page/mine/user_device/user_device_page.dart	true	test/auto_test/mine/user_device_page.md	8	进入页面加载登录设备列表	MAPPING_REQUIRED	MAPPING_REQUIRED	RECONCILE_REQUIRED	TO_BE_DEFINED	PARSED
LEGACY:mine:user_device_page:002	F08	lib/page/mine/user_device/user_device_page.dart	true	test/auto_test/mine/user_device_page.md	9	展示顶部设备管理说明卡片	MAPPING_REQUIRED	MAPPING_REQUIRED	RECONCILE_REQUIRED	TO_BE_DEFINED	PARSED
LEGACY:mine:user_device_page:003	F08	lib/page/mine/user_device/user_device_page.dart	true	test/auto_test/mine/user_device_page.md	10	分组标题不与页面标题重复	MAPPING_REQUIRED	MAPPING_REQUIRED	RECONCILE_REQUIRED	TO_BE_DEFINED	PARSED
LEGACY:mine:user_device_page:004	F08	lib/page/mine/user_device/user_device_page.dart	true	test/auto_test/mine/user_device_page.md	11	设备名为空时显示兜底名称	MAPPING_REQUIRED	MAPPING_REQUIRED	RECONCILE_REQUIRED	TO_BE_DEFINED	PARSED
LEGACY:mine:user_device_page:005	F08	lib/page/mine/user_device/user_device_page.dart	true	test/auto_test/mine/user_device_page.md	12	当前设备显示本机徽标	MAPPING_REQUIRED	MAPPING_REQUIRED	RECONCILE_REQUIRED	TO_BE_DEFINED	PARSED
LEGACY:mine:user_device_page:006	F08	lib/page/mine/user_device/user_device_page.dart	true	test/auto_test/mine/user_device_page.md	13	展示在线离线状态点与文案	MAPPING_REQUIRED	MAPPING_REQUIRED	RECONCILE_REQUIRED	TO_BE_DEFINED	PARSED
LEGACY:mine:user_device_page:007	F08	lib/page/mine/user_device/user_device_page.dart	true	test/auto_test/mine/user_device_page.md	14	展示最后活跃时间相对格式	MAPPING_REQUIRED	MAPPING_REQUIRED	RECONCILE_REQUIRED	TO_BE_DEFINED	PARSED
LEGACY:mine:user_device_page:008	F08	lib/page/mine/user_device/user_device_page.dart	true	test/auto_test/mine/user_device_page.md	15	按设备类型映射对应图标	MAPPING_REQUIRED	MAPPING_REQUIRED	RECONCILE_REQUIRED	TO_BE_DEFINED	PARSED
LEGACY:mine:user_device_page:009	F08	lib/page/mine/user_device/user_device_page.dart	true	test/auto_test/mine/user_device_page.md	16	点击设备条目进入设备详情	MAPPING_REQUIRED	MAPPING_REQUIRED	RECONCILE_REQUIRED	TO_BE_DEFINED	PARSED
LEGACY:mine:user_device_page:010	F08	lib/page/mine/user_device/user_device_page.dart	true	test/auto_test/mine/user_device_page.md	17	左滑显示强制下线与删除操作	MAPPING_REQUIRED	MAPPING_REQUIRED	RECONCILE_REQUIRED	TO_BE_DEFINED	PARSED
LEGACY:mine:user_device_page:011	F08	lib/page/mine/user_device/user_device_page.dart	true	test/auto_test/mine/user_device_page.md	18	离线设备的强制下线按钮禁用	MAPPING_REQUIRED	MAPPING_REQUIRED	RECONCILE_REQUIRED	TO_BE_DEFINED	PARSED
LEGACY:mine:user_device_page:012	F08	lib/page/mine/user_device/user_device_page.dart	true	test/auto_test/mine/user_device_page.md	19	强制下线前弹出二次确认框	MAPPING_REQUIRED	MAPPING_REQUIRED	RECONCILE_REQUIRED	TO_BE_DEFINED	PARSED
LEGACY:mine:user_device_page:013	F08	lib/page/mine/user_device/user_device_page.dart	true	test/auto_test/mine/user_device_page.md	20	删除设备前弹出二次确认框	MAPPING_REQUIRED	MAPPING_REQUIRED	RECONCILE_REQUIRED	TO_BE_DEFINED	PARSED
LEGACY:mine:user_device_page:014	F08	lib/page/mine/user_device/user_device_page.dart	true	test/auto_test/mine/user_device_page.md	21	当前设备不提供滑动删除操作	MAPPING_REQUIRED	MAPPING_REQUIRED	RECONCILE_REQUIRED	TO_BE_DEFINED	PARSED
LEGACY:moment:moment_at_picker_page:001	F06	lib/page/moment/moment_friend_picker/moment_at_picker_page.dart	true	test/auto_test/moment/moment_at_picker_page.md	8	加载好友并按拼音 A-Z 排序	MAPPING_REQUIRED	MAPPING_REQUIRED	RECONCILE_REQUIRED	TO_BE_DEFINED	PARSED
LEGACY:moment:moment_at_picker_page:002	F06	lib/page/moment/moment_friend_picker/moment_at_picker_page.dart	true	test/auto_test/moment/moment_at_picker_page.md	9	索引栏动态生成且不溢出	MAPPING_REQUIRED	MAPPING_REQUIRED	RECONCILE_REQUIRED	TO_BE_DEFINED	PARSED
LEGACY:moment:moment_at_picker_page:003	F06	lib/page/moment/moment_friend_picker/moment_at_picker_page.dart	true	test/auto_test/moment/moment_at_picker_page.md	10	按昵称或拼音搜索过滤好友	MAPPING_REQUIRED	MAPPING_REQUIRED	RECONCILE_REQUIRED	TO_BE_DEFINED	PARSED
LEGACY:moment:moment_at_picker_page:004	F06	lib/page/moment/moment_friend_picker/moment_at_picker_page.dart	true	test/auto_test/moment/moment_at_picker_page.md	11	点击整行切换好友勾选状态	MAPPING_REQUIRED	MAPPING_REQUIRED	RECONCILE_REQUIRED	TO_BE_DEFINED	PARSED
LEGACY:moment:moment_at_picker_page:005	F06	lib/page/moment/moment_friend_picker/moment_at_picker_page.dart	true	test/auto_test/moment/moment_at_picker_page.md	12	再次进入回填已选好友勾选	MAPPING_REQUIRED	MAPPING_REQUIRED	RECONCILE_REQUIRED	TO_BE_DEFINED	PARSED
LEGACY:moment:moment_at_picker_page:006	F06	lib/page/moment/moment_friend_picker/moment_at_picker_page.dart	true	test/auto_test/moment/moment_at_picker_page.md	13	确认按钮显示当前已选人数	MAPPING_REQUIRED	MAPPING_REQUIRED	RECONCILE_REQUIRED	TO_BE_DEFINED	PARSED
LEGACY:moment:moment_at_picker_page:007	F06	lib/page/moment/moment_friend_picker/moment_at_picker_page.dart	true	test/auto_test/moment/moment_at_picker_page.md	14	确认返回 uid 与展示名映射	MAPPING_REQUIRED	MAPPING_REQUIRED	RECONCILE_REQUIRED	TO_BE_DEFINED	PARSED
LEGACY:moment:moment_at_picker_page:008	F06	lib/page/moment/moment_friend_picker/moment_at_picker_page.dart	true	test/auto_test/moment/moment_at_picker_page.md	15	取消返回上一页不带结果	MAPPING_REQUIRED	MAPPING_REQUIRED	RECONCILE_REQUIRED	TO_BE_DEFINED	PARSED
LEGACY:moment:moment_at_picker_page:009	F06	lib/page/moment/moment_friend_picker/moment_at_picker_page.dart	true	test/auto_test/moment/moment_at_picker_page.md	16	无好友时展示空态文案	MAPPING_REQUIRED	MAPPING_REQUIRED	RECONCILE_REQUIRED	TO_BE_DEFINED	PARSED
LEGACY:moment:moment_at_picker_page:010	F06	lib/page/moment/moment_friend_picker/moment_at_picker_page.dart	true	test/auto_test/moment/moment_at_picker_page.md	17	好友加载中展示转圈态	MAPPING_REQUIRED	MAPPING_REQUIRED	RECONCILE_REQUIRED	TO_BE_DEFINED	PARSED
LEGACY:moment:moment_create_page:001	F06	lib/page/moment/moment_create_page.dart	true	test/auto_test/moment/moment_create_page.md	8	空内容时「确认」按钮置灰	MAPPING_REQUIRED	MAPPING_REQUIRED	RECONCILE_REQUIRED	TO_BE_DEFINED	PARSED
LEGACY:moment:moment_create_page:002	F06	lib/page/moment/moment_create_page.dart	true	test/auto_test/moment/moment_create_page.md	9	工具栏随内容滚动不挤出「+」	MAPPING_REQUIRED	MAPPING_REQUIRED	RECONCILE_REQUIRED	TO_BE_DEFINED	PARSED
LEGACY:moment:moment_create_page:003	F06	lib/page/moment/moment_create_page.dart	true	test/auto_test/moment/moment_create_page.md	10	列表下拉即收起键盘	MAPPING_REQUIRED	MAPPING_REQUIRED	RECONCILE_REQUIRED	TO_BE_DEFINED	PARSED
LEGACY:moment:moment_create_page:004	F06	lib/page/moment/moment_create_page.dart	true	test/auto_test/moment/moment_create_page.md	11	相机拍照与录像后上传媒体	MAPPING_REQUIRED	MAPPING_REQUIRED	RECONCILE_REQUIRED	TO_BE_DEFINED	PARSED
LEGACY:moment:moment_create_page:005	F06	lib/page/moment/moment_create_page.dart	true	test/auto_test/moment/moment_create_page.md	12	输入正文并限制 5000 字上限	MAPPING_REQUIRED	MAPPING_REQUIRED	RECONCILE_REQUIRED	TO_BE_DEFINED	PARSED
LEGACY:moment:moment_create_page:006	F06	lib/page/moment/moment_create_page.dart	true	test/auto_test/moment/moment_create_page.md	13	相册多选图片视频批量上传	MAPPING_REQUIRED	MAPPING_REQUIRED	RECONCILE_REQUIRED	TO_BE_DEFINED	PARSED
LEGACY:moment:moment_create_page:007	F06	lib/page/moment/moment_create_page.dart	true	test/auto_test/moment/moment_create_page.md	14	上传失败项单独重试与删除	MAPPING_REQUIRED	MAPPING_REQUIRED	RECONCILE_REQUIRED	TO_BE_DEFINED	PARSED
LEGACY:moment:moment_create_page:008	F06	lib/page/moment/moment_create_page.dart	true	test/auto_test/moment/moment_create_page.md	15	可见性五选一并标记当前值	MAPPING_REQUIRED	MAPPING_REQUIRED	RECONCILE_REQUIRED	TO_BE_DEFINED	PARSED
LEGACY:moment:moment_create_page:009	F06	lib/page/moment/moment_create_page.dart	true	test/auto_test/moment/moment_create_page.md	16	部分可见/不给谁看跳选人并回填	MAPPING_REQUIRED	MAPPING_REQUIRED	RECONCILE_REQUIRED	TO_BE_DEFINED	PARSED
LEGACY:moment:moment_create_page:010	F06	lib/page/moment/moment_create_page.dart	true	test/auto_test/moment/moment_create_page.md	17	选择所在位置与清除位置	MAPPING_REQUIRED	MAPPING_REQUIRED	RECONCILE_REQUIRED	TO_BE_DEFINED	PARSED
LEGACY:moment:moment_create_page:011	F06	lib/page/moment/moment_create_page.dart	true	test/auto_test/moment/moment_create_page.md	18	提醒谁看选人并展示摘要	MAPPING_REQUIRED	MAPPING_REQUIRED	RECONCILE_REQUIRED	TO_BE_DEFINED	PARSED
LEGACY:moment:moment_create_page:012	F06	lib/page/moment/moment_create_page.dart	true	test/auto_test/moment/moment_create_page.md	19	切换是否允许评论开关	MAPPING_REQUIRED	MAPPING_REQUIRED	RECONCILE_REQUIRED	TO_BE_DEFINED	PARSED
LEGACY:moment:moment_create_page:013	F06	lib/page/moment/moment_create_page.dart	true	test/auto_test/moment/moment_create_page.md	20	发布成功清草稿失败存草稿恢复	MAPPING_REQUIRED	MAPPING_REQUIRED	RECONCILE_REQUIRED	TO_BE_DEFINED	PARSED
LEGACY:moment:moment_create_page:014	F06	lib/page/moment/moment_create_page.dart	true	test/auto_test/moment/moment_create_page.md	21	有未保存内容退出弹确认框	MAPPING_REQUIRED	MAPPING_REQUIRED	RECONCILE_REQUIRED	TO_BE_DEFINED	PARSED
LEGACY:moment:moment_detail_page:001	F06	lib/page/moment/moment_detail_page.dart	true	test/auto_test/moment/moment_detail_page.md	8	评论「加载更多」按钮显示条件	MAPPING_REQUIRED	MAPPING_REQUIRED	RECONCILE_REQUIRED	TO_BE_DEFINED	PARSED
LEGACY:moment:moment_detail_page:002	F06	lib/page/moment/moment_detail_page.dart	true	test/auto_test/moment/moment_detail_page.md	9	取消点赞按钮文案多语言正确	MAPPING_REQUIRED	MAPPING_REQUIRED	RECONCILE_REQUIRED	TO_BE_DEFINED	PARSED
LEGACY:moment:moment_detail_page:003	F06	lib/page/moment/moment_detail_page.dart	true	test/auto_test/moment/moment_detail_page.md	10	加载动态详情并渲染正文媒体	MAPPING_REQUIRED	MAPPING_REQUIRED	RECONCILE_REQUIRED	TO_BE_DEFINED	PARSED
LEGACY:moment:moment_detail_page:004	F06	lib/page/moment/moment_detail_page.dart	true	test/auto_test/moment/moment_detail_page.md	11	发表评论并更新评论计数	MAPPING_REQUIRED	MAPPING_REQUIRED	RECONCILE_REQUIRED	TO_BE_DEFINED	PARSED
LEGACY:moment:moment_detail_page:005	F06	lib/page/moment/moment_detail_page.dart	true	test/auto_test/moment/moment_detail_page.md	12	点击评论回复指定人并可取消	MAPPING_REQUIRED	MAPPING_REQUIRED	RECONCILE_REQUIRED	TO_BE_DEFINED	PARSED
LEGACY:moment:moment_detail_page:006	F06	lib/page/moment/moment_detail_page.dart	true	test/auto_test/moment/moment_detail_page.md	13	长按评论弹出复制删除菜单	MAPPING_REQUIRED	MAPPING_REQUIRED	RECONCILE_REQUIRED	TO_BE_DEFINED	PARSED
LEGACY:moment:moment_detail_page:007	F06	lib/page/moment/moment_detail_page.dart	true	test/auto_test/moment/moment_detail_page.md	14	删除评论并回减评论计数	MAPPING_REQUIRED	MAPPING_REQUIRED	RECONCILE_REQUIRED	TO_BE_DEFINED	PARSED
LEGACY:moment:moment_detail_page:008	F06	lib/page/moment/moment_detail_page.dart	true	test/auto_test/moment/moment_detail_page.md	15	点赞取消赞乐观更新与防抖	MAPPING_REQUIRED	MAPPING_REQUIRED	RECONCILE_REQUIRED	TO_BE_DEFINED	PARSED
LEGACY:moment:moment_detail_page:009	F06	lib/page/moment/moment_detail_page.dart	true	test/auto_test/moment/moment_detail_page.md	16	顶栏「•••」弹出动态操作面板	MAPPING_REQUIRED	MAPPING_REQUIRED	RECONCILE_REQUIRED	TO_BE_DEFINED	PARSED
LEGACY:moment:moment_detail_page:010	F06	lib/page/moment/moment_detail_page.dart	true	test/auto_test/moment/moment_detail_page.md	17	举报他人动态并选择六种理由	MAPPING_REQUIRED	MAPPING_REQUIRED	RECONCILE_REQUIRED	TO_BE_DEFINED	PARSED
LEGACY:moment:moment_detail_page:011	F06	lib/page/moment/moment_detail_page.dart	true	test/auto_test/moment/moment_detail_page.md	18	删除本人动态并二次确认返回	MAPPING_REQUIRED	MAPPING_REQUIRED	RECONCILE_REQUIRED	TO_BE_DEFINED	PARSED
LEGACY:moment:moment_detail_page:012	F06	lib/page/moment/moment_detail_page.dart	true	test/auto_test/moment/moment_detail_page.md	19	点击图片进入大图浏览画廊	MAPPING_REQUIRED	MAPPING_REQUIRED	RECONCILE_REQUIRED	TO_BE_DEFINED	PARSED
LEGACY:moment:moment_detail_page:013	F06	lib/page/moment/moment_detail_page.dart	true	test/auto_test/moment/moment_detail_page.md	20	下拉刷新与加载失败重试	MAPPING_REQUIRED	MAPPING_REQUIRED	RECONCILE_REQUIRED	TO_BE_DEFINED	PARSED
LEGACY:moment:moment_feed_page:001	F06	lib/page/moment/moment_feed_page.dart	true	test/auto_test/moment/moment_feed_page.md	8	首屏加载并渲染朋友圈信息流	MAPPING_REQUIRED	MAPPING_REQUIRED	RECONCILE_REQUIRED	TO_BE_DEFINED	PARSED
LEGACY:moment:moment_feed_page:002	F06	lib/page/moment/moment_feed_page.dart	true	test/auto_test/moment/moment_feed_page.md	9	下拉刷新与缓存降级横幅重试	MAPPING_REQUIRED	MAPPING_REQUIRED	RECONCILE_REQUIRED	TO_BE_DEFINED	PARSED
LEGACY:moment:moment_feed_page:003	F06	lib/page/moment/moment_feed_page.dart	true	test/auto_test/moment/moment_feed_page.md	10	滚动触底加载更多与失败重试	MAPPING_REQUIRED	MAPPING_REQUIRED	RECONCILE_REQUIRED	TO_BE_DEFINED	PARSED
LEGACY:moment:moment_feed_page:004	F06	lib/page/moment/moment_feed_page.dart	true	test/auto_test/moment/moment_feed_page.md	11	点赞取消赞乐观更新与防抖	MAPPING_REQUIRED	MAPPING_REQUIRED	RECONCILE_REQUIRED	TO_BE_DEFINED	PARSED
LEGACY:moment:moment_feed_page:005	F06	lib/page/moment/moment_feed_page.dart	true	test/auto_test/moment/moment_feed_page.md	12	点「•••」弹出卡片操作面板	MAPPING_REQUIRED	MAPPING_REQUIRED	RECONCILE_REQUIRED	TO_BE_DEFINED	PARSED
LEGACY:moment:moment_feed_page:006	F06	lib/page/moment/moment_feed_page.dart	true	test/auto_test/moment/moment_feed_page.md	13	删除自己的动态并二次确认	MAPPING_REQUIRED	MAPPING_REQUIRED	RECONCILE_REQUIRED	TO_BE_DEFINED	PARSED
LEGACY:moment:moment_feed_page:007	F06	lib/page/moment/moment_feed_page.dart	true	test/auto_test/moment/moment_feed_page.md	14	调起系统分享面板分享动态	MAPPING_REQUIRED	MAPPING_REQUIRED	RECONCILE_REQUIRED	TO_BE_DEFINED	PARSED
LEGACY:moment:moment_feed_page:008	F06	lib/page/moment/moment_feed_page.dart	true	test/auto_test/moment/moment_feed_page.md	15	点击卡片进入动态详情页	MAPPING_REQUIRED	MAPPING_REQUIRED	RECONCILE_REQUIRED	TO_BE_DEFINED	PARSED
LEGACY:moment:moment_feed_page:009	F06	lib/page/moment/moment_feed_page.dart	true	test/auto_test/moment/moment_feed_page.md	16	点作者头像或昵称进资料页	MAPPING_REQUIRED	MAPPING_REQUIRED	RECONCILE_REQUIRED	TO_BE_DEFINED	PARSED
LEGACY:moment:moment_feed_page:010	F06	lib/page/moment/moment_feed_page.dart	true	test/auto_test/moment/moment_feed_page.md	17	长文「全文/收起」折叠展开	MAPPING_REQUIRED	MAPPING_REQUIRED	RECONCILE_REQUIRED	TO_BE_DEFINED	PARSED
LEGACY:moment:moment_feed_page:011	F06	lib/page/moment/moment_feed_page.dart	true	test/auto_test/moment/moment_feed_page.md	18	点击图片进入大图浏览画廊	MAPPING_REQUIRED	MAPPING_REQUIRED	RECONCILE_REQUIRED	TO_BE_DEFINED	PARSED
LEGACY:moment:moment_feed_page:012	F06	lib/page/moment/moment_feed_page.dart	true	test/auto_test/moment/moment_feed_page.md	19	视频进入可视区自动播放与点播	MAPPING_REQUIRED	MAPPING_REQUIRED	RECONCILE_REQUIRED	TO_BE_DEFINED	PARSED
LEGACY:moment:moment_feed_page:013	F06	lib/page/moment/moment_feed_page.dart	true	test/auto_test/moment/moment_feed_page.md	20	顶栏铃铛未读徽章与发布入口	MAPPING_REQUIRED	MAPPING_REQUIRED	RECONCILE_REQUIRED	TO_BE_DEFINED	PARSED
LEGACY:moment:moment_friend_picker_page:001	F06	lib/page/moment/moment_friend_picker/moment_friend_picker_page.dart	true	test/auto_test/moment/moment_friend_picker_page.md	8	索引栏按可用高度压缩不溢出	MAPPING_REQUIRED	MAPPING_REQUIRED	RECONCILE_REQUIRED	TO_BE_DEFINED	PARSED
LEGACY:moment:moment_friend_picker_page:002	F06	lib/page/moment/moment_friend_picker/moment_friend_picker_page.dart	true	test/auto_test/moment/moment_friend_picker_page.md	9	可见性面板标记当前选中项	MAPPING_REQUIRED	MAPPING_REQUIRED	RECONCILE_REQUIRED	TO_BE_DEFINED	PARSED
LEGACY:moment:moment_friend_picker_page:003	F06	lib/page/moment/moment_friend_picker/moment_friend_picker_page.dart	true	test/auto_test/moment/moment_friend_picker_page.md	10	五种可见性单选切换	MAPPING_REQUIRED	MAPPING_REQUIRED	RECONCILE_REQUIRED	TO_BE_DEFINED	PARSED
LEGACY:moment:moment_friend_picker_page:004	F06	lib/page/moment/moment_friend_picker/moment_friend_picker_page.dart	true	test/auto_test/moment/moment_friend_picker_page.md	11	切到名单模式惰性拉好友与标签	MAPPING_REQUIRED	MAPPING_REQUIRED	RECONCILE_REQUIRED	TO_BE_DEFINED	PARSED
LEGACY:moment:moment_friend_picker_page:005	F06	lib/page/moment/moment_friend_picker/moment_friend_picker_page.dart	true	test/auto_test/moment/moment_friend_picker_page.md	12	点击标签 Chip 全选或取消全选	MAPPING_REQUIRED	MAPPING_REQUIRED	RECONCILE_REQUIRED	TO_BE_DEFINED	PARSED
LEGACY:moment:moment_friend_picker_page:006	F06	lib/page/moment/moment_friend_picker/moment_friend_picker_page.dart	true	test/auto_test/moment/moment_friend_picker_page.md	13	标签成员拉取失败提示并可重试	MAPPING_REQUIRED	MAPPING_REQUIRED	RECONCILE_REQUIRED	TO_BE_DEFINED	PARSED
LEGACY:moment:moment_friend_picker_page:007	F06	lib/page/moment/moment_friend_picker/moment_friend_picker_page.dart	true	test/auto_test/moment/moment_friend_picker_page.md	14	按昵称或拼音搜索过滤好友	MAPPING_REQUIRED	MAPPING_REQUIRED	RECONCILE_REQUIRED	TO_BE_DEFINED	PARSED
LEGACY:moment:moment_friend_picker_page:008	F06	lib/page/moment/moment_friend_picker/moment_friend_picker_page.dart	true	test/auto_test/moment/moment_friend_picker_page.md	15	点击好友行切换勾选状态	MAPPING_REQUIRED	MAPPING_REQUIRED	RECONCILE_REQUIRED	TO_BE_DEFINED	PARSED
LEGACY:moment:moment_friend_picker_page:009	F06	lib/page/moment/moment_friend_picker/moment_friend_picker_page.dart	true	test/auto_test/moment/moment_friend_picker_page.md	16	底部条展示当前已选人数	MAPPING_REQUIRED	MAPPING_REQUIRED	RECONCILE_REQUIRED	TO_BE_DEFINED	PARSED
LEGACY:moment:moment_friend_picker_page:010	F06	lib/page/moment/moment_friend_picker/moment_friend_picker_page.dart	true	test/auto_test/moment/moment_friend_picker_page.md	17	确认返回可见性与允许排除名单	MAPPING_REQUIRED	MAPPING_REQUIRED	RECONCILE_REQUIRED	TO_BE_DEFINED	PARSED
LEGACY:moment:moment_friend_picker_page:011	F06	lib/page/moment/moment_friend_picker/moment_friend_picker_page.dart	true	test/auto_test/moment/moment_friend_picker_page.md	18	取消返回上一页不带结果	MAPPING_REQUIRED	MAPPING_REQUIRED	RECONCILE_REQUIRED	TO_BE_DEFINED	PARSED
LEGACY:moment:moment_friend_picker_page:012	F06	lib/page/moment/moment_friend_picker/moment_friend_picker_page.dart	true	test/auto_test/moment/moment_friend_picker_page.md	19	无好友时展示空态文案	MAPPING_REQUIRED	MAPPING_REQUIRED	RECONCILE_REQUIRED	TO_BE_DEFINED	PARSED
LEGACY:moment:moment_notify_page:001	F06	lib/page/moment/moment_notify/moment_notify_page.dart	true	test/auto_test/moment/moment_notify_page.md	8	页面标题表达通知类型	MAPPING_REQUIRED	MAPPING_REQUIRED	RECONCILE_REQUIRED	TO_BE_DEFINED	PARSED
LEGACY:moment:moment_notify_page:002	F06	lib/page/moment/moment_notify/moment_notify_page.dart	true	test/auto_test/moment/moment_notify_page.md	9	无通知时展示友好空态	MAPPING_REQUIRED	MAPPING_REQUIRED	RECONCILE_REQUIRED	TO_BE_DEFINED	PARSED
LEGACY:moment:moment_notify_page:003	F06	lib/page/moment/moment_notify/moment_notify_page.dart	true	test/auto_test/moment/moment_notify_page.md	10	加载并渲染点赞评论通知列表	MAPPING_REQUIRED	MAPPING_REQUIRED	RECONCILE_REQUIRED	TO_BE_DEFINED	PARSED
LEGACY:moment:moment_notify_page:004	F06	lib/page/moment/moment_notify/moment_notify_page.dart	true	test/auto_test/moment/moment_notify_page.md	11	下拉刷新重新拉取通知	MAPPING_REQUIRED	MAPPING_REQUIRED	RECONCILE_REQUIRED	TO_BE_DEFINED	PARSED
LEGACY:moment:moment_notify_page:005	F06	lib/page/moment/moment_notify/moment_notify_page.dart	true	test/auto_test/moment/moment_notify_page.md	12	滚动触底加载下一页通知	MAPPING_REQUIRED	MAPPING_REQUIRED	RECONCILE_REQUIRED	TO_BE_DEFINED	PARSED
LEGACY:moment:moment_notify_page:006	F06	lib/page/moment/moment_notify/moment_notify_page.dart	true	test/auto_test/moment/moment_notify_page.md	13	点击「全部已读」清空未读数	MAPPING_REQUIRED	MAPPING_REQUIRED	RECONCILE_REQUIRED	TO_BE_DEFINED	PARSED
LEGACY:moment:moment_notify_page:007	F06	lib/page/moment/moment_notify/moment_notify_page.dart	true	test/auto_test/moment/moment_notify_page.md	14	点击清空按钮弹出确认框	MAPPING_REQUIRED	MAPPING_REQUIRED	RECONCILE_REQUIRED	TO_BE_DEFINED	PARSED
LEGACY:moment:moment_notify_page:008	F06	lib/page/moment/moment_notify/moment_notify_page.dart	true	test/auto_test/moment/moment_notify_page.md	15	确认后清空全部通知记录	MAPPING_REQUIRED	MAPPING_REQUIRED	RECONCILE_REQUIRED	TO_BE_DEFINED	PARSED
LEGACY:moment:moment_notify_page:009	F06	lib/page/moment/moment_notify/moment_notify_page.dart	true	test/auto_test/moment/moment_notify_page.md	16	左滑删除单条通知	MAPPING_REQUIRED	MAPPING_REQUIRED	RECONCILE_REQUIRED	TO_BE_DEFINED	PARSED
LEGACY:moment:moment_notify_page:010	F06	lib/page/moment/moment_notify/moment_notify_page.dart	true	test/auto_test/moment/moment_notify_page.md	17	点击单条标记已读并跳详情	MAPPING_REQUIRED	MAPPING_REQUIRED	RECONCILE_REQUIRED	TO_BE_DEFINED	PARSED
LEGACY:moment:moment_notify_page:011	F06	lib/page/moment/moment_notify/moment_notify_page.dart	true	test/auto_test/moment/moment_notify_page.md	18	点击头像进入通知发起人资料	MAPPING_REQUIRED	MAPPING_REQUIRED	RECONCILE_REQUIRED	TO_BE_DEFINED	PARSED
LEGACY:moment:moment_notify_page:012	F06	lib/page/moment/moment_notify/moment_notify_page.dart	true	test/auto_test/moment/moment_notify_page.md	19	加载失败提示并展示重试空态	MAPPING_REQUIRED	MAPPING_REQUIRED	RECONCILE_REQUIRED	TO_BE_DEFINED	PARSED
LEGACY:organization:organization_departments_page:001	F09	lib/modules/organization/presentation/organization_departments_page.dart	true	test/auto_test/organization/organization_departments_page.md	9	触发第 1 处 menu_item 交互入口	MAPPING_REQUIRED	MAPPING_REQUIRED	RECONCILE_REQUIRED	TO_BE_DEFINED	PARSED
LEGACY:organization:organization_departments_page:002	F09	lib/modules/organization/presentation/organization_departments_page.dart	true	test/auto_test/organization/organization_departments_page.md	10	触发第 2 处 button 交互入口	MAPPING_REQUIRED	MAPPING_REQUIRED	RECONCILE_REQUIRED	TO_BE_DEFINED	PARSED
LEGACY:organization:organization_departments_page:003	F09	lib/modules/organization/presentation/organization_departments_page.dart	true	test/auto_test/organization/organization_departments_page.md	11	触发第 3 处 button 交互入口	MAPPING_REQUIRED	MAPPING_REQUIRED	RECONCILE_REQUIRED	TO_BE_DEFINED	PARSED
LEGACY:organization:organization_departments_page:004	F09	lib/modules/organization/presentation/organization_departments_page.dart	true	test/auto_test/organization/organization_departments_page.md	12	触发第 4 处 menu_item 交互入口	MAPPING_REQUIRED	MAPPING_REQUIRED	RECONCILE_REQUIRED	TO_BE_DEFINED	PARSED
LEGACY:organization:organization_departments_page:005	F09	lib/modules/organization/presentation/organization_departments_page.dart	true	test/auto_test/organization/organization_departments_page.md	13	触发「暂无成员」menu_item 交互	MAPPING_REQUIRED	MAPPING_REQUIRED	RECONCILE_REQUIRED	TO_BE_DEFINED	PARSED
LEGACY:organization:organization_departments_page:006	F09	lib/modules/organization/presentation/organization_departments_page.dart	true	test/auto_test/organization/organization_departments_page.md	14	触发第 6 处 menu_item 交互入口	MAPPING_REQUIRED	MAPPING_REQUIRED	RECONCILE_REQUIRED	TO_BE_DEFINED	PARSED
LEGACY:organization:organization_departments_page:007	F09	lib/modules/organization/presentation/organization_departments_page.dart	true	test/auto_test/organization/organization_departments_page.md	15	触发第 7 处 menu_item 交互入口	MAPPING_REQUIRED	MAPPING_REQUIRED	RECONCILE_REQUIRED	TO_BE_DEFINED	PARSED
LEGACY:organization:organization_departments_page:008	F09	lib/modules/organization/presentation/organization_departments_page.dart	true	test/auto_test/organization/organization_departments_page.md	16	触发「在其下新建子部门」button 交互	MAPPING_REQUIRED	MAPPING_REQUIRED	RECONCILE_REQUIRED	TO_BE_DEFINED	PARSED
LEGACY:organization:organization_departments_page:009	F09	lib/modules/organization/presentation/organization_departments_page.dart	true	test/auto_test/organization/organization_departments_page.md	17	触发第 9 处 menu_item 交互入口	MAPPING_REQUIRED	MAPPING_REQUIRED	RECONCILE_REQUIRED	TO_BE_DEFINED	PARSED
LEGACY:organization:organization_departments_page:010	F09	lib/modules/organization/presentation/organization_departments_page.dart	true	test/auto_test/organization/organization_departments_page.md	18	触发「重命名」button 交互	MAPPING_REQUIRED	MAPPING_REQUIRED	RECONCILE_REQUIRED	TO_BE_DEFINED	PARSED
LEGACY:organization:organization_departments_page:011	F09	lib/modules/organization/presentation/organization_departments_page.dart	true	test/auto_test/organization/organization_departments_page.md	19	触发第 11 处 menu_item 交互入口	MAPPING_REQUIRED	MAPPING_REQUIRED	RECONCILE_REQUIRED	TO_BE_DEFINED	PARSED
LEGACY:organization:organization_departments_page:012	F09	lib/modules/organization/presentation/organization_departments_page.dart	true	test/auto_test/organization/organization_departments_page.md	20	触发「移动（选择新父部门）」button 交互	MAPPING_REQUIRED	MAPPING_REQUIRED	RECONCILE_REQUIRED	TO_BE_DEFINED	PARSED
LEGACY:organization:organization_departments_page:013	F09	lib/modules/organization/presentation/organization_departments_page.dart	true	test/auto_test/organization/organization_departments_page.md	21	触发第 13 处 menu_item 交互入口	MAPPING_REQUIRED	MAPPING_REQUIRED	RECONCILE_REQUIRED	TO_BE_DEFINED	PARSED
LEGACY:organization:organization_departments_page:014	F09	lib/modules/organization/presentation/organization_departments_page.dart	true	test/auto_test/organization/organization_departments_page.md	22	触发「添加成员（按 UID）」button 交互	MAPPING_REQUIRED	MAPPING_REQUIRED	RECONCILE_REQUIRED	TO_BE_DEFINED	PARSED
LEGACY:organization:organization_departments_page:015	F09	lib/modules/organization/presentation/organization_departments_page.dart	true	test/auto_test/organization/organization_departments_page.md	23	触发第 15 处 menu_item 交互入口	MAPPING_REQUIRED	MAPPING_REQUIRED	RECONCILE_REQUIRED	TO_BE_DEFINED	PARSED
LEGACY:organization:organization_departments_page:016	F09	lib/modules/organization/presentation/organization_departments_page.dart	true	test/auto_test/organization/organization_departments_page.md	24	触发「归档部门」button 交互	MAPPING_REQUIRED	MAPPING_REQUIRED	RECONCILE_REQUIRED	TO_BE_DEFINED	PARSED
LEGACY:organization:organization_departments_page:017	F09	lib/modules/organization/presentation/organization_departments_page.dart	true	test/auto_test/organization/organization_departments_page.md	25	触发第 17 处 button 交互入口	MAPPING_REQUIRED	MAPPING_REQUIRED	RECONCILE_REQUIRED	TO_BE_DEFINED	PARSED
LEGACY:organization:organization_departments_page:018	F09	lib/modules/organization/presentation/organization_departments_page.dart	true	test/auto_test/organization/organization_departments_page.md	26	触发「无权查看（仅限本组织在职成员）」button 交互	MAPPING_REQUIRED	MAPPING_REQUIRED	RECONCILE_REQUIRED	TO_BE_DEFINED	PARSED
LEGACY:organization:organization_departments_page:019	F09	lib/modules/organization/presentation/organization_departments_page.dart	true	test/auto_test/organization/organization_departments_page.md	27	触发第 19 处 menu_item 交互入口	MAPPING_REQUIRED	MAPPING_REQUIRED	RECONCILE_REQUIRED	TO_BE_DEFINED	PARSED
LEGACY:organization:organization_detail_page:001	F09	lib/modules/organization/presentation/organization_detail_page.dart	true	test/auto_test/organization/organization_detail_page.md	9	本人退出企业：确认/取消、交接拒绝、成功清理空间及负责人提示	MAPPING_REQUIRED	MAPPING_REQUIRED	RECONCILE_REQUIRED	TO_BE_DEFINED	PARSED
LEGACY:organization:organization_detail_page:002	F09	lib/modules/organization/presentation/organization_detail_page.dart	true	test/auto_test/organization/organization_detail_page.md	10	触发「阻塞项：」menu_item 交互	MAPPING_REQUIRED	MAPPING_REQUIRED	RECONCILE_REQUIRED	TO_BE_DEFINED	PARSED
LEGACY:organization:organization_detail_page:003	F09	lib/modules/organization/presentation/organization_detail_page.dart	true	test/auto_test/organization/organization_detail_page.md	11	触发「关闭」button 交互	MAPPING_REQUIRED	MAPPING_REQUIRED	RECONCILE_REQUIRED	TO_BE_DEFINED	PARSED
LEGACY:organization:organization_detail_page:004	F09	lib/modules/organization/presentation/organization_detail_page.dart	true	test/auto_test/organization/organization_detail_page.md	12	触发第 3 处 button 交互入口	MAPPING_REQUIRED	MAPPING_REQUIRED	RECONCILE_REQUIRED	TO_BE_DEFINED	PARSED
LEGACY:organization:organization_detail_page:005	F09	lib/modules/organization/presentation/organization_detail_page.dart	true	test/auto_test/organization/organization_detail_page.md	13	触发第 4 处 menu_item 交互入口	MAPPING_REQUIRED	MAPPING_REQUIRED	RECONCILE_REQUIRED	TO_BE_DEFINED	PARSED
LEGACY:organization:organization_detail_page:006	F09	lib/modules/organization/presentation/organization_detail_page.dart	true	test/auto_test/organization/organization_detail_page.md	14	触发第 5 处 menu_item 交互入口	MAPPING_REQUIRED	MAPPING_REQUIRED	RECONCILE_REQUIRED	TO_BE_DEFINED	PARSED
LEGACY:organization:organization_detail_page:007	F09	lib/modules/organization/presentation/organization_detail_page.dart	true	test/auto_test/organization/organization_detail_page.md	15	触发「组织已归档（只读）」menu_item 交互	MAPPING_REQUIRED	MAPPING_REQUIRED	RECONCILE_REQUIRED	TO_BE_DEFINED	PARSED
LEGACY:organization:organization_detail_page:008	F09	lib/modules/organization/presentation/organization_detail_page.dart	true	test/auto_test/organization/organization_detail_page.md	16	触发第 7 处 menu_item 交互入口	MAPPING_REQUIRED	MAPPING_REQUIRED	RECONCILE_REQUIRED	TO_BE_DEFINED	PARSED
LEGACY:organization:organization_detail_page:009	F09	lib/modules/organization/presentation/organization_detail_page.dart	true	test/auto_test/organization/organization_detail_page.md	17	触发第 8 处 button 交互入口	MAPPING_REQUIRED	MAPPING_REQUIRED	RECONCILE_REQUIRED	TO_BE_DEFINED	PARSED
LEGACY:organization:organization_detail_page:010	F09	lib/modules/organization/presentation/organization_detail_page.dart	true	test/auto_test/organization/organization_detail_page.md	18	触发第 9 处 menu_item 交互入口	MAPPING_REQUIRED	MAPPING_REQUIRED	RECONCILE_REQUIRED	TO_BE_DEFINED	PARSED
LEGACY:organization:organization_detail_page:011	F09	lib/modules/organization/presentation/organization_detail_page.dart	true	test/auto_test/organization/organization_detail_page.md	19	触发第 10 处 button 交互入口	MAPPING_REQUIRED	MAPPING_REQUIRED	RECONCILE_REQUIRED	TO_BE_DEFINED	PARSED
LEGACY:organization:organization_detail_page:012	F09	lib/modules/organization/presentation/organization_detail_page.dart	true	test/auto_test/organization/organization_detail_page.md	20	触发第 11 处 menu_item 交互入口	MAPPING_REQUIRED	MAPPING_REQUIRED	RECONCILE_REQUIRED	TO_BE_DEFINED	PARSED
LEGACY:organization:organization_detail_page:013	F09	lib/modules/organization/presentation/organization_detail_page.dart	true	test/auto_test/organization/organization_detail_page.md	21	触发第 12 处 button 交互入口	MAPPING_REQUIRED	MAPPING_REQUIRED	RECONCILE_REQUIRED	TO_BE_DEFINED	PARSED
LEGACY:organization:organization_detail_page:014	F09	lib/modules/organization/presentation/organization_detail_page.dart	true	test/auto_test/organization/organization_detail_page.md	22	触发「更多」menu_item 交互	MAPPING_REQUIRED	MAPPING_REQUIRED	RECONCILE_REQUIRED	TO_BE_DEFINED	PARSED
LEGACY:organization:organization_detail_page:015	F09	lib/modules/organization/presentation/organization_detail_page.dart	true	test/auto_test/organization/organization_detail_page.md	23	触发第 14 处 menu_item 交互入口	MAPPING_REQUIRED	MAPPING_REQUIRED	RECONCILE_REQUIRED	TO_BE_DEFINED	PARSED
LEGACY:organization:organization_detail_page:016	F09	lib/modules/organization/presentation/organization_detail_page.dart	true	test/auto_test/organization/organization_detail_page.md	24	触发「账号删除预检」button 交互	MAPPING_REQUIRED	MAPPING_REQUIRED	RECONCILE_REQUIRED	TO_BE_DEFINED	PARSED
LEGACY:organization:organization_detail_page:017	F09	lib/modules/organization/presentation/organization_detail_page.dart	true	test/auto_test/organization/organization_detail_page.md	25	触发第 16 处 menu_item 交互入口	MAPPING_REQUIRED	MAPPING_REQUIRED	RECONCILE_REQUIRED	TO_BE_DEFINED	PARSED
LEGACY:organization:organization_detail_page:018	F09	lib/modules/organization/presentation/organization_detail_page.dart	true	test/auto_test/organization/organization_detail_page.md	26	触发「进入只读态；可随时恢复」button 交互	MAPPING_REQUIRED	MAPPING_REQUIRED	RECONCILE_REQUIRED	TO_BE_DEFINED	PARSED
LEGACY:organization:organization_detail_page:019	F09	lib/modules/organization/presentation/organization_detail_page.dart	true	test/auto_test/organization/organization_detail_page.md	27	触发第 18 处 menu_item 交互入口	MAPPING_REQUIRED	MAPPING_REQUIRED	RECONCILE_REQUIRED	TO_BE_DEFINED	PARSED
LEGACY:organization:organization_detail_page:020	F09	lib/modules/organization/presentation/organization_detail_page.dart	true	test/auto_test/organization/organization_detail_page.md	28	触发「恢复组织」button 交互	MAPPING_REQUIRED	MAPPING_REQUIRED	RECONCILE_REQUIRED	TO_BE_DEFINED	PARSED
LEGACY:organization:organization_home_page:001	F09	lib/modules/organization/presentation/organization_home_page.dart	true	test/auto_test/organization/organization_home_page.md	9	触发第 1 处 button 交互入口	MAPPING_REQUIRED	MAPPING_REQUIRED	RECONCILE_REQUIRED	TO_BE_DEFINED	PARSED
LEGACY:organization:organization_home_page:002	F09	lib/modules/organization/presentation/organization_home_page.dart	true	test/auto_test/organization/organization_home_page.md	10	触发第 2 处 button 交互入口	MAPPING_REQUIRED	MAPPING_REQUIRED	RECONCILE_REQUIRED	TO_BE_DEFINED	PARSED
LEGACY:organization:organization_home_page:003	F09	lib/modules/organization/presentation/organization_home_page.dart	true	test/auto_test/organization/organization_home_page.md	11	触发第 3 处 menu_item 交互入口	MAPPING_REQUIRED	MAPPING_REQUIRED	RECONCILE_REQUIRED	TO_BE_DEFINED	PARSED
LEGACY:organization:organization_home_page:004	F09	lib/modules/organization/presentation/organization_home_page.dart	true	test/auto_test/organization/organization_home_page.md	12	触发第 4 处 button 交互入口	MAPPING_REQUIRED	MAPPING_REQUIRED	RECONCILE_REQUIRED	TO_BE_DEFINED	PARSED
LEGACY:organization:organization_invitations_page:001	F09	lib/modules/organization/presentation/organization_invitations_page.dart	true	test/auto_test/organization/organization_invitations_page.md	9	触发第 1 处 button 交互入口	MAPPING_REQUIRED	MAPPING_REQUIRED	RECONCILE_REQUIRED	TO_BE_DEFINED	PARSED
LEGACY:organization:organization_invitations_page:002	F09	lib/modules/organization/presentation/organization_invitations_page.dart	true	test/auto_test/organization/organization_invitations_page.md	10	触发「复制口令」button 交互	MAPPING_REQUIRED	MAPPING_REQUIRED	RECONCILE_REQUIRED	TO_BE_DEFINED	PARSED
LEGACY:organization:organization_invitations_page:003	F09	lib/modules/organization/presentation/organization_invitations_page.dart	true	test/auto_test/organization/organization_invitations_page.md	11	触发第 3 处 button 交互入口	MAPPING_REQUIRED	MAPPING_REQUIRED	RECONCILE_REQUIRED	TO_BE_DEFINED	PARSED
LEGACY:organization:organization_invitations_page:004	F09	lib/modules/organization/presentation/organization_invitations_page.dart	true	test/auto_test/organization/organization_invitations_page.md	12	触发第 4 处 menu_item 交互入口	MAPPING_REQUIRED	MAPPING_REQUIRED	RECONCILE_REQUIRED	TO_BE_DEFINED	PARSED
LEGACY:organization:organization_invitations_page:005	F09	lib/modules/organization/presentation/organization_invitations_page.dart	true	test/auto_test/organization/organization_invitations_page.md	13	触发第 5 处 button 交互入口	MAPPING_REQUIRED	MAPPING_REQUIRED	RECONCILE_REQUIRED	TO_BE_DEFINED	PARSED
LEGACY:organization:organization_invitations_page:006	F09	lib/modules/organization/presentation/organization_invitations_page.dart	true	test/auto_test/organization/organization_invitations_page.md	14	触发第 6 处 menu_item 交互入口	MAPPING_REQUIRED	MAPPING_REQUIRED	RECONCILE_REQUIRED	TO_BE_DEFINED	PARSED
LEGACY:organization:organization_invitations_page:007	F09	lib/modules/organization/presentation/organization_invitations_page.dart	true	test/auto_test/organization/organization_invitations_page.md	15	触发「撤销」button 交互	MAPPING_REQUIRED	MAPPING_REQUIRED	RECONCILE_REQUIRED	TO_BE_DEFINED	PARSED
LEGACY:organization:organization_invitations_page:008	F09	lib/modules/organization/presentation/organization_invitations_page.dart	true	test/auto_test/organization/organization_invitations_page.md	16	触发第 8 处 menu_item 交互入口	MAPPING_REQUIRED	MAPPING_REQUIRED	RECONCILE_REQUIRED	TO_BE_DEFINED	PARSED
LEGACY:organization:organization_invitations_page:009	F09	lib/modules/organization/presentation/organization_invitations_page.dart	true	test/auto_test/organization/organization_invitations_page.md	17	触发「凭口令接受」button 交互	MAPPING_REQUIRED	MAPPING_REQUIRED	RECONCILE_REQUIRED	TO_BE_DEFINED	PARSED
LEGACY:organization:organization_invitations_page:010	F09	lib/modules/organization/presentation/organization_invitations_page.dart	true	test/auto_test/organization/organization_invitations_page.md	18	触发第 10 处 menu_item 交互入口	MAPPING_REQUIRED	MAPPING_REQUIRED	RECONCILE_REQUIRED	TO_BE_DEFINED	PARSED
LEGACY:organization:organization_invitations_page:011	F09	lib/modules/organization/presentation/organization_invitations_page.dart	true	test/auto_test/organization/organization_invitations_page.md	19	触发第 11 处 button 交互入口	MAPPING_REQUIRED	MAPPING_REQUIRED	RECONCILE_REQUIRED	TO_BE_DEFINED	PARSED
LEGACY:organization:organization_members_page:001	F09	lib/modules/organization/presentation/organization_members_page.dart	true	test/auto_test/organization/organization_members_page.md	9	触发第 1 处 menu_item 交互入口	MAPPING_REQUIRED	MAPPING_REQUIRED	RECONCILE_REQUIRED	TO_BE_DEFINED	PARSED
LEGACY:organization:organization_members_page:002	F09	lib/modules/organization/presentation/organization_members_page.dart	true	test/auto_test/organization/organization_members_page.md	10	触发第 2 处 button 交互入口	MAPPING_REQUIRED	MAPPING_REQUIRED	RECONCILE_REQUIRED	TO_BE_DEFINED	PARSED
LEGACY:organization:organization_members_page:003	F09	lib/modules/organization/presentation/organization_members_page.dart	true	test/auto_test/organization/organization_members_page.md	11	触发第 3 处 menu_item 交互入口	MAPPING_REQUIRED	MAPPING_REQUIRED	RECONCILE_REQUIRED	TO_BE_DEFINED	PARSED
LEGACY:organization:organization_members_page:004	F09	lib/modules/organization/presentation/organization_members_page.dart	true	test/auto_test/organization/organization_members_page.md	12	触发第 4 处 button 交互入口	MAPPING_REQUIRED	MAPPING_REQUIRED	RECONCILE_REQUIRED	TO_BE_DEFINED	PARSED
LEGACY:organization:organization_members_page:005	F09	lib/modules/organization/presentation/organization_members_page.dart	true	test/auto_test/organization/organization_members_page.md	13	触发第 5 处 menu_item 交互入口	MAPPING_REQUIRED	MAPPING_REQUIRED	RECONCILE_REQUIRED	TO_BE_DEFINED	PARSED
LEGACY:organization:organization_members_page:006	F09	lib/modules/organization/presentation/organization_members_page.dart	true	test/auto_test/organization/organization_members_page.md	14	触发第 6 处 button 交互入口	MAPPING_REQUIRED	MAPPING_REQUIRED	RECONCILE_REQUIRED	TO_BE_DEFINED	PARSED
LEGACY:organization:organization_members_page:007	F09	lib/modules/organization/presentation/organization_members_page.dart	true	test/auto_test/organization/organization_members_page.md	15	触发第 7 处 menu_item 交互入口	MAPPING_REQUIRED	MAPPING_REQUIRED	RECONCILE_REQUIRED	TO_BE_DEFINED	PARSED
LEGACY:organization:organization_members_page:008	F09	lib/modules/organization/presentation/organization_members_page.dart	true	test/auto_test/organization/organization_members_page.md	16	触发第 8 处 menu_item 交互入口	MAPPING_REQUIRED	MAPPING_REQUIRED	RECONCILE_REQUIRED	TO_BE_DEFINED	PARSED
LEGACY:organization:organization_members_page:009	F09	lib/modules/organization/presentation/organization_members_page.dart	true	test/auto_test/organization/organization_members_page.md	17	触发第 9 处 button 交互入口	MAPPING_REQUIRED	MAPPING_REQUIRED	RECONCILE_REQUIRED	TO_BE_DEFINED	PARSED
LEGACY:organization:organization_members_page:010	F09	lib/modules/organization/presentation/organization_members_page.dart	true	test/auto_test/organization/organization_members_page.md	18	触发第 10 处 button 交互入口	MAPPING_REQUIRED	MAPPING_REQUIRED	RECONCILE_REQUIRED	TO_BE_DEFINED	PARSED
LEGACY:passport:forgot_password_page:001	F02	lib/page/passport/forgot_password_page.dart	true	test/auto_test/passport/forgot_password_page.md	8	展示找回密码页标题	MAPPING_REQUIRED	MAPPING_REQUIRED	RECONCILE_REQUIRED	TO_BE_DEFINED	PARSED
LEGACY:passport:forgot_password_page:002	F02	lib/page/passport/forgot_password_page.dart	true	test/auto_test/passport/forgot_password_page.md	9	渲染并切换邮箱 tab	MAPPING_REQUIRED	MAPPING_REQUIRED	RECONCILE_REQUIRED	TO_BE_DEFINED	PARSED
LEGACY:passport:forgot_password_page:003	F02	lib/page/passport/forgot_password_page.dart	true	test/auto_test/passport/forgot_password_page.md	10	渲染并切换手机 tab	MAPPING_REQUIRED	MAPPING_REQUIRED	RECONCILE_REQUIRED	TO_BE_DEFINED	PARSED
LEGACY:passport:forgot_password_page:004	F02	lib/page/passport/forgot_password_page.dart	true	test/auto_test/passport/forgot_password_page.md	11	渲染并输入邮箱字段	MAPPING_REQUIRED	MAPPING_REQUIRED	RECONCILE_REQUIRED	TO_BE_DEFINED	PARSED
LEGACY:passport:forgot_password_page:005	F02	lib/page/passport/forgot_password_page.dart	true	test/auto_test/passport/forgot_password_page.md	12	渲染国际区号手机号输入	MAPPING_REQUIRED	MAPPING_REQUIRED	RECONCILE_REQUIRED	TO_BE_DEFINED	PARSED
LEGACY:passport:forgot_password_page:006	F02	lib/page/passport/forgot_password_page.dart	true	test/auto_test/passport/forgot_password_page.md	13	渲染邮箱链路下一步按钮	MAPPING_REQUIRED	MAPPING_REQUIRED	RECONCILE_REQUIRED	TO_BE_DEFINED	PARSED
LEGACY:passport:forgot_password_page:007	F02	lib/page/passport/forgot_password_page.dart	true	test/auto_test/passport/forgot_password_page.md	14	渲染手机链路下一步按钮	MAPPING_REQUIRED	MAPPING_REQUIRED	RECONCILE_REQUIRED	TO_BE_DEFINED	PARSED
LEGACY:passport:forgot_password_page:008	F02	lib/page/passport/forgot_password_page.dart	true	test/auto_test/passport/forgot_password_page.md	15	拦截邮箱为空并提示	MAPPING_REQUIRED	MAPPING_REQUIRED	RECONCILE_REQUIRED	TO_BE_DEFINED	PARSED
LEGACY:passport:forgot_password_page:009	F02	lib/page/passport/forgot_password_page.dart	true	test/auto_test/passport/forgot_password_page.md	16	拦截手机号为空并提示	MAPPING_REQUIRED	MAPPING_REQUIRED	RECONCILE_REQUIRED	TO_BE_DEFINED	PARSED
LEGACY:passport:forgot_password_page:010	F02	lib/page/passport/forgot_password_page.dart	true	test/auto_test/passport/forgot_password_page.md	17	邮箱发送重置码并跳验证页	MAPPING_REQUIRED	MAPPING_REQUIRED	RECONCILE_REQUIRED	TO_BE_DEFINED	PARSED
LEGACY:passport:forgot_password_page:011	F02	lib/page/passport/forgot_password_page.dart	true	test/auto_test/passport/forgot_password_page.md	18	手机发送重置码并跳验证页	MAPPING_REQUIRED	MAPPING_REQUIRED	RECONCILE_REQUIRED	TO_BE_DEFINED	PARSED
LEGACY:passport:forgot_password_page:012	F02	lib/page/passport/forgot_password_page.dart	true	test/auto_test/passport/forgot_password_page.md	19	返回按钮退回上一页	MAPPING_REQUIRED	MAPPING_REQUIRED	RECONCILE_REQUIRED	TO_BE_DEFINED	PARSED
LEGACY:passport:forgot_password_pin_code_page:001	F02	lib/page/passport/forgot_password_pin_code_page.dart	true	test/auto_test/passport/forgot_password_pin_code_page.md	8	展示验证码发送目标账号	MAPPING_REQUIRED	MAPPING_REQUIRED	RECONCILE_REQUIRED	TO_BE_DEFINED	PARSED
LEGACY:passport:forgot_password_pin_code_page:002	F02	lib/page/passport/forgot_password_pin_code_page.dart	true	test/auto_test/passport/forgot_password_pin_code_page.md	9	输入 6 位遮蔽验证码	MAPPING_REQUIRED	MAPPING_REQUIRED	RECONCILE_REQUIRED	TO_BE_DEFINED	PARSED
LEGACY:passport:forgot_password_pin_code_page:003	F02	lib/page/passport/forgot_password_pin_code_page.dart	true	test/auto_test/passport/forgot_password_pin_code_page.md	10	验证码不足 6 位触发错误态	MAPPING_REQUIRED	MAPPING_REQUIRED	RECONCILE_REQUIRED	TO_BE_DEFINED	PARSED
LEGACY:passport:forgot_password_pin_code_page:004	F02	lib/page/passport/forgot_password_pin_code_page.dart	true	test/auto_test/passport/forgot_password_pin_code_page.md	11	重新发送重置验证码	MAPPING_REQUIRED	MAPPING_REQUIRED	RECONCILE_REQUIRED	TO_BE_DEFINED	PARSED
LEGACY:passport:forgot_password_pin_code_page:005	F02	lib/page/passport/forgot_password_pin_code_page.dart	true	test/auto_test/passport/forgot_password_pin_code_page.md	12	重发成功展示确认提示	MAPPING_REQUIRED	MAPPING_REQUIRED	RECONCILE_REQUIRED	TO_BE_DEFINED	PARSED
LEGACY:passport:forgot_password_pin_code_page:006	F02	lib/page/passport/forgot_password_pin_code_page.dart	true	test/auto_test/passport/forgot_password_pin_code_page.md	13	输入新密码并切换明文	MAPPING_REQUIRED	MAPPING_REQUIRED	RECONCILE_REQUIRED	TO_BE_DEFINED	PARSED
LEGACY:passport:forgot_password_pin_code_page:007	F02	lib/page/passport/forgot_password_pin_code_page.dart	true	test/auto_test/passport/forgot_password_pin_code_page.md	14	输入确认密码并切换明文	MAPPING_REQUIRED	MAPPING_REQUIRED	RECONCILE_REQUIRED	TO_BE_DEFINED	PARSED
LEGACY:passport:forgot_password_pin_code_page:008	F02	lib/page/passport/forgot_password_pin_code_page.dart	true	test/auto_test/passport/forgot_password_pin_code_page.md	15	校验两次密码是否一致	MAPPING_REQUIRED	MAPPING_REQUIRED	RECONCILE_REQUIRED	TO_BE_DEFINED	PARSED
LEGACY:passport:forgot_password_pin_code_page:009	F02	lib/page/passport/forgot_password_pin_code_page.dart	true	test/auto_test/passport/forgot_password_pin_code_page.md	16	重置成功提示并跳登录页	MAPPING_REQUIRED	MAPPING_REQUIRED	RECONCILE_REQUIRED	TO_BE_DEFINED	PARSED
LEGACY:passport:forgot_password_pin_code_page:010	F02	lib/page/passport/forgot_password_pin_code_page.dart	true	test/auto_test/passport/forgot_password_pin_code_page.md	17	重置失败展示错误提示	MAPPING_REQUIRED	MAPPING_REQUIRED	RECONCILE_REQUIRED	TO_BE_DEFINED	PARSED
LEGACY:passport:forgot_password_pin_code_page:011	F02	lib/page/passport/forgot_password_pin_code_page.dart	true	test/auto_test/passport/forgot_password_pin_code_page.md	18	语言切换实时重建页面	MAPPING_REQUIRED	MAPPING_REQUIRED	RECONCILE_REQUIRED	TO_BE_DEFINED	PARSED
LEGACY:passport:forgot_password_pin_code_page:012	F02	lib/page/passport/forgot_password_pin_code_page.dart	true	test/auto_test/passport/forgot_password_pin_code_page.md	19	底部返回登录入口跳转	MAPPING_REQUIRED	MAPPING_REQUIRED	RECONCILE_REQUIRED	TO_BE_DEFINED	PARSED
LEGACY:passport:login_page:001	F02	lib/page/passport/login_page.dart	true	test/auto_test/passport/login_page.md	8	切换账号 tab 并同步登录类型	MAPPING_REQUIRED	MAPPING_REQUIRED	RECONCILE_REQUIRED	TO_BE_DEFINED	PARSED
LEGACY:passport:login_page:002	F02	lib/page/passport/login_page.dart	true	test/auto_test/passport/login_page.md	9	切换手机 tab 并同步登录类型	MAPPING_REQUIRED	MAPPING_REQUIRED	RECONCILE_REQUIRED	TO_BE_DEFINED	PARSED
LEGACY:passport:login_page:003	F02	lib/page/passport/login_page.dart	true	test/auto_test/passport/login_page.md	10	切换邮箱 tab 并同步登录类型	MAPPING_REQUIRED	MAPPING_REQUIRED	RECONCILE_REQUIRED	TO_BE_DEFINED	PARSED
LEGACY:passport:login_page:004	F02	lib/page/passport/login_page.dart	true	test/auto_test/passport/login_page.md	11	展开登录历史并回填选中项	MAPPING_REQUIRED	MAPPING_REQUIRED	RECONCILE_REQUIRED	TO_BE_DEFINED	PARSED
LEGACY:passport:login_page:005	F02	lib/page/passport/login_page.dart	true	test/auto_test/passport/login_page.md	12	删除单条登录历史记录	MAPPING_REQUIRED	MAPPING_REQUIRED	RECONCILE_REQUIRED	TO_BE_DEFINED	PARSED
LEGACY:passport:login_page:006	F02	lib/page/passport/login_page.dart	true	test/auto_test/passport/login_page.md	13	切换密码框明文与密文	MAPPING_REQUIRED	MAPPING_REQUIRED	RECONCILE_REQUIRED	TO_BE_DEFINED	PARSED
LEGACY:passport:login_page:007	F02	lib/page/passport/login_page.dart	true	test/auto_test/passport/login_page.md	14	提交账号密码登录并跳主页	MAPPING_REQUIRED	MAPPING_REQUIRED	RECONCILE_REQUIRED	TO_BE_DEFINED	PARSED
LEGACY:passport:login_page:008	F02	lib/page/passport/login_page.dart	true	test/auto_test/passport/login_page.md	15	跳转忘记密码页	MAPPING_REQUIRED	MAPPING_REQUIRED	RECONCILE_REQUIRED	TO_BE_DEFINED	PARSED
LEGACY:passport:login_page:009	F02	lib/page/passport/login_page.dart	true	test/auto_test/passport/login_page.md	16	跳转注册页	MAPPING_REQUIRED	MAPPING_REQUIRED	RECONCILE_REQUIRED	TO_BE_DEFINED	PARSED
LEGACY:passport:login_page:010	F02	lib/page/passport/login_page.dart	true	test/auto_test/passport/login_page.md	17	提示账号或密码为空	MAPPING_REQUIRED	MAPPING_REQUIRED	RECONCILE_REQUIRED	TO_BE_DEFINED	PARSED
LEGACY:passport:login_page:011	F02	lib/page/passport/login_page.dart	true	test/auto_test/passport/login_page.md	18	获取验证码并提示账号为空	MAPPING_REQUIRED	MAPPING_REQUIRED	RECONCILE_REQUIRED	TO_BE_DEFINED	PARSED
LEGACY:passport:login_page:012	F02	lib/page/passport/login_page.dart	true	test/auto_test/passport/login_page.md	19	提交验证码登录并保存历史	MAPPING_REQUIRED	MAPPING_REQUIRED	RECONCILE_REQUIRED	TO_BE_DEFINED	PARSED
LEGACY:passport:manage_account_page:001	F02	lib/page/passport/manage_account_page.dart	true	test/auto_test/passport/manage_account_page.md	8	展示账号安全加固标题与说明	MAPPING_REQUIRED	MAPPING_REQUIRED	RECONCILE_REQUIRED	TO_BE_DEFINED	PARSED
LEGACY:passport:manage_account_page:002	F02	lib/page/passport/manage_account_page.dart	true	test/auto_test/passport/manage_account_page.md	9	左右滑动切换两页引导卡片	MAPPING_REQUIRED	MAPPING_REQUIRED	RECONCILE_REQUIRED	TO_BE_DEFINED	PARSED
LEGACY:passport:manage_account_page:003	F02	lib/page/passport/manage_account_page.dart	true	test/auto_test/passport/manage_account_page.md	10	页码指示点随当前页动画伸缩	MAPPING_REQUIRED	MAPPING_REQUIRED	RECONCILE_REQUIRED	TO_BE_DEFINED	PARSED
LEGACY:passport:manage_account_page:004	F02	lib/page/passport/manage_account_page.dart	true	test/auto_test/passport/manage_account_page.md	11	点击绑定手机号卡片按钮跳转	MAPPING_REQUIRED	MAPPING_REQUIRED	RECONCILE_REQUIRED	TO_BE_DEFINED	PARSED
LEGACY:passport:manage_account_page:005	F02	lib/page/passport/manage_account_page.dart	true	test/auto_test/passport/manage_account_page.md	12	点击关联邮箱卡片按钮跳转	MAPPING_REQUIRED	MAPPING_REQUIRED	RECONCILE_REQUIRED	TO_BE_DEFINED	PARSED
LEGACY:passport:manage_account_page:006	F02	lib/page/passport/manage_account_page.dart	true	test/auto_test/passport/manage_account_page.md	13	先回主导航我的页再推账号安全	MAPPING_REQUIRED	MAPPING_REQUIRED	RECONCILE_REQUIRED	TO_BE_DEFINED	PARSED
LEGACY:passport:manage_account_page:007	F02	lib/page/passport/manage_account_page.dart	true	test/auto_test/passport/manage_account_page.md	14	点击完成按钮跳转登录页	MAPPING_REQUIRED	MAPPING_REQUIRED	RECONCILE_REQUIRED	TO_BE_DEFINED	PARSED
LEGACY:passport:manage_account_page:008	F02	lib/page/passport/manage_account_page.dart	true	test/auto_test/passport/manage_account_page.md	15	点击以后再说进入主导航页	MAPPING_REQUIRED	MAPPING_REQUIRED	RECONCILE_REQUIRED	TO_BE_DEFINED	PARSED
LEGACY:passport:manage_account_page:009	F02	lib/page/passport/manage_account_page.dart	true	test/auto_test/passport/manage_account_page.md	16	暗色模式下背景与卡片配色切换	MAPPING_REQUIRED	MAPPING_REQUIRED	RECONCILE_REQUIRED	TO_BE_DEFINED	PARSED
LEGACY:passport:manage_account_page:010	F02	lib/page/passport/manage_account_page.dart	true	test/auto_test/passport/manage_account_page.md	17	卡片副标题超三行时省略显示	MAPPING_REQUIRED	MAPPING_REQUIRED	RECONCILE_REQUIRED	TO_BE_DEFINED	PARSED
LEGACY:passport:signup_continue_page:001	F02	lib/page/passport/signup_continue_page.dart	true	test/auto_test/passport/signup_continue_page.md	8	注册数据缺失时展示兜底页	MAPPING_REQUIRED	MAPPING_REQUIRED	RECONCILE_REQUIRED	TO_BE_DEFINED	PARSED
LEGACY:passport:signup_continue_page:002	F02	lib/page/passport/signup_continue_page.dart	true	test/auto_test/passport/signup_continue_page.md	9	兜底页返回注册页	MAPPING_REQUIRED	MAPPING_REQUIRED	RECONCILE_REQUIRED	TO_BE_DEFINED	PARSED
LEGACY:passport:signup_continue_page:003	F02	lib/page/passport/signup_continue_page.dart	true	test/auto_test/passport/signup_continue_page.md	10	展示验证码发送目标账号	MAPPING_REQUIRED	MAPPING_REQUIRED	RECONCILE_REQUIRED	TO_BE_DEFINED	PARSED
LEGACY:passport:signup_continue_page:004	F02	lib/page/passport/signup_continue_page.dart	true	test/auto_test/passport/signup_continue_page.md	11	输入 6 位遮蔽验证码	MAPPING_REQUIRED	MAPPING_REQUIRED	RECONCILE_REQUIRED	TO_BE_DEFINED	PARSED
LEGACY:passport:signup_continue_page:005	F02	lib/page/passport/signup_continue_page.dart	true	test/auto_test/passport/signup_continue_page.md	12	重新发送注册验证码	MAPPING_REQUIRED	MAPPING_REQUIRED	RECONCILE_REQUIRED	TO_BE_DEFINED	PARSED
LEGACY:passport:signup_continue_page:006	F02	lib/page/passport/signup_continue_page.dart	true	test/auto_test/passport/signup_continue_page.md	13	提示账号已存在无法重复注册	MAPPING_REQUIRED	MAPPING_REQUIRED	RECONCILE_REQUIRED	TO_BE_DEFINED	PARSED
LEGACY:passport:signup_continue_page:007	F02	lib/page/passport/signup_continue_page.dart	true	test/auto_test/passport/signup_continue_page.md	14	提交注册成功后跳管理账户	MAPPING_REQUIRED	MAPPING_REQUIRED	RECONCILE_REQUIRED	TO_BE_DEFINED	PARSED
LEGACY:passport:signup_continue_page:008	F02	lib/page/passport/signup_continue_page.dart	true	test/auto_test/passport/signup_continue_page.md	15	提交注册失败错误提示	MAPPING_REQUIRED	MAPPING_REQUIRED	RECONCILE_REQUIRED	TO_BE_DEFINED	PARSED
LEGACY:passport:signup_continue_page:009	F02	lib/page/passport/signup_continue_page.dart	true	test/auto_test/passport/signup_continue_page.md	16	弹出结果 SnackBar 提示	MAPPING_REQUIRED	MAPPING_REQUIRED	RECONCILE_REQUIRED	TO_BE_DEFINED	PARSED
LEGACY:passport:signup_continue_page:010	F02	lib/page/passport/signup_continue_page.dart	true	test/auto_test/passport/signup_continue_page.md	17	页面滚动布局不溢出	MAPPING_REQUIRED	MAPPING_REQUIRED	RECONCILE_REQUIRED	TO_BE_DEFINED	PARSED
LEGACY:passport:signup_continue_page:011	F02	lib/page/passport/signup_continue_page.dart	true	test/auto_test/passport/signup_continue_page.md	18	语言切换实时重建页面	MAPPING_REQUIRED	MAPPING_REQUIRED	RECONCILE_REQUIRED	TO_BE_DEFINED	PARSED
LEGACY:passport:signup_continue_page:012	F02	lib/page/passport/signup_continue_page.dart	true	test/auto_test/passport/signup_continue_page.md	19	底部返回登录入口跳转	MAPPING_REQUIRED	MAPPING_REQUIRED	RECONCILE_REQUIRED	TO_BE_DEFINED	PARSED
LEGACY:passport:signup_page:001	F02	lib/page/passport/signup_page.dart	true	test/auto_test/passport/signup_page.md	8	切换邮箱 tab 并同步注册类型	MAPPING_REQUIRED	MAPPING_REQUIRED	RECONCILE_REQUIRED	TO_BE_DEFINED	PARSED
LEGACY:passport:signup_page:002	F02	lib/page/passport/signup_page.dart	true	test/auto_test/passport/signup_page.md	9	切换手机 tab 并同步注册类型	MAPPING_REQUIRED	MAPPING_REQUIRED	RECONCILE_REQUIRED	TO_BE_DEFINED	PARSED
LEGACY:passport:signup_page:003	F02	lib/page/passport/signup_page.dart	true	test/auto_test/passport/signup_page.md	10	渲染并输入昵称字段	MAPPING_REQUIRED	MAPPING_REQUIRED	RECONCILE_REQUIRED	TO_BE_DEFINED	PARSED
LEGACY:passport:signup_page:004	F02	lib/page/passport/signup_page.dart	true	test/auto_test/passport/signup_page.md	11	渲染并输入邮箱字段	MAPPING_REQUIRED	MAPPING_REQUIRED	RECONCILE_REQUIRED	TO_BE_DEFINED	PARSED
LEGACY:passport:signup_page:005	F02	lib/page/passport/signup_page.dart	true	test/auto_test/passport/signup_page.md	12	渲染并输入密码字段	MAPPING_REQUIRED	MAPPING_REQUIRED	RECONCILE_REQUIRED	TO_BE_DEFINED	PARSED
LEGACY:passport:signup_page:006	F02	lib/page/passport/signup_page.dart	true	test/auto_test/passport/signup_page.md	13	切换密码框明文与密文	MAPPING_REQUIRED	MAPPING_REQUIRED	RECONCILE_REQUIRED	TO_BE_DEFINED	PARSED
LEGACY:passport:signup_page:007	F02	lib/page/passport/signup_page.dart	true	test/auto_test/passport/signup_page.md	14	输入国际区号手机号	MAPPING_REQUIRED	MAPPING_REQUIRED	RECONCILE_REQUIRED	TO_BE_DEFINED	PARSED
LEGACY:passport:signup_page:008	F02	lib/page/passport/signup_page.dart	true	test/auto_test/passport/signup_page.md	15	拦截昵称为空并提示	MAPPING_REQUIRED	MAPPING_REQUIRED	RECONCILE_REQUIRED	TO_BE_DEFINED	PARSED
LEGACY:passport:signup_page:009	F02	lib/page/passport/signup_page.dart	true	test/auto_test/passport/signup_page.md	16	拦截账号或密码为空并提示	MAPPING_REQUIRED	MAPPING_REQUIRED	RECONCILE_REQUIRED	TO_BE_DEFINED	PARSED
LEGACY:passport:signup_page:010	F02	lib/page/passport/signup_page.dart	true	test/auto_test/passport/signup_page.md	17	点击一键登录展示占位提示	MAPPING_REQUIRED	MAPPING_REQUIRED	RECONCILE_REQUIRED	TO_BE_DEFINED	PARSED
LEGACY:passport:signup_page:011	F02	lib/page/passport/signup_page.dart	true	test/auto_test/passport/signup_page.md	18	跳转返回登录页	MAPPING_REQUIRED	MAPPING_REQUIRED	RECONCILE_REQUIRED	TO_BE_DEFINED	PARSED
LEGACY:passport:signup_page:012	F02	lib/page/passport/signup_page.dart	true	test/auto_test/passport/signup_page.md	19	下一步发送验证码并跳验证页	MAPPING_REQUIRED	MAPPING_REQUIRED	RECONCILE_REQUIRED	TO_BE_DEFINED	PARSED
LEGACY:passport:web_login_page:001	F02	lib/page/passport/web_login_page.dart	true	test/auto_test/passport/web_login_page.md	8	进页自动生成登录二维码	MAPPING_REQUIRED	MAPPING_REQUIRED	RECONCILE_REQUIRED	TO_BE_DEFINED	PARSED
LEGACY:passport:web_login_page:002	F02	lib/page/passport/web_login_page.dart	true	test/auto_test/passport/web_login_page.md	9	倒计时递减并切换过期态	MAPPING_REQUIRED	MAPPING_REQUIRED	RECONCILE_REQUIRED	TO_BE_DEFINED	PARSED
LEGACY:passport:web_login_page:003	F02	lib/page/passport/web_login_page.dart	true	test/auto_test/passport/web_login_page.md	10	过期或失败时刷新二维码	MAPPING_REQUIRED	MAPPING_REQUIRED	RECONCILE_REQUIRED	TO_BE_DEFINED	PARSED
LEGACY:passport:web_login_page:004	F02	lib/page/passport/web_login_page.dart	true	test/auto_test/passport/web_login_page.md	11	展示已扫码待手机确认态	MAPPING_REQUIRED	MAPPING_REQUIRED	RECONCILE_REQUIRED	TO_BE_DEFINED	PARSED
LEGACY:passport:web_login_page:005	F02	lib/page/passport/web_login_page.dart	true	test/auto_test/passport/web_login_page.md	12	确认后完成登录跳 Web Shell	MAPPING_REQUIRED	MAPPING_REQUIRED	RECONCILE_REQUIRED	TO_BE_DEFINED	PARSED
LEGACY:passport:web_login_page:006	F02	lib/page/passport/web_login_page.dart	true	test/auto_test/passport/web_login_page.md	13	SSE 不可用时降级为轮询	MAPPING_REQUIRED	MAPPING_REQUIRED	RECONCILE_REQUIRED	TO_BE_DEFINED	PARSED
LEGACY:passport:web_login_page:007	F02	lib/page/passport/web_login_page.dart	true	test/auto_test/passport/web_login_page.md	14	切到密码登录并停止轮询	MAPPING_REQUIRED	MAPPING_REQUIRED	RECONCILE_REQUIRED	TO_BE_DEFINED	PARSED
LEGACY:passport:web_login_page:008	F02	lib/page/passport/web_login_page.dart	true	test/auto_test/passport/web_login_page.md	15	切回扫码登录并重新生成码	MAPPING_REQUIRED	MAPPING_REQUIRED	RECONCILE_REQUIRED	TO_BE_DEFINED	PARSED
LEGACY:passport:web_login_page:009	F02	lib/page/passport/web_login_page.dart	true	test/auto_test/passport/web_login_page.md	16	拦截账号或密码为空并提示	MAPPING_REQUIRED	MAPPING_REQUIRED	RECONCILE_REQUIRED	TO_BE_DEFINED	PARSED
LEGACY:passport:web_login_page:010	F02	lib/page/passport/web_login_page.dart	true	test/auto_test/passport/web_login_page.md	17	提交密码登录并跳 Web Shell	MAPPING_REQUIRED	MAPPING_REQUIRED	RECONCILE_REQUIRED	TO_BE_DEFINED	PARSED
LEGACY:passport:web_login_page:011	F02	lib/page/passport/web_login_page.dart	true	test/auto_test/passport/web_login_page.md	18	切换密码框明文与密文	MAPPING_REQUIRED	MAPPING_REQUIRED	RECONCILE_REQUIRED	TO_BE_DEFINED	PARSED
LEGACY:passport:web_login_page:012	F02	lib/page/passport/web_login_page.dart	true	test/auto_test/passport/web_login_page.md	19	跳转忘记密码页	MAPPING_REQUIRED	MAPPING_REQUIRED	RECONCILE_REQUIRED	TO_BE_DEFINED	PARSED
LEGACY:personal_info:more_page:001	F08	lib/page/personal_info/widget/more_page.dart	true	test/auto_test/personal_info/more_page.md	8	页面可达性与路由接线	MAPPING_REQUIRED	MAPPING_REQUIRED	RECONCILE_REQUIRED	TO_BE_DEFINED	PARSED
LEGACY:personal_info:more_page:002	F08	lib/page/personal_info/widget/more_page.dart	true	test/auto_test/personal_info/more_page.md	9	性别行显示当前性别文案	MAPPING_REQUIRED	MAPPING_REQUIRED	RECONCILE_REQUIRED	TO_BE_DEFINED	PARSED
LEGACY:personal_info:more_page:003	F08	lib/page/personal_info/widget/more_page.dart	true	test/auto_test/personal_info/more_page.md	10	点性别行跳转设置性别页	MAPPING_REQUIRED	MAPPING_REQUIRED	RECONCILE_REQUIRED	TO_BE_DEFINED	PARSED
LEGACY:personal_info:more_page:004	F08	lib/page/personal_info/widget/more_page.dart	true	test/auto_test/personal_info/more_page.md	11	性别页返回后本页文案刷新	MAPPING_REQUIRED	MAPPING_REQUIRED	RECONCILE_REQUIRED	TO_BE_DEFINED	PARSED
LEGACY:personal_info:more_page:005	F08	lib/page/personal_info/widget/more_page.dart	true	test/auto_test/personal_info/more_page.md	12	地区行超十字时省略号截断显示	MAPPING_REQUIRED	MAPPING_REQUIRED	RECONCILE_REQUIRED	TO_BE_DEFINED	PARSED
LEGACY:personal_info:more_page:006	F08	lib/page/personal_info/widget/more_page.dart	true	test/auto_test/personal_info/more_page.md	13	点地区行跳转设置地区并保存	MAPPING_REQUIRED	MAPPING_REQUIRED	RECONCILE_REQUIRED	TO_BE_DEFINED	PARSED
LEGACY:personal_info:more_page:007	F08	lib/page/personal_info/widget/more_page.dart	true	test/auto_test/personal_info/more_page.md	14	签名为空时显示未填写占位	MAPPING_REQUIRED	MAPPING_REQUIRED	RECONCILE_REQUIRED	TO_BE_DEFINED	PARSED
LEGACY:personal_info:more_page:008	F08	lib/page/personal_info/widget/more_page.dart	true	test/auto_test/personal_info/more_page.md	15	点签名行进入编辑页修改签名	MAPPING_REQUIRED	MAPPING_REQUIRED	RECONCILE_REQUIRED	TO_BE_DEFINED	PARSED
LEGACY:personal_info:more_page:009	F08	lib/page/personal_info/widget/more_page.dart	true	test/auto_test/personal_info/more_page.md	16	签名保存成功后同步本地缓存	MAPPING_REQUIRED	MAPPING_REQUIRED	RECONCILE_REQUIRED	TO_BE_DEFINED	PARSED
LEGACY:personal_info:more_page:010	F08	lib/page/personal_info/widget/more_page.dart	true	test/auto_test/personal_info/more_page.md	17	分组卡片分隔线与暗色渲染	MAPPING_REQUIRED	MAPPING_REQUIRED	RECONCILE_REQUIRED	TO_BE_DEFINED	PARSED
LEGACY:personal_info:personal_info_page:001	F08	lib/page/personal_info/personal_info/personal_info_page.dart	true	test/auto_test/personal_info/personal_info_page.md	8	页面可达性与路由接线	MAPPING_REQUIRED	MAPPING_REQUIRED	RECONCILE_REQUIRED	TO_BE_DEFINED	PARSED
LEGACY:personal_info:personal_info_page:002	F08	lib/page/personal_info/personal_info/personal_info_page.dart	true	test/auto_test/personal_info/personal_info_page.md	9	头像区渲染昵称与账号ID	MAPPING_REQUIRED	MAPPING_REQUIRED	RECONCILE_REQUIRED	TO_BE_DEFINED	PARSED
LEGACY:personal_info:personal_info_page:003	F08	lib/page/personal_info/personal_info/personal_info_page.dart	true	test/auto_test/personal_info/personal_info_page.md	10	基本信息组展示昵称账号邮箱	MAPPING_REQUIRED	MAPPING_REQUIRED	RECONCILE_REQUIRED	TO_BE_DEFINED	PARSED
LEGACY:personal_info:personal_info_page:004	F08	lib/page/personal_info/personal_info/personal_info_page.dart	true	test/auto_test/personal_info/personal_info_page.md	11	整页滚动全览无布局溢出	MAPPING_REQUIRED	MAPPING_REQUIRED	RECONCILE_REQUIRED	TO_BE_DEFINED	PARSED
LEGACY:personal_info:personal_info_page:005	F08	lib/page/personal_info/personal_info/personal_info_page.dart	true	test/auto_test/personal_info/personal_info_page.md	12	点昵称行跳转设置页并回填	MAPPING_REQUIRED	MAPPING_REQUIRED	RECONCILE_REQUIRED	TO_BE_DEFINED	PARSED
LEGACY:personal_info:personal_info_page:006	F08	lib/page/personal_info/personal_info/personal_info_page.dart	true	test/auto_test/personal_info/personal_info_page.md	13	点头像打开大图预览页	MAPPING_REQUIRED	MAPPING_REQUIRED	RECONCILE_REQUIRED	TO_BE_DEFINED	PARSED
LEGACY:personal_info:personal_info_page:007	F08	lib/page/personal_info/personal_info/personal_info_page.dart	true	test/auto_test/personal_info/personal_info_page.md	14	点相机角标弹出头像操作面板	MAPPING_REQUIRED	MAPPING_REQUIRED	RECONCILE_REQUIRED	TO_BE_DEFINED	PARSED
LEGACY:personal_info:personal_info_page:008	F08	lib/page/personal_info/personal_info/personal_info_page.dart	true	test/auto_test/personal_info/personal_info_page.md	15	拍照入口唤起相机取图	MAPPING_REQUIRED	MAPPING_REQUIRED	RECONCILE_REQUIRED	TO_BE_DEFINED	PARSED
LEGACY:personal_info:personal_info_page:009	F08	lib/page/personal_info/personal_info/personal_info_page.dart	true	test/auto_test/personal_info/personal_info_page.md	16	相册入口选图进入裁剪页	MAPPING_REQUIRED	MAPPING_REQUIRED	RECONCILE_REQUIRED	TO_BE_DEFINED	PARSED
LEGACY:personal_info:personal_info_page:010	F08	lib/page/personal_info/personal_info/personal_info_page.dart	true	test/auto_test/personal_info/personal_info_page.md	17	裁剪后上传头像并刷新显示	MAPPING_REQUIRED	MAPPING_REQUIRED	RECONCILE_REQUIRED	TO_BE_DEFINED	PARSED
LEGACY:personal_info:personal_info_page:011	F08	lib/page/personal_info/personal_info/personal_info_page.dart	true	test/auto_test/personal_info/personal_info_page.md	18	点我的二维码跳转二维码页	MAPPING_REQUIRED	MAPPING_REQUIRED	RECONCILE_REQUIRED	TO_BE_DEFINED	PARSED
LEGACY:personal_info:personal_info_page:012	F08	lib/page/personal_info/personal_info/personal_info_page.dart	true	test/auto_test/personal_info/personal_info_page.md	19	点更多信息跳转更多资料页	MAPPING_REQUIRED	MAPPING_REQUIRED	RECONCILE_REQUIRED	TO_BE_DEFINED	PARSED
LEGACY:personal_info:privacy_settings_page:001	F08	lib/page/personal_info/profile/widgets/privacy_settings_page.dart	true	test/auto_test/personal_info/privacy_settings_page.md	12	个人信息页隐私设置入口可达	MAPPING_REQUIRED	MAPPING_REQUIRED	RECONCILE_REQUIRED	TO_BE_DEFINED	PARSED
LEGACY:personal_info:privacy_settings_page:002	F08	lib/page/personal_info/profile/widgets/privacy_settings_page.dart	true	test/auto_test/personal_info/privacy_settings_page.md	13	"渲染""显示在线状态""开关"	MAPPING_REQUIRED	MAPPING_REQUIRED	RECONCILE_REQUIRED	TO_BE_DEFINED	PARSED
LEGACY:personal_info:privacy_settings_page:003	F08	lib/page/personal_info/profile/widgets/privacy_settings_page.dart	true	test/auto_test/personal_info/privacy_settings_page.md	14	描述文案正确	MAPPING_REQUIRED	MAPPING_REQUIRED	RECONCILE_REQUIRED	TO_BE_DEFINED	PARSED
LEGACY:personal_info:privacy_settings_page:004	F08	lib/page/personal_info/profile/widgets/privacy_settings_page.dart	true	test/auto_test/personal_info/privacy_settings_page.md	15	开关 ON→OFF 切换	MAPPING_REQUIRED	MAPPING_REQUIRED	RECONCILE_REQUIRED	TO_BE_DEFINED	PARSED
LEGACY:personal_info:privacy_settings_page:005	F08	lib/page/personal_info/profile/widgets/privacy_settings_page.dart	true	test/auto_test/personal_info/privacy_settings_page.md	16	开关 OFF→ON 切换	MAPPING_REQUIRED	MAPPING_REQUIRED	RECONCILE_REQUIRED	TO_BE_DEFINED	PARSED
LEGACY:personal_info:privacy_settings_page:006	F08	lib/page/personal_info/profile/widgets/privacy_settings_page.dart	true	test/auto_test/personal_info/privacy_settings_page.md	17	新账号默认关闭在线状态	MAPPING_REQUIRED	MAPPING_REQUIRED	RECONCILE_REQUIRED	TO_BE_DEFINED	PARSED
LEGACY:personal_info:privacy_settings_page:007	F08	lib/page/personal_info/profile/widgets/privacy_settings_page.dart	true	test/auto_test/personal_info/privacy_settings_page.md	18	隐藏状态下发送消息不受影响	MAPPING_REQUIRED	MAPPING_REQUIRED	RECONCILE_REQUIRED	TO_BE_DEFINED	PARSED
LEGACY:personal_info:privacy_settings_page:008	F08	lib/page/personal_info/profile/widgets/privacy_settings_page.dart	true	test/auto_test/personal_info/privacy_settings_page.md	19	A 关闭后 B 好友列表显示 A 离线	MAPPING_REQUIRED	MAPPING_REQUIRED	RECONCILE_REQUIRED	TO_BE_DEFINED	PARSED
LEGACY:personal_info:privacy_settings_page:009	F08	lib/page/personal_info/profile/widgets/privacy_settings_page.dart	true	test/auto_test/personal_info/privacy_settings_page.md	20	A 开启后 B 看到 A 在线	MAPPING_REQUIRED	MAPPING_REQUIRED	RECONCILE_REQUIRED	TO_BE_DEFINED	PARSED
LEGACY:personal_info:privacy_settings_page:010	F08	lib/page/personal_info/profile/widgets/privacy_settings_page.dart	true	test/auto_test/personal_info/privacy_settings_page.md	21	会话免打扰不弹窗、@ 时弹窗	MAPPING_REQUIRED	MAPPING_REQUIRED	RECONCILE_REQUIRED	TO_BE_DEFINED	PARSED
LEGACY:personal_info:profile_page:001	F08	lib/page/personal_info/profile/profile_page.dart	true	test/auto_test/personal_info/profile_page.md	8	子页编辑返回后自动重载资料	MAPPING_REQUIRED	MAPPING_REQUIRED	RECONCILE_REQUIRED	TO_BE_DEFINED	PARSED
LEGACY:personal_info:profile_page:002	F08	lib/page/personal_info/profile/profile_page.dart	true	test/auto_test/personal_info/profile_page.md	9	完善度进度与完善建议展示	MAPPING_REQUIRED	MAPPING_REQUIRED	RECONCILE_REQUIRED	TO_BE_DEFINED	PARSED
LEGACY:personal_info:profile_page:003	F08	lib/page/personal_info/profile/profile_page.dart	true	test/auto_test/personal_info/profile_page.md	10	顶部刷新按钮重新拉取资料	MAPPING_REQUIRED	MAPPING_REQUIRED	RECONCILE_REQUIRED	TO_BE_DEFINED	PARSED
LEGACY:personal_info:profile_page:004	F08	lib/page/personal_info/profile/profile_page.dart	true	test/auto_test/personal_info/profile_page.md	11	更多菜单分享资料到外部应用	MAPPING_REQUIRED	MAPPING_REQUIRED	RECONCILE_REQUIRED	TO_BE_DEFINED	PARSED
LEGACY:personal_info:profile_page:005	F08	lib/page/personal_info/profile/profile_page.dart	true	test/auto_test/personal_info/profile_page.md	12	更多菜单导出JSON或TXT到剪贴板	MAPPING_REQUIRED	MAPPING_REQUIRED	RECONCILE_REQUIRED	TO_BE_DEFINED	PARSED
LEGACY:personal_info:profile_page:006	F08	lib/page/personal_info/profile/profile_page.dart	true	test/auto_test/personal_info/profile_page.md	13	编辑头像弹出拍照相册操作面板	MAPPING_REQUIRED	MAPPING_REQUIRED	RECONCILE_REQUIRED	TO_BE_DEFINED	PARSED
LEGACY:personal_info:profile_page:007	F08	lib/page/personal_info/profile/profile_page.dart	true	test/auto_test/personal_info/profile_page.md	14	头像上传中显示遮罩与成功提示	MAPPING_REQUIRED	MAPPING_REQUIRED	RECONCILE_REQUIRED	TO_BE_DEFINED	PARSED
LEGACY:personal_info:profile_page:008	F08	lib/page/personal_info/profile/profile_page.dart	true	test/auto_test/personal_info/profile_page.md	15	封面相机图标更换个人背景图	MAPPING_REQUIRED	MAPPING_REQUIRED	RECONCILE_REQUIRED	TO_BE_DEFINED	PARSED
LEGACY:personal_info:profile_page:009	F08	lib/page/personal_info/profile/profile_page.dart	true	test/auto_test/personal_info/profile_page.md	16	生日选择器保存并回填日期	MAPPING_REQUIRED	MAPPING_REQUIRED	RECONCILE_REQUIRED	TO_BE_DEFINED	PARSED
LEGACY:personal_info:profile_page:010	F08	lib/page/personal_info/profile/profile_page.dart	true	test/auto_test/personal_info/profile_page.md	17	个性签名弹窗编辑并保存	MAPPING_REQUIRED	MAPPING_REQUIRED	RECONCILE_REQUIRED	TO_BE_DEFINED	PARSED
LEGACY:personal_info:profile_page:011	F08	lib/page/personal_info/profile/profile_page.dart	true	test/auto_test/personal_info/profile_page.md	18	职业学校兴趣弹窗编辑并保存	MAPPING_REQUIRED	MAPPING_REQUIRED	RECONCILE_REQUIRED	TO_BE_DEFINED	PARSED
LEGACY:personal_info:profile_page:012	F08	lib/page/personal_info/profile/profile_page.dart	true	test/auto_test/personal_info/profile_page.md	19	点隐私设置行跳转隐私设置页	MAPPING_REQUIRED	MAPPING_REQUIRED	RECONCILE_REQUIRED	TO_BE_DEFINED	PARSED
LEGACY:personal_info:set_gender_page:001	F08	lib/page/personal_info/set_gender/set_gender_page.dart	true	test/auto_test/personal_info/set_gender_page.md	8	渲染男女保密三个性别选项	MAPPING_REQUIRED	MAPPING_REQUIRED	RECONCILE_REQUIRED	TO_BE_DEFINED	PARSED
LEGACY:personal_info:set_gender_page:002	F08	lib/page/personal_info/set_gender/set_gender_page.dart	true	test/auto_test/personal_info/set_gender_page.md	9	当前性别项显示蓝色对勾	MAPPING_REQUIRED	MAPPING_REQUIRED	RECONCILE_REQUIRED	TO_BE_DEFINED	PARSED
LEGACY:personal_info:set_gender_page:003	F08	lib/page/personal_info/set_gender/set_gender_page.dart	true	test/auto_test/personal_info/set_gender_page.md	10	单选项暴露无障碍选中语义	MAPPING_REQUIRED	MAPPING_REQUIRED	RECONCILE_REQUIRED	TO_BE_DEFINED	PARSED
LEGACY:personal_info:set_gender_page:004	F08	lib/page/personal_info/set_gender/set_gender_page.dart	true	test/auto_test/personal_info/set_gender_page.md	11	点选性别保存成功后退栈	MAPPING_REQUIRED	MAPPING_REQUIRED	RECONCILE_REQUIRED	TO_BE_DEFINED	PARSED
LEGACY:personal_info:set_gender_page:005	F08	lib/page/personal_info/set_gender/set_gender_page.dart	true	test/auto_test/personal_info/set_gender_page.md	12	退栈后上级性别文案立即刷新	MAPPING_REQUIRED	MAPPING_REQUIRED	RECONCILE_REQUIRED	TO_BE_DEFINED	PARSED
LEGACY:personal_info:set_gender_page:006	F08	lib/page/personal_info/set_gender/set_gender_page.dart	true	test/auto_test/personal_info/set_gender_page.md	13	保存中该项显示菊花指示	MAPPING_REQUIRED	MAPPING_REQUIRED	RECONCILE_REQUIRED	TO_BE_DEFINED	PARSED
LEGACY:personal_info:set_gender_page:007	F08	lib/page/personal_info/set_gender/set_gender_page.dart	true	test/auto_test/personal_info/set_gender_page.md	14	保存中禁用其余选项点击	MAPPING_REQUIRED	MAPPING_REQUIRED	RECONCILE_REQUIRED	TO_BE_DEFINED	PARSED
LEGACY:personal_info:set_gender_page:008	F08	lib/page/personal_info/set_gender/set_gender_page.dart	true	test/auto_test/personal_info/set_gender_page.md	15	选中项前置图标底色变主题蓝	MAPPING_REQUIRED	MAPPING_REQUIRED	RECONCILE_REQUIRED	TO_BE_DEFINED	PARSED
LEGACY:personal_info:set_gender_page:009	F08	lib/page/personal_info/set_gender/set_gender_page.dart	true	test/auto_test/personal_info/set_gender_page.md	16	保存失败时停留当前页不退栈	MAPPING_REQUIRED	MAPPING_REQUIRED	RECONCILE_REQUIRED	TO_BE_DEFINED	PARSED
LEGACY:personal_info:set_gender_page:010	F08	lib/page/personal_info/set_gender/set_gender_page.dart	true	test/auto_test/personal_info/set_gender_page.md	17	分组头部标题大写渲染	MAPPING_REQUIRED	MAPPING_REQUIRED	RECONCILE_REQUIRED	TO_BE_DEFINED	PARSED
LEGACY:personal_info:set_nickname_page:001	F08	lib/page/personal_info/set_nickname/set_nickname_page.dart	true	test/auto_test/personal_info/set_nickname_page.md	8	输入框自动聚焦并回填当前昵称	MAPPING_REQUIRED	MAPPING_REQUIRED	RECONCILE_REQUIRED	TO_BE_DEFINED	PARSED
LEGACY:personal_info:set_nickname_page:002	F08	lib/page/personal_info/set_nickname/set_nickname_page.dart	true	test/auto_test/personal_info/set_nickname_page.md	9	底部展示昵称字符规则说明	MAPPING_REQUIRED	MAPPING_REQUIRED	RECONCILE_REQUIRED	TO_BE_DEFINED	PARSED
LEGACY:personal_info:set_nickname_page:003	F08	lib/page/personal_info/set_nickname/set_nickname_provider.dart	true	test/auto_test/personal_info/set_nickname_page.md	10	进页面时剩余字数初始值	MAPPING_REQUIRED	MAPPING_REQUIRED	RECONCILE_REQUIRED	TO_BE_DEFINED	PARSED
LEGACY:personal_info:set_nickname_page:004	F08	lib/page/personal_info/set_nickname/set_nickname_page.dart	true	test/auto_test/personal_info/set_nickname_page.md	11	右侧剩余字数计数实时更新	MAPPING_REQUIRED	MAPPING_REQUIRED	RECONCILE_REQUIRED	TO_BE_DEFINED	PARSED
LEGACY:personal_info:set_nickname_page:005	F08	lib/page/personal_info/set_nickname/set_nickname_page.dart	true	test/auto_test/personal_info/set_nickname_page.md	12	超出长度时计数变红警示	MAPPING_REQUIRED	MAPPING_REQUIRED	RECONCILE_REQUIRED	TO_BE_DEFINED	PARSED
LEGACY:personal_info:set_nickname_page:006	F08	lib/page/personal_info/set_nickname/set_nickname_page.dart	true	test/auto_test/personal_info/set_nickname_page.md	13	非法输入展示校验错误提示行	MAPPING_REQUIRED	MAPPING_REQUIRED	RECONCILE_REQUIRED	TO_BE_DEFINED	PARSED
LEGACY:personal_info:set_nickname_page:007	F08	lib/page/personal_info/set_nickname/set_nickname_page.dart	true	test/auto_test/personal_info/set_nickname_page.md	14	保存按钮按可保存态启用或置灰	MAPPING_REQUIRED	MAPPING_REQUIRED	RECONCILE_REQUIRED	TO_BE_DEFINED	PARSED
LEGACY:personal_info:set_nickname_page:008	F08	lib/page/personal_info/set_nickname/set_nickname_page.dart	true	test/auto_test/personal_info/set_nickname_page.md	15	点保存收起键盘并提交昵称	MAPPING_REQUIRED	MAPPING_REQUIRED	RECONCILE_REQUIRED	TO_BE_DEFINED	PARSED
LEGACY:personal_info:set_nickname_page:009	F08	lib/page/personal_info/set_nickname/set_nickname_page.dart	true	test/auto_test/personal_info/set_nickname_page.md	16	保存中显示菊花并禁止重复点击	MAPPING_REQUIRED	MAPPING_REQUIRED	RECONCILE_REQUIRED	TO_BE_DEFINED	PARSED
LEGACY:personal_info:set_nickname_page:010	F08	lib/page/personal_info/set_nickname/set_nickname_page.dart	true	test/auto_test/personal_info/set_nickname_page.md	17	保存成功退栈并回传刷新标志	MAPPING_REQUIRED	MAPPING_REQUIRED	RECONCILE_REQUIRED	TO_BE_DEFINED	PARSED
LEGACY:personal_info:set_nickname_page:011	F08	lib/page/personal_info/set_nickname/set_nickname_page.dart	true	test/auto_test/personal_info/set_nickname_page.md	18	保存失败弹出更新失败提示	MAPPING_REQUIRED	MAPPING_REQUIRED	RECONCILE_REQUIRED	TO_BE_DEFINED	PARSED
LEGACY:personal_info:set_nickname_page:012	F08	lib/page/personal_info/set_nickname/set_nickname_page.dart	true	test/auto_test/personal_info/set_nickname_page.md	19	输入达24字符时硬截断	MAPPING_REQUIRED	MAPPING_REQUIRED	RECONCILE_REQUIRED	TO_BE_DEFINED	PARSED
LEGACY:personal_info:set_region_page:001	F08	lib/page/personal_info/set_region/set_region_page.dart	true	test/auto_test/personal_info/set_region_page.md	8	进页初始化并回显当前地区	MAPPING_REQUIRED	MAPPING_REQUIRED	RECONCILE_REQUIRED	TO_BE_DEFINED	PARSED
LEGACY:personal_info:set_region_page:002	F08	lib/page/personal_info/set_region/set_region_page.dart	true	test/auto_test/personal_info/set_region_page.md	9	顶部搜索框防抖过滤地区列表	MAPPING_REQUIRED	MAPPING_REQUIRED	RECONCILE_REQUIRED	TO_BE_DEFINED	PARSED
LEGACY:personal_info:set_region_page:003	F08	lib/page/personal_info/set_region/set_region_page.dart	true	test/auto_test/personal_info/set_region_page.md	10	已选地区回显区高亮加粗显示	MAPPING_REQUIRED	MAPPING_REQUIRED	RECONCILE_REQUIRED	TO_BE_DEFINED	PARSED
LEGACY:personal_info:set_region_page:004	F08	lib/page/personal_info/set_region/set_region_page.dart	true	test/auto_test/personal_info/set_region_page.md	11	有变更时显示还原按钮	MAPPING_REQUIRED	MAPPING_REQUIRED	RECONCILE_REQUIRED	TO_BE_DEFINED	PARSED
LEGACY:personal_info:set_region_page:005	F08	lib/page/personal_info/set_region/set_region_page.dart	true	test/auto_test/personal_info/set_region_page.md	12	点还原恢复到进页初始选择	MAPPING_REQUIRED	MAPPING_REQUIRED	RECONCILE_REQUIRED	TO_BE_DEFINED	PARSED
LEGACY:personal_info:set_region_page:006	F08	lib/page/personal_info/set_region/set_region_page.dart	true	test/auto_test/personal_info/set_region_page.md	13	含子级项显示箭头并进入子页	MAPPING_REQUIRED	MAPPING_REQUIRED	RECONCILE_REQUIRED	TO_BE_DEFINED	PARSED
LEGACY:personal_info:set_region_page:007	F08	lib/page/personal_info/set_region/set_region_page.dart	true	test/auto_test/personal_info/set_region_page.md	14	点叶子节点更新选择路径	MAPPING_REQUIRED	MAPPING_REQUIRED	RECONCILE_REQUIRED	TO_BE_DEFINED	PARSED
LEGACY:personal_info:set_region_page:008	F08	lib/page/personal_info/set_region/set_region_page.dart	true	test/auto_test/personal_info/set_region_page.md	15	子页搜索框过滤子级地区	MAPPING_REQUIRED	MAPPING_REQUIRED	RECONCILE_REQUIRED	TO_BE_DEFINED	PARSED
LEGACY:personal_info:set_region_page:009	F08	lib/page/personal_info/set_region/set_region_page.dart	true	test/auto_test/personal_info/set_region_page.md	16	子页点完成保存后连退两级	MAPPING_REQUIRED	MAPPING_REQUIRED	RECONCILE_REQUIRED	TO_BE_DEFINED	PARSED
LEGACY:personal_info:set_region_page:010	F08	lib/page/personal_info/set_region/set_region_page.dart	true	test/auto_test/personal_info/set_region_page.md	17	完成按钮按有无变更启用置灰	MAPPING_REQUIRED	MAPPING_REQUIRED	RECONCILE_REQUIRED	TO_BE_DEFINED	PARSED
LEGACY:personal_info:set_region_page:011	F08	lib/page/personal_info/set_region/set_region_page.dart	true	test/auto_test/personal_info/set_region_page.md	18	保存成功后上级地区立即刷新	MAPPING_REQUIRED	MAPPING_REQUIRED	RECONCILE_REQUIRED	TO_BE_DEFINED	PARSED
LEGACY:personal_info:update_page:001	F08	lib/page/personal_info/update/update_page.dart	true	test/auto_test/personal_info/update_page.md	8	input模式单行输入框自动聚焦	MAPPING_REQUIRED	MAPPING_REQUIRED	RECONCILE_REQUIRED	TO_BE_DEFINED	PARSED
LEGACY:personal_info:update_page:002	F08	lib/page/personal_info/update/update_page.dart	true	test/auto_test/personal_info/update_page.md	9	内容为空时完成按钮置灰禁用	MAPPING_REQUIRED	MAPPING_REQUIRED	RECONCILE_REQUIRED	TO_BE_DEFINED	PARSED
LEGACY:personal_info:update_page:003	F08	lib/page/personal_info/update/update_page.dart	true	test/auto_test/personal_info/update_page.md	10	内容变更后完成按钮高亮可点	MAPPING_REQUIRED	MAPPING_REQUIRED	RECONCILE_REQUIRED	TO_BE_DEFINED	PARSED
LEGACY:personal_info:update_page:004	F08	lib/page/personal_info/update/update_page.dart	true	test/auto_test/personal_info/update_page.md	11	点完成提交回调成功后退栈	MAPPING_REQUIRED	MAPPING_REQUIRED	RECONCILE_REQUIRED	TO_BE_DEFINED	PARSED
LEGACY:personal_info:update_page:005	F08	lib/page/personal_info/update/update_page.dart	true	test/auto_test/personal_info/update_page.md	12	键盘回车直接提交当前内容	MAPPING_REQUIRED	MAPPING_REQUIRED	RECONCILE_REQUIRED	TO_BE_DEFINED	PARSED
LEGACY:personal_info:update_page:006	F08	lib/page/personal_info/update/update_page.dart	true	test/auto_test/personal_info/update_page.md	13	text模式多行输入与字数计数器	MAPPING_REQUIRED	MAPPING_REQUIRED	RECONCILE_REQUIRED	TO_BE_DEFINED	PARSED
LEGACY:personal_info:update_page:007	F08	lib/page/personal_info/update/update_page.dart	true	test/auto_test/personal_info/update_page.md	14	text模式达最大长度时截断	MAPPING_REQUIRED	MAPPING_REQUIRED	RECONCILE_REQUIRED	TO_BE_DEFINED	PARSED
LEGACY:personal_info:update_page:008	F08	lib/page/personal_info/update/update_page.dart	true	test/auto_test/personal_info/update_page.md	15	gender模式三项单选切换	MAPPING_REQUIRED	MAPPING_REQUIRED	RECONCILE_REQUIRED	TO_BE_DEFINED	PARSED
LEGACY:personal_info:update_page:009	F08	lib/page/personal_info/update/update_page.dart	true	test/auto_test/personal_info/update_page.md	16	gender选中项显示对勾并放大字号	MAPPING_REQUIRED	MAPPING_REQUIRED	RECONCILE_REQUIRED	TO_BE_DEFINED	PARSED
LEGACY:personal_info:update_page:010	F08	lib/page/personal_info/update/update_page.dart	true	test/auto_test/personal_info/update_page.md	17	提交失败时停留当前页不退栈	MAPPING_REQUIRED	MAPPING_REQUIRED	RECONCILE_REQUIRED	TO_BE_DEFINED	PARSED
LEGACY:personal_info:update_page:011	F08	lib/page/personal_info/update/update_page.dart	true	test/auto_test/personal_info/update_page.md	18	进页把原值回填到输入控制器	MAPPING_REQUIRED	MAPPING_REQUIRED	RECONCILE_REQUIRED	TO_BE_DEFINED	PARSED
LEGACY:qrcode:channel_qrcode_page:001	F14	lib/page/qrcode/channel_qrcode_page.dart	true	test/auto_test/qrcode/channel_qrcode_page.md	8	二维码页打开与频道信息渲染	MAPPING_REQUIRED	MAPPING_REQUIRED	RECONCILE_REQUIRED	TO_BE_DEFINED	PARSED
LEGACY:qrcode:channel_qrcode_page:002	F14	lib/page/qrcode/channel_qrcode_page.dart	true	test/auto_test/qrcode/channel_qrcode_page.md	9	保存二维码到相册与结果提示	MAPPING_REQUIRED	MAPPING_REQUIRED	RECONCILE_REQUIRED	TO_BE_DEFINED	PARSED
LEGACY:qrcode:channel_qrcode_page:003	F14	lib/page/qrcode/channel_qrcode_page.dart	true	test/auto_test/qrcode/channel_qrcode_page.md	10	二维码内容生成含七天有效期签名	MAPPING_REQUIRED	MAPPING_REQUIRED	RECONCILE_REQUIRED	TO_BE_DEFINED	PARSED
LEGACY:qrcode:channel_qrcode_page:004	F14	lib/page/qrcode/channel_qrcode_page.dart	true	test/auto_test/qrcode/channel_qrcode_page.md	11	底部有效期提示文案与日期格式化	MAPPING_REQUIRED	MAPPING_REQUIRED	RECONCILE_REQUIRED	TO_BE_DEFINED	PARSED
LEGACY:qrcode:channel_qrcode_page:005	F14	lib/page/qrcode/channel_qrcode_page.dart	true	test/auto_test/qrcode/channel_qrcode_page.md	12	频道头像渲染与无头像兜底图标	MAPPING_REQUIRED	MAPPING_REQUIRED	RECONCILE_REQUIRED	TO_BE_DEFINED	PARSED
LEGACY:qrcode:channel_qrcode_page:006	F14	lib/page/qrcode/channel_qrcode_page.dart	true	test/auto_test/qrcode/channel_qrcode_page.md	13	分享按钮导出图片并唤起系统分享	MAPPING_REQUIRED	MAPPING_REQUIRED	RECONCILE_REQUIRED	TO_BE_DEFINED	PARSED
LEGACY:qrcode:channel_qrcode_page:007	F14	lib/page/qrcode/channel_qrcode_page.dart	true	test/auto_test/qrcode/channel_qrcode_page.md	14	更多面板分享项复用分享流程	MAPPING_REQUIRED	MAPPING_REQUIRED	RECONCILE_REQUIRED	TO_BE_DEFINED	PARSED
LEGACY:qrcode:channel_qrcode_page:008	F14	lib/page/qrcode/channel_qrcode_page.dart	true	test/auto_test/qrcode/channel_qrcode_page.md	15	更多面板保存项写入相册	MAPPING_REQUIRED	MAPPING_REQUIRED	RECONCILE_REQUIRED	TO_BE_DEFINED	PARSED
LEGACY:qrcode:channel_qrcode_page:009	F14	lib/page/qrcode/channel_qrcode_page.dart	true	test/auto_test/qrcode/channel_qrcode_page.md	16	更多面板扫一扫跳转扫码页	MAPPING_REQUIRED	MAPPING_REQUIRED	RECONCILE_REQUIRED	TO_BE_DEFINED	PARSED
LEGACY:qrcode:channel_qrcode_page:010	F14	lib/page/qrcode/channel_qrcode_page.dart	true	test/auto_test/qrcode/channel_qrcode_page.md	17	分享卡固定白底黑字不随暗色主题变	MAPPING_REQUIRED	MAPPING_REQUIRED	RECONCILE_REQUIRED	TO_BE_DEFINED	PARSED
LEGACY:qrcode:group_qrcode_page:001	F14	lib/page/qrcode/group_qrcode_page.dart	true	test/auto_test/qrcode/group_qrcode_page.md	8	无名群名走 displayTitle 兜底	MAPPING_REQUIRED	MAPPING_REQUIRED	RECONCILE_REQUIRED	TO_BE_DEFINED	PARSED
LEGACY:qrcode:group_qrcode_page:002	F14	lib/page/qrcode/group_qrcode_page.dart	true	test/auto_test/qrcode/group_qrcode_page.md	9	保存二维码到相册并提示结果	MAPPING_REQUIRED	MAPPING_REQUIRED	RECONCILE_REQUIRED	TO_BE_DEFINED	PARSED
LEGACY:qrcode:group_qrcode_page:003	F14	lib/page/qrcode/group_qrcode_page.dart	true	test/auto_test/qrcode/group_qrcode_page.md	10	生成带有效期与签名的二维码	MAPPING_REQUIRED	MAPPING_REQUIRED	RECONCILE_REQUIRED	TO_BE_DEFINED	PARSED
LEGACY:qrcode:group_qrcode_page:004	F14	lib/page/qrcode/group_qrcode_page.dart	true	test/auto_test/qrcode/group_qrcode_page.md	11	展示群头像合成九宫格图	MAPPING_REQUIRED	MAPPING_REQUIRED	RECONCILE_REQUIRED	TO_BE_DEFINED	PARSED
LEGACY:qrcode:group_qrcode_page:005	F14	lib/page/qrcode/group_qrcode_page.dart	true	test/auto_test/qrcode/group_qrcode_page.md	12	展示七天有效期与到期日期	MAPPING_REQUIRED	MAPPING_REQUIRED	RECONCILE_REQUIRED	TO_BE_DEFINED	PARSED
LEGACY:qrcode:group_qrcode_page:006	F14	lib/page/qrcode/group_qrcode_page.dart	true	test/auto_test/qrcode/group_qrcode_page.md	13	点分享按钮唤起系统分享面板	MAPPING_REQUIRED	MAPPING_REQUIRED	RECONCILE_REQUIRED	TO_BE_DEFINED	PARSED
LEGACY:qrcode:group_qrcode_page:007	F14	lib/page/qrcode/group_qrcode_page.dart	true	test/auto_test/qrcode/group_qrcode_page.md	14	点右上更多弹出操作表	MAPPING_REQUIRED	MAPPING_REQUIRED	RECONCILE_REQUIRED	TO_BE_DEFINED	PARSED
LEGACY:qrcode:group_qrcode_page:008	F14	lib/page/qrcode/group_qrcode_page.dart	true	test/auto_test/qrcode/group_qrcode_page.md	15	操作表内分享二维码	MAPPING_REQUIRED	MAPPING_REQUIRED	RECONCILE_REQUIRED	TO_BE_DEFINED	PARSED
LEGACY:qrcode:group_qrcode_page:009	F14	lib/page/qrcode/group_qrcode_page.dart	true	test/auto_test/qrcode/group_qrcode_page.md	16	操作表内保存二维码	MAPPING_REQUIRED	MAPPING_REQUIRED	RECONCILE_REQUIRED	TO_BE_DEFINED	PARSED
LEGACY:qrcode:group_qrcode_page:010	F14	lib/page/qrcode/group_qrcode_page.dart	true	test/auto_test/qrcode/group_qrcode_page.md	17	操作表内跳转扫一扫页面	MAPPING_REQUIRED	MAPPING_REQUIRED	RECONCILE_REQUIRED	TO_BE_DEFINED	PARSED
LEGACY:qrcode:group_qrcode_page:011	F14	lib/page/qrcode/group_qrcode_page.dart	true	test/auto_test/qrcode/group_qrcode_page.md	18	分享卡固定白底黑字不随主题	MAPPING_REQUIRED	MAPPING_REQUIRED	RECONCILE_REQUIRED	TO_BE_DEFINED	PARSED
LEGACY:qrcode:qrcode_page:001	F14	lib/page/qrcode/qrcode_page.dart	true	test/auto_test/qrcode/qrcode_page.md	8	导出个人二维码页供外部引用	MAPPING_REQUIRED	MAPPING_REQUIRED	RECONCILE_REQUIRED	TO_BE_DEFINED	PARSED
LEGACY:qrcode:qrcode_page:002	F14	lib/page/qrcode/qrcode_page.dart	true	test/auto_test/qrcode/qrcode_page.md	9	导出群二维码页供外部引用	MAPPING_REQUIRED	MAPPING_REQUIRED	RECONCILE_REQUIRED	TO_BE_DEFINED	PARSED
LEGACY:qrcode:qrcode_page:003	F14	lib/page/qrcode/qrcode_page.dart	true	test/auto_test/qrcode/qrcode_page.md	10	导出频道二维码页供外部引用	MAPPING_REQUIRED	MAPPING_REQUIRED	RECONCILE_REQUIRED	TO_BE_DEFINED	PARSED
LEGACY:qrcode:qrcode_page:004	F14	lib/page/qrcode/qrcode_page.dart	true	test/auto_test/qrcode/qrcode_page.md	11	群二维码卡渲染群头像与群名	MAPPING_REQUIRED	MAPPING_REQUIRED	RECONCILE_REQUIRED	TO_BE_DEFINED	PARSED
LEGACY:qrcode:qrcode_page:005	F14	lib/page/qrcode/qrcode_page.dart	true	test/auto_test/qrcode/qrcode_page.md	12	群二维码携带七天有效期与签名	MAPPING_REQUIRED	MAPPING_REQUIRED	RECONCILE_REQUIRED	TO_BE_DEFINED	PARSED
LEGACY:qrcode:qrcode_page:006	F14	lib/page/qrcode/qrcode_page.dart	true	test/auto_test/qrcode/qrcode_page.md	13	群二维码底部显示到期日期文案	MAPPING_REQUIRED	MAPPING_REQUIRED	RECONCILE_REQUIRED	TO_BE_DEFINED	PARSED
LEGACY:qrcode:qrcode_page:007	F14	lib/page/qrcode/qrcode_page.dart	true	test/auto_test/qrcode/qrcode_page.md	14	群二维码保存到相册	MAPPING_REQUIRED	MAPPING_REQUIRED	RECONCILE_REQUIRED	TO_BE_DEFINED	PARSED
LEGACY:qrcode:qrcode_page:008	F14	lib/page/qrcode/qrcode_page.dart	true	test/auto_test/qrcode/qrcode_page.md	15	群二维码导出图片并分享	MAPPING_REQUIRED	MAPPING_REQUIRED	RECONCILE_REQUIRED	TO_BE_DEFINED	PARSED
LEGACY:qrcode:qrcode_page:009	F14	lib/page/qrcode/qrcode_page.dart	true	test/auto_test/qrcode/qrcode_page.md	16	频道二维码卡渲染频道名与占位图	MAPPING_REQUIRED	MAPPING_REQUIRED	RECONCILE_REQUIRED	TO_BE_DEFINED	PARSED
LEGACY:qrcode:qrcode_page:010	F14	lib/page/qrcode/qrcode_page.dart	true	test/auto_test/qrcode/qrcode_page.md	17	频道二维码保存与分享	MAPPING_REQUIRED	MAPPING_REQUIRED	RECONCILE_REQUIRED	TO_BE_DEFINED	PARSED
LEGACY:qrcode:qrcode_page:011	F14	lib/page/qrcode/qrcode_page.dart	true	test/auto_test/qrcode/qrcode_page.md	18	三个二维码页更多菜单含扫一扫	MAPPING_REQUIRED	MAPPING_REQUIRED	RECONCILE_REQUIRED	TO_BE_DEFINED	PARSED
LEGACY:qrcode:user_qrcode_page:001	F14	lib/page/qrcode/user_qrcode_page.dart	true	test/auto_test/qrcode/user_qrcode_page.md	8	名片卡渲染头像昵称地区性别	MAPPING_REQUIRED	MAPPING_REQUIRED	RECONCILE_REQUIRED	TO_BE_DEFINED	PARSED
LEGACY:qrcode:user_qrcode_page:002	F14	lib/page/qrcode/user_qrcode_page.dart	true	test/auto_test/qrcode/user_qrcode_page.md	9	二维码内容携带uid与固定后缀	MAPPING_REQUIRED	MAPPING_REQUIRED	RECONCILE_REQUIRED	TO_BE_DEFINED	PARSED
LEGACY:qrcode:user_qrcode_page:003	F14	lib/page/qrcode/user_qrcode_page.dart	true	test/auto_test/qrcode/user_qrcode_page.md	10	二维码中心嵌入品牌Logo	MAPPING_REQUIRED	MAPPING_REQUIRED	RECONCILE_REQUIRED	TO_BE_DEFINED	PARSED
LEGACY:qrcode:user_qrcode_page:004	F14	lib/page/qrcode/user_qrcode_page.dart	true	test/auto_test/qrcode/user_qrcode_page.md	11	保存到相册成功后弹成功提示	MAPPING_REQUIRED	MAPPING_REQUIRED	RECONCILE_REQUIRED	TO_BE_DEFINED	PARSED
LEGACY:qrcode:user_qrcode_page:005	F14	lib/page/qrcode/user_qrcode_page.dart	true	test/auto_test/qrcode/user_qrcode_page.md	12	保存到相册失败时给出可见反馈	MAPPING_REQUIRED	MAPPING_REQUIRED	RECONCILE_REQUIRED	TO_BE_DEFINED	PARSED
LEGACY:qrcode:user_qrcode_page:006	F14	lib/page/qrcode/user_qrcode_page.dart	true	test/auto_test/qrcode/user_qrcode_page.md	13	分享按钮导出二维码图片分享	MAPPING_REQUIRED	MAPPING_REQUIRED	RECONCILE_REQUIRED	TO_BE_DEFINED	PARSED
LEGACY:qrcode:user_qrcode_page:007	F14	lib/page/qrcode/user_qrcode_page.dart	true	test/auto_test/qrcode/user_qrcode_page.md	14	更多菜单分享入口触发分享	MAPPING_REQUIRED	MAPPING_REQUIRED	RECONCILE_REQUIRED	TO_BE_DEFINED	PARSED
LEGACY:qrcode:user_qrcode_page:008	F14	lib/page/qrcode/user_qrcode_page.dart	true	test/auto_test/qrcode/user_qrcode_page.md	15	更多菜单保存入口触发保存	MAPPING_REQUIRED	MAPPING_REQUIRED	RECONCILE_REQUIRED	TO_BE_DEFINED	PARSED
LEGACY:qrcode:user_qrcode_page:009	F14	lib/page/qrcode/user_qrcode_page.dart	true	test/auto_test/qrcode/user_qrcode_page.md	16	更多菜单扫一扫入口跳扫码页	MAPPING_REQUIRED	MAPPING_REQUIRED	RECONCILE_REQUIRED	TO_BE_DEFINED	PARSED
LEGACY:qrcode:user_qrcode_page:010	F14	lib/page/qrcode/user_qrcode_page.dart	true	test/auto_test/qrcode/user_qrcode_page.md	17	分享卡固定白底黑字不随暗色变	MAPPING_REQUIRED	MAPPING_REQUIRED	RECONCILE_REQUIRED	TO_BE_DEFINED	PARSED
LEGACY:scanner:qr_login_confirm_page:001	F14	lib/page/scanner/qr_login_confirm_page.dart	true	test/auto_test/scanner/qr_login_confirm_page.md	8	进页自动上报扫码状态	MAPPING_REQUIRED	MAPPING_REQUIRED	RECONCILE_REQUIRED	TO_BE_DEFINED	PARSED
LEGACY:scanner:qr_login_confirm_page:002	F14	lib/page/scanner/qr_login_confirm_page.dart	true	test/auto_test/scanner/qr_login_confirm_page.md	9	上报期间展示加载态	MAPPING_REQUIRED	MAPPING_REQUIRED	RECONCILE_REQUIRED	TO_BE_DEFINED	PARSED
LEGACY:scanner:qr_login_confirm_page:003	F14	lib/page/scanner/qr_login_confirm_page.dart	true	test/auto_test/scanner/qr_login_confirm_page.md	10	点确认登录提交确认请求	MAPPING_REQUIRED	MAPPING_REQUIRED	RECONCILE_REQUIRED	TO_BE_DEFINED	PARSED
LEGACY:scanner:qr_login_confirm_page:004	F14	lib/page/scanner/qr_login_confirm_page.dart	true	test/auto_test/scanner/qr_login_confirm_page.md	11	点取消登录上报本机取消	MAPPING_REQUIRED	MAPPING_REQUIRED	RECONCILE_REQUIRED	TO_BE_DEFINED	PARSED
LEGACY:scanner:qr_login_confirm_page:005	F14	lib/page/scanner/qr_login_confirm_page.dart	true	test/auto_test/scanner/qr_login_confirm_page.md	12	点关闭按钮直接退出本页	MAPPING_REQUIRED	MAPPING_REQUIRED	RECONCILE_REQUIRED	TO_BE_DEFINED	PARSED
LEGACY:scanner:qr_login_confirm_page:006	F14	lib/page/scanner/qr_login_confirm_page.dart	true	test/auto_test/scanner/qr_login_confirm_page.md	13	登录成功后延时自动退栈	MAPPING_REQUIRED	MAPPING_REQUIRED	RECONCILE_REQUIRED	TO_BE_DEFINED	PARSED
LEGACY:scanner:qr_login_confirm_page:007	F14	lib/page/scanner/qr_login_confirm_page.dart	true	test/auto_test/scanner/qr_login_confirm_page.md	14	本机取消后延时自动退栈	MAPPING_REQUIRED	MAPPING_REQUIRED	RECONCILE_REQUIRED	TO_BE_DEFINED	PARSED
LEGACY:scanner:qr_login_confirm_page:008	F14	lib/page/scanner/qr_login_confirm_page.dart	true	test/auto_test/scanner/qr_login_confirm_page.md	15	令牌过期或失效时展示错误态	MAPPING_REQUIRED	MAPPING_REQUIRED	RECONCILE_REQUIRED	TO_BE_DEFINED	PARSED
LEGACY:scanner:qr_login_confirm_page:009	F14	lib/page/scanner/qr_login_confirm_page.dart	true	test/auto_test/scanner/qr_login_confirm_page.md	16	网络失败时展示错误与关闭入口	MAPPING_REQUIRED	MAPPING_REQUIRED	RECONCILE_REQUIRED	TO_BE_DEFINED	PARSED
LEGACY:scanner:scanner_page:001	F14	lib/page/scanner/scanner_page.dart	true	test/auto_test/scanner/scanner_page.md	8	进页延迟启动相机并渲染取景框	MAPPING_REQUIRED	MAPPING_REQUIRED	RECONCILE_REQUIRED	TO_BE_DEFINED	PARSED
LEGACY:scanner:scanner_page:002	F14	lib/page/scanner/scanner_page.dart	true	test/auto_test/scanner/scanner_page.md	9	权限被拒时显示去设置引导	MAPPING_REQUIRED	MAPPING_REQUIRED	RECONCILE_REQUIRED	TO_BE_DEFINED	PARSED
LEGACY:scanner:scanner_page:003	F14	lib/page/scanner/scanner_page.dart	true	test/auto_test/scanner/scanner_page.md	10	启动失败时显示重试按钮	MAPPING_REQUIRED	MAPPING_REQUIRED	RECONCILE_REQUIRED	TO_BE_DEFINED	PARSED
LEGACY:scanner:scanner_page:004	F14	lib/page/scanner/scanner_page.dart	true	test/auto_test/scanner/scanner_page.md	11	闪光灯按钮开关并切换图标	MAPPING_REQUIRED	MAPPING_REQUIRED	RECONCILE_REQUIRED	TO_BE_DEFINED	PARSED
LEGACY:scanner:scanner_page:005	F14	lib/page/scanner/scanner_page.dart	true	test/auto_test/scanner/scanner_page.md	12	暂停与继续扫描切换	MAPPING_REQUIRED	MAPPING_REQUIRED	RECONCILE_REQUIRED	TO_BE_DEFINED	PARSED
LEGACY:scanner:scanner_page:006	F14	lib/page/scanner/scanner_page.dart	true	test/auto_test/scanner/scanner_page.md	13	前后摄像头切换	MAPPING_REQUIRED	MAPPING_REQUIRED	RECONCILE_REQUIRED	TO_BE_DEFINED	PARSED
LEGACY:scanner:scanner_page:007	F14	lib/page/scanner/scanner_page.dart	true	test/auto_test/scanner/scanner_page.md	14	相册识图成功提示用二维码口径	MAPPING_REQUIRED	MAPPING_REQUIRED	RECONCILE_REQUIRED	TO_BE_DEFINED	PARSED
LEGACY:scanner:scanner_page:008	F14	lib/page/scanner/scanner_page.dart	true	test/auto_test/scanner/scanner_page.md	15	相册图片未识别出码时红色提示	MAPPING_REQUIRED	MAPPING_REQUIRED	RECONCILE_REQUIRED	TO_BE_DEFINED	PARSED
LEGACY:scanner:scanner_page:009	F14	lib/page/scanner/scanner_page.dart	true	test/auto_test/scanner/scanner_page.md	16	扫到登录码跳转登录确认页	MAPPING_REQUIRED	MAPPING_REQUIRED	RECONCILE_REQUIRED	TO_BE_DEFINED	PARSED
LEGACY:scanner:scanner_page:010	F14	lib/page/scanner/scanner_page.dart	true	test/auto_test/scanner/scanner_page.md	17	扫到用户名片跳转个人资料页	MAPPING_REQUIRED	MAPPING_REQUIRED	RECONCILE_REQUIRED	TO_BE_DEFINED	PARSED
LEGACY:scanner:scanner_page:011	F14	lib/page/scanner/scanner_page.dart	true	test/auto_test/scanner/scanner_page.md	18	扫到群码入群并进入群聊页	MAPPING_REQUIRED	MAPPING_REQUIRED	RECONCILE_REQUIRED	TO_BE_DEFINED	PARSED
LEGACY:scanner:scanner_page:012	F14	lib/page/scanner/scanner_page.dart	true	test/auto_test/scanner/scanner_page.md	19	扫到非站内内容跳扫描结果页	MAPPING_REQUIRED	MAPPING_REQUIRED	RECONCILE_REQUIRED	TO_BE_DEFINED	PARSED
LEGACY:scanner:scanner_result_page:001	F14	lib/page/scanner/scanner_result_page.dart	true	test/auto_test/scanner/scanner_result_page.md	8	大字号居中展示扫描结果文本	MAPPING_REQUIRED	MAPPING_REQUIRED	RECONCILE_REQUIRED	TO_BE_DEFINED	PARSED
LEGACY:scanner:scanner_result_page:002	F14	lib/page/scanner/scanner_result_page.dart	true	test/auto_test/scanner/scanner_result_page.md	9	点返回按钮退回扫码页	MAPPING_REQUIRED	MAPPING_REQUIRED	RECONCILE_REQUIRED	TO_BE_DEFINED	PARSED
LEGACY:scanner:scanner_result_page:003	F14	lib/page/scanner/scanner_result_page.dart	true	test/auto_test/scanner/scanner_result_page.md	10	点复制写入剪贴板并弹提示	MAPPING_REQUIRED	MAPPING_REQUIRED	RECONCILE_REQUIRED	TO_BE_DEFINED	PARSED
LEGACY:scanner:scanner_result_page:004	F14	lib/page/scanner/scanner_result_page.dart	true	test/auto_test/scanner/scanner_result_page.md	11	非链接结果时浏览器按钮置灰	MAPPING_REQUIRED	MAPPING_REQUIRED	RECONCILE_REQUIRED	TO_BE_DEFINED	PARSED
LEGACY:scanner:scanner_result_page:005	F14	lib/page/scanner/scanner_result_page.dart	true	test/auto_test/scanner/scanner_result_page.md	12	链接结果点开进入内置浏览器	MAPPING_REQUIRED	MAPPING_REQUIRED	RECONCILE_REQUIRED	TO_BE_DEFINED	PARSED
LEGACY:scanner:scanner_result_page:006	F14	lib/page/scanner/scanner_result_page.dart	true	test/auto_test/scanner/scanner_result_page.md	13	网页打开失败弹底部错误面板	MAPPING_REQUIRED	MAPPING_REQUIRED	RECONCILE_REQUIRED	TO_BE_DEFINED	PARSED
LEGACY:scanner:scanner_result_page:007	F14	lib/page/scanner/scanner_result_page.dart	true	test/auto_test/scanner/scanner_result_page.md	14	超长结果文本不溢出屏幕	MAPPING_REQUIRED	MAPPING_REQUIRED	RECONCILE_REQUIRED	TO_BE_DEFINED	PARSED
LEGACY:scanner:scanner_result_page:008	F14	lib/page/scanner/scanner_result_page.dart	true	test/auto_test/scanner/scanner_result_page.md	15	暗色主题下文字与底色对比达标	MAPPING_REQUIRED	MAPPING_REQUIRED	RECONCILE_REQUIRED	TO_BE_DEFINED	PARSED
LEGACY:scanner:scanner_result_page:009	F14	lib/page/scanner/scanner_result_page.dart	true	test/auto_test/scanner/scanner_result_page.md	16	三个悬浮按钮标签互不冲突	MAPPING_REQUIRED	MAPPING_REQUIRED	RECONCILE_REQUIRED	TO_BE_DEFINED	PARSED
LEGACY:search:message_search_page:001	F14	lib/page/search/message_search_page.dart	true	test/auto_test/search/message_search_page.md	8	输入关键词防抖触发搜索	MAPPING_REQUIRED	MAPPING_REQUIRED	RECONCILE_REQUIRED	TO_BE_DEFINED	PARSED
LEGACY:search:message_search_page:002	F14	lib/page/search/message_search_page.dart	true	test/auto_test/search/message_search_page.md	9	点清除按钮重置搜索状态	MAPPING_REQUIRED	MAPPING_REQUIRED	RECONCILE_REQUIRED	TO_BE_DEFINED	PARSED
LEGACY:search:message_search_page:003	F14	lib/page/search/message_search_page.dart	true	test/auto_test/search/message_search_page.md	10	按会话类型筛选搜索结果	MAPPING_REQUIRED	MAPPING_REQUIRED	RECONCILE_REQUIRED	TO_BE_DEFINED	PARSED
LEGACY:search:message_search_page:004	F14	lib/page/search/message_search_page.dart	true	test/auto_test/search/message_search_page.md	11	按时间范围筛选搜索结果	MAPPING_REQUIRED	MAPPING_REQUIRED	RECONCILE_REQUIRED	TO_BE_DEFINED	PARSED
LEGACY:search:message_search_page:005	F14	lib/page/search/message_search_page.dart	true	test/auto_test/search/message_search_page.md	12	E2EE 下展示搜索关闭说明态	MAPPING_REQUIRED	MAPPING_REQUIRED	RECONCILE_REQUIRED	TO_BE_DEFINED	PARSED
LEGACY:search:message_search_page:006	F14	lib/page/search/message_search_page.dart	true	test/auto_test/search/message_search_page.md	13	搜索出错时展示重试入口	MAPPING_REQUIRED	MAPPING_REQUIRED	RECONCILE_REQUIRED	TO_BE_DEFINED	PARSED
LEGACY:search:message_search_page:007	F14	lib/page/search/message_search_page.dart	true	test/auto_test/search/message_search_page.md	14	展示历史记录并点击回填搜索	MAPPING_REQUIRED	MAPPING_REQUIRED	RECONCILE_REQUIRED	TO_BE_DEFINED	FEATURE_SOURCE_CONFIRMED_MAPPING_REQUIRED
LEGACY:search:message_search_page:008	F14	lib/page/search/message_search_page.dart	true	test/auto_test/search/message_search_page.md	15	删除单条历史与清空全部历史	MAPPING_REQUIRED	MAPPING_REQUIRED	RECONCILE_REQUIRED	TO_BE_DEFINED	FEATURE_SOURCE_CONFIRMED_MAPPING_REQUIRED
LEGACY:search:message_search_page:009	F14	lib/page/search/message_search_page.dart	true	test/auto_test/search/message_search_page.md	16	展示搜索范围并切到全局搜索	MAPPING_REQUIRED	MAPPING_REQUIRED	RECONCILE_REQUIRED	TO_BE_DEFINED	PARSED
LEGACY:search:message_search_page:010	F14	lib/page/search/message_search_page.dart	true	test/auto_test/search/message_search_page.md	17	滚动触底加载更多结果	MAPPING_REQUIRED	MAPPING_REQUIRED	RECONCILE_REQUIRED	TO_BE_DEFINED	FEATURE_SOURCE_CONFIRMED_MAPPING_REQUIRED
LEGACY:search:message_search_page:011	F14	lib/page/search/message_search_page.dart	true	test/auto_test/search/message_search_page.md	18	点结果跳聊天页并定位消息	MAPPING_REQUIRED	MAPPING_REQUIRED	RECONCILE_REQUIRED	TO_BE_DEFINED	FEATURE_SOURCE_CONFIRMED_MAPPING_REQUIRED
LEGACY:search:message_search_page:012	F14	lib/page/search/message_search_page.dart	true	test/auto_test/search/message_search_page.md	19	无结果空态与重置筛选按钮	MAPPING_REQUIRED	MAPPING_REQUIRED	RECONCILE_REQUIRED	TO_BE_DEFINED	FEATURE_SOURCE_CONFIRMED_MAPPING_REQUIRED
LEGACY:search:search_chat_page:001	F14	lib/page/search/search_chat_page.dart	true	test/auto_test/search/search_chat_page.md	8	输入关键词防抖搜索本会话	MAPPING_REQUIRED	MAPPING_REQUIRED	RECONCILE_REQUIRED	TO_BE_DEFINED	PARSED
LEGACY:search:search_chat_page:002	F14	lib/page/search/search_chat_page.dart	true	test/auto_test/search/search_chat_page.md	9	回车提交立即执行搜索	MAPPING_REQUIRED	MAPPING_REQUIRED	RECONCILE_REQUIRED	TO_BE_DEFINED	PARSED
LEGACY:search:search_chat_page:003	F14	lib/page/search/search_chat_page.dart	true	test/auto_test/search/search_chat_page.md	10	按全部/文本/图片类型筛选	MAPPING_REQUIRED	MAPPING_REQUIRED	RECONCILE_REQUIRED	TO_BE_DEFINED	PARSED
LEGACY:search:search_chat_page:004	F14	lib/page/search/search_chat_page.dart	true	test/auto_test/search/search_chat_page.md	11	搜索被策略关闭时展示锁图标态	MAPPING_REQUIRED	MAPPING_REQUIRED	RECONCILE_REQUIRED	TO_BE_DEFINED	PARSED
LEGACY:search:search_chat_page:005	F14	lib/page/search/search_chat_page.dart	true	test/auto_test/search/search_chat_page.md	12	搜索出错时展示重试入口	MAPPING_REQUIRED	MAPPING_REQUIRED	RECONCILE_REQUIRED	TO_BE_DEFINED	PARSED
LEGACY:search:search_chat_page:006	F14	lib/page/search/search_chat_page.dart	true	test/auto_test/search/search_chat_page.md	13	点历史记录回填并重搜	MAPPING_REQUIRED	MAPPING_REQUIRED	RECONCILE_REQUIRED	TO_BE_DEFINED	FEATURE_SOURCE_CONFIRMED_MAPPING_REQUIRED
LEGACY:search:search_chat_page:007	F14	lib/page/search/search_chat_page.dart	true	test/auto_test/search/search_chat_page.md	14	结果列表渲染与关键词高亮	MAPPING_REQUIRED	MAPPING_REQUIRED	RECONCILE_REQUIRED	TO_BE_DEFINED	FEATURE_SOURCE_CONFIRMED_MAPPING_REQUIRED
LEGACY:search:search_chat_page:008	F14	lib/page/search/search_chat_page.dart	true	test/auto_test/search/search_chat_page.md	15	异步加载结果作者头像昵称	MAPPING_REQUIRED	MAPPING_REQUIRED	RECONCILE_REQUIRED	TO_BE_DEFINED	FEATURE_SOURCE_CONFIRMED_MAPPING_REQUIRED
LEGACY:search:search_chat_page:009	F14	lib/page/search/search_chat_page.dart	true	test/auto_test/search/search_chat_page.md	16	点结果跳聊天页并定位消息	MAPPING_REQUIRED	MAPPING_REQUIRED	RECONCILE_REQUIRED	TO_BE_DEFINED	FEATURE_SOURCE_CONFIRMED_MAPPING_REQUIRED
LEGACY:search:search_chat_page:010	F14	lib/page/search/search_chat_page.dart	true	test/auto_test/search/search_chat_page.md	17	无匹配结果时展示空态	MAPPING_REQUIRED	MAPPING_REQUIRED	RECONCILE_REQUIRED	TO_BE_DEFINED	FEATURE_SOURCE_CONFIRMED_MAPPING_REQUIRED
LEGACY:search:search_chat_page:011	F14	lib/page/search/search_chat_page.dart	true	test/auto_test/search/search_chat_page.md	18	搜索框占位文案展示	MAPPING_REQUIRED	MAPPING_REQUIRED	RECONCILE_REQUIRED	TO_BE_DEFINED	PARSED
LEGACY:search:web_search_page:001	F14	lib/page/search/web_search_page.dart	true	test/auto_test/search/web_search_page.md	8	移动端无该页入口（Web 专用）	MAPPING_REQUIRED	MAPPING_REQUIRED	RECONCILE_REQUIRED	TO_BE_DEFINED	PARSED
LEGACY:search:web_search_page:002	F14	lib/page/search/web_search_page.dart	true	test/auto_test/search/web_search_page.md	9	输入关键词防抖触发全局搜索	MAPPING_REQUIRED	MAPPING_REQUIRED	RECONCILE_REQUIRED	TO_BE_DEFINED	FEATURE_SOURCE_CONFIRMED_MAPPING_REQUIRED
LEGACY:search:web_search_page:003	F14	lib/page/search/web_search_page.dart	true	test/auto_test/search/web_search_page.md	10	点清除按钮重置搜索状态	MAPPING_REQUIRED	MAPPING_REQUIRED	RECONCILE_REQUIRED	TO_BE_DEFINED	FEATURE_SOURCE_CONFIRMED_MAPPING_REQUIRED
LEGACY:search:web_search_page:004	F14	lib/page/search/web_search_page.dart	true	test/auto_test/search/web_search_page.md	11	并行搜索消息/联系人/群组/会话	MAPPING_REQUIRED	MAPPING_REQUIRED	RECONCILE_REQUIRED	TO_BE_DEFINED	FEATURE_SOURCE_CONFIRMED_MAPPING_REQUIRED
LEGACY:search:web_search_page:005	F14	lib/page/search/web_search_page.dart	true	test/auto_test/search/web_search_page.md	12	结果按类型分组并加分组标题	MAPPING_REQUIRED	MAPPING_REQUIRED	RECONCILE_REQUIRED	TO_BE_DEFINED	FEATURE_SOURCE_CONFIRMED_MAPPING_REQUIRED
LEGACY:search:web_search_page:006	F14	lib/page/search/web_search_page.dart	true	test/auto_test/search/web_search_page.md	13	结果标题与摘要关键词高亮	MAPPING_REQUIRED	MAPPING_REQUIRED	RECONCILE_REQUIRED	TO_BE_DEFINED	FEATURE_SOURCE_CONFIRMED_MAPPING_REQUIRED
LEGACY:search:web_search_page:007	F14	lib/page/search/web_search_page.dart	true	test/auto_test/search/web_search_page.md	14	点会话/消息结果进入聊天	MAPPING_REQUIRED	MAPPING_REQUIRED	RECONCILE_REQUIRED	TO_BE_DEFINED	FEATURE_SOURCE_CONFIRMED_MAPPING_REQUIRED
LEGACY:search:web_search_page:008	F14	lib/page/search/web_search_page.dart	true	test/auto_test/search/web_search_page.md	15	点联系人结果进入资料页	MAPPING_REQUIRED	MAPPING_REQUIRED	RECONCILE_REQUIRED	TO_BE_DEFINED	FEATURE_SOURCE_CONFIRMED_MAPPING_REQUIRED
LEGACY:search:web_search_page:009	F14	lib/page/search/web_search_page.dart	true	test/auto_test/search/web_search_page.md	16	点群组结果进入群聊会话	MAPPING_REQUIRED	MAPPING_REQUIRED	RECONCILE_REQUIRED	TO_BE_DEFINED	PARSED
LEGACY:search:web_search_page:010	F14	lib/page/search/web_search_page.dart	true	test/auto_test/search/web_search_page.md	17	加载最近搜索并点击回填	MAPPING_REQUIRED	MAPPING_REQUIRED	RECONCILE_REQUIRED	TO_BE_DEFINED	FEATURE_SOURCE_CONFIRMED_MAPPING_REQUIRED
LEGACY:search:web_search_page:011	F14	lib/page/search/web_search_page.dart	true	test/auto_test/search/web_search_page.md	18	清除本地搜索历史记录	MAPPING_REQUIRED	MAPPING_REQUIRED	RECONCILE_REQUIRED	TO_BE_DEFINED	FEATURE_SOURCE_CONFIRMED_MAPPING_REQUIRED
LEGACY:search:web_search_page:012	F14	lib/page/search/web_search_page.dart	true	test/auto_test/search/web_search_page.md	19	无结果态与搜索错误态展示	MAPPING_REQUIRED	MAPPING_REQUIRED	RECONCILE_REQUIRED	TO_BE_DEFINED	FEATURE_SOURCE_CONFIRMED_MAPPING_REQUIRED
LEGACY:settings:e2ee_backup_export_page:001	F08	lib/page/settings/e2ee_backup_export_page.dart	true	test/auto_test/settings/e2ee_backup_export_page.md	8	输入密码实时刷新强度指示条	MAPPING_REQUIRED	MAPPING_REQUIRED	RECONCILE_REQUIRED	TO_BE_DEFINED	PARSED
LEGACY:settings:e2ee_backup_export_page:002	F08	lib/page/settings/e2ee_backup_export_page.dart	true	test/auto_test/settings/e2ee_backup_export_page.md	9	密码未填时导出按钮置灰禁用	MAPPING_REQUIRED	MAPPING_REQUIRED	RECONCILE_REQUIRED	TO_BE_DEFINED	PARSED
LEGACY:settings:e2ee_backup_export_page:003	F08	lib/page/settings/e2ee_backup_export_page.dart	true	test/auto_test/settings/e2ee_backup_export_page.md	10	两次密码不一致时提示错误	MAPPING_REQUIRED	MAPPING_REQUIRED	RECONCILE_REQUIRED	TO_BE_DEFINED	PARSED
LEGACY:settings:e2ee_backup_export_page:004	F08	lib/page/settings/e2ee_backup_export_page.dart	true	test/auto_test/settings/e2ee_backup_export_page.md	11	点击生成恢复密钥填充两个输入框	MAPPING_REQUIRED	MAPPING_REQUIRED	RECONCILE_REQUIRED	TO_BE_DEFINED	PARSED
LEGACY:settings:e2ee_backup_export_page:005	F08	lib/page/settings/e2ee_backup_export_page.dart	true	test/auto_test/settings/e2ee_backup_export_page.md	12	恢复密钥弹窗展示并可复制到剪贴板	MAPPING_REQUIRED	MAPPING_REQUIRED	RECONCILE_REQUIRED	TO_BE_DEFINED	PARSED
LEGACY:settings:e2ee_backup_export_page:006	F08	lib/page/settings/e2ee_backup_export_page.dart	true	test/auto_test/settings/e2ee_backup_export_page.md	13	填写备份备注写入备份文件	MAPPING_REQUIRED	MAPPING_REQUIRED	RECONCILE_REQUIRED	TO_BE_DEFINED	PARSED
LEGACY:settings:e2ee_backup_export_page:007	F08	lib/page/settings/e2ee_backup_export_page.dart	true	test/auto_test/settings/e2ee_backup_export_page.md	14	点击生成备份导出加密文件	MAPPING_REQUIRED	MAPPING_REQUIRED	RECONCILE_REQUIRED	TO_BE_DEFINED	PARSED
LEGACY:settings:e2ee_backup_export_page:008	F08	lib/page/settings/e2ee_backup_export_page.dart	true	test/auto_test/settings/e2ee_backup_export_page.md	15	导出成功弹窗展示保管注意事项	MAPPING_REQUIRED	MAPPING_REQUIRED	RECONCILE_REQUIRED	TO_BE_DEFINED	PARSED
LEGACY:settings:e2ee_backup_export_page:009	F08	lib/page/settings/e2ee_backup_export_page.dart	true	test/auto_test/settings/e2ee_backup_export_page.md	16	导出后展示文件名与分享入口	MAPPING_REQUIRED	MAPPING_REQUIRED	RECONCILE_REQUIRED	TO_BE_DEFINED	PARSED
LEGACY:settings:e2ee_backup_export_page:010	F08	lib/page/settings/e2ee_backup_export_page.dart	true	test/auto_test/settings/e2ee_backup_export_page.md	17	点击分享调起系统分享面板	MAPPING_REQUIRED	MAPPING_REQUIRED	RECONCILE_REQUIRED	TO_BE_DEFINED	PARSED
LEGACY:settings:e2ee_backup_export_page:011	F08	lib/page/settings/e2ee_backup_export_page.dart	true	test/auto_test/settings/e2ee_backup_export_page.md	18	点击云端备份上传并提示版本号	MAPPING_REQUIRED	MAPPING_REQUIRED	RECONCILE_REQUIRED	TO_BE_DEFINED	PARSED
LEGACY:settings:e2ee_backup_export_page:012	F08	lib/page/settings/e2ee_backup_export_page.dart	true	test/auto_test/settings/e2ee_backup_export_page.md	19	本地无密钥数据时提示导出失败	MAPPING_REQUIRED	MAPPING_REQUIRED	RECONCILE_REQUIRED	TO_BE_DEFINED	PARSED
LEGACY:settings:e2ee_backup_import_page:001	F08	lib/page/settings/e2ee_backup_import_page.dart	true	test/auto_test/settings/e2ee_backup_import_page.md	8	点击选择区调起文件选择器	MAPPING_REQUIRED	MAPPING_REQUIRED	RECONCILE_REQUIRED	TO_BE_DEFINED	PARSED
LEGACY:settings:e2ee_backup_import_page:002	F08	lib/page/settings/e2ee_backup_import_page.dart	true	test/auto_test/settings/e2ee_backup_import_page.md	9	选中文件后校验并展示备份元信息	MAPPING_REQUIRED	MAPPING_REQUIRED	RECONCILE_REQUIRED	TO_BE_DEFINED	PARSED
LEGACY:settings:e2ee_backup_import_page:003	F08	lib/page/settings/e2ee_backup_import_page.dart	true	test/auto_test/settings/e2ee_backup_import_page.md	10	文件格式非法时提示校验失败	MAPPING_REQUIRED	MAPPING_REQUIRED	RECONCILE_REQUIRED	TO_BE_DEFINED	PARSED
LEGACY:settings:e2ee_backup_import_page:004	F08	lib/page/settings/e2ee_backup_import_page.dart	true	test/auto_test/settings/e2ee_backup_import_page.md	11	未选合法文件时密码框保持禁用	MAPPING_REQUIRED	MAPPING_REQUIRED	RECONCILE_REQUIRED	TO_BE_DEFINED	PARSED
LEGACY:settings:e2ee_backup_import_page:005	F08	lib/page/settings/e2ee_backup_import_page.dart	true	test/auto_test/settings/e2ee_backup_import_page.md	12	密码为空时导入按钮置灰禁用	MAPPING_REQUIRED	MAPPING_REQUIRED	RECONCILE_REQUIRED	TO_BE_DEFINED	PARSED
LEGACY:settings:e2ee_backup_import_page:006	F08	lib/page/settings/e2ee_backup_import_page.dart	true	test/auto_test/settings/e2ee_backup_import_page.md	13	顶部警告卡片提示覆盖密钥风险	MAPPING_REQUIRED	MAPPING_REQUIRED	RECONCILE_REQUIRED	TO_BE_DEFINED	PARSED
LEGACY:settings:e2ee_backup_import_page:007	F08	lib/page/settings/e2ee_backup_import_page.dart	true	test/auto_test/settings/e2ee_backup_import_page.md	14	存在云端备份时展示云端恢复卡片	MAPPING_REQUIRED	MAPPING_REQUIRED	RECONCILE_REQUIRED	TO_BE_DEFINED	PARSED
LEGACY:settings:e2ee_backup_import_page:008	F08	lib/page/settings/e2ee_backup_import_page.dart	true	test/auto_test/settings/e2ee_backup_import_page.md	15	输入密码导入并恢复私钥到安全存储	MAPPING_REQUIRED	MAPPING_REQUIRED	RECONCILE_REQUIRED	TO_BE_DEFINED	PARSED
LEGACY:settings:e2ee_backup_import_page:009	F08	lib/page/settings/e2ee_backup_import_page.dart	true	test/auto_test/settings/e2ee_backup_import_page.md	16	导入成功弹窗展示脱敏设备与密钥标识	MAPPING_REQUIRED	MAPPING_REQUIRED	RECONCILE_REQUIRED	TO_BE_DEFINED	PARSED
LEGACY:settings:e2ee_backup_import_page:010	F08	lib/page/settings/e2ee_backup_import_page.dart	true	test/auto_test/settings/e2ee_backup_import_page.md	17	云端恢复弹出口令确认框可取消	MAPPING_REQUIRED	MAPPING_REQUIRED	RECONCILE_REQUIRED	TO_BE_DEFINED	PARSED
LEGACY:settings:e2ee_backup_import_page:011	F08	lib/page/settings/e2ee_backup_import_page.dart	true	test/auto_test/settings/e2ee_backup_import_page.md	18	云端口令错误时提示口令不正确	MAPPING_REQUIRED	MAPPING_REQUIRED	RECONCILE_REQUIRED	TO_BE_DEFINED	PARSED
LEGACY:settings:e2ee_backup_import_page:012	F08	lib/page/settings/e2ee_backup_import_page.dart	true	test/auto_test/settings/e2ee_backup_import_page.md	19	恢复后回填群聊会话密钥	MAPPING_REQUIRED	MAPPING_REQUIRED	RECONCILE_REQUIRED	TO_BE_DEFINED	PARSED
LEGACY:settings:e2ee_key_recovery_page:001	F08	lib/page/settings/e2ee_key_recovery_page.dart	true	test/auto_test/settings/e2ee_key_recovery_page.md	8	进入页面加载并展示当前密钥信息	MAPPING_REQUIRED	MAPPING_REQUIRED	RECONCILE_REQUIRED	TO_BE_DEFINED	PARSED
LEGACY:settings:e2ee_key_recovery_page:002	F08	lib/page/settings/e2ee_key_recovery_page.dart	true	test/auto_test/settings/e2ee_key_recovery_page.md	9	加载期间展示活动指示器	MAPPING_REQUIRED	MAPPING_REQUIRED	RECONCILE_REQUIRED	TO_BE_DEFINED	PARSED
LEGACY:settings:e2ee_key_recovery_page:003	F08	lib/page/settings/e2ee_key_recovery_page.dart	true	test/auto_test/settings/e2ee_key_recovery_page.md	10	点击右上刷新重新读取密钥信息	MAPPING_REQUIRED	MAPPING_REQUIRED	RECONCILE_REQUIRED	TO_BE_DEFINED	PARSED
LEGACY:settings:e2ee_key_recovery_page:004	F08	lib/page/settings/e2ee_key_recovery_page.dart	true	test/auto_test/settings/e2ee_key_recovery_page.md	11	展示加密说明卡片三条要点	MAPPING_REQUIRED	MAPPING_REQUIRED	RECONCILE_REQUIRED	TO_BE_DEFINED	PARSED
LEGACY:settings:e2ee_key_recovery_page:005	F08	lib/page/settings/e2ee_key_recovery_page.dart	true	test/auto_test/settings/e2ee_key_recovery_page.md	12	点击备份卡片弹出底部操作面板	MAPPING_REQUIRED	MAPPING_REQUIRED	RECONCILE_REQUIRED	TO_BE_DEFINED	PARSED
LEGACY:settings:e2ee_key_recovery_page:006	F08	lib/page/settings/e2ee_key_recovery_page.dart	true	test/auto_test/settings/e2ee_key_recovery_page.md	13	面板点击导出跳转备份导出页	MAPPING_REQUIRED	MAPPING_REQUIRED	RECONCILE_REQUIRED	TO_BE_DEFINED	PARSED
LEGACY:settings:e2ee_key_recovery_page:007	F08	lib/page/settings/e2ee_key_recovery_page.dart	true	test/auto_test/settings/e2ee_key_recovery_page.md	14	面板点击导入跳转备份导入页	MAPPING_REQUIRED	MAPPING_REQUIRED	RECONCILE_REQUIRED	TO_BE_DEFINED	PARSED
LEGACY:settings:e2ee_key_recovery_page:008	F08	lib/page/settings/e2ee_key_recovery_page.dart	true	test/auto_test/settings/e2ee_key_recovery_page.md	15	无密钥时展示空态卡片与生成入口	MAPPING_REQUIRED	MAPPING_REQUIRED	RECONCILE_REQUIRED	TO_BE_DEFINED	PARSED
LEGACY:settings:e2ee_key_recovery_page:009	F08	lib/page/settings/e2ee_key_recovery_page.dart	true	test/auto_test/settings/e2ee_key_recovery_page.md	16	点击生成新密钥弹出不可逆警告	MAPPING_REQUIRED	MAPPING_REQUIRED	RECONCILE_REQUIRED	TO_BE_DEFINED	PARSED
LEGACY:settings:e2ee_key_recovery_page:010	F08	lib/page/settings/e2ee_key_recovery_page.dart	true	test/auto_test/settings/e2ee_key_recovery_page.md	17	确认生成后展示新密钥成功弹窗	MAPPING_REQUIRED	MAPPING_REQUIRED	RECONCILE_REQUIRED	TO_BE_DEFINED	PARSED
LEGACY:settings:e2ee_key_recovery_page:011	F08	lib/page/settings/e2ee_key_recovery_page.dart	true	test/auto_test/settings/e2ee_key_recovery_page.md	18	成功弹窗点击去备份跳转导出页	MAPPING_REQUIRED	MAPPING_REQUIRED	RECONCILE_REQUIRED	TO_BE_DEFINED	PARSED
LEGACY:settings:e2ee_key_recovery_page:012	F08	lib/page/settings/e2ee_key_recovery_page.dart	true	test/auto_test/settings/e2ee_key_recovery_page.md	19	删除密钥经两阶段高摩擦确认执行	MAPPING_REQUIRED	MAPPING_REQUIRED	RECONCILE_REQUIRED	TO_BE_DEFINED	PARSED
LEGACY:single:markdown_page:001	F14	lib/page/single/markdown_page.dart	true	test/auto_test/single/markdown_page.md	8	拉取远程链接并渲染文档内容	MAPPING_REQUIRED	MAPPING_REQUIRED	RECONCILE_REQUIRED	TO_BE_DEFINED	PARSED
LEGACY:single:markdown_page:002	F14	lib/page/single/markdown_page.dart	true	test/auto_test/single/markdown_page.md	9	加载 asset 前缀的离线打包文档	MAPPING_REQUIRED	MAPPING_REQUIRED	RECONCILE_REQUIRED	TO_BE_DEFINED	PARSED
LEGACY:single:markdown_page:003	F14	lib/page/single/markdown_page.dart	true	test/auto_test/single/markdown_page.md	10	请求期间展示加载中状态	MAPPING_REQUIRED	MAPPING_REQUIRED	RECONCILE_REQUIRED	TO_BE_DEFINED	PARSED
LEGACY:single:markdown_page:004	F14	lib/page/single/markdown_page.dart	true	test/auto_test/single/markdown_page.md	11	加载失败展示错误态与重试入口	MAPPING_REQUIRED	MAPPING_REQUIRED	RECONCILE_REQUIRED	TO_BE_DEFINED	PARSED
LEGACY:single:markdown_page:005	F14	lib/page/single/markdown_page.dart	true	test/auto_test/single/markdown_page.md	12	点击重试重新拉取文档	MAPPING_REQUIRED	MAPPING_REQUIRED	RECONCILE_REQUIRED	TO_BE_DEFINED	PARSED
LEGACY:single:markdown_page:006	F14	lib/page/single/markdown_page.dart	true	test/auto_test/single/markdown_page.md	13	标题栏显示调用方传入的标题	MAPPING_REQUIRED	MAPPING_REQUIRED	RECONCILE_REQUIRED	TO_BE_DEFINED	PARSED
LEGACY:single:markdown_page:007	F14	lib/page/single/markdown_page.dart	true	test/auto_test/single/markdown_page.md	14	点击返回按钮退出文档页	MAPPING_REQUIRED	MAPPING_REQUIRED	RECONCILE_REQUIRED	TO_BE_DEFINED	PARSED
LEGACY:single:markdown_page:008	F14	lib/page/single/markdown_page.dart	true	test/auto_test/single/markdown_page.md	15	开启选择模式后长按复制正文	MAPPING_REQUIRED	MAPPING_REQUIRED	RECONCILE_REQUIRED	TO_BE_DEFINED	PARSED
LEGACY:single:markdown_page:009	F14	lib/page/single/markdown_page.dart	true	test/auto_test/single/markdown_page.md	16	右上角渲染调用方注入的操作按钮	MAPPING_REQUIRED	MAPPING_REQUIRED	RECONCILE_REQUIRED	TO_BE_DEFINED	PARSED
LEGACY:single:network_failure_guidance_page:001	F14	lib/page/single/network_failure_guidance_page.dart	true	test/auto_test/single/network_failure_guidance_page.md	8	断网时进入网络异常引导页	MAPPING_REQUIRED	MAPPING_REQUIRED	RECONCILE_REQUIRED	TO_BE_DEFINED	PARSED
LEGACY:single:network_failure_guidance_page:002	F14	lib/page/single/network_failure_guidance_page.dart	true	test/auto_test/single/network_failure_guidance_page.md	9	标题栏展示网络异常标题	MAPPING_REQUIRED	MAPPING_REQUIRED	RECONCILE_REQUIRED	TO_BE_DEFINED	PARSED
LEGACY:single:network_failure_guidance_page:003	F14	lib/page/single/network_failure_guidance_page.dart	true	test/auto_test/single/network_failure_guidance_page.md	10	点击返回按钮回到来源页	MAPPING_REQUIRED	MAPPING_REQUIRED	RECONCILE_REQUIRED	TO_BE_DEFINED	PARSED
LEGACY:single:network_failure_guidance_page:004	F14	lib/page/single/network_failure_guidance_page.dart	true	test/auto_test/single/network_failure_guidance_page.md	11	展示检查网络的建议标题行	MAPPING_REQUIRED	MAPPING_REQUIRED	RECONCILE_REQUIRED	TO_BE_DEFINED	PARSED
LEGACY:single:network_failure_guidance_page:005	F14	lib/page/single/network_failure_guidance_page.dart	true	test/auto_test/single/network_failure_guidance_page.md	12	展示三步排障指引文案	MAPPING_REQUIRED	MAPPING_REQUIRED	RECONCILE_REQUIRED	TO_BE_DEFINED	PARSED
LEGACY:single:network_failure_guidance_page:006	F14	lib/page/single/network_failure_guidance_page.dart	true	test/auto_test/single/network_failure_guidance_page.md	13	切换语言后引导文案同步刷新	MAPPING_REQUIRED	MAPPING_REQUIRED	RECONCILE_REQUIRED	TO_BE_DEFINED	PARSED
LEGACY:single:network_failure_guidance_page:007	F14	lib/page/single/network_failure_guidance_page.dart	true	test/auto_test/single/network_failure_guidance_page.md	14	暗色模式下卡片背景与文本适配	MAPPING_REQUIRED	MAPPING_REQUIRED	RECONCILE_REQUIRED	TO_BE_DEFINED	PARSED
LEGACY:single:network_failure_guidance_page:008	F14	lib/page/single/network_failure_guidance_page.dart	true	test/auto_test/single/network_failure_guidance_page.md	15	一百四十字号下文案不溢出	MAPPING_REQUIRED	MAPPING_REQUIRED	RECONCILE_REQUIRED	TO_BE_DEFINED	PARSED
LEGACY:single:terms_of_service_page:001	F14	lib/page/single/terms_of_service_page.dart	true	test/auto_test/single/terms_of_service_page.md	8	从设置页入口进入服务条款	MAPPING_REQUIRED	MAPPING_REQUIRED	RECONCILE_REQUIRED	TO_BE_DEFINED	PARSED
LEGACY:single:terms_of_service_page:002	F14	lib/page/single/terms_of_service_page.dart	true	test/auto_test/single/terms_of_service_page.md	9	点击顶部返回按钮回上一页	MAPPING_REQUIRED	MAPPING_REQUIRED	RECONCILE_REQUIRED	TO_BE_DEFINED	PARSED
LEGACY:single:terms_of_service_page:003	F14	lib/page/single/terms_of_service_page.dart	true	test/auto_test/single/terms_of_service_page.md	10	标题栏展示服务条款页标题	MAPPING_REQUIRED	MAPPING_REQUIRED	RECONCILE_REQUIRED	TO_BE_DEFINED	PARSED
LEGACY:single:terms_of_service_page:004	F14	lib/page/single/terms_of_service_page.dart	true	test/auto_test/single/terms_of_service_page.md	11	正文顶部展示条款生效日期	MAPPING_REQUIRED	MAPPING_REQUIRED	RECONCILE_REQUIRED	TO_BE_DEFINED	PARSED
LEGACY:single:terms_of_service_page:005	F14	lib/page/single/terms_of_service_page.dart	true	test/auto_test/single/terms_of_service_page.md	12	滚动浏览全部条款正文	MAPPING_REQUIRED	MAPPING_REQUIRED	RECONCILE_REQUIRED	TO_BE_DEFINED	PARSED
LEGACY:single:terms_of_service_page:006	F14	lib/page/single/terms_of_service_page.dart	true	test/auto_test/single/terms_of_service_page.md	13	渲染六个条款分节标题与内容	MAPPING_REQUIRED	MAPPING_REQUIRED	RECONCILE_REQUIRED	TO_BE_DEFINED	PARSED
LEGACY:single:terms_of_service_page:007	F14	lib/page/single/terms_of_service_page.dart	true	test/auto_test/single/terms_of_service_page.md	14	暗色模式下文本保持可读对比度	MAPPING_REQUIRED	MAPPING_REQUIRED	RECONCILE_REQUIRED	TO_BE_DEFINED	PARSED
LEGACY:single:terms_of_service_page:008	F14	lib/page/single/terms_of_service_page.dart	true	test/auto_test/single/terms_of_service_page.md	15	一百四十字号下版面不溢出	MAPPING_REQUIRED	MAPPING_REQUIRED	RECONCILE_REQUIRED	TO_BE_DEFINED	PARSED
LEGACY:single:upgrade_page:001	F14	lib/page/single/upgrade_page.dart	true	test/auto_test/single/upgrade_page.md	8	弹出升级卡片展示版本与更新说明	MAPPING_REQUIRED	MAPPING_REQUIRED	RECONCILE_REQUIRED	TO_BE_DEFINED	PARSED
LEGACY:single:upgrade_page:002	F14	lib/page/single/upgrade_page.dart	true	test/auto_test/single/upgrade_page.md	9	点击立即更新申请存储权限	MAPPING_REQUIRED	MAPPING_REQUIRED	RECONCILE_REQUIRED	TO_BE_DEFINED	PARSED
LEGACY:single:upgrade_page:003	F14	lib/page/single/upgrade_page.dart	true	test/auto_test/single/upgrade_page.md	10	权限被拒时提示获取失败	MAPPING_REQUIRED	MAPPING_REQUIRED	RECONCILE_REQUIRED	TO_BE_DEFINED	PARSED
LEGACY:single:upgrade_page:004	F14	lib/page/single/upgrade_page.dart	true	test/auto_test/single/upgrade_page.md	11	下载中展示进度条与百分比	MAPPING_REQUIRED	MAPPING_REQUIRED	RECONCILE_REQUIRED	TO_BE_DEFINED	PARSED
LEGACY:single:upgrade_page:005	F14	lib/page/single/upgrade_page.dart	true	test/auto_test/single/upgrade_page.md	12	下载中展示速度剩余时间与包大小	MAPPING_REQUIRED	MAPPING_REQUIRED	RECONCILE_REQUIRED	TO_BE_DEFINED	PARSED
LEGACY:single:upgrade_page:006	F14	lib/page/single/upgrade_page.dart	true	test/auto_test/single/upgrade_page.md	13	点击暂停下载中止当前任务	MAPPING_REQUIRED	MAPPING_REQUIRED	RECONCILE_REQUIRED	TO_BE_DEFINED	PARSED
LEGACY:single:upgrade_page:007	F14	lib/page/single/upgrade_page.dart	true	test/auto_test/single/upgrade_page.md	14	点击继续下载恢复断点任务	MAPPING_REQUIRED	MAPPING_REQUIRED	RECONCILE_REQUIRED	TO_BE_DEFINED	PARSED
LEGACY:single:upgrade_page:008	F14	lib/page/single/upgrade_page.dart	true	test/auto_test/single/upgrade_page.md	15	下载失败后可重新发起下载	MAPPING_REQUIRED	MAPPING_REQUIRED	RECONCILE_REQUIRED	TO_BE_DEFINED	PARSED
LEGACY:single:upgrade_page:009	F14	lib/page/single/upgrade_page.dart	true	test/auto_test/single/upgrade_page.md	16	下载完成校验哈希后触发安装	MAPPING_REQUIRED	MAPPING_REQUIRED	RECONCILE_REQUIRED	TO_BE_DEFINED	PARSED
LEGACY:single:upgrade_page:010	F14	lib/page/single/upgrade_page.dart	true	test/auto_test/single/upgrade_page.md	17	校验失败删除文件并重试两次	MAPPING_REQUIRED	MAPPING_REQUIRED	RECONCILE_REQUIRED	TO_BE_DEFINED	PARSED
LEGACY:single:upgrade_page:011	F14	lib/page/single/upgrade_page.dart	true	test/auto_test/single/upgrade_page.md	18	点击稍后提醒关闭并取消下载	MAPPING_REQUIRED	MAPPING_REQUIRED	RECONCILE_REQUIRED	TO_BE_DEFINED	PARSED
LEGACY:single:upgrade_page:012	F14	lib/page/single/upgrade_page.dart	true	test/auto_test/single/upgrade_page.md	19	强制更新时禁止返回键关闭弹窗	MAPPING_REQUIRED	MAPPING_REQUIRED	RECONCILE_REQUIRED	TO_BE_DEFINED	PARSED
LEGACY:single:video_viewer_page:001	F14	lib/page/single/video_viewer_page.dart	true	test/auto_test/single/video_viewer_page.md	8	加载前展示带鉴权头的缩略图	MAPPING_REQUIRED	MAPPING_REQUIRED	RECONCILE_REQUIRED	TO_BE_DEFINED	PARSED
LEGACY:single:video_viewer_page:002	F14	lib/page/single/video_viewer_page.dart	true	test/auto_test/single/video_viewer_page.md	9	初始化完成后自动播放并循环	MAPPING_REQUIRED	MAPPING_REQUIRED	RECONCILE_REQUIRED	TO_BE_DEFINED	PARSED
LEGACY:single:video_viewer_page:003	F14	lib/page/single/video_viewer_page.dart	true	test/auto_test/single/video_viewer_page.md	10	点击按钮切换播放与暂停	MAPPING_REQUIRED	MAPPING_REQUIRED	RECONCILE_REQUIRED	TO_BE_DEFINED	PARSED
LEGACY:single:video_viewer_page:004	F14	lib/page/single/video_viewer_page.dart	true	test/auto_test/single/video_viewer_page.md	11	播放到结尾后重播回到起点	MAPPING_REQUIRED	MAPPING_REQUIRED	RECONCILE_REQUIRED	TO_BE_DEFINED	PARSED
LEGACY:single:video_viewer_page:005	F14	lib/page/single/video_viewer_page.dart	true	test/auto_test/single/video_viewer_page.md	12	控制层显示进度条与时长	MAPPING_REQUIRED	MAPPING_REQUIRED	RECONCILE_REQUIRED	TO_BE_DEFINED	PARSED
LEGACY:single:video_viewer_page:006	F14	lib/page/single/video_viewer_page.dart	true	test/auto_test/single/video_viewer_page.md	13	点击按钮切换全屏与还原	MAPPING_REQUIRED	MAPPING_REQUIRED	RECONCILE_REQUIRED	TO_BE_DEFINED	PARSED
LEGACY:single:video_viewer_page:007	F14	lib/page/single/video_viewer_page.dart	true	test/auto_test/single/video_viewer_page.md	14	缓存下载期间显示加载进度圈	MAPPING_REQUIRED	MAPPING_REQUIRED	RECONCILE_REQUIRED	TO_BE_DEFINED	PARSED
LEGACY:single:video_viewer_page:008	F14	lib/page/single/video_viewer_page.dart	true	test/auto_test/single/video_viewer_page.md	15	初始化失败展示空态并点击重试	MAPPING_REQUIRED	MAPPING_REQUIRED	RECONCILE_REQUIRED	TO_BE_DEFINED	PARSED
LEGACY:single:video_viewer_page:009	F14	lib/page/single/video_viewer_page.dart	true	test/auto_test/single/video_viewer_page.md	16	缩略图加载失败展示错误图标	MAPPING_REQUIRED	MAPPING_REQUIRED	RECONCILE_REQUIRED	TO_BE_DEFINED	PARSED
LEGACY:single:video_viewer_page:010	F14	lib/page/single/video_viewer_page.dart	true	test/auto_test/single/video_viewer_page.md	17	加载阶段点击关闭按钮返回上页	MAPPING_REQUIRED	MAPPING_REQUIRED	RECONCILE_REQUIRED	TO_BE_DEFINED	PARSED
LEGACY:single:video_viewer_page:011	F14	lib/page/single/video_viewer_page.dart	true	test/auto_test/single/video_viewer_page.md	18	退出页面释放控制器停止播放	MAPPING_REQUIRED	MAPPING_REQUIRED	RECONCILE_REQUIRED	TO_BE_DEFINED	PARSED
LEGACY:splash:splash_page:001	F02	lib/page/splash/splash_page.dart	true	test/auto_test/splash/splash_page.md	8	冷启动展示品牌渐变启动页	MAPPING_REQUIRED	MAPPING_REQUIRED	RECONCILE_REQUIRED	TO_BE_DEFINED	PARSED
LEGACY:splash:splash_page:002	F02	lib/page/splash/splash_page.dart	true	test/auto_test/splash/splash_page.md	9	播放 Logo 淡入与缩放入场	MAPPING_REQUIRED	MAPPING_REQUIRED	RECONCILE_REQUIRED	TO_BE_DEFINED	PARSED
LEGACY:splash:splash_page:003	F02	lib/page/splash/splash_page.dart	true	test/auto_test/splash/splash_page.md	10	播放字标与标语阶段化淡入	MAPPING_REQUIRED	MAPPING_REQUIRED	RECONCILE_REQUIRED	TO_BE_DEFINED	PARSED
LEGACY:splash:splash_page:004	F02	lib/page/splash/splash_page.dart	true	test/auto_test/splash/splash_page.md	11	循环播放高光呼吸动效	MAPPING_REQUIRED	MAPPING_REQUIRED	RECONCILE_REQUIRED	TO_BE_DEFINED	PARSED
LEGACY:splash:splash_page:005	F02	lib/page/splash/splash_page.dart	true	test/auto_test/splash/splash_page.md	12	按屏幕短边自适应 Logo 尺寸	MAPPING_REQUIRED	MAPPING_REQUIRED	RECONCILE_REQUIRED	TO_BE_DEFINED	PARSED
LEGACY:splash:splash_page:006	F02	lib/page/splash/splash_page.dart	true	test/auto_test/splash/splash_page.md	13	暗色模式降亮渐变与高光	MAPPING_REQUIRED	MAPPING_REQUIRED	RECONCILE_REQUIRED	TO_BE_DEFINED	PARSED
LEGACY:splash:splash_page:007	F02	lib/page/splash/splash_page.dart	true	test/auto_test/splash/splash_page.md	14	debug 构建展示 DEV 角标	MAPPING_REQUIRED	MAPPING_REQUIRED	RECONCILE_REQUIRED	TO_BE_DEFINED	PARSED
LEGACY:splash:splash_page:008	F02	lib/page/splash/splash_page.dart	true	test/auto_test/splash/splash_page.md	15	已登录 900ms 后跳底部导航	MAPPING_REQUIRED	MAPPING_REQUIRED	RECONCILE_REQUIRED	TO_BE_DEFINED	PARSED
LEGACY:splash:splash_page:009	F02	lib/page/splash/splash_page.dart	true	test/auto_test/splash/splash_page.md	16	未登录 1400ms 后跳欢迎页	MAPPING_REQUIRED	MAPPING_REQUIRED	RECONCILE_REQUIRED	TO_BE_DEFINED	PARSED
LEGACY:splash:splash_page:010	F02	lib/page/splash/splash_page.dart	true	test/auto_test/splash/splash_page.md	17	宽屏已登录跳 Web Shell 三栏壳	MAPPING_REQUIRED	MAPPING_REQUIRED	RECONCILE_REQUIRED	TO_BE_DEFINED	PARSED
LEGACY:splash:splash_page:011	F02	lib/page/splash/splash_page.dart	true	test/auto_test/splash/splash_page.md	18	认证检查异常兜底跳欢迎页	MAPPING_REQUIRED	MAPPING_REQUIRED	RECONCILE_REQUIRED	TO_BE_DEFINED	PARSED
LEGACY:splash:splash_page:012	F02	lib/page/splash/splash_page.dart	true	test/auto_test/splash/splash_page.md	19	减弱动态效果时跳过全部动画	MAPPING_REQUIRED	MAPPING_REQUIRED	RECONCILE_REQUIRED	TO_BE_DEFINED	PARSED
LEGACY:user_tag:contact_tag_detail_page:001	F02	lib/page/user_tag/contact_tag_detail/contact_tag_detail_page.dart	true	test/auto_test/user_tag/contact_tag_detail_page.md	8	标题显示标签名与成员计数	MAPPING_REQUIRED	MAPPING_REQUIRED	RECONCILE_REQUIRED	TO_BE_DEFINED	PARSED
LEGACY:user_tag:contact_tag_detail_page:002	F02	lib/page/user_tag/contact_tag_detail/contact_tag_detail_page.dart	true	test/auto_test/user_tag/contact_tag_detail_page.md	9	吸顶字母分组头无障碍可见	MAPPING_REQUIRED	MAPPING_REQUIRED	RECONCILE_REQUIRED	TO_BE_DEFINED	PARSED
LEGACY:user_tag:contact_tag_detail_page:003	F02	lib/page/user_tag/contact_tag_detail/contact_tag_detail_page.dart	true	test/auto_test/user_tag/contact_tag_detail_page.md	10	右侧索引条拖动定位到字母组	MAPPING_REQUIRED	MAPPING_REQUIRED	RECONCILE_REQUIRED	TO_BE_DEFINED	PARSED
LEGACY:user_tag:contact_tag_detail_page:004	F02	lib/page/user_tag/contact_tag_detail/contact_tag_detail_page.dart	true	test/auto_test/user_tag/contact_tag_detail_page.md	11	搜索框输入过滤标签内成员	MAPPING_REQUIRED	MAPPING_REQUIRED	RECONCILE_REQUIRED	TO_BE_DEFINED	PARSED
LEGACY:user_tag:contact_tag_detail_page:005	F02	lib/page/user_tag/contact_tag_detail/contact_tag_detail_page.dart	true	test/auto_test/user_tag/contact_tag_detail_page.md	12	点清空图标重置搜索结果	MAPPING_REQUIRED	MAPPING_REQUIRED	RECONCILE_REQUIRED	TO_BE_DEFINED	PARSED
LEGACY:user_tag:contact_tag_detail_page:006	F02	lib/page/user_tag/contact_tag_detail/contact_tag_detail_page.dart	true	test/auto_test/user_tag/contact_tag_detail_page.md	13	点加号进入选择好友页	MAPPING_REQUIRED	MAPPING_REQUIRED	RECONCILE_REQUIRED	TO_BE_DEFINED	PARSED
LEGACY:user_tag:contact_tag_detail_page:007	F02	lib/page/user_tag/contact_tag_detail/contact_tag_detail_page.dart	true	test/auto_test/user_tag/contact_tag_detail_page.md	14	左滑移除成员弹出二次确认	MAPPING_REQUIRED	MAPPING_REQUIRED	RECONCILE_REQUIRED	TO_BE_DEFINED	PARSED
LEGACY:user_tag:contact_tag_detail_page:008	F02	lib/page/user_tag/contact_tag_detail/contact_tag_detail_page.dart	true	test/auto_test/user_tag/contact_tag_detail_page.md	15	移除成员后计数与副标题同步	MAPPING_REQUIRED	MAPPING_REQUIRED	RECONCILE_REQUIRED	TO_BE_DEFINED	PARSED
LEGACY:user_tag:contact_tag_detail_page:009	F02	lib/page/user_tag/contact_tag_detail/contact_tag_detail_page.dart	true	test/auto_test/user_tag/contact_tag_detail_page.md	16	更多菜单打开修改标签名面板	MAPPING_REQUIRED	MAPPING_REQUIRED	RECONCILE_REQUIRED	TO_BE_DEFINED	PARSED
LEGACY:user_tag:contact_tag_detail_page:010	F02	lib/page/user_tag/contact_tag_detail/contact_tag_detail_page.dart	true	test/auto_test/user_tag/contact_tag_detail_page.md	17	更多菜单删除标签并退回列表	MAPPING_REQUIRED	MAPPING_REQUIRED	RECONCILE_REQUIRED	TO_BE_DEFINED	PARSED
LEGACY:user_tag:contact_tag_detail_page:011	F02	lib/page/user_tag/contact_tag_detail/contact_tag_detail_page.dart	true	test/auto_test/user_tag/contact_tag_detail_page.md	18	空标签时展示空态与添加按钮	MAPPING_REQUIRED	MAPPING_REQUIRED	RECONCILE_REQUIRED	TO_BE_DEFINED	PARSED
LEGACY:user_tag:contact_tag_list_page:001	F02	lib/page/user_tag/contact_tag_list/contact_tag_list_page.dart	true	test/auto_test/user_tag/contact_tag_list_page.md	8	进页加载并展示标签列表	MAPPING_REQUIRED	MAPPING_REQUIRED	RECONCILE_REQUIRED	TO_BE_DEFINED	PARSED
LEGACY:user_tag:contact_tag_list_page:002	F02	lib/page/user_tag/contact_tag_list/contact_tag_list_page.dart	true	test/auto_test/user_tag/contact_tag_list_page.md	9	加载中显示居中菊花	MAPPING_REQUIRED	MAPPING_REQUIRED	RECONCILE_REQUIRED	TO_BE_DEFINED	PARSED
LEGACY:user_tag:contact_tag_list_page:003	F02	lib/page/user_tag/contact_tag_list/contact_tag_list_page.dart	true	test/auto_test/user_tag/contact_tag_list_page.md	10	无标签时显示空数据视图	MAPPING_REQUIRED	MAPPING_REQUIRED	RECONCILE_REQUIRED	TO_BE_DEFINED	PARSED
LEGACY:user_tag:contact_tag_list_page:004	F02	lib/page/user_tag/contact_tag_list/contact_tag_list_page.dart	true	test/auto_test/user_tag/contact_tag_list_page.md	11	搜索框输入实时过滤标签	MAPPING_REQUIRED	MAPPING_REQUIRED	RECONCILE_REQUIRED	TO_BE_DEFINED	PARSED
LEGACY:user_tag:contact_tag_list_page:005	F02	lib/page/user_tag/contact_tag_list/contact_tag_list_page.dart	true	test/auto_test/user_tag/contact_tag_list_page.md	12	滚动触底自动加载更多标签	MAPPING_REQUIRED	MAPPING_REQUIRED	RECONCILE_REQUIRED	TO_BE_DEFINED	PARSED
LEGACY:user_tag:contact_tag_list_page:006	F02	lib/page/user_tag/contact_tag_list/contact_tag_list_page.dart	true	test/auto_test/user_tag/contact_tag_list_page.md	13	拖拽手柄重排标签顺序	MAPPING_REQUIRED	MAPPING_REQUIRED	RECONCILE_REQUIRED	TO_BE_DEFINED	PARSED
LEGACY:user_tag:contact_tag_list_page:007	F02	lib/page/user_tag/contact_tag_list/contact_tag_list_page.dart	true	test/auto_test/user_tag/contact_tag_list_page.md	14	加号打开新建标签面板并生效	MAPPING_REQUIRED	MAPPING_REQUIRED	RECONCILE_REQUIRED	TO_BE_DEFINED	PARSED
LEGACY:user_tag:contact_tag_list_page:008	F02	lib/page/user_tag/contact_tag_list/contact_tag_list_page.dart	true	test/auto_test/user_tag/contact_tag_list_page.md	15	新建标签后列表立即刷新	MAPPING_REQUIRED	MAPPING_REQUIRED	RECONCILE_REQUIRED	TO_BE_DEFINED	PARSED
LEGACY:user_tag:contact_tag_list_page:009	F02	lib/page/user_tag/contact_tag_list/contact_tag_list_page.dart	true	test/auto_test/user_tag/contact_tag_list_page.md	16	左滑打开重命名标签面板	MAPPING_REQUIRED	MAPPING_REQUIRED	RECONCILE_REQUIRED	TO_BE_DEFINED	PARSED
LEGACY:user_tag:contact_tag_list_page:010	F02	lib/page/user_tag/contact_tag_list/contact_tag_list_page.dart	true	test/auto_test/user_tag/contact_tag_list_page.md	17	左滑删除标签弹出二次确认	MAPPING_REQUIRED	MAPPING_REQUIRED	RECONCILE_REQUIRED	TO_BE_DEFINED	PARSED
LEGACY:user_tag:contact_tag_list_page:011	F02	lib/page/user_tag/contact_tag_list/contact_tag_list_page.dart	true	test/auto_test/user_tag/contact_tag_list_page.md	18	删除成功与失败分别弹提示	MAPPING_REQUIRED	MAPPING_REQUIRED	RECONCILE_REQUIRED	TO_BE_DEFINED	PARSED
LEGACY:user_tag:contact_tag_list_page:012	F02	lib/page/user_tag/contact_tag_list/contact_tag_list_page.dart	true	test/auto_test/user_tag/contact_tag_list_page.md	19	详情页返回后重读副标题与计数	MAPPING_REQUIRED	MAPPING_REQUIRED	RECONCILE_REQUIRED	TO_BE_DEFINED	PARSED
LEGACY:user_tag:select_tag_friend_page:001	F02	lib/page/user_tag/contact_tag_detail/select_tag_friend_page.dart	true	test/auto_test/user_tag/select_tag_friend_page.md	8	加载并展示全部好友列表	MAPPING_REQUIRED	MAPPING_REQUIRED	RECONCILE_REQUIRED	TO_BE_DEFINED	PARSED
LEGACY:user_tag:select_tag_friend_page:002	F02	lib/page/user_tag/contact_tag_detail/select_tag_friend_page.dart	true	test/auto_test/user_tag/select_tag_friend_page.md	9	勾选好友并显示已选数量	MAPPING_REQUIRED	MAPPING_REQUIRED	RECONCILE_REQUIRED	TO_BE_DEFINED	PARSED
LEGACY:user_tag:select_tag_friend_page:003	F02	lib/page/user_tag/contact_tag_detail/select_tag_friend_page.dart	true	test/auto_test/user_tag/select_tag_friend_page.md	10	取消勾选后已选计数递减	MAPPING_REQUIRED	MAPPING_REQUIRED	RECONCILE_REQUIRED	TO_BE_DEFINED	PARSED
LEGACY:user_tag:select_tag_friend_page:004	F02	lib/page/user_tag/contact_tag_detail/select_tag_friend_page.dart	true	test/auto_test/user_tag/select_tag_friend_page.md	11	已在标签内的好友进页默认勾选	MAPPING_REQUIRED	MAPPING_REQUIRED	RECONCILE_REQUIRED	TO_BE_DEFINED	PARSED
LEGACY:user_tag:select_tag_friend_page:005	F02	lib/page/user_tag/contact_tag_detail/select_tag_friend_page.dart	true	test/auto_test/user_tag/select_tag_friend_page.md	12	按拼音首字母分组并渲染吸顶头	MAPPING_REQUIRED	MAPPING_REQUIRED	RECONCILE_REQUIRED	TO_BE_DEFINED	PARSED
LEGACY:user_tag:select_tag_friend_page:006	F02	lib/page/user_tag/contact_tag_detail/select_tag_friend_page.dart	true	test/auto_test/user_tag/select_tag_friend_page.md	13	右侧索引条拖动定位字母分组	MAPPING_REQUIRED	MAPPING_REQUIRED	RECONCILE_REQUIRED	TO_BE_DEFINED	PARSED
LEGACY:user_tag:select_tag_friend_page:007	F02	lib/page/user_tag/contact_tag_detail/select_tag_friend_page.dart	true	test/auto_test/user_tag/select_tag_friend_page.md	14	下拉刷新重新拉取好友列表	MAPPING_REQUIRED	MAPPING_REQUIRED	RECONCILE_REQUIRED	TO_BE_DEFINED	PARSED
LEGACY:user_tag:select_tag_friend_page:008	F02	lib/page/user_tag/contact_tag_detail/select_tag_friend_page.dart	true	test/auto_test/user_tag/select_tag_friend_page.md	15	未选任何人时添加按钮不高亮	MAPPING_REQUIRED	MAPPING_REQUIRED	RECONCILE_REQUIRED	TO_BE_DEFINED	PARSED
LEGACY:user_tag:select_tag_friend_page:009	F02	lib/page/user_tag/contact_tag_detail/select_tag_friend_page.dart	true	test/auto_test/user_tag/select_tag_friend_page.md	16	点添加提交并更新标签成员数	MAPPING_REQUIRED	MAPPING_REQUIRED	RECONCILE_REQUIRED	TO_BE_DEFINED	PARSED
LEGACY:user_tag:select_tag_friend_page:010	F02	lib/page/user_tag/contact_tag_detail/select_tag_friend_page.dart	true	test/auto_test/user_tag/select_tag_friend_page.md	17	提交成功与失败分别弹提示	MAPPING_REQUIRED	MAPPING_REQUIRED	RECONCILE_REQUIRED	TO_BE_DEFINED	PARSED
LEGACY:user_tag:select_tag_friend_page:011	F02	lib/page/user_tag/contact_tag_detail/select_tag_friend_page.dart	true	test/auto_test/user_tag/select_tag_friend_page.md	18	点关闭按钮退出且不保存选择	MAPPING_REQUIRED	MAPPING_REQUIRED	RECONCILE_REQUIRED	TO_BE_DEFINED	PARSED
LEGACY:user_tag:select_tag_friend_page:012	F02	lib/page/user_tag/contact_tag_detail/select_tag_friend_page.dart	true	test/auto_test/user_tag/select_tag_friend_page.md	19	多选行暴露无障碍选中语义	MAPPING_REQUIRED	MAPPING_REQUIRED	RECONCILE_REQUIRED	TO_BE_DEFINED	PARSED
LEGACY:user_tag:tag_relation_page:001	F02	lib/page/user_tag/user_tag_relation/tag_relation_page.dart	true	test/auto_test/user_tag/tag_relation_page.md	8	进页加载标签统计并显示加载态	MAPPING_REQUIRED	MAPPING_REQUIRED	RECONCILE_REQUIRED	TO_BE_DEFINED	PARSED
LEGACY:user_tag:tag_relation_page:002	F02	lib/page/user_tag/user_tag_relation/tag_relation_page.dart	true	test/auto_test/user_tag/tag_relation_page.md	9	统计卡显示已选可用最常用标签	MAPPING_REQUIRED	MAPPING_REQUIRED	RECONCILE_REQUIRED	TO_BE_DEFINED	PARSED
LEGACY:user_tag:tag_relation_page:003	F02	lib/page/user_tag/user_tag_relation/tag_relation_page.dart	true	test/auto_test/user_tag/tag_relation_page.md	10	输入框新增标签并加入当前列表	MAPPING_REQUIRED	MAPPING_REQUIRED	RECONCILE_REQUIRED	TO_BE_DEFINED	PARSED
LEGACY:user_tag:tag_relation_page:004	F02	lib/page/user_tag/user_tag_relation/tag_relation_page.dart	true	test/auto_test/user_tag/tag_relation_page.md	11	键盘弹起时页面布局不溢出	MAPPING_REQUIRED	MAPPING_REQUIRED	RECONCILE_REQUIRED	TO_BE_DEFINED	PARSED
LEGACY:user_tag:tag_relation_page:005	F02	lib/page/user_tag/user_tag_relation/tag_relation_page.dart	true	test/auto_test/user_tag/tag_relation_page.md	12	点建议标签快速加入当前标签	MAPPING_REQUIRED	MAPPING_REQUIRED	RECONCILE_REQUIRED	TO_BE_DEFINED	PARSED
LEGACY:user_tag:tag_relation_page:006	F02	lib/page/user_tag/user_tag_relation/tag_relation_page.dart	true	test/auto_test/user_tag/tag_relation_page.md	13	点重置恢复到进页原始标签	MAPPING_REQUIRED	MAPPING_REQUIRED	RECONCILE_REQUIRED	TO_BE_DEFINED	PARSED
LEGACY:user_tag:tag_relation_page:007	F02	lib/page/user_tag/user_tag_relation/tag_relation_page.dart	true	test/auto_test/user_tag/tag_relation_page.md	14	点清空弹出二次确认后清空	MAPPING_REQUIRED	MAPPING_REQUIRED	RECONCILE_REQUIRED	TO_BE_DEFINED	PARSED
LEGACY:user_tag:tag_relation_page:008	F02	lib/page/user_tag/user_tag_relation/tag_relation_page.dart	true	test/auto_test/user_tag/tag_relation_page.md	15	仅有变更时才显示保存入口	MAPPING_REQUIRED	MAPPING_REQUIRED	RECONCILE_REQUIRED	TO_BE_DEFINED	PARSED
LEGACY:user_tag:tag_relation_page:009	F02	lib/page/user_tag/user_tag_relation/tag_relation_page.dart	true	test/auto_test/user_tag/tag_relation_page.md	16	底部保存提交并回传标签串	MAPPING_REQUIRED	MAPPING_REQUIRED	RECONCILE_REQUIRED	TO_BE_DEFINED	PARSED
LEGACY:user_tag:tag_relation_page:010	F02	lib/page/user_tag/user_tag_relation/tag_relation_page.dart	true	test/auto_test/user_tag/tag_relation_page.md	17	保存成功弹提示并触觉反馈	MAPPING_REQUIRED	MAPPING_REQUIRED	RECONCILE_REQUIRED	TO_BE_DEFINED	PARSED
LEGACY:user_tag:tag_relation_page:011	F02	lib/page/user_tag/user_tag_relation/tag_relation_page.dart	true	test/auto_test/user_tag/tag_relation_page.md	18	保存失败弹出保存失败提示	MAPPING_REQUIRED	MAPPING_REQUIRED	RECONCILE_REQUIRED	TO_BE_DEFINED	PARSED
LEGACY:user_tag:tag_relation_page:012	F02	lib/page/user_tag/user_tag_relation/tag_relation_page.dart	true	test/auto_test/user_tag/tag_relation_page.md	19	单标签十四字与总数二十上限	MAPPING_REQUIRED	MAPPING_REQUIRED	RECONCILE_REQUIRED	TO_BE_DEFINED	PARSED
LEGACY:user_tag:user_tag_save_page:001	F02	lib/page/user_tag/user_tag_save/user_tag_save_page.dart	true	test/auto_test/user_tag/user_tag_save_page.md	8	新增模式标题显示添加标签	MAPPING_REQUIRED	MAPPING_REQUIRED	RECONCILE_REQUIRED	TO_BE_DEFINED	PARSED
LEGACY:user_tag:user_tag_save_page:002	F02	lib/page/user_tag/user_tag_save/user_tag_save_page.dart	true	test/auto_test/user_tag/user_tag_save_page.md	9	编辑模式回填原标签名称	MAPPING_REQUIRED	MAPPING_REQUIRED	RECONCILE_REQUIRED	TO_BE_DEFINED	PARSED
LEGACY:user_tag:user_tag_save_page:003	F02	lib/page/user_tag/user_tag_save/user_tag_save_page.dart	true	test/auto_test/user_tag/user_tag_save_page.md	10	输入框自动聚焦并随键盘避让	MAPPING_REQUIRED	MAPPING_REQUIRED	RECONCILE_REQUIRED	TO_BE_DEFINED	PARSED
LEGACY:user_tag:user_tag_save_page:004	F02	lib/page/user_tag/user_tag_save/user_tag_save_page.dart	true	test/auto_test/user_tag/user_tag_save_page.md	11	输入变化驱动完成按钮高亮	MAPPING_REQUIRED	MAPPING_REQUIRED	RECONCILE_REQUIRED	TO_BE_DEFINED	PARSED
LEGACY:user_tag:user_tag_save_page:005	F02	lib/page/user_tag/user_tag_save/user_tag_save_page.dart	true	test/auto_test/user_tag/user_tag_save_page.md	12	空白名称点完成不提交请求	MAPPING_REQUIRED	MAPPING_REQUIRED	RECONCILE_REQUIRED	TO_BE_DEFINED	PARSED
LEGACY:user_tag:user_tag_save_page:006	F02	lib/page/user_tag/user_tag_save/user_tag_save_page.dart	true	test/auto_test/user_tag/user_tag_save_page.md	13	新增标签成功写入列表并关闭	MAPPING_REQUIRED	MAPPING_REQUIRED	RECONCILE_REQUIRED	TO_BE_DEFINED	PARSED
LEGACY:user_tag:user_tag_save_page:007	F02	lib/page/user_tag/user_tag_save/user_tag_save_page.dart	true	test/auto_test/user_tag/user_tag_save_page.md	14	新增标签失败弹出错误提示	MAPPING_REQUIRED	MAPPING_REQUIRED	RECONCILE_REQUIRED	TO_BE_DEFINED	PARSED
LEGACY:user_tag:user_tag_save_page:008	F02	lib/page/user_tag/user_tag_save/user_tag_save_page.dart	true	test/auto_test/user_tag/user_tag_save_page.md	15	重命名后同步替换关联对象标签	MAPPING_REQUIRED	MAPPING_REQUIRED	RECONCILE_REQUIRED	TO_BE_DEFINED	PARSED
LEGACY:user_tag:user_tag_save_page:009	F02	lib/page/user_tag/user_tag_save/user_tag_save_page.dart	true	test/auto_test/user_tag/user_tag_save_page.md	16	重命名成功弹提示并关闭面板	MAPPING_REQUIRED	MAPPING_REQUIRED	RECONCILE_REQUIRED	TO_BE_DEFINED	PARSED
LEGACY:user_tag:user_tag_save_page:010	F02	lib/page/user_tag/user_tag_save/user_tag_save_page.dart	true	test/auto_test/user_tag/user_tag_save_page.md	17	保存中防抖禁用完成按钮	MAPPING_REQUIRED	MAPPING_REQUIRED	RECONCILE_REQUIRED	TO_BE_DEFINED	PARSED
LEGACY:user_tag:user_tag_save_page:011	F02	lib/page/user_tag/user_tag_save/user_tag_save_page.dart	true	test/auto_test/user_tag/user_tag_save_page.md	18	点关闭图标退出保存面板	MAPPING_REQUIRED	MAPPING_REQUIRED	RECONCILE_REQUIRED	TO_BE_DEFINED	PARSED
LEGACY:wallet:red_packet_detail_page:001	F14	lib/page/wallet/red_packet_detail_page.dart	true	test/auto_test/wallet/red_packet_detail_page.md	8	展示详情加载中转圈态	MAPPING_REQUIRED	MAPPING_REQUIRED	RECONCILE_REQUIRED	TO_BE_DEFINED	PARSED
LEGACY:wallet:red_packet_detail_page:002	F14	lib/page/wallet/red_packet_detail_page.dart	true	test/auto_test/wallet/red_packet_detail_page.md	9	红包不存在时展示兜底页	MAPPING_REQUIRED	MAPPING_REQUIRED	RECONCILE_REQUIRED	TO_BE_DEFINED	PARSED
LEGACY:wallet:red_packet_detail_page:003	F14	lib/page/wallet/red_packet_detail_page.dart	true	test/auto_test/wallet/red_packet_detail_page.md	10	拉取详情失败错误提示	MAPPING_REQUIRED	MAPPING_REQUIRED	RECONCILE_REQUIRED	TO_BE_DEFINED	PARSED
LEGACY:wallet:red_packet_detail_page:004	F14	lib/page/wallet/red_packet_detail_page.dart	true	test/auto_test/wallet/red_packet_detail_page.md	11	顶部渐变头展示祝福语	MAPPING_REQUIRED	MAPPING_REQUIRED	RECONCILE_REQUIRED	TO_BE_DEFINED	PARSED
LEGACY:wallet:red_packet_detail_page:005	F14	lib/page/wallet/red_packet_detail_page.dart	true	test/auto_test/wallet/red_packet_detail_page.md	12	高亮展示本人已领金额	MAPPING_REQUIRED	MAPPING_REQUIRED	RECONCILE_REQUIRED	TO_BE_DEFINED	PARSED
LEGACY:wallet:red_packet_detail_page:006	F14	lib/page/wallet/red_packet_detail_page.dart	true	test/auto_test/wallet/red_packet_detail_page.md	13	未领到红包时展示替代文案	MAPPING_REQUIRED	MAPPING_REQUIRED	RECONCILE_REQUIRED	TO_BE_DEFINED	PARSED
LEGACY:wallet:red_packet_detail_page:007	F14	lib/page/wallet/red_packet_detail_page.dart	true	test/auto_test/wallet/red_packet_detail_page.md	14	切换已抢光与进行中统计条	MAPPING_REQUIRED	MAPPING_REQUIRED	RECONCILE_REQUIRED	TO_BE_DEFINED	PARSED
LEGACY:wallet:red_packet_detail_page:008	F14	lib/page/wallet/red_packet_detail_page.dart	true	test/auto_test/wallet/red_packet_detail_page.md	15	渲染领取记录列表与时间	MAPPING_REQUIRED	MAPPING_REQUIRED	RECONCILE_REQUIRED	TO_BE_DEFINED	PARSED
LEGACY:wallet:red_packet_detail_page:009	F14	lib/page/wallet/red_packet_detail_page.dart	true	test/auto_test/wallet/red_packet_detail_page.md	16	计算并标记手气最佳领取人	MAPPING_REQUIRED	MAPPING_REQUIRED	RECONCILE_REQUIRED	TO_BE_DEFINED	PARSED
LEGACY:wallet:red_packet_detail_page:010	F14	lib/page/wallet/red_packet_detail_page.dart	true	test/auto_test/wallet/red_packet_detail_page.md	17	无人领取时展示空态提示	MAPPING_REQUIRED	MAPPING_REQUIRED	RECONCILE_REQUIRED	TO_BE_DEFINED	PARSED
LEGACY:wallet:red_packet_detail_page:011	F14	lib/page/wallet/red_packet_detail_page.dart	true	test/auto_test/wallet/red_packet_detail_page.md	18	展示领取人身份标识	MAPPING_REQUIRED	MAPPING_REQUIRED	RECONCILE_REQUIRED	TO_BE_DEFINED	PARSED
LEGACY:wallet:red_packet_detail_page:012	F14	lib/page/wallet/red_packet_detail_page.dart	true	test/auto_test/wallet/red_packet_detail_page.md	19	展示零信任端解密角标	MAPPING_REQUIRED	MAPPING_REQUIRED	RECONCILE_REQUIRED	TO_BE_DEFINED	PARSED
LEGACY:wallet:red_packet_send_page:001	F14	lib/page/wallet/red_packet_send_page.dart	true	test/auto_test/wallet/red_packet_send_page.md	8	进页自动拉取真实余额	MAPPING_REQUIRED	MAPPING_REQUIRED	RECONCILE_REQUIRED	TO_BE_DEFINED	PARSED
LEGACY:wallet:red_packet_send_page:002	F14	lib/page/wallet/red_packet_send_page.dart	true	test/auto_test/wallet/red_packet_send_page.md	9	单聊场景加载收款人显示名	MAPPING_REQUIRED	MAPPING_REQUIRED	RECONCILE_REQUIRED	TO_BE_DEFINED	PARSED
LEGACY:wallet:red_packet_send_page:003	F14	lib/page/wallet/red_packet_send_page.dart	true	test/auto_test/wallet/red_packet_send_page.md	10	群聊切换普通与拼手气红包	MAPPING_REQUIRED	MAPPING_REQUIRED	RECONCILE_REQUIRED	TO_BE_DEFINED	PARSED
LEGACY:wallet:red_packet_send_page:004	F14	lib/page/wallet/red_packet_send_page.dart	true	test/auto_test/wallet/red_packet_send_page.md	11	校验红包金额最小 0.01 元	MAPPING_REQUIRED	MAPPING_REQUIRED	RECONCILE_REQUIRED	TO_BE_DEFINED	PARSED
LEGACY:wallet:red_packet_send_page:005	F14	lib/page/wallet/red_packet_send_page.dart	true	test/auto_test/wallet/red_packet_send_page.md	12	拦截超出余额的红包金额	MAPPING_REQUIRED	MAPPING_REQUIRED	RECONCILE_REQUIRED	TO_BE_DEFINED	PARSED
LEGACY:wallet:red_packet_send_page:006	F14	lib/page/wallet/red_packet_send_page.dart	true	test/auto_test/wallet/red_packet_send_page.md	13	校验群聊红包个数最小 1 个	MAPPING_REQUIRED	MAPPING_REQUIRED	RECONCILE_REQUIRED	TO_BE_DEFINED	PARSED
LEGACY:wallet:red_packet_send_page:007	F14	lib/page/wallet/red_packet_send_page.dart	true	test/auto_test/wallet/red_packet_send_page.md	14	祝福语留空时回填默认祝福语	MAPPING_REQUIRED	MAPPING_REQUIRED	RECONCILE_REQUIRED	TO_BE_DEFINED	PARSED
LEGACY:wallet:red_packet_send_page:008	F14	lib/page/wallet/red_packet_send_page.dart	true	test/auto_test/wallet/red_packet_send_page.md	15	二次确认展示收款人昵称	MAPPING_REQUIRED	MAPPING_REQUIRED	RECONCILE_REQUIRED	TO_BE_DEFINED	PARSED
LEGACY:wallet:red_packet_send_page:009	F14	lib/page/wallet/red_packet_send_page.dart	true	test/auto_test/wallet/red_packet_send_page.md	16	群聊二次确认展示红包个数	MAPPING_REQUIRED	MAPPING_REQUIRED	RECONCILE_REQUIRED	TO_BE_DEFINED	PARSED
LEGACY:wallet:red_packet_send_page:010	F14	lib/page/wallet/red_packet_send_page.dart	true	test/auto_test/wallet/red_packet_send_page.md	17	提交红包并携带会话上下文	MAPPING_REQUIRED	MAPPING_REQUIRED	RECONCILE_REQUIRED	TO_BE_DEFINED	PARSED
LEGACY:wallet:red_packet_send_page:011	F14	lib/page/wallet/red_packet_send_page.dart	true	test/auto_test/wallet/red_packet_send_page.md	18	回传红包结果给聊天页投递	MAPPING_REQUIRED	MAPPING_REQUIRED	RECONCILE_REQUIRED	TO_BE_DEFINED	PARSED
LEGACY:wallet:red_packet_send_page:012	F14	lib/page/wallet/red_packet_send_page.dart	true	test/auto_test/wallet/red_packet_send_page.md	19	展示可用余额提示条	MAPPING_REQUIRED	MAPPING_REQUIRED	RECONCILE_REQUIRED	TO_BE_DEFINED	PARSED
LEGACY:wallet:transfer_send_page:001	F14	lib/page/wallet/transfer_send_page.dart	true	test/auto_test/wallet/transfer_send_page.md	8	进页自动拉取真实余额	MAPPING_REQUIRED	MAPPING_REQUIRED	RECONCILE_REQUIRED	TO_BE_DEFINED	PARSED
LEGACY:wallet:transfer_send_page:002	F14	lib/page/wallet/transfer_send_page.dart	true	test/auto_test/wallet/transfer_send_page.md	9	从通讯录加载收款人显示名	MAPPING_REQUIRED	MAPPING_REQUIRED	RECONCILE_REQUIRED	TO_BE_DEFINED	PARSED
LEGACY:wallet:transfer_send_page:003	F14	lib/page/wallet/transfer_send_page.dart	true	test/auto_test/wallet/transfer_send_page.md	10	校验转账金额非空与格式	MAPPING_REQUIRED	MAPPING_REQUIRED	RECONCILE_REQUIRED	TO_BE_DEFINED	PARSED
LEGACY:wallet:transfer_send_page:004	F14	lib/page/wallet/transfer_send_page.dart	true	test/auto_test/wallet/transfer_send_page.md	11	拦截低于 0.1 元的转账金额	MAPPING_REQUIRED	MAPPING_REQUIRED	RECONCILE_REQUIRED	TO_BE_DEFINED	PARSED
LEGACY:wallet:transfer_send_page:005	F14	lib/page/wallet/transfer_send_page.dart	true	test/auto_test/wallet/transfer_send_page.md	12	拦截超出余额的转账金额	MAPPING_REQUIRED	MAPPING_REQUIRED	RECONCILE_REQUIRED	TO_BE_DEFINED	PARSED
LEGACY:wallet:transfer_send_page:006	F14	lib/page/wallet/transfer_send_page.dart	true	test/auto_test/wallet/transfer_send_page.md	13	备注留空时回填默认备注	MAPPING_REQUIRED	MAPPING_REQUIRED	RECONCILE_REQUIRED	TO_BE_DEFINED	PARSED
LEGACY:wallet:transfer_send_page:007	F14	lib/page/wallet/transfer_send_page.dart	true	test/auto_test/wallet/transfer_send_page.md	14	二次确认展示收款人昵称	MAPPING_REQUIRED	MAPPING_REQUIRED	RECONCILE_REQUIRED	TO_BE_DEFINED	PARSED
LEGACY:wallet:transfer_send_page:008	F14	lib/page/wallet/transfer_send_page.dart	true	test/auto_test/wallet/transfer_send_page.md	15	取消二次确认中止转账	MAPPING_REQUIRED	MAPPING_REQUIRED	RECONCILE_REQUIRED	TO_BE_DEFINED	PARSED
LEGACY:wallet:transfer_send_page:009	F14	lib/page/wallet/transfer_send_page.dart	true	test/auto_test/wallet/transfer_send_page.md	16	提交转账请求并刷新余额	MAPPING_REQUIRED	MAPPING_REQUIRED	RECONCILE_REQUIRED	TO_BE_DEFINED	PARSED
LEGACY:wallet:transfer_send_page:010	F14	lib/page/wallet/transfer_send_page.dart	true	test/auto_test/wallet/transfer_send_page.md	17	回传转账结果给聊天页投递	MAPPING_REQUIRED	MAPPING_REQUIRED	RECONCILE_REQUIRED	TO_BE_DEFINED	PARSED
LEGACY:wallet:transfer_send_page:011	F14	lib/page/wallet/transfer_send_page.dart	true	test/auto_test/wallet/transfer_send_page.md	18	转账失败错误提示	MAPPING_REQUIRED	MAPPING_REQUIRED	RECONCILE_REQUIRED	TO_BE_DEFINED	PARSED
LEGACY:wallet:transfer_send_page:012	F14	lib/page/wallet/transfer_send_page.dart	true	test/auto_test/wallet/transfer_send_page.md	19	展示可用余额提示条	MAPPING_REQUIRED	MAPPING_REQUIRED	RECONCILE_REQUIRED	TO_BE_DEFINED	PARSED
LEGACY:wallet:wallet_page:001	F14	lib/page/wallet/wallet_page.dart	true	test/auto_test/wallet/wallet_page.md	8	点击加号打开充值弹窗	MAPPING_REQUIRED	MAPPING_REQUIRED	RECONCILE_REQUIRED	TO_BE_DEFINED	PARSED
LEGACY:wallet:wallet_page:002	F14	lib/page/wallet/wallet_page.dart	true	test/auto_test/wallet/wallet_page.md	9	校验充值金额 1~10000 元	MAPPING_REQUIRED	MAPPING_REQUIRED	RECONCILE_REQUIRED	TO_BE_DEFINED	PARSED
LEGACY:wallet:wallet_page:003	F14	lib/page/wallet/wallet_page.dart	true	test/auto_test/wallet/wallet_page.md	10	弹出支付方式选择列表	MAPPING_REQUIRED	MAPPING_REQUIRED	RECONCILE_REQUIRED	TO_BE_DEFINED	PARSED
LEGACY:wallet:wallet_page:004	F14	lib/page/wallet/wallet_page.dart	true	test/auto_test/wallet/wallet_page.md	11	门控生产环境 mock 支付通道	MAPPING_REQUIRED	MAPPING_REQUIRED	RECONCILE_REQUIRED	TO_BE_DEFINED	PARSED
LEGACY:wallet:wallet_page:005	F14	lib/page/wallet/wallet_page.dart	true	test/auto_test/wallet/wallet_page.md	12	提交充值订单并刷新余额	MAPPING_REQUIRED	MAPPING_REQUIRED	RECONCILE_REQUIRED	TO_BE_DEFINED	PARSED
LEGACY:wallet:wallet_page:006	F14	lib/page/wallet/wallet_page.dart	true	test/auto_test/wallet/wallet_page.md	13	更多菜单跳转提现页	MAPPING_REQUIRED	MAPPING_REQUIRED	RECONCILE_REQUIRED	TO_BE_DEFINED	PARSED
LEGACY:wallet:wallet_page:007	F14	lib/page/wallet/wallet_page.dart	true	test/auto_test/wallet/wallet_page.md	14	渲染余额卡片与加载态	MAPPING_REQUIRED	MAPPING_REQUIRED	RECONCILE_REQUIRED	TO_BE_DEFINED	PARSED
LEGACY:wallet:wallet_page:008	F14	lib/page/wallet/wallet_page.dart	true	test/auto_test/wallet/wallet_page.md	15	下拉刷新余额与流水	MAPPING_REQUIRED	MAPPING_REQUIRED	RECONCILE_REQUIRED	TO_BE_DEFINED	PARSED
LEGACY:wallet:wallet_page:009	F14	lib/page/wallet/wallet_page.dart	true	test/auto_test/wallet/wallet_page.md	16	触底加载更多流水记录	MAPPING_REQUIRED	MAPPING_REQUIRED	RECONCILE_REQUIRED	TO_BE_DEFINED	PARSED
LEGACY:wallet:wallet_page:010	F14	lib/page/wallet/wallet_page.dart	true	test/auto_test/wallet/wallet_page.md	17	渲染流水记录空态	MAPPING_REQUIRED	MAPPING_REQUIRED	RECONCILE_REQUIRED	TO_BE_DEFINED	PARSED
LEGACY:wallet:wallet_page:011	F14	lib/page/wallet/wallet_page.dart	true	test/auto_test/wallet/wallet_page.md	18	区分收支方向并着色金额	MAPPING_REQUIRED	MAPPING_REQUIRED	RECONCILE_REQUIRED	TO_BE_DEFINED	PARSED
LEGACY:wallet:wallet_page:012	F14	lib/page/wallet/wallet_page.dart	true	test/auto_test/wallet/wallet_page.md	19	展示收款/银行卡即将开放禁用态	MAPPING_REQUIRED	MAPPING_REQUIRED	RECONCILE_REQUIRED	TO_BE_DEFINED	PARSED
LEGACY:wallet:withdraw_page:001	F14	lib/page/wallet/withdraw_page.dart	true	test/auto_test/wallet/withdraw_page.md	8	展示当前零钱余额卡片	MAPPING_REQUIRED	MAPPING_REQUIRED	RECONCILE_REQUIRED	TO_BE_DEFINED	PARSED
LEGACY:wallet:withdraw_page:002	F14	lib/page/wallet/withdraw_page.dart	true	test/auto_test/wallet/withdraw_page.md	9	英文语言下页面文案完整翻译	MAPPING_REQUIRED	MAPPING_REQUIRED	RECONCILE_REQUIRED	TO_BE_DEFINED	PARSED
LEGACY:wallet:withdraw_page:003	F14	lib/page/wallet/withdraw_page.dart	true	test/auto_test/wallet/withdraw_page.md	10	校验提现金额非空与格式	MAPPING_REQUIRED	MAPPING_REQUIRED	RECONCILE_REQUIRED	TO_BE_DEFINED	PARSED
LEGACY:wallet:withdraw_page:004	F14	lib/page/wallet/withdraw_page.dart	true	test/auto_test/wallet/withdraw_page.md	11	拦截低于 1 元的提现金额	MAPPING_REQUIRED	MAPPING_REQUIRED	RECONCILE_REQUIRED	TO_BE_DEFINED	PARSED
LEGACY:wallet:withdraw_page:005	F14	lib/page/wallet/withdraw_page.dart	true	test/auto_test/wallet/withdraw_page.md	12	拦截超出余额的提现金额	MAPPING_REQUIRED	MAPPING_REQUIRED	RECONCILE_REQUIRED	TO_BE_DEFINED	PARSED
LEGACY:wallet:withdraw_page:006	F14	lib/page/wallet/withdraw_page.dart	true	test/auto_test/wallet/withdraw_page.md	13	切换支付宝与微信提现渠道	MAPPING_REQUIRED	MAPPING_REQUIRED	RECONCILE_REQUIRED	TO_BE_DEFINED	PARSED
LEGACY:wallet:withdraw_page:007	F14	lib/page/wallet/withdraw_page.dart	true	test/auto_test/wallet/withdraw_page.md	14	校验支付宝邮箱或手机号格式	MAPPING_REQUIRED	MAPPING_REQUIRED	RECONCILE_REQUIRED	TO_BE_DEFINED	PARSED
LEGACY:wallet:withdraw_page:008	F14	lib/page/wallet/withdraw_page.dart	true	test/auto_test/wallet/withdraw_page.md	15	校验微信号 6-20 位字母开头	MAPPING_REQUIRED	MAPPING_REQUIRED	RECONCILE_REQUIRED	TO_BE_DEFINED	PARSED
LEGACY:wallet:withdraw_page:009	F14	lib/page/wallet/withdraw_page.dart	true	test/auto_test/wallet/withdraw_page.md	16	二次确认展示金额渠道账号	MAPPING_REQUIRED	MAPPING_REQUIRED	RECONCILE_REQUIRED	TO_BE_DEFINED	PARSED
LEGACY:wallet:withdraw_page:010	F14	lib/page/wallet/withdraw_page.dart	true	test/auto_test/wallet/withdraw_page.md	17	确认按钮使用破坏性红配色	MAPPING_REQUIRED	MAPPING_REQUIRED	RECONCILE_REQUIRED	TO_BE_DEFINED	PARSED
LEGACY:wallet:withdraw_page:011	F14	lib/page/wallet/withdraw_page.dart	true	test/auto_test/wallet/withdraw_page.md	18	提交提现请求并刷新余额返回	MAPPING_REQUIRED	MAPPING_REQUIRED	RECONCILE_REQUIRED	TO_BE_DEFINED	PARSED
LEGACY:wallet:withdraw_page:012	F14	lib/page/wallet/withdraw_page.dart	true	test/auto_test/wallet/withdraw_page.md	19	展示手续费与到账时效中性说明	MAPPING_REQUIRED	MAPPING_REQUIRED	RECONCILE_REQUIRED	TO_BE_DEFINED	PARSED
LEGACY:wallet:withdraw_page:013	F14	lib/page/wallet/withdraw_page.dart	true	test/auto_test/wallet/withdraw_page.md	20	提现失败错误提示	MAPPING_REQUIRED	MAPPING_REQUIRED	RECONCILE_REQUIRED	TO_BE_DEFINED	PARSED
LEGACY:web_shell:web_shell_page:001	F14	lib/page/web_shell/web_shell_page.dart	true	test/auto_test/web_shell/web_shell_page.md	8	窄屏时降级渲染移动端入口	MAPPING_REQUIRED	MAPPING_REQUIRED	RECONCILE_REQUIRED	TO_BE_DEFINED	PARSED
LEGACY:web_shell:web_shell_page:002	F14	lib/page/web_shell/web_shell_page.dart	true	test/auto_test/web_shell/web_shell_page.md	9	宽屏时渲染左中右三栏布局	MAPPING_REQUIRED	MAPPING_REQUIRED	RECONCILE_REQUIRED	TO_BE_DEFINED	PARSED
LEGACY:web_shell:web_shell_page:003	F14	lib/page/web_shell/web_shell_page.dart	true	test/auto_test/web_shell/web_shell_page.md	10	点击左栏导航项切换当前标签	MAPPING_REQUIRED	MAPPING_REQUIRED	RECONCILE_REQUIRED	TO_BE_DEFINED	PARSED
LEGACY:web_shell:web_shell_page:004	F14	lib/page/web_shell/web_shell_page.dart	true	test/auto_test/web_shell/web_shell_page.md	11	中栏切换标签时保留各页状态	MAPPING_REQUIRED	MAPPING_REQUIRED	RECONCILE_REQUIRED	TO_BE_DEFINED	PARSED
LEGACY:web_shell:web_shell_page:005	F14	lib/page/web_shell/web_shell_page.dart	true	test/auto_test/web_shell/web_shell_page.md	12	消息导航项展示未读数角标	MAPPING_REQUIRED	MAPPING_REQUIRED	RECONCILE_REQUIRED	TO_BE_DEFINED	PARSED
LEGACY:web_shell:web_shell_page:006	F14	lib/page/web_shell/web_shell_page.dart	true	test/auto_test/web_shell/web_shell_page.md	13	联系人导航项展示待处理角标	MAPPING_REQUIRED	MAPPING_REQUIRED	RECONCILE_REQUIRED	TO_BE_DEFINED	PARSED
LEGACY:web_shell:web_shell_page:007	F14	lib/page/web_shell/web_shell_page.dart	true	test/auto_test/web_shell/web_shell_page.md	14	频道导航项展示未读数角标	MAPPING_REQUIRED	MAPPING_REQUIRED	RECONCILE_REQUIRED	TO_BE_DEFINED	PARSED
LEGACY:web_shell:web_shell_page:008	F14	lib/page/web_shell/web_shell_page.dart	true	test/auto_test/web_shell/web_shell_page.md	15	未选中条目时右栏展示欢迎屏	MAPPING_REQUIRED	MAPPING_REQUIRED	RECONCILE_REQUIRED	TO_BE_DEFINED	PARSED
LEGACY:web_shell:web_shell_page:009	F14	lib/page/web_shell/web_shell_page.dart	true	test/auto_test/web_shell/web_shell_page.md	16	选中会话时右栏渲染聊天视图	MAPPING_REQUIRED	MAPPING_REQUIRED	RECONCILE_REQUIRED	TO_BE_DEFINED	PARSED
LEGACY:web_shell:web_shell_page:010	F14	lib/page/web_shell/web_shell_page.dart	true	test/auto_test/web_shell/web_shell_page.md	17	选中联系人频道或我的分发对应视图	MAPPING_REQUIRED	MAPPING_REQUIRED	RECONCILE_REQUIRED	TO_BE_DEFINED	PARSED
LEGACY:web_shell:web_shell_page:011	F14	lib/page/web_shell/web_shell_page.dart	true	test/auto_test/web_shell/web_shell_page.md	18	页面背景色随主题明暗切换	MAPPING_REQUIRED	MAPPING_REQUIRED	RECONCILE_REQUIRED	TO_BE_DEFINED	PARSED
LEGACY:welcome:welcome_page:001	F02	lib/page/welcome/welcome_page.dart	true	test/auto_test/welcome/welcome_page.md	8	左右滑动切换三页引导卡	MAPPING_REQUIRED	MAPPING_REQUIRED	RECONCILE_REQUIRED	TO_BE_DEFINED	PARSED
LEGACY:welcome:welcome_page:002	F02	lib/page/welcome/welcome_page.dart	true	test/auto_test/welcome/welcome_page.md	9	指示器随当前页高亮伸缩	MAPPING_REQUIRED	MAPPING_REQUIRED	RECONCILE_REQUIRED	TO_BE_DEFINED	PARSED
LEGACY:welcome:welcome_page:003	F02	lib/page/welcome/welcome_page.dart	true	test/auto_test/welcome/welcome_page.md	10	下一步按钮翻到下一引导页	MAPPING_REQUIRED	MAPPING_REQUIRED	RECONCILE_REQUIRED	TO_BE_DEFINED	PARSED
LEGACY:welcome:welcome_page:004	F02	lib/page/welcome/welcome_page.dart	true	test/auto_test/welcome/welcome_page.md	11	末页按钮文案切为开始使用	MAPPING_REQUIRED	MAPPING_REQUIRED	RECONCILE_REQUIRED	TO_BE_DEFINED	PARSED
LEGACY:welcome:welcome_page:005	F02	lib/page/welcome/welcome_page.dart	true	test/auto_test/welcome/welcome_page.md	12	末页按钮跳转登录页	MAPPING_REQUIRED	MAPPING_REQUIRED	RECONCILE_REQUIRED	TO_BE_DEFINED	PARSED
LEGACY:welcome:welcome_page:006	F02	lib/page/welcome/welcome_page.dart	true	test/auto_test/welcome/welcome_page.md	13	跳过链接直达登录页	MAPPING_REQUIRED	MAPPING_REQUIRED	RECONCILE_REQUIRED	TO_BE_DEFINED	PARSED
LEGACY:welcome:welcome_page:007	F02	lib/page/welcome/welcome_page.dart	true	test/auto_test/welcome/welcome_page.md	14	末页隐藏跳过链接	MAPPING_REQUIRED	MAPPING_REQUIRED	RECONCILE_REQUIRED	TO_BE_DEFINED	PARSED
LEGACY:welcome:welcome_page:008	F02	lib/page/welcome/welcome_page.dart	true	test/auto_test/welcome/welcome_page.md	15	打开 10 语言选择菜单	MAPPING_REQUIRED	MAPPING_REQUIRED	RECONCILE_REQUIRED	TO_BE_DEFINED	PARSED
LEGACY:welcome:welcome_page:009	F02	lib/page/welcome/welcome_page.dart	true	test/auto_test/welcome/welcome_page.md	16	选中语言即时切换并持久化	MAPPING_REQUIRED	MAPPING_REQUIRED	RECONCILE_REQUIRED	TO_BE_DEFINED	PARSED
LEGACY:welcome:welcome_page:010	F02	lib/page/welcome/welcome_page.dart	true	test/auto_test/welcome/welcome_page.md	17	菜单中勾选当前语言	MAPPING_REQUIRED	MAPPING_REQUIRED	RECONCILE_REQUIRED	TO_BE_DEFINED	PARSED
LEGACY:welcome:welcome_page:011	F02	lib/page/welcome/welcome_page.dart	true	test/auto_test/welcome/welcome_page.md	18	接力启动页品牌 Hero 动画	MAPPING_REQUIRED	MAPPING_REQUIRED	RECONCILE_REQUIRED	TO_BE_DEFINED	PARSED
LEGACY:welcome:welcome_page:012	F02	lib/page/welcome/welcome_page.dart	true	test/auto_test/welcome/welcome_page.md	19	渲染三页引导 SVG 插画	MAPPING_REQUIRED	MAPPING_REQUIRED	RECONCILE_REQUIRED	TO_BE_DEFINED	PARSED
LEGACY:workspace:project_channels_page:001	F10	lib/page/workspace/project/w2/project_channels_page.dart	true	test/auto_test/workspace/project_channels_page.md	8	项目详情「项目协作」区点「项目频道」入口进入（路由 …/channels），页标题「项目频道」	MAPPING_REQUIRED	MAPPING_REQUIRED	RECONCILE_REQUIRED	TO_BE_DEFINED	PARSED
LEGACY:workspace:project_channels_page:002	F10	lib/page/workspace/project/w2/project_channels_page.dart	true	test/auto_test/workspace/project_channels_page.md	9	数据三态+403：首屏加载视图 / 错误视图+重试 / 非成员直访 403 无权限专属视图 / 无关联频道空态视图	MAPPING_REQUIRED	MAPPING_REQUIRED	RECONCILE_REQUIRED	TO_BE_DEFINED	PARSED
LEGACY:workspace:project_channels_page:003	F10	lib/page/workspace/project/w2/project_channels_page.dart	true	test/auto_test/workspace/project_channels_page.md	10	已关联频道列表渲染：频道头像（无头像显示音量图标）+ 频道名，可写行尾显示解除关联图标按钮	MAPPING_REQUIRED	MAPPING_REQUIRED	RECONCILE_REQUIRED	TO_BE_DEFINED	PARSED
LEGACY:workspace:project_channels_page:004	F10	lib/page/workspace/project/w2/project_channels_page.dart	true	test/auto_test/workspace/project_channels_page.md	11	关联频道：点「关联频道」拉取候选后底部弹层列出候选频道名，选择后关联成功 toast + 列表刷新	MAPPING_REQUIRED	MAPPING_REQUIRED	RECONCILE_REQUIRED	TO_BE_DEFINED	PARSED
LEGACY:workspace:project_channels_page:005	F10	lib/page/workspace/project/w2/project_channels_page.dart	true	test/auto_test/workspace/project_channels_page.md	12	候选范围：选择器仅列出当前工作区的频道集合（同工作区频道，不含 personal/私信）	MAPPING_REQUIRED	MAPPING_REQUIRED	RECONCILE_REQUIRED	TO_BE_DEFINED	PARSED
LEGACY:workspace:project_channels_page:006	F10	lib/page/workspace/project/w2/project_channels_page.dart	true	test/auto_test/workspace/project_channels_page.md	13	无候选提示：工作区无可用频道时点「关联频道」提示无候选频道，不弹选择器	MAPPING_REQUIRED	MAPPING_REQUIRED	RECONCILE_REQUIRED	TO_BE_DEFINED	PARSED
LEGACY:workspace:project_channels_page:007	F10	lib/page/workspace/project/w2/project_channels_page.dart	true	test/auto_test/workspace/project_channels_page.md	14	重复关联幂等：选择已关联的频道再次关联，显示「已关联」明确 toast，不报错不重复入库	MAPPING_REQUIRED	MAPPING_REQUIRED	RECONCILE_REQUIRED	TO_BE_DEFINED	PARSED
LEGACY:workspace:project_channels_page:008	F10	lib/page/workspace/project/w2/project_channels_page.dart	true	test/auto_test/workspace/project_channels_page.md	15	解除关联：点解除图标 → 确认弹层（标题含频道名）→ 确认后成功 toast，该频道行从列表移除	MAPPING_REQUIRED	MAPPING_REQUIRED	RECONCILE_REQUIRED	TO_BE_DEFINED	PARSED
LEGACY:workspace:project_channels_page:009	F10	lib/page/workspace/project/w2/project_channels_page.dart	true	test/auto_test/workspace/project_channels_page.md	16	分页加载更多：关联频道超过一页时显示「加载更多」按钮追加下一页，加载中底部显示转圈	MAPPING_REQUIRED	MAPPING_REQUIRED	RECONCILE_REQUIRED	TO_BE_DEFINED	PARSED
LEGACY:workspace:project_channels_page:010	F10	lib/page/workspace/project/w2/project_channels_page.dart	true	test/auto_test/workspace/project_channels_page.md	17	Workspace Guest 进入：服务端直接 403，整页显示「无权限：仅项目成员…」专属视图（比隐藏按钮更严）	MAPPING_REQUIRED	MAPPING_REQUIRED	RECONCILE_REQUIRED	TO_BE_DEFINED	PARSED
LEGACY:workspace:project_channels_page:011	F10	lib/page/workspace/project/w2/project_channels_page.dart	true	test/auto_test/workspace/project_channels_page.md	18	归档工作区下进入：写入口全部隐藏禁用（写操作被服务端 980 拒绝兜底）	MAPPING_REQUIRED	MAPPING_REQUIRED	RECONCILE_REQUIRED	TO_BE_DEFINED	PARSED
LEGACY:workspace:project_create_page:001	F10	lib/page/workspace/project/home/project_create_page.dart	true	test/auto_test/workspace/project_create_page.md	8	工作区项目列表页创建入口进入创建表单（路由 /workspace/:workspaceId/projects/create），页标题「新建项目」	MAPPING_REQUIRED	MAPPING_REQUIRED	RECONCILE_REQUIRED	TO_BE_DEFINED	PARSED
LEGACY:workspace:project_create_page:002	F10	lib/page/workspace/project/home/project_create_page.dart	true	test/auto_test/workspace/project_create_page.md	9	表单渲染：名称输入框（上限 200 字，hint「项目名称」+计数）与描述输入框（上限 2000 字、多行，hint「项目描述（选填）」+计数）	MAPPING_REQUIRED	MAPPING_REQUIRED	RECONCILE_REQUIRED	TO_BE_DEFINED	PARSED
LEGACY:workspace:project_create_page:003	F10	lib/page/workspace/project/home/project_create_page.dart	true	test/auto_test/workspace/project_create_page.md	10	名称为空点提交：显示名称必填错误 toast，不发起请求	MAPPING_REQUIRED	MAPPING_REQUIRED	RECONCILE_REQUIRED	TO_BE_DEFINED	PARSED
LEGACY:workspace:project_create_page:004	F10	lib/page/workspace/project/home/project_create_page.dart	true	test/auto_test/workspace/project_create_page.md	11	填写名称（描述可空）提交：显示创建成功 toast 并自动返回上一页	MAPPING_REQUIRED	MAPPING_REQUIRED	RECONCILE_REQUIRED	TO_BE_DEFINED	PARSED
LEGACY:workspace:project_create_page:005	F10	lib/page/workspace/project/home/project_create_page.dart	true	test/auto_test/workspace/project_create_page.md	12	创建成功后返回项目列表第 1 页，新创建的项目出现在列表中	MAPPING_REQUIRED	MAPPING_REQUIRED	RECONCILE_REQUIRED	TO_BE_DEFINED	PARSED
LEGACY:workspace:project_create_page:006	F10	lib/page/workspace/project/home/project_create_page.dart	true	test/auto_test/workspace/project_create_page.md	13	提交防抖：提交中按钮禁用并显示转圈，连续快速点击只创建一次	MAPPING_REQUIRED	MAPPING_REQUIRED	RECONCILE_REQUIRED	TO_BE_DEFINED	PARSED
LEGACY:workspace:project_create_page:007	F10	lib/page/workspace/project/home/project_create_page.dart	true	test/auto_test/workspace/project_create_page.md	14	名称/描述提交前自动去除首尾空格（纯空格名称按空名校验拦截）	MAPPING_REQUIRED	MAPPING_REQUIRED	RECONCILE_REQUIRED	TO_BE_DEFINED	PARSED
LEGACY:workspace:project_create_page:008	F10	lib/page/workspace/project/home/project_create_page.dart	true	test/auto_test/workspace/project_create_page.md	15	Workspace Guest 提交创建项目：被服务端 403 拒绝，toast 原样透出服务端消息（不静默失败）	MAPPING_REQUIRED	MAPPING_REQUIRED	RECONCILE_REQUIRED	TO_BE_DEFINED	PARSED
LEGACY:workspace:project_create_page:009	F10	lib/page/workspace/project/home/project_create_page.dart	true	test/auto_test/workspace/project_create_page.md	16	归档（archived）工作区下「新建项目」入口置灰禁用；直发 API 被服务端 980「工作区已归档，写操作被拒绝」兜底	MAPPING_REQUIRED	MAPPING_REQUIRED	RECONCILE_REQUIRED	TO_BE_DEFINED	PARSED
LEGACY:workspace:project_detail_page:001	F10	lib/page/workspace/project/home/project_detail_page.dart	true	test/auto_test/workspace/project_detail_page.md	8	工作区项目列表点项目卡片进入详情（路由 /workspace/:wsId/projects/:projectId），页标题「项目详情」	MAPPING_REQUIRED	MAPPING_REQUIRED	RECONCILE_REQUIRED	TO_BE_DEFINED	PARSED
LEGACY:workspace:project_detail_page:002	F10	lib/page/workspace/project/home/project_detail_page.dart	true	test/auto_test/workspace/project_detail_page.md	9	详情加载中显示加载视图；加载失败显示错误视图，点重试重新拉取详情	MAPPING_REQUIRED	MAPPING_REQUIRED	RECONCILE_REQUIRED	TO_BE_DEFINED	PARSED
LEGACY:workspace:project_detail_page:003	F10	lib/page/workspace/project/home/project_detail_page.dart	true	test/auto_test/workspace/project_detail_page.md	10	基本信息卡渲染：项目名（文件夹图标）、描述（有则显示）、状态标签（进行中/已完成）、负责人（owner 昵称/账号）与我的角色徽章	MAPPING_REQUIRED	MAPPING_REQUIRED	RECONCILE_REQUIRED	TO_BE_DEFINED	PARSED
LEGACY:workspace:project_detail_page:004	F10	lib/page/workspace/project/home/project_detail_page.dart	true	test/auto_test/workspace/project_detail_page.md	11	Owner/Member 点「标记完成」：项目状态变 done，成功 toast，按钮切换为「重新开启」图标	MAPPING_REQUIRED	MAPPING_REQUIRED	RECONCILE_REQUIRED	TO_BE_DEFINED	PARSED
LEGACY:workspace:project_detail_page:005	F10	lib/page/workspace/project/home/project_detail_page.dart	true	test/auto_test/workspace/project_detail_page.md	12	done 项目点「重新开启」：状态回 active，成功 toast，详情与列表第 1 页同步刷新	MAPPING_REQUIRED	MAPPING_REQUIRED	RECONCILE_REQUIRED	TO_BE_DEFINED	PARSED
LEGACY:workspace:project_detail_page:006	F10	lib/page/workspace/project/home/project_detail_page.dart	true	test/auto_test/workspace/project_detail_page.md	13	状态切换防抖：流转中按钮禁用，重复点击只发一次请求	MAPPING_REQUIRED	MAPPING_REQUIRED	RECONCILE_REQUIRED	TO_BE_DEFINED	PARSED
LEGACY:workspace:project_detail_page:007	F10	lib/page/workspace/project/home/project_detail_page.dart	true	test/auto_test/workspace/project_detail_page.md	14	Guest 或角色未就绪（工作区成员列表未加载完成）时状态切换整卡不渲染（保守只读，服务端 403 兜底）	MAPPING_REQUIRED	MAPPING_REQUIRED	RECONCILE_REQUIRED	TO_BE_DEFINED	PARSED
LEGACY:workspace:project_detail_page:008	F10	lib/page/workspace/project/home/project_detail_page.dart	true	test/auto_test/workspace/project_detail_page.md	15	任务区块渲染：四态筛选与任务列表；可写时区块标题栏「+」按钮进入新建任务表单	MAPPING_REQUIRED	MAPPING_REQUIRED	RECONCILE_REQUIRED	TO_BE_DEFINED	PARSED
LEGACY:workspace:project_detail_page:009	F10	lib/page/workspace/project/home/project_detail_page.dart	true	test/auto_test/workspace/project_detail_page.md	16	「项目协作」入口区显示成员/里程碑/项目频道/内容聚合四个入口行，点击分别 push 对应子页并可返回	MAPPING_REQUIRED	MAPPING_REQUIRED	RECONCILE_REQUIRED	TO_BE_DEFINED	PARSED
LEGACY:workspace:project_detail_page:010	F10	lib/page/workspace/project/home/project_detail_page.dart	true	test/auto_test/workspace/project_detail_page.md	17	归档工作区下详情顶部显示归档横幅且状态切换禁用（写操作被服务端 980 拒绝兜底）	MAPPING_REQUIRED	MAPPING_REQUIRED	RECONCILE_REQUIRED	TO_BE_DEFINED	PARSED
LEGACY:workspace:project_detail_page:011	F10	lib/page/workspace/project/home/project_detail_page.dart	true	test/auto_test/workspace/project_detail_page.md	18	下拉刷新：详情页下拉重新拉取项目详情数据	MAPPING_REQUIRED	MAPPING_REQUIRED	RECONCILE_REQUIRED	TO_BE_DEFINED	PARSED
LEGACY:workspace:project_insights_page:001	F10	lib/page/workspace/project/w2/project_insights_page.dart	true	test/auto_test/workspace/project_insights_page.md	8	项目详情「项目协作」区点「内容聚合」入口进入（路由 …/insights），页标题对应聚合入口文案	MAPPING_REQUIRED	MAPPING_REQUIRED	RECONCILE_REQUIRED	TO_BE_DEFINED	PARSED
LEGACY:workspace:project_insights_page:002	F10	lib/page/workspace/project/w2/project_insights_page.dart	true	test/auto_test/workspace/project_insights_page.md	9	四 Tab 渲染与切换：置顶消息/资源链接/项目动态/相关帖子 TabBar，点 Tab 或左右滑动切换视图	MAPPING_REQUIRED	MAPPING_REQUIRED	RECONCILE_REQUIRED	TO_BE_DEFINED	PARSED
LEGACY:workspace:project_insights_page:003	F10	lib/page/workspace/project/w2/project_insights_page.dart	true	test/auto_test/workspace/project_insights_page.md	10	Tab 独立三态：每个 Tab 各自的加载视图/空态/错误视图+重试互不影响，切 Tab 不重置其他 Tab 数据	MAPPING_REQUIRED	MAPPING_REQUIRED	RECONCILE_REQUIRED	TO_BE_DEFINED	PARSED
LEGACY:workspace:project_insights_page:004	F10	lib/page/workspace/project/w2/project_insights_page.dart	true	test/auto_test/workspace/project_insights_page.md	11	非项目成员直访：403 时对应 Tab 显示无权限专属视图（锁图标 + 文案 + 重试）	MAPPING_REQUIRED	MAPPING_REQUIRED	RECONCILE_REQUIRED	TO_BE_DEFINED	PARSED
LEGACY:workspace:project_insights_page:005	F10	lib/page/workspace/project/w2/project_insights_page.dart	true	test/auto_test/workspace/project_insights_page.md	12	置顶消息 Tab：渲染置顶摘要行（作者名或消息类型 + 时间，无消息正文），满页时显示「加载更多」分页追加	MAPPING_REQUIRED	MAPPING_REQUIRED	RECONCILE_REQUIRED	TO_BE_DEFINED	PARSED
LEGACY:workspace:project_insights_page:006	F10	lib/page/workspace/project/w2/project_insights_page.dart	true	test/auto_test/workspace/project_insights_page.md	13	资源链接 Tab：渲染资源行（名称 + URL 文本只读展示），后端有界数组单页直出	MAPPING_REQUIRED	MAPPING_REQUIRED	RECONCILE_REQUIRED	TO_BE_DEFINED	PARSED
LEGACY:workspace:project_insights_page:007	F10	lib/page/workspace/project/w2/project_insights_page.dart	true	test/auto_test/workspace/project_insights_page.md	14	项目动态 Tab：渲染事件行（事件类型 + 时间，无消息正文），满页时显示「加载更多」分页追加	MAPPING_REQUIRED	MAPPING_REQUIRED	RECONCILE_REQUIRED	TO_BE_DEFINED	PARSED
LEGACY:workspace:project_insights_page:008	F10	lib/page/workspace/project/w2/project_insights_page.dart	true	test/auto_test/workspace/project_insights_page.md	15	相关帖子 Tab：渲染帖子摘要行（作者名或消息类型 + 时间），后端有界摘要单页直出	MAPPING_REQUIRED	MAPPING_REQUIRED	RECONCILE_REQUIRED	TO_BE_DEFINED	PARSED
LEGACY:workspace:project_insights_page:009	F10	lib/page/workspace/project/w2/project_insights_page.dart	true	test/auto_test/workspace/project_insights_page.md	16	各 Tab 空态：无数据时显示对应空态文案（doc_text_search 图标 + 标题/副标题）	MAPPING_REQUIRED	MAPPING_REQUIRED	RECONCILE_REQUIRED	TO_BE_DEFINED	PARSED
LEGACY:workspace:project_insights_page:010	F10	lib/page/workspace/project/w2/project_insights_page.dart	true	test/auto_test/workspace/project_insights_page.md	17	下拉刷新：有数据的 Tab 下拉重新拉取该 Tab 数据（含分页回到第 1 页重载）	MAPPING_REQUIRED	MAPPING_REQUIRED	RECONCILE_REQUIRED	TO_BE_DEFINED	PARSED
LEGACY:workspace:project_members_page:001	F10	lib/page/workspace/project/w2/project_members_page.dart	true	test/auto_test/workspace/project_members_page.md	8	项目详情「项目协作」区点「成员」入口进入（路由 …/members），页标题「项目成员」	MAPPING_REQUIRED	MAPPING_REQUIRED	RECONCILE_REQUIRED	TO_BE_DEFINED	PARSED
LEGACY:workspace:project_members_page:002	F10	lib/page/workspace/project/w2/project_members_page.dart	true	test/auto_test/workspace/project_members_page.md	9	数据三态：首屏加载视图 / 加载失败错误视图+重试 / 无成员空态视图	MAPPING_REQUIRED	MAPPING_REQUIRED	RECONCILE_REQUIRED	TO_BE_DEFINED	PARSED
LEGACY:workspace:project_members_page:003	F10	lib/page/workspace/project/w2/project_members_page.dart	true	test/auto_test/workspace/project_members_page.md	10	成员行渲染：头像（无头像显示人形图标）、显示名、@账号，有写权限的行尾显示删除/转移图标按钮	MAPPING_REQUIRED	MAPPING_REQUIRED	RECONCILE_REQUIRED	TO_BE_DEFINED	PARSED
LEGACY:workspace:project_members_page:004	F10	lib/page/workspace/project/w2/project_members_page.dart	true	test/auto_test/workspace/project_members_page.md	11	非项目成员直访：403 显示无权限专属视图（锁图标 + 文案 + 重试），不缓存豁免	MAPPING_REQUIRED	MAPPING_REQUIRED	RECONCILE_REQUIRED	TO_BE_DEFINED	PARSED
LEGACY:workspace:project_members_page:005	F10	lib/page/workspace/project/w2/project_members_page.dart	true	test/auto_test/workspace/project_members_page.md	12	Project Owner 点「邀请成员」：对话框输入数字 UID 确认后邀请成功 toast + 列表刷新；UID 为空/非数字给校验提示不发请求	MAPPING_REQUIRED	MAPPING_REQUIRED	RECONCILE_REQUIRED	TO_BE_DEFINED	PARSED
LEGACY:workspace:project_members_page:006	F10	lib/page/workspace/project/w2/project_members_page.dart	true	test/auto_test/workspace/project_members_page.md	13	重复邀请已是成员的 UID：显示「已是成员」幂等 toast，不报错不重复入库	MAPPING_REQUIRED	MAPPING_REQUIRED	RECONCILE_REQUIRED	TO_BE_DEFINED	PARSED
LEGACY:workspace:project_members_page:007	F10	lib/page/workspace/project/w2/project_members_page.dart	true	test/auto_test/workspace/project_members_page.md	14	移除成员：成员行删除图标 → 底部确认弹层 → 确认后移除成功 toast + 列表刷新	MAPPING_REQUIRED	MAPPING_REQUIRED	RECONCILE_REQUIRED	TO_BE_DEFINED	PARSED
LEGACY:workspace:project_members_page:008	F10	lib/page/workspace/project/w2/project_members_page.dart	true	test/auto_test/workspace/project_members_page.md	15	重复移除已不在项目的成员：显示「已移除」幂等 toast，不报错	MAPPING_REQUIRED	MAPPING_REQUIRED	RECONCILE_REQUIRED	TO_BE_DEFINED	PARSED
LEGACY:workspace:project_members_page:009	F10	lib/page/workspace/project/w2/project_members_page.dart	true	test/auto_test/workspace/project_members_page.md	16	转移 Owner：Project Owner 对其他成员点转移图标 → 确认弹层 → 成功 toast + 列表刷新，转移后原 Owner 失去邀请/转移入口	MAPPING_REQUIRED	MAPPING_REQUIRED	RECONCILE_REQUIRED	TO_BE_DEFINED	PARSED
LEGACY:workspace:project_members_page:010	F10	lib/page/workspace/project/w2/project_members_page.dart	true	test/auto_test/workspace/project_members_page.md	17	写入口权限矩阵：邀请/转移仅 Project Owner 可见；移除 Project Owner 或 Workspace Owner 可见；自己所在行不显示删除/转移按钮	MAPPING_REQUIRED	MAPPING_REQUIRED	RECONCILE_REQUIRED	TO_BE_DEFINED	PARSED
LEGACY:workspace:project_members_page:011	F10	lib/page/workspace/project/w2/project_members_page.dart	true	test/auto_test/workspace/project_members_page.md	18	Workspace Guest 进入：服务端直接 403，整页无权限专属视图（比只读隐藏更严）	MAPPING_REQUIRED	MAPPING_REQUIRED	RECONCILE_REQUIRED	TO_BE_DEFINED	PARSED
LEGACY:workspace:project_members_page:012	F10	lib/page/workspace/project/w2/project_members_page.dart	true	test/auto_test/workspace/project_members_page.md	19	归档工作区下进入：列表只读可看，写操作被服务端 980 拒绝兜底	MAPPING_REQUIRED	MAPPING_REQUIRED	RECONCILE_REQUIRED	TO_BE_DEFINED	PARSED
LEGACY:workspace:project_members_page:013	F10	lib/page/workspace/project/w2/project_members_page.dart	true	test/auto_test/workspace/project_members_page.md	20	分页加载更多：成员超过一页时显示「加载更多」按钮追加下一页，加载中底部显示转圈	MAPPING_REQUIRED	MAPPING_REQUIRED	RECONCILE_REQUIRED	TO_BE_DEFINED	PARSED
LEGACY:workspace:project_milestones_page:001	F10	lib/page/workspace/project/w2/project_milestones_page.dart	true	test/auto_test/workspace/project_milestones_page.md	8	项目详情「项目协作」区点「里程碑」入口进入（路由 …/milestones），页标题「里程碑」	MAPPING_REQUIRED	MAPPING_REQUIRED	RECONCILE_REQUIRED	TO_BE_DEFINED	PARSED
LEGACY:workspace:project_milestones_page:002	F10	lib/page/workspace/project/w2/project_milestones_page.dart	true	test/auto_test/workspace/project_milestones_page.md	9	数据三态+403：首屏加载视图 / 错误视图+重试 / 非成员直访 403 无权限专属视图 / 无里程碑空态视图	MAPPING_REQUIRED	MAPPING_REQUIRED	RECONCILE_REQUIRED	TO_BE_DEFINED	PARSED
LEGACY:workspace:project_milestones_page:003	F10	lib/page/workspace/project/w2/project_milestones_page.dart	true	test/auto_test/workspace/project_milestones_page.md	10	里程碑卡片渲染：名称、状态文案（已达成绿色/计划中灰色）、截止日期（有则显示）与状态图标（达成印章/计划旗子）	MAPPING_REQUIRED	MAPPING_REQUIRED	RECONCILE_REQUIRED	TO_BE_DEFINED	PARSED
LEGACY:workspace:project_milestones_page:004	F10	lib/page/workspace/project/w2/project_milestones_page.dart	true	test/auto_test/workspace/project_milestones_page.md	11	创建里程碑：点「新建里程碑」按钮弹对话框填名称（+可选截止日期）确认后成功 toast + 列表刷新	MAPPING_REQUIRED	MAPPING_REQUIRED	RECONCILE_REQUIRED	TO_BE_DEFINED	PARSED
LEGACY:workspace:project_milestones_page:005	F10	lib/page/workspace/project/w2/project_milestones_page.dart	true	test/auto_test/workspace/project_milestones_page.md	12	创建校验：名称必填；截止日期填写时必须为 YYYY-MM-DD 格式，否则错误提示不发请求	MAPPING_REQUIRED	MAPPING_REQUIRED	RECONCILE_REQUIRED	TO_BE_DEFINED	PARSED
LEGACY:workspace:project_milestones_page:006	F10	lib/page/workspace/project/w2/project_milestones_page.dart	true	test/auto_test/workspace/project_milestones_page.md	13	标记达成：planned 行点「标记达成」按钮，状态变 reached（图标/文案变化）+ 成功 toast	MAPPING_REQUIRED	MAPPING_REQUIRED	RECONCILE_REQUIRED	TO_BE_DEFINED	PARSED
LEGACY:workspace:project_milestones_page:007	F10	lib/page/workspace/project/w2/project_milestones_page.dart	true	test/auto_test/workspace/project_milestones_page.md	14	重复标记幂等：对已达成里程碑再次触发 reach，显示「已达成」明确 toast，不报错	MAPPING_REQUIRED	MAPPING_REQUIRED	RECONCILE_REQUIRED	TO_BE_DEFINED	PARSED
LEGACY:workspace:project_milestones_page:008	F10	lib/page/workspace/project/w2/project_milestones_page.dart	true	test/auto_test/workspace/project_milestones_page.md	15	状态单向不可回退：reached 行不渲染任何操作按钮，无法改回 planned	MAPPING_REQUIRED	MAPPING_REQUIRED	RECONCILE_REQUIRED	TO_BE_DEFINED	PARSED
LEGACY:workspace:project_milestones_page:009	F10	lib/page/workspace/project/w2/project_milestones_page.dart	true	test/auto_test/workspace/project_milestones_page.md	16	状态筛选：all/planned/reached 分段按钮切换，筛选变化后列表重置第 1 页重新拉取	MAPPING_REQUIRED	MAPPING_REQUIRED	RECONCILE_REQUIRED	TO_BE_DEFINED	PARSED
LEGACY:workspace:project_milestones_page:010	F10	lib/page/workspace/project/w2/project_milestones_page.dart	true	test/auto_test/workspace/project_milestones_page.md	17	加载更多启发式：已加载条数达到满页（每页 10 条）时显示「加载更多」按钮追加下一页	MAPPING_REQUIRED	MAPPING_REQUIRED	RECONCILE_REQUIRED	TO_BE_DEFINED	PARSED
LEGACY:workspace:project_milestones_page:011	F10	lib/page/workspace/project/w2/project_milestones_page.dart	true	test/auto_test/workspace/project_milestones_page.md	18	Workspace Guest 进入：服务端直接 403「仅项目成员可访问里程碑」，整页无权限专属视图	MAPPING_REQUIRED	MAPPING_REQUIRED	RECONCILE_REQUIRED	TO_BE_DEFINED	PARSED
LEGACY:workspace:project_milestones_page:012	F10	lib/page/workspace/project/w2/project_milestones_page.dart	true	test/auto_test/workspace/project_milestones_page.md	19	归档工作区下进入：列表只读，创建/reach 均被服务端 980 拒绝兜底	MAPPING_REQUIRED	MAPPING_REQUIRED	RECONCILE_REQUIRED	TO_BE_DEFINED	PARSED
LEGACY:workspace:project_milestones_page:013	F10	lib/page/workspace/project/w2/project_milestones_page.dart	true	test/auto_test/workspace/project_milestones_page.md	20	下拉刷新：下拉重新拉取当前筛选下已加载的全部页数据	MAPPING_REQUIRED	MAPPING_REQUIRED	RECONCILE_REQUIRED	TO_BE_DEFINED	PARSED
LEGACY:workspace:task_form_page:001	F10	lib/page/workspace/project/tasks/task_form_page.dart	true	test/auto_test/workspace/task_form_page.md	8	项目详情任务区「+」进入创建表单（路由 …/tasks/new），页标题「新建任务」	MAPPING_REQUIRED	MAPPING_REQUIRED	RECONCILE_REQUIRED	TO_BE_DEFINED	PARSED
LEGACY:workspace:task_form_page:002	F10	lib/page/workspace/project/tasks/task_form_page.dart	true	test/auto_test/workspace/task_form_page.md	9	表单渲染：标题输入框（上限 500 字）+ 负责人下拉（含「暂不指派」默认项）+ 创建任务按钮	MAPPING_REQUIRED	MAPPING_REQUIRED	RECONCILE_REQUIRED	TO_BE_DEFINED	PARSED
LEGACY:workspace:task_form_page:003	F10	lib/page/workspace/project/tasks/task_form_page.dart	true	test/auto_test/workspace/task_form_page.md	10	标题为空点提交：显示标题必填错误 toast，不发起请求	MAPPING_REQUIRED	MAPPING_REQUIRED	RECONCILE_REQUIRED	TO_BE_DEFINED	PARSED
LEGACY:workspace:task_form_page:004	F10	lib/page/workspace/project/tasks/task_form_page.dart	true	test/auto_test/workspace/task_form_page.md	11	执行人下拉列出当前工作区 active 成员（昵称为空时显示账号）	MAPPING_REQUIRED	MAPPING_REQUIRED	RECONCILE_REQUIRED	TO_BE_DEFINED	PARSED
LEGACY:workspace:task_form_page:005	F10	lib/page/workspace/project/tasks/task_form_page.dart	true	test/auto_test/workspace/task_form_page.md	12	选择执行人 + 填标题提交：创建成功 toast，自动返回后任务区列表可见新任务	MAPPING_REQUIRED	MAPPING_REQUIRED	RECONCILE_REQUIRED	TO_BE_DEFINED	PARSED
LEGACY:workspace:task_form_page:006	F10	lib/page/workspace/project/tasks/task_form_page.dart	true	test/auto_test/workspace/task_form_page.md	13	保持「未指派」提交：成功创建无执行人任务，返回后任务列表刷新	MAPPING_REQUIRED	MAPPING_REQUIRED	RECONCILE_REQUIRED	TO_BE_DEFINED	PARSED
LEGACY:workspace:task_form_page:007	F10	lib/page/workspace/project/tasks/task_form_page.dart	true	test/auto_test/workspace/task_form_page.md	14	创建命中幂等（isIdempotentHit）：显示「任务已存在」toast 而非报错	MAPPING_REQUIRED	MAPPING_REQUIRED	RECONCILE_REQUIRED	TO_BE_DEFINED	PARSED
LEGACY:workspace:task_form_page:008	F10	lib/page/workspace/project/tasks/task_form_page.dart	true	test/auto_test/workspace/task_form_page.md	15	编辑模式（路由 …/tasks/:taskId/edit）：加载既有任务回填标题与执行人，页标题「编辑任务」	MAPPING_REQUIRED	MAPPING_REQUIRED	RECONCILE_REQUIRED	TO_BE_DEFINED	PARSED
LEGACY:workspace:task_form_page:009	F10	lib/page/workspace/project/tasks/task_form_page.dart	true	test/auto_test/workspace/task_form_page.md	16	编辑模式加载失败：显示错误视图，点重试重新拉取任务详情	MAPPING_REQUIRED	MAPPING_REQUIRED	RECONCILE_REQUIRED	TO_BE_DEFINED	PARSED
LEGACY:workspace:task_form_page:010	F10	lib/page/workspace/project/tasks/task_form_page.dart	true	test/auto_test/workspace/task_form_page.md	17	编辑修改标题/执行人后保存：成功 toast，返回后任务列表与候选列表刷新	MAPPING_REQUIRED	MAPPING_REQUIRED	RECONCILE_REQUIRED	TO_BE_DEFINED	PARSED
LEGACY:workspace:task_form_page:011	F10	lib/page/workspace/project/tasks/task_form_page.dart	true	test/auto_test/workspace/task_form_page.md	18	编辑时改选「未指派」保存：任务执行人被清除（clearAssignee）	MAPPING_REQUIRED	MAPPING_REQUIRED	RECONCILE_REQUIRED	TO_BE_DEFINED	PARSED
LEGACY:workspace:task_form_page:012	F10	lib/page/workspace/project/tasks/task_form_page.dart	true	test/auto_test/workspace/task_form_page.md	19	顶栏「刷新候选」按钮重拉工作区成员候选；候选加载失败显示错误行 + 重试按钮	MAPPING_REQUIRED	MAPPING_REQUIRED	RECONCILE_REQUIRED	TO_BE_DEFINED	PARSED
LEGACY:workspace:task_form_page:013	F10	lib/page/workspace/project/tasks/task_form_page.dart	true	test/auto_test/workspace/task_form_page.md	20	服务端错误透传：指派非 active 成员 400 / Guest 403 / 归档工作区 980，toast 原样显示服务端消息	MAPPING_REQUIRED	MAPPING_REQUIRED	RECONCILE_REQUIRED	TO_BE_DEFINED	PARSED
LEGACY:workspace:workspace_branding_page:001	F10	lib/page/workspace/workspace_branding_page.dart	true	test/auto_test/workspace/workspace_branding_page.md	8	从成员管理页治理区 Branding 入口进入 /workspace/:wsId/branding 编辑页	MAPPING_REQUIRED	MAPPING_REQUIRED	RECONCILE_REQUIRED	TO_BE_DEFINED	PARSED
LEGACY:workspace:workspace_branding_page:002	F10	lib/page/workspace/workspace_branding_page.dart	true	test/auto_test/workspace/workspace_branding_page.md	9	进入时回填当前 branding：名称（空则回落工作区名）/logo/主色	MAPPING_REQUIRED	MAPPING_REQUIRED	RECONCILE_REQUIRED	TO_BE_DEFINED	PARSED
LEGACY:workspace:workspace_branding_page:003	F10	lib/page/workspace/workspace_branding_page.dart	true	test/auto_test/workspace/workspace_branding_page.md	10	名称输入框可输入且上限 200 字符	MAPPING_REQUIRED	MAPPING_REQUIRED	RECONCILE_REQUIRED	TO_BE_DEFINED	PARSED
LEGACY:workspace:workspace_branding_page:004	F10	lib/page/workspace/workspace_branding_page.dart	true	test/auto_test/workspace/workspace_branding_page.md	11	logo 输入框展示标签与 URL 提示	MAPPING_REQUIRED	MAPPING_REQUIRED	RECONCILE_REQUIRED	TO_BE_DEFINED	PARSED
LEGACY:workspace:workspace_branding_page:005	F10	lib/page/workspace/workspace_branding_page.dart	true	test/auto_test/workspace/workspace_branding_page.md	12	主色输入框展示占位提示与 helper 格式说明	MAPPING_REQUIRED	MAPPING_REQUIRED	RECONCILE_REQUIRED	TO_BE_DEFINED	PARSED
LEGACY:workspace:workspace_branding_page:006	F10	lib/page/workspace/workspace_branding_page.dart	true	test/auto_test/workspace/workspace_branding_page.md	13	输入合法主色值时预览方块实时变色并提示已应用	MAPPING_REQUIRED	MAPPING_REQUIRED	RECONCILE_REQUIRED	TO_BE_DEFINED	PARSED
LEGACY:workspace:workspace_branding_page:007	F10	lib/page/workspace/workspace_branding_page.dart	true	test/auto_test/workspace/workspace_branding_page.md	14	主色为空或非法时预览方块回落主题默认色并提示回落文案	MAPPING_REQUIRED	MAPPING_REQUIRED	RECONCILE_REQUIRED	TO_BE_DEFINED	PARSED
LEGACY:workspace:workspace_branding_page:008	F10	lib/page/workspace/workspace_branding_page.dart	true	test/auto_test/workspace/workspace_branding_page.md	15	非法色值点保存 toast 提示色值非法且不发请求	MAPPING_REQUIRED	MAPPING_REQUIRED	RECONCILE_REQUIRED	TO_BE_DEFINED	PARSED
LEGACY:workspace:workspace_branding_page:009	F10	lib/page/workspace/workspace_branding_page.dart	true	test/auto_test/workspace/workspace_branding_page.md	16	保存成功 toast 提示并自动返回，壳内工作区名称/主色立即生效	MAPPING_REQUIRED	MAPPING_REQUIRED	RECONCILE_REQUIRED	TO_BE_DEFINED	PARSED
LEGACY:workspace:workspace_branding_page:010	F10	lib/page/workspace/workspace_branding_page.dart	true	test/auto_test/workspace/workspace_branding_page.md	17	已归档工作区顶部展示归档横幅且保存按钮禁用（服务端 980 兜底）	MAPPING_REQUIRED	MAPPING_REQUIRED	RECONCILE_REQUIRED	TO_BE_DEFINED	PARSED
LEGACY:workspace:workspace_branding_page:011	F10	lib/page/workspace/workspace_branding_page.dart	true	test/auto_test/workspace/workspace_branding_page.md	18	非 Owner 保存被服务端拒绝并透出错误消息（仅 Owner 可改）	MAPPING_REQUIRED	MAPPING_REQUIRED	RECONCILE_REQUIRED	TO_BE_DEFINED	PARSED
LEGACY:workspace:workspace_channel_detail_page:001	F10	lib/page/workspace/workspace_channel_detail_page.dart	true	test/auto_test/workspace/workspace_channel_detail_page.md	8	从工作区频道列表点频道卡进入频道详情页，AppBar 标题正常渲染	MAPPING_REQUIRED	MAPPING_REQUIRED	RECONCILE_REQUIRED	TO_BE_DEFINED	PARSED
LEGACY:workspace:workspace_channel_detail_page:002	F10	lib/page/workspace/workspace_channel_detail_page.dart	true	test/auto_test/workspace/workspace_channel_detail_page.md	9	顶部展示讨论引导横幅（讨论请去群的引导文案与箭头）	MAPPING_REQUIRED	MAPPING_REQUIRED	RECONCILE_REQUIRED	TO_BE_DEFINED	PARSED
LEGACY:workspace:workspace_channel_detail_page:003	F10	lib/page/workspace/workspace_channel_detail_page.dart	true	test/auto_test/workspace/workspace_channel_detail_page.md	10	点击讨论引导横幅切到本工作区群组导航并返回上级	MAPPING_REQUIRED	MAPPING_REQUIRED	RECONCILE_REQUIRED	TO_BE_DEFINED	PARSED
LEGACY:workspace:workspace_channel_detail_page:004	F10	lib/page/workspace/workspace_channel_detail_page.dart	true	test/auto_test/workspace/workspace_channel_detail_page.md	11	AppBar 右上角私聊入口按钮点击跳转会话列表 /conversation	MAPPING_REQUIRED	MAPPING_REQUIRED	RECONCILE_REQUIRED	TO_BE_DEFINED	PARSED
LEGACY:workspace:workspace_channel_detail_page:005	F10	lib/page/workspace/workspace_channel_detail_page.dart	true	test/auto_test/workspace/workspace_channel_detail_page.md	12	内容区复用现有频道内容页加载频道内容流	MAPPING_REQUIRED	MAPPING_REQUIRED	RECONCILE_REQUIRED	TO_BE_DEFINED	PARSED
LEGACY:workspace:workspace_channel_detail_page:006	F10	lib/page/workspace/workspace_channel_detail_page.dart	true	test/auto_test/workspace/workspace_channel_detail_page.md	13	页面无聊天式输入框（频道为内容发布模型，非聊天）	MAPPING_REQUIRED	MAPPING_REQUIRED	RECONCILE_REQUIRED	TO_BE_DEFINED	PARSED
LEGACY:workspace:workspace_channel_detail_page:007	F10	lib/page/workspace/workspace_channel_detail_page.dart	true	test/auto_test/workspace/workspace_channel_detail_page.md	14	通过内容区入口在频道内发布帖子	MAPPING_REQUIRED	MAPPING_REQUIRED	RECONCILE_REQUIRED	TO_BE_DEFINED	PARSED
LEGACY:workspace:workspace_channel_detail_page:008	F10	lib/page/workspace/workspace_channel_detail_page.dart	true	test/auto_test/workspace/workspace_channel_detail_page.md	15	对频道帖子进行评论互动	MAPPING_REQUIRED	MAPPING_REQUIRED	RECONCILE_REQUIRED	TO_BE_DEFINED	PARSED
LEGACY:workspace:workspace_channel_detail_page:009	F10	lib/page/workspace/workspace_channel_detail_page.dart	true	test/auto_test/workspace/workspace_channel_detail_page.md	16	系统返回键或左上返回回到频道列表	MAPPING_REQUIRED	MAPPING_REQUIRED	RECONCILE_REQUIRED	TO_BE_DEFINED	PARSED
LEGACY:workspace:workspace_channels_page:001	F10	lib/page/workspace/workspace_channels_page.dart	true	test/auto_test/workspace/workspace_channels_page.md	8	无当前工作区时整页空态提示先加入或创建工作区	MAPPING_REQUIRED	MAPPING_REQUIRED	RECONCILE_REQUIRED	TO_BE_DEFINED	PARSED
LEGACY:workspace:workspace_channels_page:002	F10	lib/page/workspace/workspace_channels_page.dart	true	test/auto_test/workspace/workspace_channels_page.md	9	进入频道导航先显示加载态后渲染频道列表	MAPPING_REQUIRED	MAPPING_REQUIRED	RECONCILE_REQUIRED	TO_BE_DEFINED	PARSED
LEGACY:workspace:workspace_channels_page:003	F10	lib/page/workspace/workspace_channels_page.dart	true	test/auto_test/workspace/workspace_channels_page.md	10	加载失败展示服务端错误消息与重试按钮，点重试重新拉取	MAPPING_REQUIRED	MAPPING_REQUIRED	RECONCILE_REQUIRED	TO_BE_DEFINED	PARSED
LEGACY:workspace:workspace_channels_page:004	F10	lib/page/workspace/workspace_channels_page.dart	true	test/auto_test/workspace/workspace_channels_page.md	11	频道卡渲染天线圆标+频道名+「N 人订阅」副标题+右箭头	MAPPING_REQUIRED	MAPPING_REQUIRED	RECONCILE_REQUIRED	TO_BE_DEFINED	PARSED
LEGACY:workspace:workspace_channels_page:005	F10	lib/page/workspace/workspace_channels_page.dart	true	test/auto_test/workspace/workspace_channels_page.md	12	频道列表为空时空态展示标题与副标题提示	MAPPING_REQUIRED	MAPPING_REQUIRED	RECONCILE_REQUIRED	TO_BE_DEFINED	PARSED
LEGACY:workspace:workspace_channels_page:006	F10	lib/page/workspace/workspace_channels_page.dart	true	test/auto_test/workspace/workspace_channels_page.md	13	点击频道卡进入频道详情页 /workspace/:wsId/channels/:channelId	MAPPING_REQUIRED	MAPPING_REQUIRED	RECONCILE_REQUIRED	TO_BE_DEFINED	PARSED
LEGACY:workspace:workspace_channels_page:007	F10	lib/page/workspace/workspace_channels_page.dart	true	test/auto_test/workspace/workspace_channels_page.md	14	列表按 scope=workspace 严格分区，仅展示本工作区频道（其他来源频道不出现）	MAPPING_REQUIRED	MAPPING_REQUIRED	RECONCILE_REQUIRED	TO_BE_DEFINED	PARSED
LEGACY:workspace:workspace_channels_page:008	F10	lib/page/workspace/workspace_channels_page.dart	true	test/auto_test/workspace/workspace_channels_page.md	15	离开再进入频道导航重新拉取列表（provider 自动销毁重建）	MAPPING_REQUIRED	MAPPING_REQUIRED	RECONCILE_REQUIRED	TO_BE_DEFINED	PARSED
LEGACY:workspace:workspace_create_page:001	F10	lib/page/workspace/workspace_create_page.dart	true	test/auto_test/workspace/workspace_create_page.md	8	无任何工作区的空态页创建入口进入 /workspace/create，页头标题与说明文案正常渲染	MAPPING_REQUIRED	MAPPING_REQUIRED	RECONCILE_REQUIRED	TO_BE_DEFINED	PARSED
LEGACY:workspace:workspace_create_page:002	F10	lib/page/workspace/workspace_create_page.dart	true	test/auto_test/workspace/workspace_create_page.md	9	名称输入框可输入且上限 200 字符，展示标签与占位提示	MAPPING_REQUIRED	MAPPING_REQUIRED	RECONCILE_REQUIRED	TO_BE_DEFINED	PARSED
LEGACY:workspace:workspace_create_page:003	F10	lib/page/workspace/workspace_create_page.dart	true	test/auto_test/workspace/workspace_create_page.md	10	模板说明卡片渲染三行（公告频道/全体群/创建者权限）	MAPPING_REQUIRED	MAPPING_REQUIRED	RECONCILE_REQUIRED	TO_BE_DEFINED	PARSED
LEGACY:workspace:workspace_create_page:004	F10	lib/page/workspace/workspace_create_page.dart	true	test/auto_test/workspace/workspace_create_page.md	11	名称留空点创建按钮 toast 提示名称必填且不发请求	MAPPING_REQUIRED	MAPPING_REQUIRED	RECONCILE_REQUIRED	TO_BE_DEFINED	PARSED
LEGACY:workspace:workspace_create_page:005	F10	lib/page/workspace/workspace_create_page.dart	true	test/auto_test/workspace/workspace_create_page.md	12	提交创建时按钮转圈禁用防重复提交	MAPPING_REQUIRED	MAPPING_REQUIRED	RECONCILE_REQUIRED	TO_BE_DEFINED	PARSED
LEGACY:workspace:workspace_create_page:006	F10	lib/page/workspace/workspace_create_page.dart	true	test/auto_test/workspace/workspace_create_page.md	13	创建成功 toast 提示成功并跳转 /bottom_navigation 挂载工作区壳进入新工作区 Overview	MAPPING_REQUIRED	MAPPING_REQUIRED	RECONCILE_REQUIRED	TO_BE_DEFINED	PARSED
LEGACY:workspace:workspace_create_page:007	F10	lib/page/workspace/workspace_create_page.dart	true	test/auto_test/workspace/workspace_create_page.md	14	创建成功后壳内当前工作区切换为新建工作区（模板含 Announcements 频道与 General 群）	MAPPING_REQUIRED	MAPPING_REQUIRED	RECONCILE_REQUIRED	TO_BE_DEFINED	PARSED
LEGACY:workspace:workspace_create_page:008	F10	lib/page/workspace/workspace_create_page.dart	true	test/auto_test/workspace/workspace_create_page.md	15	服务端幂等命中时 toast 提示幂等命中文案并同样进入 Overview	MAPPING_REQUIRED	MAPPING_REQUIRED	RECONCILE_REQUIRED	TO_BE_DEFINED	PARSED
LEGACY:workspace:workspace_create_page:009	F10	lib/page/workspace/workspace_create_page.dart	true	test/auto_test/workspace/workspace_create_page.md	16	服务端错误（409 数量上限/980 归档等）toast 原样透出服务端消息	MAPPING_REQUIRED	MAPPING_REQUIRED	RECONCILE_REQUIRED	TO_BE_DEFINED	PARSED
LEGACY:workspace:workspace_create_page:010	F10	lib/page/workspace/workspace_create_page.dart	true	test/auto_test/workspace/workspace_create_page.md	17	提交失败后按钮恢复可点击可重试	MAPPING_REQUIRED	MAPPING_REQUIRED	RECONCILE_REQUIRED	TO_BE_DEFINED	PARSED
LEGACY:workspace:workspace_groups_page:001	F10	lib/page/workspace/workspace_groups_page.dart	true	test/auto_test/workspace/workspace_groups_page.md	8	无当前工作区时整页空态提示先加入或创建工作区	MAPPING_REQUIRED	MAPPING_REQUIRED	RECONCILE_REQUIRED	TO_BE_DEFINED	PARSED
LEGACY:workspace:workspace_groups_page:002	F10	lib/page/workspace/workspace_groups_page.dart	true	test/auto_test/workspace/workspace_groups_page.md	9	进入群组导航先显示加载态后渲染群列表	MAPPING_REQUIRED	MAPPING_REQUIRED	RECONCILE_REQUIRED	TO_BE_DEFINED	PARSED
LEGACY:workspace:workspace_groups_page:003	F10	lib/page/workspace/workspace_groups_page.dart	true	test/auto_test/workspace/workspace_groups_page.md	10	加载失败展示服务端错误消息与重试按钮，点重试重新拉取	MAPPING_REQUIRED	MAPPING_REQUIRED	RECONCILE_REQUIRED	TO_BE_DEFINED	PARSED
LEGACY:workspace:workspace_groups_page:004	F10	lib/page/workspace/workspace_groups_page.dart	true	test/auto_test/workspace/workspace_groups_page.md	11	群卡渲染群头像（无头像展示占位图标）+群名+「N 名成员」副标题+聊天气泡图标	MAPPING_REQUIRED	MAPPING_REQUIRED	RECONCILE_REQUIRED	TO_BE_DEFINED	PARSED
LEGACY:workspace:workspace_groups_page:005	F10	lib/page/workspace/workspace_groups_page.dart	true	test/auto_test/workspace/workspace_groups_page.md	12	群列表为空时空态展示标题与副标题提示	MAPPING_REQUIRED	MAPPING_REQUIRED	RECONCILE_REQUIRED	TO_BE_DEFINED	PARSED
LEGACY:workspace:workspace_groups_page:006	F10	lib/page/workspace/workspace_groups_page.dart	true	test/auto_test/workspace/workspace_groups_page.md	13	点击群卡复用现有群聊页进入 /chat/:groupId（C2G 会话，带标题与头像）	MAPPING_REQUIRED	MAPPING_REQUIRED	RECONCILE_REQUIRED	TO_BE_DEFINED	PARSED
LEGACY:workspace:workspace_groups_page:007	F10	lib/page/workspace/workspace_groups_page.dart	true	test/auto_test/workspace/workspace_groups_page.md	14	列表按 scope=workspace 严格分区，仅展示本工作区群（其他来源群不出现）	MAPPING_REQUIRED	MAPPING_REQUIRED	RECONCILE_REQUIRED	TO_BE_DEFINED	PARSED
LEGACY:workspace:workspace_groups_page:008	F10	lib/page/workspace/workspace_groups_page.dart	true	test/auto_test/workspace/workspace_groups_page.md	15	离开再进入群组导航重新拉取列表（provider 自动销毁重建）	MAPPING_REQUIRED	MAPPING_REQUIRED	RECONCILE_REQUIRED	TO_BE_DEFINED	PARSED
LEGACY:workspace:workspace_invite_page:001	F10	lib/page/workspace/workspace_invite_page.dart	true	test/auto_test/workspace/workspace_invite_page.md	8	从成员管理页 Owner 邀请按钮进入 /workspace/:wsId/members/invite 邀请向导页	MAPPING_REQUIRED	MAPPING_REQUIRED	RECONCILE_REQUIRED	TO_BE_DEFINED	PARSED
LEGACY:workspace:workspace_invite_page:002	F10	lib/page/workspace/workspace_invite_page.dart	true	test/auto_test/workspace/workspace_invite_page.md	9	进入时后台定位模板资源（General 群与 Announcements 频道）供可选项使用	MAPPING_REQUIRED	MAPPING_REQUIRED	RECONCILE_REQUIRED	TO_BE_DEFINED	PARSED
LEGACY:workspace:workspace_invite_page:003	F10	lib/page/workspace/workspace_invite_page.dart	true	test/auto_test/workspace/workspace_invite_page.md	10	输入关键词后键盘提交或点搜索按钮搜索已注册用户，搜索中按钮转圈，失败时红字提示错误	MAPPING_REQUIRED	MAPPING_REQUIRED	RECONCILE_REQUIRED	TO_BE_DEFINED	PARSED
LEGACY:workspace:workspace_invite_page:004	F10	lib/page/workspace/workspace_invite_page.dart	true	test/auto_test/workspace/workspace_invite_page.md	11	搜索结果列出候选用户（<contact>）并自动排除自己	MAPPING_REQUIRED	MAPPING_REQUIRED	RECONCILE_REQUIRED	TO_BE_DEFINED	PARSED
LEGACY:workspace:workspace_invite_page:005	F10	lib/page/workspace/workspace_invite_page.dart	true	test/auto_test/workspace/workspace_invite_page.md	12	点击候选行选中显示对勾并展开角色选择与可选项区（未选中时不显示提交区）	MAPPING_REQUIRED	MAPPING_REQUIRED	RECONCILE_REQUIRED	TO_BE_DEFINED	PARSED
LEGACY:workspace:workspace_invite_page:006	F10	lib/page/workspace/workspace_invite_page.dart	true	test/auto_test/workspace/workspace_invite_page.md	13	角色分段按钮在成员/访客间切换（默认成员）	MAPPING_REQUIRED	MAPPING_REQUIRED	RECONCILE_REQUIRED	TO_BE_DEFINED	PARSED
LEGACY:workspace:workspace_invite_page:007	F10	lib/page/workspace/workspace_invite_page.dart	true	test/auto_test/workspace/workspace_invite_page.md	14	可选项「加入 General 群」「订阅 Announcements 频道」默认勾选可取消	MAPPING_REQUIRED	MAPPING_REQUIRED	RECONCILE_REQUIRED	TO_BE_DEFINED	PARSED
LEGACY:workspace:workspace_invite_page:008	F10	lib/page/workspace/workspace_invite_page.dart	true	test/auto_test/workspace/workspace_invite_page.md	15	模板资源定位失败时对应勾选项禁用并提示不可用	MAPPING_REQUIRED	MAPPING_REQUIRED	RECONCILE_REQUIRED	TO_BE_DEFINED	PARSED
LEGACY:workspace:workspace_invite_page:009	F10	lib/page/workspace/workspace_invite_page.dart	true	test/auto_test/workspace/workspace_invite_page.md	16	提交后结果区三条独立展示状态（加入工作区/加群/订阅频道各一行 running→success/failed）	MAPPING_REQUIRED	MAPPING_REQUIRED	RECONCILE_REQUIRED	TO_BE_DEFINED	PARSED
LEGACY:workspace:workspace_invite_page:010	F10	lib/page/workspace/workspace_invite_page.dart	true	test/auto_test/workspace/workspace_invite_page.md	17	工作区邀请失败时整单失败，两条可选关系不再发起（保持待处理）	MAPPING_REQUIRED	MAPPING_REQUIRED	RECONCILE_REQUIRED	TO_BE_DEFINED	PARSED
LEGACY:workspace:workspace_invite_page:011	F10	lib/page/workspace/workspace_invite_page.dart	true	test/auto_test/workspace/workspace_invite_page.md	18	可选关系单条失败互不影响，失败行支持单独重试	MAPPING_REQUIRED	MAPPING_REQUIRED	RECONCILE_REQUIRED	TO_BE_DEFINED	PARSED
LEGACY:workspace:workspace_invite_page:012	F10	lib/page/workspace/workspace_invite_page.dart	true	test/auto_test/workspace/workspace_invite_page.md	19	提交后返回成员管理页可见新成员（成员列表与 Overview 已失效刷新）	MAPPING_REQUIRED	MAPPING_REQUIRED	RECONCILE_REQUIRED	TO_BE_DEFINED	PARSED
LEGACY:workspace:workspace_invite_page:013	F10	lib/page/workspace/workspace_invite_page.dart	true	test/auto_test/workspace/workspace_invite_page.md	20	Owner 顶部展示团队码卡片（生成/复制/撤销），非 Owner 不显示该卡片	MAPPING_REQUIRED	MAPPING_REQUIRED	RECONCILE_REQUIRED	TO_BE_DEFINED	PARSED
LEGACY:workspace:workspace_invite_page:014	F10	lib/page/workspace/workspace_invite_page.dart	true	test/auto_test/workspace/workspace_invite_page.md	21	生成/重新生成团队码：展示 8 位码，重生成即撤旧码（一工作区恒一个 active 码）	MAPPING_REQUIRED	MAPPING_REQUIRED	RECONCILE_REQUIRED	TO_BE_DEFINED	PARSED
LEGACY:workspace:workspace_invite_page:015	F10	lib/page/workspace/workspace_invite_page.dart	true	test/auto_test/workspace/workspace_invite_page.md	22	复制团队码到剪贴板并轻提示	MAPPING_REQUIRED	MAPPING_REQUIRED	RECONCILE_REQUIRED	TO_BE_DEFINED	PARSED
LEGACY:workspace:workspace_invite_page:016	F10	lib/page/workspace/workspace_invite_page.dart	true	test/auto_test/workspace/workspace_invite_page.md	23	撤销团队码后码清空，持旧码者输码加入即 981 无效	MAPPING_REQUIRED	MAPPING_REQUIRED	RECONCILE_REQUIRED	TO_BE_DEFINED	PARSED
LEGACY:workspace:workspace_invite_page:017	F10	lib/page/workspace/workspace_invite_page.dart	true	test/auto_test/workspace/workspace_invite_page.md	24	团队码过期时间以可读格式展示（expiresAtLabel → yyyy-MM-dd HH:mm）	MAPPING_REQUIRED	MAPPING_REQUIRED	RECONCILE_REQUIRED	TO_BE_DEFINED	PARSED
LEGACY:workspace:workspace_join_page:001	F10	lib/page/workspace/workspace_join_page.dart	true	test/auto_test/workspace/workspace_join_page.md	8	账户 Sheet「加入工作区」常驻入口进入 /workspace/join，页头标题与说明文案正常渲染	MAPPING_REQUIRED	MAPPING_REQUIRED	RECONCILE_REQUIRED	TO_BE_DEFINED	PARSED
LEGACY:workspace:workspace_join_page:002	F10	lib/page/workspace/workspace_join_page.dart	true	test/auto_test/workspace/workspace_join_page.md	9	输码自动转大写且限长 8 位（WorkspaceCodeInputFormatter）	MAPPING_REQUIRED	MAPPING_REQUIRED	RECONCILE_REQUIRED	TO_BE_DEFINED	PARSED
LEGACY:workspace:workspace_join_page:003	F10	lib/page/workspace/workspace_join_page.dart	true	test/auto_test/workspace/workspace_join_page.md	10	输满 8 位自动提交（face_to_face 同款体验）	MAPPING_REQUIRED	MAPPING_REQUIRED	RECONCILE_REQUIRED	TO_BE_DEFINED	PARSED
LEGACY:workspace:workspace_join_page:004	F10	lib/page/workspace/workspace_join_page.dart	true	test/auto_test/workspace/workspace_join_page.md	11	提交按钮在码不足 8 位时禁用，输满后可点击显式提交	MAPPING_REQUIRED	MAPPING_REQUIRED	RECONCILE_REQUIRED	TO_BE_DEFINED	PARSED
LEGACY:workspace:workspace_join_page:005	F10	lib/page/workspace/workspace_join_page.dart	true	test/auto_test/workspace/workspace_join_page.md	12	提交中展示加载指示且输入框与按钮同时禁用	MAPPING_REQUIRED	MAPPING_REQUIRED	RECONCILE_REQUIRED	TO_BE_DEFINED	PARSED
LEGACY:workspace:workspace_join_page:006	F10	lib/page/workspace/workspace_join_page.dart	true	test/auto_test/workspace/workspace_join_page.md	13	joined 成功：提示含工作区名，applyJoined 置顶+切当前，回壳 Overview	MAPPING_REQUIRED	MAPPING_REQUIRED	RECONCILE_REQUIRED	TO_BE_DEFINED	PARSED
LEGACY:workspace:workspace_join_page:007	F10	lib/page/workspace/workspace_join_page.dart	true	test/auto_test/workspace/workspace_join_page.md	14	重复加入（unchanged/已是成员）幂等：joinAlreadyMember 提示且仍切进该工作区	MAPPING_REQUIRED	MAPPING_REQUIRED	RECONCILE_REQUIRED	TO_BE_DEFINED	PARSED
LEGACY:workspace:workspace_join_page:008	F10	lib/page/workspace/workspace_join_page.dart	true	test/auto_test/workspace/workspace_join_page.md	15	981 无效团队码：joinInvalidCode 文案页内展示，留在本页	MAPPING_REQUIRED	MAPPING_REQUIRED	RECONCILE_REQUIRED	TO_BE_DEFINED	PARSED
LEGACY:workspace:workspace_join_page:009	F10	lib/page/workspace/workspace_join_page.dart	true	test/auto_test/workspace/workspace_join_page.md	16	982 过期团队码：joinExpiredCode 文案页内展示，留在本页	MAPPING_REQUIRED	MAPPING_REQUIRED	RECONCILE_REQUIRED	TO_BE_DEFINED	PARSED
LEGACY:workspace:workspace_join_page:010	F10	lib/page/workspace/workspace_join_page.dart	true	test/auto_test/workspace/workspace_join_page.md	17	其余失败（网络/服务端错误）透传服务端消息页内展示	MAPPING_REQUIRED	MAPPING_REQUIRED	RECONCILE_REQUIRED	TO_BE_DEFINED	PARSED
LEGACY:workspace:workspace_join_page:011	F10	lib/page/workspace/workspace_join_page.dart	true	test/auto_test/workspace/workspace_join_page.md	18	AppBar 自带返回键可返回，页面骨架完整不露路由栈黑底	MAPPING_REQUIRED	MAPPING_REQUIRED	RECONCILE_REQUIRED	TO_BE_DEFINED	PARSED
LEGACY:workspace:workspace_members_page:001	F10	lib/page/workspace/workspace_members_page.dart	true	test/auto_test/workspace/workspace_members_page.md	8	无当前工作区时整页空态提示先加入或创建工作区	MAPPING_REQUIRED	MAPPING_REQUIRED	RECONCILE_REQUIRED	TO_BE_DEFINED	PARSED
LEGACY:workspace:workspace_members_page:002	F10	lib/page/workspace/workspace_members_page.dart	true	test/auto_test/workspace/workspace_members_page.md	9	成员列表先显示加载态，加载失败展示错误消息与重试按钮重新拉取	MAPPING_REQUIRED	MAPPING_REQUIRED	RECONCILE_REQUIRED	TO_BE_DEFINED	PARSED
LEGACY:workspace:workspace_members_page:003	F10	lib/page/workspace/workspace_members_page.dart	true	test/auto_test/workspace/workspace_members_page.md	10	成员行渲染头像/昵称（空则账号）/@账号/角色徽标（Owner/Member/Guest 三色）	MAPPING_REQUIRED	MAPPING_REQUIRED	RECONCILE_REQUIRED	TO_BE_DEFINED	PARSED
LEGACY:workspace:workspace_members_page:004	F10	lib/page/workspace/workspace_members_page.dart	true	test/auto_test/workspace/workspace_members_page.md	11	成员列表为空时空态展示标题与副标题提示	MAPPING_REQUIRED	MAPPING_REQUIRED	RECONCILE_REQUIRED	TO_BE_DEFINED	PARSED
LEGACY:workspace:workspace_members_page:005	F10	lib/page/workspace/workspace_members_page.dart	true	test/auto_test/workspace/workspace_members_page.md	12	Owner 顶部展示邀请按钮，点击进入邀请向导页 /workspace/:wsId/members/invite	MAPPING_REQUIRED	MAPPING_REQUIRED	RECONCILE_REQUIRED	TO_BE_DEFINED	PARSED
LEGACY:workspace:workspace_members_page:006	F10	lib/page/workspace/workspace_members_page.dart	true	test/auto_test/workspace/workspace_members_page.md	13	Owner 视角其他成员行展示移除/改角色/转移按钮，自己所在行不展示	MAPPING_REQUIRED	MAPPING_REQUIRED	RECONCILE_REQUIRED	TO_BE_DEFINED	PARSED
LEGACY:workspace:workspace_members_page:007	F10	lib/page/workspace/workspace_members_page.dart	true	test/auto_test/workspace/workspace_members_page.md	14	移除成员弹确认弹窗，确认后调用 API 并刷新列表与 Overview，409 冲突清单由服务端消息透出	MAPPING_REQUIRED	MAPPING_REQUIRED	RECONCILE_REQUIRED	TO_BE_DEFINED	PARSED
LEGACY:workspace:workspace_members_page:008	F10	lib/page/workspace/workspace_members_page.dart	true	test/auto_test/workspace/workspace_members_page.md	15	改角色弹 ActionSheet 三选（Owner/成员/访客），选择后成功刷新列表	MAPPING_REQUIRED	MAPPING_REQUIRED	RECONCILE_REQUIRED	TO_BE_DEFINED	PARSED
LEGACY:workspace:workspace_members_page:009	F10	lib/page/workspace/workspace_members_page.dart	true	test/auto_test/workspace/workspace_members_page.md	16	仅非 Guest 且非本人成员展示转移 Owner 按钮，确认弹窗后转移并刷新（最后 Owner 保护由服务端兜底）	MAPPING_REQUIRED	MAPPING_REQUIRED	RECONCILE_REQUIRED	TO_BE_DEFINED	PARSED
LEGACY:workspace:workspace_members_page:010	F10	lib/page/workspace/workspace_members_page.dart	true	test/auto_test/workspace/workspace_members_page.md	17	Owner 底部治理区展示 Branding 入口，点击进入 /workspace/:wsId/branding 编辑页	MAPPING_REQUIRED	MAPPING_REQUIRED	RECONCILE_REQUIRED	TO_BE_DEFINED	PARSED
LEGACY:workspace:workspace_members_page:011	F10	lib/page/workspace/workspace_members_page.dart	true	test/auto_test/workspace/workspace_members_page.md	18	治理区归档/恢复入口弹确认弹窗，成功后壳状态同步且归档横幅显隐立即生效	MAPPING_REQUIRED	MAPPING_REQUIRED	RECONCILE_REQUIRED	TO_BE_DEFINED	PARSED
LEGACY:workspace:workspace_members_page:012	F10	lib/page/workspace/workspace_members_page.dart	true	test/auto_test/workspace/workspace_members_page.md	19	已归档工作区顶部展示归档横幅，邀请/移除/改角色等写操作按钮禁用（服务端 980 兜底）	MAPPING_REQUIRED	MAPPING_REQUIRED	RECONCILE_REQUIRED	TO_BE_DEFINED	PARSED
LEGACY:workspace:workspace_members_page:013	F10	lib/page/workspace/workspace_members_page.dart	true	test/auto_test/workspace/workspace_members_page.md	20	非 Owner（Member/Guest）不显示邀请按钮与治理区，成员行无操作按钮（只读视图）	MAPPING_REQUIRED	MAPPING_REQUIRED	RECONCILE_REQUIRED	TO_BE_DEFINED	PARSED
LEGACY:workspace:workspace_overview_page:001	F10	lib/page/workspace/workspace_overview_page.dart	true	test/auto_test/workspace/workspace_overview_page.md	8	无当前工作区时整页空态提示先加入或创建工作区	MAPPING_REQUIRED	MAPPING_REQUIRED	RECONCILE_REQUIRED	TO_BE_DEFINED	PARSED
LEGACY:workspace:workspace_overview_page:002	F10	lib/page/workspace/workspace_overview_page.dart	true	test/auto_test/workspace/workspace_overview_page.md	9	进入 Overview 先显示加载圆圈再渲染区块数据	MAPPING_REQUIRED	MAPPING_REQUIRED	RECONCILE_REQUIRED	TO_BE_DEFINED	PARSED
LEGACY:workspace:workspace_overview_page:003	F10	lib/page/workspace/workspace_overview_page.dart	true	test/auto_test/workspace/workspace_overview_page.md	10	加载失败展示服务端错误消息与重试按钮，点重试重新拉取	MAPPING_REQUIRED	MAPPING_REQUIRED	RECONCILE_REQUIRED	TO_BE_DEFINED	PARSED
LEGACY:workspace:workspace_overview_page:004	F10	lib/page/workspace/workspace_overview_page.dart	true	test/auto_test/workspace/workspace_overview_page.md	11	资源摘要卡展示项目/群组/频道三个计数瓦片与数量	MAPPING_REQUIRED	MAPPING_REQUIRED	RECONCILE_REQUIRED	TO_BE_DEFINED	PARSED
LEGACY:workspace:workspace_overview_page:005	F10	lib/page/workspace/workspace_overview_page.dart	true	test/auto_test/workspace/workspace_overview_page.md	12	点击项目计数瓦片切换壳导航到项目列表页	MAPPING_REQUIRED	MAPPING_REQUIRED	RECONCILE_REQUIRED	TO_BE_DEFINED	PARSED
LEGACY:workspace:workspace_overview_page:006	F10	lib/page/workspace/workspace_overview_page.dart	true	test/auto_test/workspace/workspace_overview_page.md	13	点击群组计数瓦片切换壳导航到群组列表页	MAPPING_REQUIRED	MAPPING_REQUIRED	RECONCILE_REQUIRED	TO_BE_DEFINED	PARSED
LEGACY:workspace:workspace_overview_page:007	F10	lib/page/workspace/workspace_overview_page.dart	true	test/auto_test/workspace/workspace_overview_page.md	14	点击频道计数瓦片切换壳导航到频道列表页	MAPPING_REQUIRED	MAPPING_REQUIRED	RECONCILE_REQUIRED	TO_BE_DEFINED	PARSED
LEGACY:workspace:workspace_overview_page:008	F10	lib/page/workspace/workspace_overview_page.dart	true	test/auto_test/workspace/workspace_overview_page.md	15	Channel 置顶内容区块展示空态说明（不聚合群公告）	MAPPING_REQUIRED	MAPPING_REQUIRED	RECONCILE_REQUIRED	TO_BE_DEFINED	PARSED
LEGACY:workspace:workspace_overview_page:009	F10	lib/page/workspace/workspace_overview_page.dart	true	test/auto_test/workspace/workspace_overview_page.md	16	最近文件区块展示空态说明（附件在频道内查看）	MAPPING_REQUIRED	MAPPING_REQUIRED	RECONCILE_REQUIRED	TO_BE_DEFINED	PARSED
LEGACY:workspace:workspace_overview_page:010	F10	lib/page/workspace/workspace_overview_page.dart	true	test/auto_test/workspace/workspace_overview_page.md	17	成员预览展示头像+昵称（空则账号）+角色徽标，最多 8 个	MAPPING_REQUIRED	MAPPING_REQUIRED	RECONCILE_REQUIRED	TO_BE_DEFINED	PARSED
LEGACY:workspace:workspace_overview_page:011	F10	lib/page/workspace/workspace_overview_page.dart	true	test/auto_test/workspace/workspace_overview_page.md	18	成员预览为空时展示暂无成员提示文案	MAPPING_REQUIRED	MAPPING_REQUIRED	RECONCILE_REQUIRED	TO_BE_DEFINED	PARSED
LEGACY:workspace:workspace_picker_page:001	F10	lib/page/workspace/workspace_picker_page.dart	true	test/auto_test/workspace/workspace_picker_page.md	8	工作区壳模式顶栏点击当前工作区名进入「我的工作区」切换页（路由 /workspace，页标题「我的工作区」）	MAPPING_REQUIRED	MAPPING_REQUIRED	RECONCILE_REQUIRED	TO_BE_DEFINED	PARSED
LEGACY:workspace:workspace_picker_page:002	F10	lib/page/workspace/workspace_picker_page.dart	true	test/auto_test/workspace/workspace_picker_page.md	9	无任何工作区数据时首屏显示加载视图（转圈），加载完成后切换为列表	MAPPING_REQUIRED	MAPPING_REQUIRED	RECONCILE_REQUIRED	TO_BE_DEFINED	PARSED
LEGACY:workspace:workspace_picker_page:003	F10	lib/page/workspace/workspace_picker_page.dart	true	test/auto_test/workspace/workspace_picker_page.md	10	列表渲染我加入的工作区卡片：logo 头像图，无 logo 显示名称首字符（名称为空显示 ?）+ 工作区名	MAPPING_REQUIRED	MAPPING_REQUIRED	RECONCILE_REQUIRED	TO_BE_DEFINED	PARSED
LEGACY:workspace:workspace_picker_page:004	F10	lib/page/workspace/workspace_picker_page.dart	true	test/auto_test/workspace/workspace_picker_page.md	11	当前选中工作区卡片带主色描边边框且右侧显示对勾图标，其余卡片无标识	MAPPING_REQUIRED	MAPPING_REQUIRED	RECONCILE_REQUIRED	TO_BE_DEFINED	PARSED
LEGACY:workspace:workspace_picker_page:005	F10	lib/page/workspace/workspace_picker_page.dart	true	test/auto_test/workspace/workspace_picker_page.md	12	点击其他工作区卡片：选中该工作区并自动返回壳，壳从 Overview 开始展示	MAPPING_REQUIRED	MAPPING_REQUIRED	RECONCILE_REQUIRED	TO_BE_DEFINED	PARSED
LEGACY:workspace:workspace_picker_page:006	F10	lib/page/workspace/workspace_picker_page.dart	true	test/auto_test/workspace/workspace_picker_page.md	13	切换到配置了不同 branding 的工作区后返回壳，新工作区主题（branding 颜色）生效	MAPPING_REQUIRED	MAPPING_REQUIRED	RECONCILE_REQUIRED	TO_BE_DEFINED	PARSED
LEGACY:workspace:workspace_picker_page:007	F10	lib/page/workspace/workspace_picker_page.dart	true	test/auto_test/workspace/workspace_picker_page.md	14	已归档工作区卡片在工作区名下方显示红色「已归档」徽标文案	MAPPING_REQUIRED	MAPPING_REQUIRED	RECONCILE_REQUIRED	TO_BE_DEFINED	PARSED
LEGACY:workspace:workspace_picker_page:008	F10	lib/page/workspace/workspace_picker_page.dart	true	test/auto_test/workspace/workspace_picker_page.md	15	账号无任何工作区时显示空态视图（rectangle_stack 图标 + 空态标题/副标题文案）	MAPPING_REQUIRED	MAPPING_REQUIRED	RECONCILE_REQUIRED	TO_BE_DEFINED	PARSED
LEGACY:workspace:workspace_picker_page:009	F10	lib/page/workspace/workspace_picker_page.dart	true	test/auto_test/workspace/workspace_picker_page.md	16	加载失败且无缓存数据时显示错误视图，点重试按钮重新拉取我的工作区列表	MAPPING_REQUIRED	MAPPING_REQUIRED	RECONCILE_REQUIRED	TO_BE_DEFINED	PARSED
LEGACY:workspace:workspace_picker_page:010	F10	lib/page/workspace/workspace_picker_page.dart	true	test/auto_test/workspace/workspace_picker_page.md	17	再次点击当前已选中的工作区卡片：直接返回壳，不重复加载、当前工作区不变	MAPPING_REQUIRED	MAPPING_REQUIRED	RECONCILE_REQUIRED	TO_BE_DEFINED	PARSED
LEGACY:workspace:workspace_picker_page:011	F10	lib/page/workspace/workspace_picker_page.dart	true	test/auto_test/workspace/workspace_picker_page.md	18	系统返回手势/顶栏返回键回到壳，当前工作区保持不变	MAPPING_REQUIRED	MAPPING_REQUIRED	RECONCILE_REQUIRED	TO_BE_DEFINED	PARSED
LEGACY:workspace:workspace_projects_page:001	F10	lib/page/workspace/workspace_projects_page.dart	true	test/auto_test/workspace/workspace_projects_page.md	8	无当前工作区时整页空态提示先加入或创建工作区	MAPPING_REQUIRED	MAPPING_REQUIRED	RECONCILE_REQUIRED	TO_BE_DEFINED	PARSED
LEGACY:workspace:workspace_projects_page:002	F10	lib/page/workspace/workspace_projects_page.dart	true	test/auto_test/workspace/workspace_projects_page.md	9	首次进入显示加载态后分页聚合渲染项目列表	MAPPING_REQUIRED	MAPPING_REQUIRED	RECONCILE_REQUIRED	TO_BE_DEFINED	PARSED
LEGACY:workspace:workspace_projects_page:003	F10	lib/page/workspace/workspace_projects_page.dart	true	test/auto_test/workspace/workspace_projects_page.md	10	首页加载失败且无已加载数据时整页错误态+重试按钮重新拉取	MAPPING_REQUIRED	MAPPING_REQUIRED	RECONCILE_REQUIRED	TO_BE_DEFINED	PARSED
LEGACY:workspace:workspace_projects_page:004	F10	lib/page/workspace/workspace_projects_page.dart	true	test/auto_test/workspace/workspace_projects_page.md	11	项目卡渲染状态图标（完成绿色勾/进行中文件夹）+名称+描述最多两行省略	MAPPING_REQUIRED	MAPPING_REQUIRED	RECONCILE_REQUIRED	TO_BE_DEFINED	PARSED
LEGACY:workspace:workspace_projects_page:005	F10	lib/page/workspace/workspace_projects_page.dart	true	test/auto_test/workspace/workspace_projects_page.md	12	项目列表为空时空态展示标题与副标题提示且仍可下拉	MAPPING_REQUIRED	MAPPING_REQUIRED	RECONCILE_REQUIRED	TO_BE_DEFINED	PARSED
LEGACY:workspace:workspace_projects_page:006	F10	lib/page/workspace/workspace_projects_page.dart	true	test/auto_test/workspace/workspace_projects_page.md	13	下拉刷新重新拉取第一页项目列表	MAPPING_REQUIRED	MAPPING_REQUIRED	RECONCILE_REQUIRED	TO_BE_DEFINED	PARSED
LEGACY:workspace:workspace_projects_page:007	F10	lib/page/workspace/workspace_projects_page.dart	true	test/auto_test/workspace/workspace_projects_page.md	14	点击「创建项目」按钮进入 /workspace/:wsId/projects/create	MAPPING_REQUIRED	MAPPING_REQUIRED	RECONCILE_REQUIRED	TO_BE_DEFINED	PARSED
LEGACY:workspace:workspace_projects_page:008	F10	lib/page/workspace/workspace_projects_page.dart	true	test/auto_test/workspace/workspace_projects_page.md	15	已归档工作区创建项目按钮禁用（服务端 980 兜底）	MAPPING_REQUIRED	MAPPING_REQUIRED	RECONCILE_REQUIRED	TO_BE_DEFINED	PARSED
LEGACY:workspace:workspace_projects_page:009	F10	lib/page/workspace/workspace_projects_page.dart	true	test/auto_test/workspace/workspace_projects_page.md	16	还有下一页时底部展示「加载更多」按钮，点击追加下一页并显示加载指示	MAPPING_REQUIRED	MAPPING_REQUIRED	RECONCILE_REQUIRED	TO_BE_DEFINED	PARSED
LEGACY:workspace:workspace_projects_page:010	F10	lib/page/workspace/workspace_projects_page.dart	true	test/auto_test/workspace/workspace_projects_page.md	17	点击项目卡进入项目详情页 /workspace/:wsId/projects/:projectId	MAPPING_REQUIRED	MAPPING_REQUIRED	RECONCILE_REQUIRED	TO_BE_DEFINED	PARSED
