00:00 +0: loading /Users/leeyi/project/imboy.pub/imboyapp/test/organization/organization_cache_scope_test.dart
00:00 +0: /Users/leeyi/project/imboy.pub/imboyapp/test/organization/organization_cache_scope_test.dart: account scope 隔离 账号 A / B 互不可见
00:00 +1: /Users/leeyi/project/imboy.pub/imboyapp/test/organization/organization_cache_scope_test.dart: account scope 隔离 disposeAccount(A) 不影响 B；空 accountKey 直接拒绝（fail-closed）
00:00 +2: /Users/leeyi/project/imboy.pub/imboyapp/test/organization/organization_cache_scope_test.dart: organization scope 隔离 成员缓存按 orgId 分桶，互不串桶
00:00 +3: /Users/leeyi/project/imboy.pub/imboyapp/test/organization/organization_cache_scope_test.dart: 缓存不是 membership 真源 服务端刷新覆盖脏缓存（stale owner → fresh member）
00:00 +4: /Users/leeyi/project/imboy.pub/imboyapp/test/organization/organization_cache_scope_test.dart: 缓存不是 membership 真源 invalidateOrg 后查询返回空 = 强制服务端刷新语义
00:00 +5: /Users/leeyi/project/imboy.pub/imboyapp/test/organization/organization_cache_scope_test.dart: Organization 与 Workspace membership 独立（负例） 默认 Workspace 未设置（null）不产生任何成员资格事实
00:00 +6: /Users/leeyi/project/imboy.pub/imboyapp/test/organization/organization_cache_scope_test.dart: Organization 与 Workspace membership 独立（负例） 缓存没有任何 workspace 键空间（DeptMember/OrgMember 之外无类型出口）
00:00 +7: /Users/leeyi/project/imboy.pub/imboyapp/test/organization/organization_picker_page_widget_test.dart: 旧列表刷新迟到不得覆盖新组织及缓存
00:00 +8: /Users/leeyi/project/imboy.pub/imboyapp/test/organization/organization_picker_page_widget_test.dart: 旧列表刷新迟到不得覆盖新组织及缓存
00:00 +9: /Users/leeyi/project/imboy.pub/imboyapp/test/organization/organization_picker_page_widget_test.dart: 旧列表刷新迟到不得覆盖新组织及缓存
00:00 +10: /Users/leeyi/project/imboy.pub/imboyapp/test/organization/organization_picker_page_widget_test.dart: 旧列表刷新迟到不得覆盖新组织及缓存
00:00 +11: /Users/leeyi/project/imboy.pub/imboyapp/test/organization/organization_picker_page_widget_test.dart: 旧列表刷新迟到不得覆盖新组织及缓存
00:00 +12: /Users/leeyi/project/imboy.pub/imboyapp/test/organization/organization_picker_page_widget_test.dart: 旧列表刷新迟到不得覆盖新组织及缓存
00:00 +13: /Users/leeyi/project/imboy.pub/imboyapp/test/organization/organization_picker_page_widget_test.dart: 旧列表刷新迟到不得覆盖新组织及缓存
00:00 +14: /Users/leeyi/project/imboy.pub/imboyapp/test/organization/organization_picker_page_widget_test.dart: 旧列表刷新迟到不得覆盖新组织及缓存
00:00 +15: /Users/leeyi/project/imboy.pub/imboyapp/test/organization/organization_picker_page_widget_test.dart: 旧列表刷新迟到不得覆盖新组织及缓存
*** Request ***
uri: http://127.0.0.1:9800/api/v1/organizations/mine?page=1&size=100
method: GET
responseType: ResponseType.json
followRedirects: true
persistentConnection: true
connectTimeout: 0:01:00.000000
sendTimeout: 0:01:00.000000
receiveTimeout: 0:01:00.000000
transformTimeout: null
receiveDataWhenStatusError: true
extra: {}

*** Request ***
uri: http://127.0.0.1:9800/api/v1/organizations/mine?page=1&size=100
method: GET
responseType: ResponseType.json
followRedirects: true
persistentConnection: true
connectTimeout: 0:01:00.000000
sendTimeout: 0:01:00.000000
receiveTimeout: 0:01:00.000000
transformTimeout: null
receiveDataWhenStatusError: true
extra: {}

*** Response ***
uri: http://127.0.0.1:9800/api/v1/organizations/mine?page=1&size=100

*** Response ***
uri: http://127.0.0.1:9800/api/v1/organizations/mine?page=1&size=100

00:00 +16: /Users/leeyi/project/imboy.pub/imboyapp/test/organization/organization_picker_page_widget_test.dart: 数据源=Organization membership：mine 供料渲染组织行 + 加入企业入口
*** Request ***
uri: http://127.0.0.1:9800/api/v1/organizations/mine?page=1&size=100
method: GET
responseType: ResponseType.json
followRedirects: true
persistentConnection: true
connectTimeout: 0:01:00.000000
sendTimeout: 0:01:00.000000
receiveTimeout: 0:01:00.000000
transformTimeout: null
receiveDataWhenStatusError: true
extra: {}

*** Response ***
uri: http://127.0.0.1:9800/api/v1/organizations/mine?page=1&size=100

00:00 +17: /Users/leeyi/project/imboy.pub/imboyapp/test/organization/organization_picker_page_widget_test.dart: 企业列表为空时仍可从空间选择器返回个人
*** Request ***
uri: http://127.0.0.1:9800/api/v1/organizations/mine?page=1&size=100
method: GET
responseType: ResponseType.json
followRedirects: true
persistentConnection: true
connectTimeout: 0:01:00.000000
sendTimeout: 0:01:00.000000
receiveTimeout: 0:01:00.000000
transformTimeout: null
receiveDataWhenStatusError: true
extra: {}

*** Response ***
uri: http://127.0.0.1:9800/api/v1/organizations/mine?page=1&size=100

00:00 +18: /Users/leeyi/project/imboy.pub/imboyapp/test/organization/organization_picker_page_widget_test.dart: 企业列表读取和个人偏好写入失败时保留当前空间并显示错误
*** Request ***
uri: http://127.0.0.1:9800/api/v1/organizations/mine?page=1&size=100
method: GET
responseType: ResponseType.json
followRedirects: true
persistentConnection: true
connectTimeout: 0:01:00.000000
sendTimeout: 0:01:00.000000
receiveTimeout: 0:01:00.000000
transformTimeout: null
receiveDataWhenStatusError: true
extra: {}

*** Response ***
uri: http://127.0.0.1:9800/api/v1/organizations/mine?page=1&size=100

00:00 +19: /Users/leeyi/project/imboy.pub/imboyapp/test/organization/organization_picker_page_widget_test.dart: 企业列表读取和个人偏好写入失败时保留当前空间并显示错误
00:00 +20: /Users/leeyi/project/imboy.pub/imboyapp/test/organization/organization_picker_page_widget_test.dart: 企业列表读取和个人偏好写入失败时保留当前空间并显示错误
00:00 +21: /Users/leeyi/project/imboy.pub/imboyapp/test/organization/human_directory_controller_test.dart: 旧提交等待期间换账号：完成后不得重配新账号目录
00:00 +22: /Users/leeyi/project/imboy.pub/imboyapp/test/organization/organization_picker_page_widget_test.dart: 切换企业（G11）：上一企业缓存失效 + 指针切换 + 壳重载 + 默认 WS 落位
00:00 +23: /Users/leeyi/project/imboy.pub/imboyapp/test/organization/organization_picker_page_widget_test.dart: 切换企业（G11）：上一企业缓存失效 + 指针切换 + 壳重载 + 默认 WS 落位
00:00 +24: /Users/leeyi/project/imboy.pub/imboyapp/test/organization/organization_picker_page_widget_test.dart: 切换企业（G11）：上一企业缓存失效 + 指针切换 + 壳重载 + 默认 WS 落位
00:00 +25: /Users/leeyi/project/imboy.pub/imboyapp/test/organization/organization_picker_page_widget_test.dart: 切换企业（G11）：上一企业缓存失效 + 指针切换 + 壳重载 + 默认 WS 落位
00:00 +26: /Users/leeyi/project/imboy.pub/imboyapp/test/organization/organization_picker_page_widget_test.dart: 切换企业（G11）：上一企业缓存失效 + 指针切换 + 壳重载 + 默认 WS 落位
00:00 +27: /Users/leeyi/project/imboy.pub/imboyapp/test/organization/organization_picker_page_widget_test.dart: 切换企业（G11）：上一企业缓存失效 + 指针切换 + 壳重载 + 默认 WS 落位
00:00 +28: /Users/leeyi/project/imboy.pub/imboyapp/test/organization/organization_picker_page_widget_test.dart: 切换企业（G11）：上一企业缓存失效 + 指针切换 + 壳重载 + 默认 WS 落位
00:00 +29: /Users/leeyi/project/imboy.pub/imboyapp/test/organization/organization_picker_page_widget_test.dart: 切换企业（G11）：上一企业缓存失效 + 指针切换 + 壳重载 + 默认 WS 落位
00:00 +30: /Users/leeyi/project/imboy.pub/imboyapp/test/organization/organization_picker_page_widget_test.dart: 切换企业（G11）：上一企业缓存失效 + 指针切换 + 壳重载 + 默认 WS 落位
00:00 +31: /Users/leeyi/project/imboy.pub/imboyapp/test/organization/organization_picker_page_widget_test.dart: 切换企业（G11）：上一企业缓存失效 + 指针切换 + 壳重载 + 默认 WS 落位
00:00 +32: /Users/leeyi/project/imboy.pub/imboyapp/test/organization/organization_picker_page_widget_test.dart: 切换企业（G11）：上一企业缓存失效 + 指针切换 + 壳重载 + 默认 WS 落位
00:00 +33: /Users/leeyi/project/imboy.pub/imboyapp/test/organization/organization_picker_page_widget_test.dart: 切换企业（G11）：上一企业缓存失效 + 指针切换 + 壳重载 + 默认 WS 落位
*** Request ***
uri: http://127.0.0.1:9800/api/v1/organizations/mine?page=1&size=100
method: GET
responseType: ResponseType.json
followRedirects: true
persistentConnection: true
connectTimeout: 0:01:00.000000
sendTimeout: 0:01:00.000000
receiveTimeout: 0:01:00.000000
transformTimeout: null
receiveDataWhenStatusError: true
extra: {}

*** Response ***
uri: http://127.0.0.1:9800/api/v1/organizations/mine?page=1&size=100

00:00 +34: /Users/leeyi/project/imboy.pub/imboyapp/test/organization/organization_picker_page_widget_test.dart: 切换企业（G11）：上一企业缓存失效 + 指针切换 + 壳重载 + 默认 WS 落位
00:00 +35: /Users/leeyi/project/imboy.pub/imboyapp/test/organization/organization_picker_page_widget_test.dart: 切换企业（G11）：上一企业缓存失效 + 指针切换 + 壳重载 + 默认 WS 落位
00:00 +36: /Users/leeyi/project/imboy.pub/imboyapp/test/organization/organization_picker_page_widget_test.dart: 切换企业（G11）：上一企业缓存失效 + 指针切换 + 壳重载 + 默认 WS 落位
00:00 +37: /Users/leeyi/project/imboy.pub/imboyapp/test/organization/organization_picker_page_widget_test.dart: 切换企业（G11）：上一企业缓存失效 + 指针切换 + 壳重载 + 默认 WS 落位
00:00 +38: /Users/leeyi/project/imboy.pub/imboyapp/test/organization/organization_picker_page_widget_test.dart: 切换企业（G11）：上一企业缓存失效 + 指针切换 + 壳重载 + 默认 WS 落位
00:00 +39: /Users/leeyi/project/imboy.pub/imboyapp/test/organization/organization_picker_page_widget_test.dart: 切换企业（G11）：上一企业缓存失效 + 指针切换 + 壳重载 + 默认 WS 落位
00:00 +40: /Users/leeyi/project/imboy.pub/imboyapp/test/organization/organization_picker_page_widget_test.dart: 切换企业（G11）：上一企业缓存失效 + 指针切换 + 壳重载 + 默认 WS 落位
00:00 +41: /Users/leeyi/project/imboy.pub/imboyapp/test/organization/organization_picker_page_widget_test.dart: 切换企业（G11）：上一企业缓存失效 + 指针切换 + 壳重载 + 默认 WS 落位
00:00 +42: /Users/leeyi/project/imboy.pub/imboyapp/test/organization/organization_picker_page_widget_test.dart: 切换企业（G11）：上一企业缓存失效 + 指针切换 + 壳重载 + 默认 WS 落位
00:00 +43: /Users/leeyi/project/imboy.pub/imboyapp/test/organization/organization_picker_page_widget_test.dart: 切换企业（G11）：上一企业缓存失效 + 指针切换 + 壳重载 + 默认 WS 落位
*** Request ***
uri: http://127.0.0.1:9800/api/v1/organizations/7002
method: GET
responseType: ResponseType.json
followRedirects: true
persistentConnection: true
connectTimeout: 0:01:00.000000
sendTimeout: 0:01:00.000000
receiveTimeout: 0:01:00.000000
transformTimeout: null
receiveDataWhenStatusError: true
extra: {}

*** Response ***
uri: http://127.0.0.1:9800/api/v1/organizations/7002

*** Request ***
uri: http://127.0.0.1:9800/api/v1/organizations/7002/default-workspace
method: GET
responseType: ResponseType.json
followRedirects: true
persistentConnection: true
connectTimeout: 0:01:00.000000
sendTimeout: 0:01:00.000000
receiveTimeout: 0:01:00.000000
transformTimeout: null
receiveDataWhenStatusError: true
extra: {}

*** Response ***
uri: http://127.0.0.1:9800/api/v1/organizations/7002/default-workspace

00:01 +44: /Users/leeyi/project/imboy.pub/imboyapp/test/organization/organization_picker_page_widget_test.dart: 个人选择企业 same：首页和企业工作区一致
*** Request ***
uri: http://127.0.0.1:9800/api/v1/organizations/mine?page=1&size=100
method: GET
responseType: ResponseType.json
followRedirects: true
persistentConnection: true
connectTimeout: 0:01:00.000000
sendTimeout: 0:01:00.000000
receiveTimeout: 0:01:00.000000
transformTimeout: null
receiveDataWhenStatusError: true
extra: {}

*** Response ***
uri: http://127.0.0.1:9800/api/v1/organizations/mine?page=1&size=100

*** Request ***
uri: http://127.0.0.1:9800/api/v1/organizations/7001
method: GET
responseType: ResponseType.json
followRedirects: true
persistentConnection: true
connectTimeout: 0:01:00.000000
sendTimeout: 0:01:00.000000
receiveTimeout: 0:01:00.000000
transformTimeout: null
receiveDataWhenStatusError: true
extra: {}

*** Response ***
uri: http://127.0.0.1:9800/api/v1/organizations/7001

*** Request ***
uri: http://127.0.0.1:9800/api/v1/organizations/7001/default-workspace
method: GET
responseType: ResponseType.json
followRedirects: true
persistentConnection: true
connectTimeout: 0:01:00.000000
sendTimeout: 0:01:00.000000
receiveTimeout: 0:01:00.000000
transformTimeout: null
receiveDataWhenStatusError: true
extra: {}

*** Response ***
uri: http://127.0.0.1:9800/api/v1/organizations/7001/default-workspace

00:01 +45: /Users/leeyi/project/imboy.pub/imboyapp/test/organization/organization_picker_page_widget_test.dart: 个人选择企业 preference-failure：首页和企业工作区一致
*** Request ***
uri: http://127.0.0.1:9800/api/v1/organizations/mine?page=1&size=100
method: GET
responseType: ResponseType.json
followRedirects: true
persistentConnection: true
connectTimeout: 0:01:00.000000
sendTimeout: 0:01:00.000000
receiveTimeout: 0:01:00.000000
transformTimeout: null
receiveDataWhenStatusError: true
extra: {}

*** Response ***
uri: http://127.0.0.1:9800/api/v1/organizations/mine?page=1&size=100

00:01 +46: /Users/leeyi/project/imboy.pub/imboyapp/test/organization/organization_picker_page_widget_test.dart: 个人选择企业 preference-failure：首页和企业工作区一致
00:01 +47: /Users/leeyi/project/imboy.pub/imboyapp/test/organization/organization_picker_page_widget_test.dart: 个人选择企业 preference-failure：首页和企业工作区一致
00:01 +48: /Users/leeyi/project/imboy.pub/imboyapp/test/organization/organization_picker_page_widget_test.dart: 个人选择企业 preference-failure：首页和企业工作区一致
*** Request ***
uri: http://127.0.0.1:9800/api/v1/organizations/7002
method: GET
responseType: ResponseType.json
followRedirects: true
persistentConnection: true
connectTimeout: 0:01:00.000000
sendTimeout: 0:01:00.000000
receiveTimeout: 0:01:00.000000
transformTimeout: null
receiveDataWhenStatusError: true
extra: {}

00:01 +49: /Users/leeyi/project/imboy.pub/imboyapp/test/organization/organization_picker_page_widget_test.dart: 个人选择企业 preference-failure：首页和企业工作区一致
*** Response ***
uri: http://127.0.0.1:9800/api/v1/organizations/7002

00:01 +50: /Users/leeyi/project/imboy.pub/imboyapp/test/organization/organization_picker_page_widget_test.dart: 个人选择企业 preference-failure：首页和企业工作区一致
*** Request ***
uri: http://127.0.0.1:9800/api/v1/organizations/7002/default-workspace
method: GET
responseType: ResponseType.json
followRedirects: true
persistentConnection: true
connectTimeout: 0:01:00.000000
sendTimeout: 0:01:00.000000
receiveTimeout: 0:01:00.000000
transformTimeout: null
receiveDataWhenStatusError: true
extra: {}

*** Response ***
uri: http://127.0.0.1:9800/api/v1/organizations/7002/default-workspace
00:01 +51: /Users/leeyi/project/imboy.pub/imboyapp/test/organization/organization_picker_page_widget_test.dart: 个人选择企业 preference-failure：首页和企业工作区一致

00:01 +52: /Users/leeyi/project/imboy.pub/imboyapp/test/organization/organization_picker_page_widget_test.dart: 个人选择企业 preference-failure：首页和企业工作区一致
00:01 +53: /Users/leeyi/project/imboy.pub/imboyapp/test/organization/organization_picker_page_widget_test.dart: 个人选择企业 preference-failure：首页和企业工作区一致
00:01 +54: /Users/leeyi/project/imboy.pub/imboyapp/test/organization/organization_picker_page_widget_test.dart: 个人选择企业 preference-failure：首页和企业工作区一致
00:01 +55: /Users/leeyi/project/imboy.pub/imboyapp/test/organization/organization_picker_page_widget_test.dart: 个人选择企业 preference-failure：首页和企业工作区一致
00:01 +56: /Users/leeyi/project/imboy.pub/imboyapp/test/organization/organization_picker_page_widget_test.dart: 个人选择企业 preference-failure：首页和企业工作区一致
00:01 +57: /Users/leeyi/project/imboy.pub/imboyapp/test/organization/organization_picker_page_widget_test.dart: 个人选择企业 preference-failure：首页和企业工作区一致
00:01 +58: /Users/leeyi/project/imboy.pub/imboyapp/test/organization/organization_picker_page_widget_test.dart: 个人选择企业 preference-failure：首页和企业工作区一致
00:01 +59: /Users/leeyi/project/imboy.pub/imboyapp/test/organization/organization_picker_page_widget_test.dart: 个人选择企业 preference-failure：首页和企业工作区一致
00:01 +60: /Users/leeyi/project/imboy.pub/imboyapp/test/organization/organization_picker_page_widget_test.dart: 个人选择企业 preference-failure：首页和企业工作区一致
00:01 +61: /Users/leeyi/project/imboy.pub/imboyapp/test/organization/organization_picker_page_widget_test.dart: 个人选择企业 preference-failure：首页和企业工作区一致
00:01 +62: /Users/leeyi/project/imboy.pub/imboyapp/test/organization/organization_picker_page_widget_test.dart: 个人选择企业 default-failure：首页和企业工作区一致
*** Request ***
uri: http://127.0.0.1:9800/api/v1/organizations/mine?page=1&size=100
method: GET
responseType: ResponseType.json
followRedirects: true
persistentConnection: true
connectTimeout: 0:01:00.000000
sendTimeout: 0:01:00.000000
receiveTimeout: 0:01:00.000000
transformTimeout: null
receiveDataWhenStatusError: true
extra: {}

*** Response ***
uri: http://127.0.0.1:9800/api/v1/organizations/mine?page=1&size=100

*** Request ***
uri: http://127.0.0.1:9800/api/v1/organizations/7002
method: GET
responseType: ResponseType.json
followRedirects: true
persistentConnection: true
connectTimeout: 0:01:00.000000
sendTimeout: 0:01:00.000000
receiveTimeout: 0:01:00.000000
transformTimeout: null
receiveDataWhenStatusError: true
extra: {}

*** Response ***
uri: http://127.0.0.1:9800/api/v1/organizations/7002

*** Request ***
uri: http://127.0.0.1:9800/api/v1/organizations/7002/default-workspace
method: GET
responseType: ResponseType.json
followRedirects: true
persistentConnection: true
connectTimeout: 0:01:00.000000
sendTimeout: 0:01:00.000000
receiveTimeout: 0:01:00.000000
transformTimeout: null
receiveDataWhenStatusError: true
extra: {}

*** Response ***
uri: http://127.0.0.1:9800/api/v1/organizations/7002/default-workspace

[WorkspaceShell] default workspace unavailable: OrganizationApiException(503): synthetic unavailable
00:01 +63: /Users/leeyi/project/imboy.pub/imboyapp/test/organization/organization_picker_page_widget_test.dart: 个人选择企业 restore-false：首页和企业工作区一致
*** Request ***
uri: http://127.0.0.1:9800/api/v1/organizations/mine?page=1&size=100
method: GET
responseType: ResponseType.json
followRedirects: true
persistentConnection: true
connectTimeout: 0:01:00.000000
sendTimeout: 0:01:00.000000
receiveTimeout: 0:01:00.000000
transformTimeout: null
receiveDataWhenStatusError: true
extra: {}

*** Response ***
uri: http://127.0.0.1:9800/api/v1/organizations/mine?page=1&size=100

*** Request ***
uri: http://127.0.0.1:9800/api/v1/organizations/7002
method: GET
responseType: ResponseType.json
followRedirects: true
persistentConnection: true
connectTimeout: 0:01:00.000000
sendTimeout: 0:01:00.000000
receiveTimeout: 0:01:00.000000
transformTimeout: null
receiveDataWhenStatusError: true
extra: {}

*** Response ***
uri: http://127.0.0.1:9800/api/v1/organizations/7002

*** Request ***
uri: http://127.0.0.1:9800/api/v1/organizations/7002/default-workspace
method: GET
responseType: ResponseType.json
followRedirects: true
persistentConnection: true
connectTimeout: 0:01:00.000000
sendTimeout: 0:01:00.000000
receiveTimeout: 0:01:00.000000
transformTimeout: null
receiveDataWhenStatusError: true
extra: {}

*** Response ***
uri: http://127.0.0.1:9800/api/v1/organizations/7002/default-workspace

*** Request ***
uri: http://127.0.0.1:9800/api/v1/organizations/7002
method: GET
responseType: ResponseType.json
followRedirects: true
persistentConnection: true
connectTimeout: 0:01:00.000000
sendTimeout: 0:01:00.000000
receiveTimeout: 0:01:00.000000
transformTimeout: null
receiveDataWhenStatusError: true
extra: {}

*** Response ***
uri: http://127.0.0.1:9800/api/v1/organizations/7002

*** Request ***
uri: http://127.0.0.1:9800/api/v1/organizations/7002/default-workspace
method: GET
responseType: ResponseType.json
followRedirects: true
persistentConnection: true
connectTimeout: 0:01:00.000000
sendTimeout: 0:01:00.000000
receiveTimeout: 0:01:00.000000
transformTimeout: null
receiveDataWhenStatusError: true
extra: {}

*** Response ***
uri: http://127.0.0.1:9800/api/v1/organizations/7002/default-workspace

00:01 +64: /Users/leeyi/project/imboy.pub/imboyapp/test/organization/organization_picker_page_widget_test.dart: 个人选择企业 restore-throw：首页和企业工作区一致
*** Request ***
uri: http://127.0.0.1:9800/api/v1/organizations/mine?page=1&size=100
method: GET
responseType: ResponseType.json
followRedirects: true
persistentConnection: true
connectTimeout: 0:01:00.000000
sendTimeout: 0:01:00.000000
receiveTimeout: 0:01:00.000000
transformTimeout: null
receiveDataWhenStatusError: true
extra: {}

*** Response ***
uri: http://127.0.0.1:9800/api/v1/organizations/mine?page=1&size=100

*** Request ***
uri: http://127.0.0.1:9800/api/v1/organizations/7002
method: GET
responseType: ResponseType.json
followRedirects: true
persistentConnection: true
connectTimeout: 0:01:00.000000
sendTimeout: 0:01:00.000000
receiveTimeout: 0:01:00.000000
transformTimeout: null
receiveDataWhenStatusError: true
extra: {}

*** Response ***
uri: http://127.0.0.1:9800/api/v1/organizations/7002

*** Request ***
uri: http://127.0.0.1:9800/api/v1/organizations/7002/default-workspace
method: GET
responseType: ResponseType.json
followRedirects: true
persistentConnection: true
connectTimeout: 0:01:00.000000
sendTimeout: 0:01:00.000000
receiveTimeout: 0:01:00.000000
transformTimeout: null
receiveDataWhenStatusError: true
extra: {}

*** Response ***
uri: http://127.0.0.1:9800/api/v1/organizations/7002/default-workspace

*** Request ***
uri: http://127.0.0.1:9800/api/v1/organizations/7002
method: GET
responseType: ResponseType.json
followRedirects: true
persistentConnection: true
connectTimeout: 0:01:00.000000
sendTimeout: 0:01:00.000000
receiveTimeout: 0:01:00.000000
transformTimeout: null
receiveDataWhenStatusError: true
extra: {}

*** Response ***
uri: http://127.0.0.1:9800/api/v1/organizations/7002

*** Request ***
uri: http://127.0.0.1:9800/api/v1/organizations/7002/default-workspace
method: GET
responseType: ResponseType.json
followRedirects: true
persistentConnection: true
connectTimeout: 0:01:00.000000
sendTimeout: 0:01:00.000000
receiveTimeout: 0:01:00.000000
transformTimeout: null
receiveDataWhenStatusError: true
extra: {}

*** Response ***
uri: http://127.0.0.1:9800/api/v1/organizations/7002/default-workspace

00:01 +65: /Users/leeyi/project/imboy.pub/imboyapp/test/organization/organization_leave_widget_test.dart: 取消不请求接口、不清理空间
00:01 +65: /Users/leeyi/project/imboy.pub/imboyapp/test/organization/organization_picker_page_widget_test.dart: 两阶段切换 Phase 1 预载失败（detail 403）：指针/缓存不动 + 页内错误态可重试
*** Request ***
uri: http://127.0.0.1:9800/api/v1/organizations/mine?page=1&size=100
method: GET
responseType: ResponseType.json
followRedirects: true
persistentConnection: true
connectTimeout: 0:01:00.000000
sendTimeout: 0:01:00.000000
receiveTimeout: 0:01:00.000000
transformTimeout: null
receiveDataWhenStatusError: true
extra: {}

*** Response ***
uri: http://127.0.0.1:9800/api/v1/organizations/mine?page=1&size=100

*** Request ***
uri: http://127.0.0.1:9800/api/v1/organizations/7002
method: GET
responseType: ResponseType.json
followRedirects: true
persistentConnection: true
connectTimeout: 0:01:00.000000
sendTimeout: 0:01:00.000000
receiveTimeout: 0:01:00.000000
transformTimeout: null
receiveDataWhenStatusError: true
extra: {}

*** Response ***
uri: http://127.0.0.1:9800/api/v1/organizations/7002

00:01 +66: /Users/leeyi/project/imboy.pub/imboyapp/test/organization/organization_leave_widget_test.dart: 取消不请求接口、不清理空间
00:01 +66: /Users/leeyi/project/imboy.pub/imboyapp/test/organization/organization_picker_page_widget_test.dart: 两阶段切换 Phase 1 失败后可重试：同一页面再次点击完成切换
*** Request ***
uri: http://127.0.0.1:9800/api/v1/organizations/mine?page=1&size=100
method: GET
responseType: ResponseType.json
followRedirects: true
persistentConnection: true
connectTimeout: 0:01:00.000000
sendTimeout: 0:01:00.000000
receiveTimeout: 0:01:00.000000
transformTimeout: null
receiveDataWhenStatusError: true
extra: {}

*** Response ***
uri: http://127.0.0.1:9800/api/v1/organizations/mine?page=1&size=100

*** Request ***
uri: http://127.0.0.1:9800/api/v1/organizations/7002
method: GET
responseType: ResponseType.json
followRedirects: true
persistentConnection: true
connectTimeout: 0:01:00.000000
sendTimeout: 0:01:00.000000
receiveTimeout: 0:01:00.000000
transformTimeout: null
receiveDataWhenStatusError: true
extra: {}

*** Response ***
uri: http://127.0.0.1:9800/api/v1/organizations/7002

*** Request ***
uri: http://127.0.0.1:9800/api/v1/organizations/7002
method: GET
responseType: ResponseType.json
followRedirects: true
persistentConnection: true
connectTimeout: 0:01:00.000000
sendTimeout: 0:01:00.000000
receiveTimeout: 0:01:00.000000
transformTimeout: null
receiveDataWhenStatusError: true
extra: {}

*** Response ***
uri: http://127.0.0.1:9800/api/v1/organizations/7002

*** Request ***
uri: http://127.0.0.1:9800/api/v1/organizations/7002/default-workspace
method: GET
responseType: ResponseType.json
followRedirects: true
persistentConnection: true
connectTimeout: 0:01:00.000000
sendTimeout: 0:01:00.000000
receiveTimeout: 0:01:00.000000
transformTimeout: null
receiveDataWhenStatusError: true
extra: {}

*** Response ***
uri: http://127.0.0.1:9800/api/v1/organizations/7002/default-workspace

00:01 +67: /Users/leeyi/project/imboy.pub/imboyapp/test/organization/organization_leave_widget_test.dart: 取消不请求接口、不清理空间
00:01 +67: /Users/leeyi/project/imboy.pub/imboyapp/test/organization/organization_picker_page_widget_test.dart: 加入企业 981：preview 阶段码无效文案页内展示，不关对话框
*** Request ***
uri: http://127.0.0.1:9800/api/v1/organizations/mine?page=1&size=100
method: GET
responseType: ResponseType.json
followRedirects: true
persistentConnection: true
connectTimeout: 0:01:00.000000
sendTimeout: 0:01:00.000000
receiveTimeout: 0:01:00.000000
transformTimeout: null
receiveDataWhenStatusError: true
extra: {}

*** Response ***
uri: http://127.0.0.1:9800/api/v1/organizations/mine?page=1&size=100

*** Request ***
uri: http://127.0.0.1:9800/api/v1/organizations/invite_code/preview
method: POST
responseType: ResponseType.json
followRedirects: true
persistentConnection: true
connectTimeout: 0:01:00.000000
sendTimeout: 0:01:00.000000
receiveTimeout: 0:01:00.000000
transformTimeout: null
receiveDataWhenStatusError: true
extra: {}

*** Response ***
uri: http://127.0.0.1:9800/api/v1/organizations/invite_code/preview

00:01 +68: /Users/leeyi/project/imboy.pub/imboyapp/test/organization/organization_leave_widget_test.dart: 取消不请求接口、不清理空间
00:01 +68: /Users/leeyi/project/imboy.pub/imboyapp/test/organization/organization_picker_page_widget_test.dart: 加入企业 982：preview 阶段码过期文案页内展示
*** Request ***
uri: http://127.0.0.1:9800/api/v1/organizations/mine?page=1&size=100
method: GET
responseType: ResponseType.json
followRedirects: true
persistentConnection: true
connectTimeout: 0:01:00.000000
sendTimeout: 0:01:00.000000
receiveTimeout: 0:01:00.000000
transformTimeout: null
receiveDataWhenStatusError: true
extra: {}

*** Response ***
uri: http://127.0.0.1:9800/api/v1/organizations/mine?page=1&size=100

00:01 +68: /Users/leeyi/project/imboy.pub/imboyapp/test/organization/organization_leave_widget_test.dart: 取消不请求接口、不清理空间
*** Request ***
uri: http://127.0.0.1:9800/api/v1/organizations/7001
method: GET
responseType: ResponseType.json
followRedirects: true
persistentConnection: true
connectTimeout: 0:01:00.000000
sendTimeout: 0:01:00.000000
receiveTimeout: 0:01:00.000000
transformTimeout: null
receiveDataWhenStatusError: true
extra: {}

*** Response ***
uri: http://127.0.0.1:9800/api/v1/organizations/7001

*** Request ***
uri: http://127.0.0.1:9800/api/v1/organizations/7001/default-workspace
method: GET
responseType: ResponseType.json
followRedirects: true
persistentConnection: true
connectTimeout: 0:01:00.000000
sendTimeout: 0:01:00.000000
receiveTimeout: 0:01:00.000000
transformTimeout: null
receiveDataWhenStatusError: true
extra: {}

*** Response ***
uri: http://127.0.0.1:9800/api/v1/organizations/7001/default-workspace

00:01 +68: /Users/leeyi/project/imboy.pub/imboyapp/test/organization/organization_picker_page_widget_test.dart: 加入企业 982：preview 阶段码过期文案页内展示
*** Request ***
uri: http://127.0.0.1:9800/api/v1/organizations/invite_code/preview
method: POST
responseType: ResponseType.json
followRedirects: true
persistentConnection: true
connectTimeout: 0:01:00.000000
sendTimeout: 0:01:00.000000
receiveTimeout: 0:01:00.000000
transformTimeout: null
receiveDataWhenStatusError: true
extra: {}

*** Response ***
uri: http://127.0.0.1:9800/api/v1/organizations/invite_code/preview

00:02 +69: /Users/leeyi/project/imboy.pub/imboyapp/test/organization/organization_leave_widget_test.dart: 取消不请求接口、不清理空间
00:02 +69: /Users/leeyi/project/imboy.pub/imboyapp/test/organization/organization_picker_page_widget_test.dart: 加入企业成功（joined）：preview 确认 → code-only join → 切入新企业
*** Request ***
uri: http://127.0.0.1:9800/api/v1/organizations/mine?page=1&size=100
method: GET
responseType: ResponseType.json
followRedirects: true
persistentConnection: true
connectTimeout: 0:01:00.000000
sendTimeout: 0:01:00.000000
receiveTimeout: 0:01:00.000000
transformTimeout: null
receiveDataWhenStatusError: true
extra: {}

*** Response ***
uri: http://127.0.0.1:9800/api/v1/organizations/mine?page=1&size=100

*** Request ***
uri: http://127.0.0.1:9800/api/v1/organizations/invite_code/preview
method: POST
responseType: ResponseType.json
followRedirects: true
persistentConnection: true
connectTimeout: 0:01:00.000000
sendTimeout: 0:01:00.000000
receiveTimeout: 0:01:00.000000
transformTimeout: null
receiveDataWhenStatusError: true
extra: {}

*** Response ***
uri: http://127.0.0.1:9800/api/v1/organizations/invite_code/preview

*** Request ***
uri: http://127.0.0.1:9800/api/v1/organizations/invite_code/join
method: POST
responseType: ResponseType.json
followRedirects: true
persistentConnection: true
connectTimeout: 0:01:00.000000
sendTimeout: 0:01:00.000000
receiveTimeout: 0:01:00.000000
transformTimeout: null
receiveDataWhenStatusError: true
extra: {}

*** Response ***
uri: http://127.0.0.1:9800/api/v1/organizations/invite_code/join

*** Request ***
uri: http://127.0.0.1:9800/api/v1/organizations/mine?page=1&size=100
method: GET
responseType: ResponseType.json
followRedirects: true
persistentConnection: true
connectTimeout: 0:01:00.000000
sendTimeout: 0:01:00.000000
receiveTimeout: 0:01:00.000000
transformTimeout: null
receiveDataWhenStatusError: true
extra: {}

*** Response ***
uri: http://127.0.0.1:9800/api/v1/organizations/mine?page=1&size=100

*** Request ***
uri: http://127.0.0.1:9800/api/v1/organizations/7003
method: GET
responseType: ResponseType.json
followRedirects: true
persistentConnection: true
connectTimeout: 0:01:00.000000
sendTimeout: 0:01:00.000000
receiveTimeout: 0:01:00.000000
transformTimeout: null
receiveDataWhenStatusError: true
extra: {}

*** Response ***
uri: http://127.0.0.1:9800/api/v1/organizations/7003

*** Request ***
uri: http://127.0.0.1:9800/api/v1/organizations/7003/default-workspace
method: GET
responseType: ResponseType.json
followRedirects: true
persistentConnection: true
connectTimeout: 0:01:00.000000
sendTimeout: 0:01:00.000000
receiveTimeout: 0:01:00.000000
transformTimeout: null
receiveDataWhenStatusError: true
extra: {}

*** Response ***
uri: http://127.0.0.1:9800/api/v1/organizations/7003/default-workspace

00:02 +70: /Users/leeyi/project/imboy.pub/imboyapp/test/organization/organization_leave_widget_test.dart: 取消不请求接口、不清理空间
00:02 +71: /Users/leeyi/project/imboy.pub/imboyapp/test/organization/organization_leave_widget_test.dart: 取消不请求接口、不清理空间
00:02 +71: /Users/leeyi/project/imboy.pub/imboyapp/test/organization/organization_picker_page_widget_test.dart: §5.1 加入企业入口：autoJoin=1 进入即打开邀请码对话框（一步到达）
*** Request ***
uri: http://127.0.0.1:9800/api/v1/organizations/mine?page=1&size=100
method: GET
responseType: ResponseType.json
followRedirects: true
persistentConnection: true
connectTimeout: 0:01:00.000000
sendTimeout: 0:01:00.000000
receiveTimeout: 0:01:00.000000
transformTimeout: null
receiveDataWhenStatusError: true
extra: {}

*** Response ***
uri: http://127.0.0.1:9800/api/v1/organizations/mine?page=1&size=100

00:02 +72: /Users/leeyi/project/imboy.pub/imboyapp/test/organization/organization_leave_widget_test.dart: 取消不请求接口、不清理空间
00:02 +72: /Users/leeyi/project/imboy.pub/imboyapp/test/organization/organization_picker_page_widget_test.dart: 缺省（autoJoin 关闭）不自动弹层：仍落在选择器列表
*** Request ***
uri: http://127.0.0.1:9800/api/v1/organizations/mine?page=1&size=100
method: GET
responseType: ResponseType.json
followRedirects: true
persistentConnection: true
connectTimeout: 0:01:00.000000
sendTimeout: 0:01:00.000000
receiveTimeout: 0:01:00.000000
transformTimeout: null
receiveDataWhenStatusError: true
extra: {}

*** Response ***
uri: http://127.0.0.1:9800/api/v1/organizations/mine?page=1&size=100

00:02 +73: /Users/leeyi/project/imboy.pub/imboyapp/test/organization/organization_leave_widget_test.dart: 取消不请求接口、不清理空间
00:02 +73: /Users/leeyi/project/imboy.pub/imboyapp/test/organization/organization_cs_governance_entry_test.dart: owner：管理员区渲染客服治理入口并导航到治理路由
*** Request ***
uri: http://127.0.0.1:9800/api/v1/organizations/7266418340025468901
method: GET
responseType: ResponseType.json
followRedirects: true
persistentConnection: true
connectTimeout: 0:01:00.000000
sendTimeout: 0:01:00.000000
receiveTimeout: 0:01:00.000000
transformTimeout: null
receiveDataWhenStatusError: true
extra: {}

*** Response ***
uri: http://127.0.0.1:9800/api/v1/organizations/7266418340025468901

*** Request ***
uri: http://127.0.0.1:9800/api/v1/organizations/7266418340025468901/default-workspace
method: GET
responseType: ResponseType.json
followRedirects: true
persistentConnection: true
connectTimeout: 0:01:00.000000
sendTimeout: 0:01:00.000000
receiveTimeout: 0:01:00.000000
transformTimeout: null
receiveDataWhenStatusError: true
extra: {}

*** Response ***
uri: http://127.0.0.1:9800/api/v1/organizations/7266418340025468901/default-workspace

00:02 +74: /Users/leeyi/project/imboy.pub/imboyapp/test/organization/organization_leave_widget_test.dart: 取消不请求接口、不清理空间
00:02 +74: /Users/leeyi/project/imboy.pub/imboyapp/test/organization/org_invite_qr_page_widget_test.dart: 有 active 码：QR + 明码 + 有效期 + 重新生成入口
*** Request ***
uri: http://127.0.0.1:9800/api/v1/organizations/7001/invite_code
method: GET
responseType: ResponseType.json
followRedirects: true
persistentConnection: true
connectTimeout: 0:01:00.000000
sendTimeout: 0:01:00.000000
receiveTimeout: 0:01:00.000000
transformTimeout: null
receiveDataWhenStatusError: true
extra: {}

*** Response ***
uri: http://127.0.0.1:9800/api/v1/organizations/7001/invite_code

00:03 +75: /Users/leeyi/project/imboy.pub/imboyapp/test/organization/organization_leave_widget_test.dart: 取消不请求接口、不清理空间
00:03 +76: /Users/leeyi/project/imboy.pub/imboyapp/test/organization/organization_leave_widget_test.dart: 取消不请求接口、不清理空间
00:03 +77: /Users/leeyi/project/imboy.pub/imboyapp/test/organization/organization_leave_widget_test.dart: 取消不请求接口、不清理空间
00:03 +78: /Users/leeyi/project/imboy.pub/imboyapp/test/organization/organization_leave_widget_test.dart: 取消不请求接口、不清理空间
00:03 +79: /Users/leeyi/project/imboy.pub/imboyapp/test/organization/organization_leave_widget_test.dart: 取消不请求接口、不清理空间
00:03 +80: /Users/leeyi/project/imboy.pub/imboyapp/test/organization/organization_leave_widget_test.dart: 取消不请求接口、不清理空间
00:03 +81: /Users/leeyi/project/imboy.pub/imboyapp/test/organization/organization_leave_widget_test.dart: 取消不请求接口、不清理空间
00:03 +82: /Users/leeyi/project/imboy.pub/imboyapp/test/organization/organization_leave_widget_test.dart: 取消不请求接口、不清理空间
00:03 +82: /Users/leeyi/project/imboy.pub/imboyapp/test/organization/org_invite_qr_page_widget_test.dart: 无 active 码：显示生成引导
*** Request ***
uri: http://127.0.0.1:9800/api/v1/organizations/7001/invite_code
method: GET
responseType: ResponseType.json
followRedirects: true
persistentConnection: true
connectTimeout: 0:01:00.000000
sendTimeout: 0:01:00.000000
receiveTimeout: 0:01:00.000000
transformTimeout: null
receiveDataWhenStatusError: true
extra: {}

*** Response ***
uri: http://127.0.0.1:9800/api/v1/organizations/7001/invite_code

00:03 +83: /Users/leeyi/project/imboy.pub/imboyapp/test/organization/organization_leave_widget_test.dart: 取消不请求接口、不清理空间
00:03 +83: /Users/leeyi/project/imboy.pub/imboyapp/test/organization/org_invite_qr_page_widget_test.dart: 非 owner/admin（403）：OrgStateView 统一无权限态，不出码
*** Request ***
uri: http://127.0.0.1:9800/api/v1/organizations/7001/invite_code
method: GET
responseType: ResponseType.json
followRedirects: true
persistentConnection: true
connectTimeout: 0:01:00.000000
sendTimeout: 0:01:00.000000
receiveTimeout: 0:01:00.000000
transformTimeout: null
receiveDataWhenStatusError: true
extra: {}

*** Response ***
uri: http://127.0.0.1:9800/api/v1/organizations/7001/invite_code

00:03 +84: /Users/leeyi/project/imboy.pub/imboyapp/test/organization/organization_leave_widget_test.dart: 取消不请求接口、不清理空间
00:03 +85: /Users/leeyi/project/imboy.pub/imboyapp/test/organization/organization_leave_widget_test.dart: 取消不请求接口、不清理空间
00:03 +86: /Users/leeyi/project/imboy.pub/imboyapp/test/organization/organization_leave_widget_test.dart: 取消不请求接口、不清理空间
00:03 +87: /Users/leeyi/project/imboy.pub/imboyapp/test/organization/organization_leave_widget_test.dart: 取消不请求接口、不清理空间
00:03 +88: /Users/leeyi/project/imboy.pub/imboyapp/test/organization/organization_leave_widget_test.dart: 取消不请求接口、不清理空间
00:03 +89: /Users/leeyi/project/imboy.pub/imboyapp/test/organization/organization_leave_widget_test.dart: 取消不请求接口、不清理空间
00:03 +89: /Users/leeyi/project/imboy.pub/imboyapp/test/organization/organization_cs_governance_entry_test.dart: admin：治理入口同样渲染（owner/admin 同门）
*** Request ***
uri: http://127.0.0.1:9800/api/v1/organizations/7266418340025468901
method: GET
responseType: ResponseType.json
followRedirects: true
persistentConnection: true
connectTimeout: 0:01:00.000000
sendTimeout: 0:01:00.000000
receiveTimeout: 0:01:00.000000
transformTimeout: null
receiveDataWhenStatusError: true
extra: {}

*** Response ***
uri: http://127.0.0.1:9800/api/v1/organizations/7266418340025468901

*** Request ***
uri: http://127.0.0.1:9800/api/v1/organizations/7266418340025468901/default-workspace
method: GET
responseType: ResponseType.json
followRedirects: true
persistentConnection: true
connectTimeout: 0:01:00.000000
sendTimeout: 0:01:00.000000
receiveTimeout: 0:01:00.000000
transformTimeout: null
receiveDataWhenStatusError: true
extra: {}

*** Response ***
uri: http://127.0.0.1:9800/api/v1/organizations/7266418340025468901/default-workspace

00:03 +90: /Users/leeyi/project/imboy.pub/imboyapp/test/organization/organization_leave_widget_test.dart: 取消不请求接口、不清理空间
00:03 +91: /Users/leeyi/project/imboy.pub/imboyapp/test/organization/organization_leave_widget_test.dart: 取消不请求接口、不清理空间
00:03 +92: /Users/leeyi/project/imboy.pub/imboyapp/test/organization/organization_leave_widget_test.dart: 取消不请求接口、不清理空间
00:03 +93: /Users/leeyi/project/imboy.pub/imboyapp/test/organization/organization_leave_widget_test.dart: 取消不请求接口、不清理空间
00:03 +94: /Users/leeyi/project/imboy.pub/imboyapp/test/organization/organization_leave_widget_test.dart: 取消不请求接口、不清理空间
00:03 +95: /Users/leeyi/project/imboy.pub/imboyapp/test/organization/organization_cs_governance_entry_test.dart: admin：治理入口同样渲染（owner/admin 同门）
00:03 +95: /Users/leeyi/project/imboy.pub/imboyapp/test/organization/organization_leave_widget_test.dart: 交接拒绝保留指针、工作区和页面
*** Request ***
uri: http://127.0.0.1:9800/api/v1/organizations/7001
method: GET
responseType: ResponseType.json
followRedirects: true
persistentConnection: true
connectTimeout: 0:01:00.000000
sendTimeout: 0:01:00.000000
receiveTimeout: 0:01:00.000000
transformTimeout: null
receiveDataWhenStatusError: true
extra: {}

*** Response ***
uri: http://127.0.0.1:9800/api/v1/organizations/7001

*** Request ***
uri: http://127.0.0.1:9800/api/v1/organizations/7001/default-workspace
method: GET
responseType: ResponseType.json
followRedirects: true
persistentConnection: true
connectTimeout: 0:01:00.000000
sendTimeout: 0:01:00.000000
receiveTimeout: 0:01:00.000000
transformTimeout: null
receiveDataWhenStatusError: true
extra: {}

*** Response ***
uri: http://127.0.0.1:9800/api/v1/organizations/7001/default-workspace

00:03 +96: /Users/leeyi/project/imboy.pub/imboyapp/test/organization/human_directory_page_widget_test.dart: 宽屏部门与人员分栏，路径可以返回企业根且保留分页作用域
00:03 +96: /Users/leeyi/project/imboy.pub/imboyapp/test/organization/organization_cs_governance_entry_test.dart: member：入口完全不渲染（PermissionGate 整区隐藏）
*** Request ***
uri: http://127.0.0.1:9800/api/v1/organizations/7266418340025468901
method: GET
responseType: ResponseType.json
followRedirects: true
persistentConnection: true
connectTimeout: 0:01:00.000000
sendTimeout: 0:01:00.000000
receiveTimeout: 0:01:00.000000
transformTimeout: null
receiveDataWhenStatusError: true
extra: {}

*** Response ***
uri: http://127.0.0.1:9800/api/v1/organizations/7266418340025468901

*** Request ***
uri: http://127.0.0.1:9800/api/v1/organizations/7266418340025468901/default-workspace
method: GET
responseType: ResponseType.json
followRedirects: true
persistentConnection: true
connectTimeout: 0:01:00.000000
sendTimeout: 0:01:00.000000
receiveTimeout: 0:01:00.000000
transformTimeout: null
receiveDataWhenStatusError: true
extra: {}

*** Response ***
uri: http://127.0.0.1:9800/api/v1/organizations/7266418340025468901/default-workspace

00:04 +97: /Users/leeyi/project/imboy.pub/imboyapp/test/organization/human_directory_page_widget_test.dart: 宽屏部门与人员分栏，路径可以返回企业根且保留分页作用域
00:04 +98: /Users/leeyi/project/imboy.pub/imboyapp/test/organization/human_directory_page_widget_test.dart: 宽屏部门与人员分栏，路径可以返回企业根且保留分页作用域
00:04 +99: /Users/leeyi/project/imboy.pub/imboyapp/test/organization/human_directory_page_widget_test.dart: 宽屏部门与人员分栏，路径可以返回企业根且保留分页作用域
00:04 +100: /Users/leeyi/project/imboy.pub/imboyapp/test/organization/human_directory_page_widget_test.dart: 宽屏部门与人员分栏，路径可以返回企业根且保留分页作用域
00:04 +101: /Users/leeyi/project/imboy.pub/imboyapp/test/organization/human_directory_page_widget_test.dart: 宽屏部门与人员分栏，路径可以返回企业根且保留分页作用域
00:04 +102: /Users/leeyi/project/imboy.pub/imboyapp/test/organization/human_directory_page_widget_test.dart: 宽屏部门与人员分栏，路径可以返回企业根且保留分页作用域
00:04 +103: /Users/leeyi/project/imboy.pub/imboyapp/test/organization/human_directory_page_widget_test.dart: 宽屏部门与人员分栏，路径可以返回企业根且保留分页作用域
00:04 +104: /Users/leeyi/project/imboy.pub/imboyapp/test/organization/organization_leave_widget_test.dart: 交接拒绝保留指针、工作区和页面
00:04 +105: /Users/leeyi/project/imboy.pub/imboyapp/test/organization/organization_leave_widget_test.dart: 交接拒绝保留指针、工作区和页面
00:04 +106: /Users/leeyi/project/imboy.pub/imboyapp/test/organization/organization_leave_widget_test.dart: 交接拒绝保留指针、工作区和页面
00:04 +106: /Users/leeyi/project/imboy.pub/imboyapp/test/organization/organization_cs_governance_entry_test.dart: archived：管理员区整体不渲染（C16 只读口径）
*** Request ***
uri: http://127.0.0.1:9800/api/v1/organizations/7266418340025468901
method: GET
responseType: ResponseType.json
followRedirects: true
persistentConnection: true
connectTimeout: 0:01:00.000000
sendTimeout: 0:01:00.000000
receiveTimeout: 0:01:00.000000
transformTimeout: null
receiveDataWhenStatusError: true
extra: {}

*** Response ***
uri: http://127.0.0.1:9800/api/v1/organizations/7266418340025468901

*** Request ***
uri: http://127.0.0.1:9800/api/v1/organizations/7266418340025468901/default-workspace
method: GET
responseType: ResponseType.json
followRedirects: true
persistentConnection: true
connectTimeout: 0:01:00.000000
sendTimeout: 0:01:00.000000
receiveTimeout: 0:01:00.000000
transformTimeout: null
receiveDataWhenStatusError: true
extra: {}

*** Response ***
uri: http://127.0.0.1:9800/api/v1/organizations/7266418340025468901/default-workspace

00:04 +107: /Users/leeyi/project/imboy.pub/imboyapp/test/organization/organization_leave_widget_test.dart: 交接拒绝保留指针、工作区和页面
00:04 +108: /Users/leeyi/project/imboy.pub/imboyapp/test/organization/organization_leave_widget_test.dart: 交接拒绝保留指针、工作区和页面
00:04 +109: /Users/leeyi/project/imboy.pub/imboyapp/test/organization/organization_leave_widget_test.dart: 交接拒绝保留指针、工作区和页面
00:04 +110: /Users/leeyi/project/imboy.pub/imboyapp/test/organization/organization_leave_widget_test.dart: 交接拒绝保留指针、工作区和页面
00:04 +111: /Users/leeyi/project/imboy.pub/imboyapp/test/organization/organization_leave_widget_test.dart: 交接拒绝保留指针、工作区和页面
00:04 +112: /Users/leeyi/project/imboy.pub/imboyapp/test/organization/organization_leave_widget_test.dart: 交接拒绝保留指针、工作区和页面
00:04 +113: /Users/leeyi/project/imboy.pub/imboyapp/test/organization/organization_leave_widget_test.dart: 交接拒绝保留指针、工作区和页面
00:04 +114: /Users/leeyi/project/imboy.pub/imboyapp/test/organization/organization_leave_widget_test.dart: 交接拒绝保留指针、工作区和页面
00:04 +115: /Users/leeyi/project/imboy.pub/imboyapp/test/organization/organization_leave_widget_test.dart: 交接拒绝保留指针、工作区和页面
00:04 +116: /Users/leeyi/project/imboy.pub/imboyapp/test/organization/organization_leave_widget_test.dart: 交接拒绝保留指针、工作区和页面
00:04 +117: /Users/leeyi/project/imboy.pub/imboyapp/test/organization/organization_leave_widget_test.dart: 交接拒绝保留指针、工作区和页面
00:04 +118: /Users/leeyi/project/imboy.pub/imboyapp/test/organization/organization_leave_widget_test.dart: 交接拒绝保留指针、工作区和页面
00:04 +119: /Users/leeyi/project/imboy.pub/imboyapp/test/organization/organization_leave_widget_test.dart: 交接拒绝保留指针、工作区和页面
00:04 +120: /Users/leeyi/project/imboy.pub/imboyapp/test/organization/organization_leave_widget_test.dart: 交接拒绝保留指针、工作区和页面
00:04 +120: /Users/leeyi/project/imboy.pub/imboyapp/test/organization/org_manage_closure_test.dart: Org owner：工作区菜单四动作闭合
*** Request ***
uri: http://127.0.0.1:9800/api/v1/organizations/900
method: GET
responseType: ResponseType.json
followRedirects: true
persistentConnection: true
connectTimeout: 0:01:00.000000
sendTimeout: 0:01:00.000000
receiveTimeout: 0:01:00.000000
transformTimeout: null
receiveDataWhenStatusError: true
extra: {}

*** Response ***
uri: http://127.0.0.1:9800/api/v1/organizations/900

*** Request ***
uri: http://127.0.0.1:9800/api/v1/workspaces/mine?page=1&size=100
method: GET
responseType: ResponseType.json
followRedirects: true
persistentConnection: true
connectTimeout: 0:01:00.000000
sendTimeout: 0:01:00.000000
receiveTimeout: 0:01:00.000000
transformTimeout: null
receiveDataWhenStatusError: true
extra: {}

*** Response ***
uri: http://127.0.0.1:9800/api/v1/workspaces/mine?page=1&size=100

*** Request ***
uri: http://127.0.0.1:9800/api/v1/organizations/900/default-workspace
method: GET
responseType: ResponseType.json
followRedirects: true
persistentConnection: true
connectTimeout: 0:01:00.000000
sendTimeout: 0:01:00.000000
receiveTimeout: 0:01:00.000000
transformTimeout: null
receiveDataWhenStatusError: true
extra: {}

*** Response ***
uri: http://127.0.0.1:9800/api/v1/organizations/900/default-workspace

*** Request ***
uri: http://127.0.0.1:9800/api/v1/workspaces/801/groups
method: GET
responseType: ResponseType.json
followRedirects: true
persistentConnection: true
connectTimeout: 0:01:00.000000
sendTimeout: 0:01:00.000000
receiveTimeout: 0:01:00.000000
transformTimeout: null
receiveDataWhenStatusError: true
extra: {}

*** Response ***
uri: http://127.0.0.1:9800/api/v1/workspaces/801/groups

*** Request ***
uri: http://127.0.0.1:9800/api/v1/workspaces/801/channels?paged=1&limit=200&cursor=0
method: GET
responseType: ResponseType.json
followRedirects: true
persistentConnection: true
connectTimeout: 0:01:00.000000
sendTimeout: 0:01:00.000000
receiveTimeout: 0:01:00.000000
transformTimeout: null
receiveDataWhenStatusError: true
extra: {}

*** Response ***
uri: http://127.0.0.1:9800/api/v1/workspaces/801/channels?paged=1&limit=200&cursor=0

*** Request ***
uri: http://127.0.0.1:9800/api/v1/workspaces/801/channels?paged=1&limit=200&cursor=0&status=archived
method: GET
responseType: ResponseType.json
followRedirects: true
persistentConnection: true
connectTimeout: 0:01:00.000000
sendTimeout: 0:01:00.000000
receiveTimeout: 0:01:00.000000
transformTimeout: null
receiveDataWhenStatusError: true
extra: {}

*** Response ***
uri: http://127.0.0.1:9800/api/v1/workspaces/801/channels?paged=1&limit=200&cursor=0&status=archived

00:04 +121: /Users/leeyi/project/imboy.pub/imboyapp/test/organization/organization_leave_widget_test.dart: 交接拒绝保留指针、工作区和页面
00:04 +122: /Users/leeyi/project/imboy.pub/imboyapp/test/organization/organization_leave_widget_test.dart: 交接拒绝保留指针、工作区和页面
*** Request ***
uri: http://127.0.0.1:9800/api/v1/organizations/7001/members/1001/offboard
method: POST
responseType: ResponseType.json
followRedirects: true
persistentConnection: true
connectTimeout: 0:01:00.000000
sendTimeout: 0:01:00.000000
receiveTimeout: 0:01:00.000000
transformTimeout: null
receiveDataWhenStatusError: true
extra: {}

*** Response ***
uri: http://127.0.0.1:9800/api/v1/organizations/7001/members/1001/offboard

00:04 +123: /Users/leeyi/project/imboy.pub/imboyapp/test/organization/org_manage_closure_test.dart: Org owner：工作区菜单四动作闭合
00:04 +124: /Users/leeyi/project/imboy.pub/imboyapp/test/organization/org_manage_closure_test.dart: Org owner：工作区菜单四动作闭合
00:04 +124: /Users/leeyi/project/imboy.pub/imboyapp/test/organization/organization_leave_widget_test.dart: 成功退出清理本企业后返回企业列表
*** Request ***
uri: http://127.0.0.1:9800/api/v1/organizations/7001
method: GET
responseType: ResponseType.json
followRedirects: true
persistentConnection: true
connectTimeout: 0:01:00.000000
sendTimeout: 0:01:00.000000
receiveTimeout: 0:01:00.000000
transformTimeout: null
receiveDataWhenStatusError: true
extra: {}

*** Response ***
uri: http://127.0.0.1:9800/api/v1/organizations/7001

*** Request ***
uri: http://127.0.0.1:9800/api/v1/organizations/7001/default-workspace
method: GET
responseType: ResponseType.json
followRedirects: true
persistentConnection: true
connectTimeout: 0:01:00.000000
sendTimeout: 0:01:00.000000
receiveTimeout: 0:01:00.000000
transformTimeout: null
receiveDataWhenStatusError: true
extra: {}

*** Response ***
uri: http://127.0.0.1:9800/api/v1/organizations/7001/default-workspace

00:05 +125: /Users/leeyi/project/imboy.pub/imboyapp/test/organization/org_manage_closure_test.dart: Org owner：工作区菜单四动作闭合
00:05 +126: /Users/leeyi/project/imboy.pub/imboyapp/test/organization/organization_leave_widget_test.dart: 成功退出清理本企业后返回企业列表
00:05 +126: /Users/leeyi/project/imboy.pub/imboyapp/test/organization/org_manage_closure_test.dart: Workspace Owner：菜单动作保留，组织级动作不出现
*** Request ***
uri: http://127.0.0.1:9800/api/v1/organizations/900
method: GET
responseType: ResponseType.json
followRedirects: true
persistentConnection: true
connectTimeout: 0:01:00.000000
sendTimeout: 0:01:00.000000
receiveTimeout: 0:01:00.000000
transformTimeout: null
receiveDataWhenStatusError: true
extra: {}

*** Response ***
uri: http://127.0.0.1:9800/api/v1/organizations/900

*** Request ***
uri: http://127.0.0.1:9800/api/v1/workspaces/mine?page=1&size=100
method: GET
responseType: ResponseType.json
followRedirects: true
persistentConnection: true
connectTimeout: 0:01:00.000000
sendTimeout: 0:01:00.000000
receiveTimeout: 0:01:00.000000
transformTimeout: null
receiveDataWhenStatusError: true
extra: {}

*** Response ***
uri: http://127.0.0.1:9800/api/v1/workspaces/mine?page=1&size=100

*** Request ***
uri: http://127.0.0.1:9800/api/v1/organizations/900/default-workspace
method: GET
responseType: ResponseType.json
followRedirects: true
persistentConnection: true
connectTimeout: 0:01:00.000000
sendTimeout: 0:01:00.000000
receiveTimeout: 0:01:00.000000
transformTimeout: null
receiveDataWhenStatusError: true
extra: {}

*** Response ***
uri: http://127.0.0.1:9800/api/v1/organizations/900/default-workspace

*** Request ***
uri: http://127.0.0.1:9800/api/v1/workspaces/801/groups
method: GET
responseType: ResponseType.json
followRedirects: true
persistentConnection: true
connectTimeout: 0:01:00.000000
sendTimeout: 0:01:00.000000
receiveTimeout: 0:01:00.000000
transformTimeout: null
receiveDataWhenStatusError: true
extra: {}

*** Response ***
uri: http://127.0.0.1:9800/api/v1/workspaces/801/groups

*** Request ***
uri: http://127.0.0.1:9800/api/v1/workspaces/801/channels?paged=1&limit=200&cursor=0
method: GET
responseType: ResponseType.json
followRedirects: true
persistentConnection: true
connectTimeout: 0:01:00.000000
sendTimeout: 0:01:00.000000
receiveTimeout: 0:01:00.000000
transformTimeout: null
receiveDataWhenStatusError: true
extra: {}

*** Response ***
uri: http://127.0.0.1:9800/api/v1/workspaces/801/channels?paged=1&limit=200&cursor=0

*** Request ***
uri: http://127.0.0.1:9800/api/v1/workspaces/801/channels?paged=1&limit=200&cursor=0&status=archived
method: GET
responseType: ResponseType.json
followRedirects: true
persistentConnection: true
connectTimeout: 0:01:00.000000
sendTimeout: 0:01:00.000000
receiveTimeout: 0:01:00.000000
transformTimeout: null
receiveDataWhenStatusError: true
extra: {}

*** Response ***
uri: http://127.0.0.1:9800/api/v1/workspaces/801/channels?paged=1&limit=200&cursor=0&status=archived

00:05 +127: /Users/leeyi/project/imboy.pub/imboyapp/test/organization/organization_leave_widget_test.dart: 成功退出清理本企业后返回企业列表
00:05 +128: /Users/leeyi/project/imboy.pub/imboyapp/test/organization/organization_leave_widget_test.dart: 成功退出清理本企业后返回企业列表
00:05 +129: /Users/leeyi/project/imboy.pub/imboyapp/test/organization/organization_leave_widget_test.dart: 成功退出清理本企业后返回企业列表
00:05 +130: /Users/leeyi/project/imboy.pub/imboyapp/test/organization/organization_leave_widget_test.dart: 成功退出清理本企业后返回企业列表
00:05 +131: /Users/leeyi/project/imboy.pub/imboyapp/test/organization/organization_leave_widget_test.dart: 成功退出清理本企业后返回企业列表
00:05 +131: /Users/leeyi/project/imboy.pub/imboyapp/test/organization/org_manage_closure_test.dart: Org member（不拥有工作区）：无菜单入口
*** Request ***
uri: http://127.0.0.1:9800/api/v1/organizations/900
method: GET
responseType: ResponseType.json
followRedirects: true
persistentConnection: true
connectTimeout: 0:01:00.000000
sendTimeout: 0:01:00.000000
receiveTimeout: 0:01:00.000000
transformTimeout: null
receiveDataWhenStatusError: true
extra: {}

*** Response ***
uri: http://127.0.0.1:9800/api/v1/organizations/900

*** Request ***
uri: http://127.0.0.1:9800/api/v1/workspaces/mine?page=1&size=100
method: GET
responseType: ResponseType.json
followRedirects: true
persistentConnection: true
connectTimeout: 0:01:00.000000
sendTimeout: 0:01:00.000000
receiveTimeout: 0:01:00.000000
transformTimeout: null
receiveDataWhenStatusError: true
extra: {}

*** Response ***
uri: http://127.0.0.1:9800/api/v1/workspaces/mine?page=1&size=100

*** Request ***
uri: http://127.0.0.1:9800/api/v1/organizations/900/default-workspace
method: GET
responseType: ResponseType.json
followRedirects: true
persistentConnection: true
connectTimeout: 0:01:00.000000
sendTimeout: 0:01:00.000000
receiveTimeout: 0:01:00.000000
transformTimeout: null
receiveDataWhenStatusError: true
extra: {}

*** Response ***
uri: http://127.0.0.1:9800/api/v1/organizations/900/default-workspace

*** Request ***
uri: http://127.0.0.1:9800/api/v1/workspaces/801/groups
method: GET
responseType: ResponseType.json
followRedirects: true
persistentConnection: true
connectTimeout: 0:01:00.000000
sendTimeout: 0:01:00.000000
receiveTimeout: 0:01:00.000000
transformTimeout: null
receiveDataWhenStatusError: true
extra: {}

*** Response ***
uri: http://127.0.0.1:9800/api/v1/workspaces/801/groups

handleResponse_response /api/v1/workspaces/801/groups : false {"code":404,"msg":"not found"}; 
00:05 +132: /Users/leeyi/project/imboy.pub/imboyapp/test/organization/organization_leave_widget_test.dart: 成功退出清理本企业后返回企业列表
00:05 +133: /Users/leeyi/project/imboy.pub/imboyapp/test/organization/organization_leave_widget_test.dart: 成功退出清理本企业后返回企业列表
00:05 +133: /Users/leeyi/project/imboy.pub/imboyapp/test/organization/org_manage_closure_test.dart: 群/频道行菜单闭合（重命名/成员与角色/管理员/订阅者）
*** Request ***
uri: http://127.0.0.1:9800/api/v1/organizations/900
method: GET
responseType: ResponseType.json
followRedirects: true
persistentConnection: true
connectTimeout: 0:01:00.000000
sendTimeout: 0:01:00.000000
receiveTimeout: 0:01:00.000000
transformTimeout: null
receiveDataWhenStatusError: true
extra: {}

*** Response ***
uri: http://127.0.0.1:9800/api/v1/organizations/900

*** Request ***
uri: http://127.0.0.1:9800/api/v1/workspaces/mine?page=1&size=100
method: GET
responseType: ResponseType.json
followRedirects: true
persistentConnection: true
connectTimeout: 0:01:00.000000
sendTimeout: 0:01:00.000000
receiveTimeout: 0:01:00.000000
transformTimeout: null
receiveDataWhenStatusError: true
extra: {}

*** Response ***
uri: http://127.0.0.1:9800/api/v1/workspaces/mine?page=1&size=100

*** Request ***
uri: http://127.0.0.1:9800/api/v1/organizations/900/default-workspace
method: GET
responseType: ResponseType.json
followRedirects: true
persistentConnection: true
connectTimeout: 0:01:00.000000
sendTimeout: 0:01:00.000000
receiveTimeout: 0:01:00.000000
transformTimeout: null
receiveDataWhenStatusError: true
extra: {}

*** Response ***
uri: http://127.0.0.1:9800/api/v1/organizations/900/default-workspace

*** Request ***
uri: http://127.0.0.1:9800/api/v1/workspaces/801/groups
method: GET
responseType: ResponseType.json
followRedirects: true
persistentConnection: true
connectTimeout: 0:01:00.000000
sendTimeout: 0:01:00.000000
receiveTimeout: 0:01:00.000000
transformTimeout: null
receiveDataWhenStatusError: true
extra: {}

*** Response ***
uri: http://127.0.0.1:9800/api/v1/workspaces/801/groups

*** Request ***
uri: http://127.0.0.1:9800/api/v1/workspaces/801/channels?paged=1&limit=200&cursor=0
method: GET
responseType: ResponseType.json
followRedirects: true
persistentConnection: true
connectTimeout: 0:01:00.000000
sendTimeout: 0:01:00.000000
receiveTimeout: 0:01:00.000000
transformTimeout: null
receiveDataWhenStatusError: true
extra: {}

*** Response ***
uri: http://127.0.0.1:9800/api/v1/workspaces/801/channels?paged=1&limit=200&cursor=0

*** Request ***
uri: http://127.0.0.1:9800/api/v1/workspaces/801/channels?paged=1&limit=200&cursor=0&status=archived
method: GET
responseType: ResponseType.json
followRedirects: true
persistentConnection: true
connectTimeout: 0:01:00.000000
sendTimeout: 0:01:00.000000
receiveTimeout: 0:01:00.000000
transformTimeout: null
receiveDataWhenStatusError: true
extra: {}

*** Response ***
uri: http://127.0.0.1:9800/api/v1/workspaces/801/channels?paged=1&limit=200&cursor=0&status=archived

00:05 +134: /Users/leeyi/project/imboy.pub/imboyapp/test/organization/organization_leave_widget_test.dart: 成功退出清理本企业后返回企业列表
00:05 +135: /Users/leeyi/project/imboy.pub/imboyapp/test/organization/organization_leave_widget_test.dart: 成功退出清理本企业后返回企业列表
00:05 +136: /Users/leeyi/project/imboy.pub/imboyapp/test/organization/organization_leave_widget_test.dart: 成功退出清理本企业后返回企业列表
00:05 +136: /Users/leeyi/project/imboy.pub/imboyapp/test/organization/org_manage_closure_test.dart: 写后读：工作区重命名成功后回到服务端事实（mine 二次读取）
*** Request ***
uri: http://127.0.0.1:9800/api/v1/organizations/900
method: GET
responseType: ResponseType.json
followRedirects: true
persistentConnection: true
connectTimeout: 0:01:00.000000
sendTimeout: 0:01:00.000000
receiveTimeout: 0:01:00.000000
transformTimeout: null
receiveDataWhenStatusError: true
extra: {}

*** Response ***
uri: http://127.0.0.1:9800/api/v1/organizations/900

*** Request ***
uri: http://127.0.0.1:9800/api/v1/workspaces/mine?page=1&size=100
method: GET
responseType: ResponseType.json
followRedirects: true
persistentConnection: true
connectTimeout: 0:01:00.000000
sendTimeout: 0:01:00.000000
receiveTimeout: 0:01:00.000000
transformTimeout: null
receiveDataWhenStatusError: true
extra: {}

*** Response ***
uri: http://127.0.0.1:9800/api/v1/workspaces/mine?page=1&size=100

*** Request ***
uri: http://127.0.0.1:9800/api/v1/organizations/900/default-workspace
method: GET
responseType: ResponseType.json
followRedirects: true
persistentConnection: true
connectTimeout: 0:01:00.000000
sendTimeout: 0:01:00.000000
receiveTimeout: 0:01:00.000000
transformTimeout: null
receiveDataWhenStatusError: true
extra: {}

*** Response ***
uri: http://127.0.0.1:9800/api/v1/organizations/900/default-workspace

*** Request ***
uri: http://127.0.0.1:9800/api/v1/workspaces/801/groups
method: GET
responseType: ResponseType.json
followRedirects: true
persistentConnection: true
connectTimeout: 0:01:00.000000
sendTimeout: 0:01:00.000000
receiveTimeout: 0:01:00.000000
transformTimeout: null
receiveDataWhenStatusError: true
extra: {}

*** Response ***
uri: http://127.0.0.1:9800/api/v1/workspaces/801/groups

*** Request ***
uri: http://127.0.0.1:9800/api/v1/workspaces/801/channels?paged=1&limit=200&cursor=0
method: GET
responseType: ResponseType.json
followRedirects: true
persistentConnection: true
connectTimeout: 0:01:00.000000
sendTimeout: 0:01:00.000000
receiveTimeout: 0:01:00.000000
transformTimeout: null
receiveDataWhenStatusError: true
extra: {}

*** Response ***
uri: http://127.0.0.1:9800/api/v1/workspaces/801/channels?paged=1&limit=200&cursor=0

*** Request ***
uri: http://127.0.0.1:9800/api/v1/workspaces/801/channels?paged=1&limit=200&cursor=0&status=archived
method: GET
responseType: ResponseType.json
followRedirects: true
persistentConnection: true
connectTimeout: 0:01:00.000000
sendTimeout: 0:01:00.000000
receiveTimeout: 0:01:00.000000
transformTimeout: null
receiveDataWhenStatusError: true
extra: {}

*** Response ***
uri: http://127.0.0.1:9800/api/v1/workspaces/801/channels?paged=1&limit=200&cursor=0&status=archived

00:05 +137: /Users/leeyi/project/imboy.pub/imboyapp/test/organization/organization_leave_widget_test.dart: 成功退出清理本企业后返回企业列表
00:05 +138: /Users/leeyi/project/imboy.pub/imboyapp/test/organization/organization_leave_widget_test.dart: 成功退出清理本企业后返回企业列表
00:05 +138: /Users/leeyi/project/imboy.pub/imboyapp/test/organization/org_manage_closure_test.dart: 写后读：工作区重命名成功后回到服务端事实（mine 二次读取）
*** Request ***
uri: http://127.0.0.1:9800/api/v1/workspaces/801/update
method: POST
responseType: ResponseType.json
followRedirects: true
persistentConnection: true
connectTimeout: 0:01:00.000000
sendTimeout: 0:01:00.000000
receiveTimeout: 0:01:00.000000
transformTimeout: null
receiveDataWhenStatusError: true
extra: {}

*** Response ***
uri: http://127.0.0.1:9800/api/v1/workspaces/801/update

*** Request ***
uri: http://127.0.0.1:9800/api/v1/organizations/900
method: GET
responseType: ResponseType.json
followRedirects: true
persistentConnection: true
connectTimeout: 0:01:00.000000
sendTimeout: 0:01:00.000000
receiveTimeout: 0:01:00.000000
transformTimeout: null
receiveDataWhenStatusError: true
extra: {}

*** Response ***
uri: http://127.0.0.1:9800/api/v1/organizations/900

*** Request ***
uri: http://127.0.0.1:9800/api/v1/workspaces/mine?page=1&size=100
method: GET
responseType: ResponseType.json
followRedirects: true
persistentConnection: true
connectTimeout: 0:01:00.000000
sendTimeout: 0:01:00.000000
receiveTimeout: 0:01:00.000000
transformTimeout: null
receiveDataWhenStatusError: true
extra: {}

*** Response ***
uri: http://127.0.0.1:9800/api/v1/workspaces/mine?page=1&size=100

*** Request ***
uri: http://127.0.0.1:9800/api/v1/organizations/900/default-workspace
method: GET
responseType: ResponseType.json
followRedirects: true
persistentConnection: true
connectTimeout: 0:01:00.000000
sendTimeout: 0:01:00.000000
receiveTimeout: 0:01:00.000000
transformTimeout: null
receiveDataWhenStatusError: true
extra: {}

*** Response ***
uri: http://127.0.0.1:9800/api/v1/organizations/900/default-workspace

*** Request ***
uri: http://127.0.0.1:9800/api/v1/workspaces/801/groups
method: GET
responseType: ResponseType.json
followRedirects: true
persistentConnection: true
connectTimeout: 0:01:00.000000
sendTimeout: 0:01:00.000000
receiveTimeout: 0:01:00.000000
transformTimeout: null
receiveDataWhenStatusError: true
extra: {}

*** Response ***
uri: http://127.0.0.1:9800/api/v1/workspaces/801/groups

*** Request ***
uri: http://127.0.0.1:9800/api/v1/workspaces/801/channels?paged=1&limit=200&cursor=0
method: GET
responseType: ResponseType.json
followRedirects: true
persistentConnection: true
connectTimeout: 0:01:00.000000
sendTimeout: 0:01:00.000000
receiveTimeout: 0:01:00.000000
transformTimeout: null
receiveDataWhenStatusError: true
extra: {}

*** Response ***
uri: http://127.0.0.1:9800/api/v1/workspaces/801/channels?paged=1&limit=200&cursor=0

*** Request ***
uri: http://127.0.0.1:9800/api/v1/workspaces/801/channels?paged=1&limit=200&cursor=0&status=archived
method: GET
responseType: ResponseType.json
followRedirects: true
persistentConnection: true
connectTimeout: 0:01:00.000000
sendTimeout: 0:01:00.000000
receiveTimeout: 0:01:00.000000
transformTimeout: null
receiveDataWhenStatusError: true
extra: {}

*** Response ***
uri: http://127.0.0.1:9800/api/v1/workspaces/801/channels?paged=1&limit=200&cursor=0&status=archived

00:05 +139: /Users/leeyi/project/imboy.pub/imboyapp/test/organization/organization_leave_widget_test.dart: 成功退出清理本企业后返回企业列表
00:05 +139: /Users/leeyi/project/imboy.pub/imboyapp/test/organization/org_manage_closure_test.dart: 写后读：群重命名成功后 groups 二次读取
*** Request ***
uri: http://127.0.0.1:9800/api/v1/organizations/900
method: GET
responseType: ResponseType.json
followRedirects: true
persistentConnection: true
connectTimeout: 0:01:00.000000
sendTimeout: 0:01:00.000000
receiveTimeout: 0:01:00.000000
transformTimeout: null
receiveDataWhenStatusError: true
extra: {}

*** Response ***
uri: http://127.0.0.1:9800/api/v1/organizations/900

*** Request ***
uri: http://127.0.0.1:9800/api/v1/workspaces/mine?page=1&size=100
method: GET
responseType: ResponseType.json
followRedirects: true
persistentConnection: true
connectTimeout: 0:01:00.000000
sendTimeout: 0:01:00.000000
receiveTimeout: 0:01:00.000000
transformTimeout: null
receiveDataWhenStatusError: true
extra: {}

*** Response ***
uri: http://127.0.0.1:9800/api/v1/workspaces/mine?page=1&size=100

*** Request ***
uri: http://127.0.0.1:9800/api/v1/organizations/900/default-workspace
method: GET
responseType: ResponseType.json
followRedirects: true
persistentConnection: true
connectTimeout: 0:01:00.000000
sendTimeout: 0:01:00.000000
receiveTimeout: 0:01:00.000000
transformTimeout: null
receiveDataWhenStatusError: true
extra: {}

*** Response ***
uri: http://127.0.0.1:9800/api/v1/organizations/900/default-workspace

*** Request ***
uri: http://127.0.0.1:9800/api/v1/workspaces/801/groups
method: GET
responseType: ResponseType.json
followRedirects: true
persistentConnection: true
connectTimeout: 0:01:00.000000
sendTimeout: 0:01:00.000000
receiveTimeout: 0:01:00.000000
transformTimeout: null
receiveDataWhenStatusError: true
extra: {}

*** Response ***
uri: http://127.0.0.1:9800/api/v1/workspaces/801/groups

*** Request ***
uri: http://127.0.0.1:9800/api/v1/workspaces/801/channels?paged=1&limit=200&cursor=0
method: GET
responseType: ResponseType.json
followRedirects: true
persistentConnection: true
connectTimeout: 0:01:00.000000
sendTimeout: 0:01:00.000000
receiveTimeout: 0:01:00.000000
transformTimeout: null
receiveDataWhenStatusError: true
extra: {}

*** Response ***
uri: http://127.0.0.1:9800/api/v1/workspaces/801/channels?paged=1&limit=200&cursor=0

*** Request ***
uri: http://127.0.0.1:9800/api/v1/workspaces/801/channels?paged=1&limit=200&cursor=0&status=archived
method: GET
responseType: ResponseType.json
followRedirects: true
persistentConnection: true
connectTimeout: 0:01:00.000000
sendTimeout: 0:01:00.000000
receiveTimeout: 0:01:00.000000
transformTimeout: null
receiveDataWhenStatusError: true
extra: {}

*** Response ***
uri: http://127.0.0.1:9800/api/v1/workspaces/801/channels?paged=1&limit=200&cursor=0&status=archived

00:05 +140: /Users/leeyi/project/imboy.pub/imboyapp/test/organization/organization_leave_widget_test.dart: 成功退出清理本企业后返回企业列表
00:05 +141: /Users/leeyi/project/imboy.pub/imboyapp/test/organization/organization_leave_widget_test.dart: 成功退出清理本企业后返回企业列表
00:05 +141: /Users/leeyi/project/imboy.pub/imboyapp/test/organization/org_manage_closure_test.dart: 写后读：群重命名成功后 groups 二次读取
*** Request ***
uri: http://127.0.0.1:9800/api/v1/group/edit
method: POST
responseType: ResponseType.json
followRedirects: true
persistentConnection: true
connectTimeout: 0:01:00.000000
sendTimeout: 0:01:00.000000
receiveTimeout: 0:01:00.000000
transformTimeout: null
receiveDataWhenStatusError: true
extra: {}

*** Response ***
uri: http://127.0.0.1:9800/api/v1/group/edit

*** Request ***
uri: http://127.0.0.1:9800/api/v1/organizations/900
method: GET
responseType: ResponseType.json
followRedirects: true
persistentConnection: true
connectTimeout: 0:01:00.000000
sendTimeout: 0:01:00.000000
receiveTimeout: 0:01:00.000000
transformTimeout: null
receiveDataWhenStatusError: true
extra: {}

*** Response ***
uri: http://127.0.0.1:9800/api/v1/organizations/900

*** Request ***
uri: http://127.0.0.1:9800/api/v1/workspaces/mine?page=1&size=100
method: GET
responseType: ResponseType.json
followRedirects: true
persistentConnection: true
connectTimeout: 0:01:00.000000
sendTimeout: 0:01:00.000000
receiveTimeout: 0:01:00.000000
transformTimeout: null
receiveDataWhenStatusError: true
extra: {}

*** Response ***
uri: http://127.0.0.1:9800/api/v1/workspaces/mine?page=1&size=100

*** Request ***
uri: http://127.0.0.1:9800/api/v1/organizations/900/default-workspace
method: GET
responseType: ResponseType.json
followRedirects: true
persistentConnection: true
connectTimeout: 0:01:00.000000
sendTimeout: 0:01:00.000000
receiveTimeout: 0:01:00.000000
transformTimeout: null
receiveDataWhenStatusError: true
extra: {}

*** Response ***
uri: http://127.0.0.1:9800/api/v1/organizations/900/default-workspace

*** Request ***
uri: http://127.0.0.1:9800/api/v1/workspaces/801/groups
method: GET
responseType: ResponseType.json
followRedirects: true
persistentConnection: true
connectTimeout: 0:01:00.000000
sendTimeout: 0:01:00.000000
receiveTimeout: 0:01:00.000000
transformTimeout: null
receiveDataWhenStatusError: true
extra: {}

*** Response ***
uri: http://127.0.0.1:9800/api/v1/workspaces/801/groups

*** Request ***
uri: http://127.0.0.1:9800/api/v1/workspaces/801/channels?paged=1&limit=200&cursor=0
method: GET
responseType: ResponseType.json
followRedirects: true
persistentConnection: true
connectTimeout: 0:01:00.000000
sendTimeout: 0:01:00.000000
receiveTimeout: 0:01:00.000000
transformTimeout: null
receiveDataWhenStatusError: true
extra: {}

*** Response ***
uri: http://127.0.0.1:9800/api/v1/workspaces/801/channels?paged=1&limit=200&cursor=0

*** Request ***
uri: http://127.0.0.1:9800/api/v1/workspaces/801/channels?paged=1&limit=200&cursor=0&status=archived
method: GET
responseType: ResponseType.json
followRedirects: true
persistentConnection: true
connectTimeout: 0:01:00.000000
sendTimeout: 0:01:00.000000
receiveTimeout: 0:01:00.000000
transformTimeout: null
receiveDataWhenStatusError: true
extra: {}

*** Response ***
uri: http://127.0.0.1:9800/api/v1/workspaces/801/channels?paged=1&limit=200&cursor=0&status=archived

00:05 +142: /Users/leeyi/project/imboy.pub/imboyapp/test/organization/organization_leave_widget_test.dart: 成功退出清理本企业后返回企业列表
00:05 +143: /Users/leeyi/project/imboy.pub/imboyapp/test/organization/organization_leave_widget_test.dart: 成功退出清理本企业后返回企业列表
00:05 +143: /Users/leeyi/project/imboy.pub/imboyapp/test/organization/org_manage_closure_test.dart: 深链：群「成员与角色」落到既有群详情路由
*** Request ***
uri: http://127.0.0.1:9800/api/v1/organizations/900
method: GET
responseType: ResponseType.json
followRedirects: true
persistentConnection: true
connectTimeout: 0:01:00.000000
sendTimeout: 0:01:00.000000
receiveTimeout: 0:01:00.000000
transformTimeout: null
receiveDataWhenStatusError: true
extra: {}

*** Response ***
uri: http://127.0.0.1:9800/api/v1/organizations/900

*** Request ***
uri: http://127.0.0.1:9800/api/v1/workspaces/mine?page=1&size=100
method: GET
responseType: ResponseType.json
followRedirects: true
persistentConnection: true
connectTimeout: 0:01:00.000000
sendTimeout: 0:01:00.000000
receiveTimeout: 0:01:00.000000
transformTimeout: null
receiveDataWhenStatusError: true
extra: {}

*** Response ***
uri: http://127.0.0.1:9800/api/v1/workspaces/mine?page=1&size=100

*** Request ***
uri: http://127.0.0.1:9800/api/v1/organizations/900/default-workspace
method: GET
responseType: ResponseType.json
followRedirects: true
persistentConnection: true
connectTimeout: 0:01:00.000000
sendTimeout: 0:01:00.000000
receiveTimeout: 0:01:00.000000
transformTimeout: null
receiveDataWhenStatusError: true
extra: {}

*** Response ***
uri: http://127.0.0.1:9800/api/v1/organizations/900/default-workspace

*** Request ***
uri: http://127.0.0.1:9800/api/v1/workspaces/801/groups
method: GET
responseType: ResponseType.json
followRedirects: true
persistentConnection: true
connectTimeout: 0:01:00.000000
sendTimeout: 0:01:00.000000
receiveTimeout: 0:01:00.000000
transformTimeout: null
receiveDataWhenStatusError: true
extra: {}

*** Response ***
uri: http://127.0.0.1:9800/api/v1/workspaces/801/groups

*** Request ***
uri: http://127.0.0.1:9800/api/v1/workspaces/801/channels?paged=1&limit=200&cursor=0
method: GET
responseType: ResponseType.json
followRedirects: true
persistentConnection: true
connectTimeout: 0:01:00.000000
sendTimeout: 0:01:00.000000
receiveTimeout: 0:01:00.000000
transformTimeout: null
receiveDataWhenStatusError: true
extra: {}

*** Response ***
uri: http://127.0.0.1:9800/api/v1/workspaces/801/channels?paged=1&limit=200&cursor=0

*** Request ***
uri: http://127.0.0.1:9800/api/v1/workspaces/801/channels?paged=1&limit=200&cursor=0&status=archived
method: GET
responseType: ResponseType.json
followRedirects: true
persistentConnection: true
connectTimeout: 0:01:00.000000
sendTimeout: 0:01:00.000000
receiveTimeout: 0:01:00.000000
transformTimeout: null
receiveDataWhenStatusError: true
extra: {}

*** Response ***
uri: http://127.0.0.1:9800/api/v1/workspaces/801/channels?paged=1&limit=200&cursor=0&status=archived

00:06 +144: /Users/leeyi/project/imboy.pub/imboyapp/test/organization/organization_leave_widget_test.dart: 成功退出清理本企业后返回企业列表
00:06 +145: /Users/leeyi/project/imboy.pub/imboyapp/test/organization/organization_leave_widget_test.dart: 成功退出清理本企业后返回企业列表
00:06 +146: /Users/leeyi/project/imboy.pub/imboyapp/test/organization/organization_leave_widget_test.dart: 成功退出清理本企业后返回企业列表
00:06 +146: /Users/leeyi/project/imboy.pub/imboyapp/test/organization/org_manage_closure_test.dart: 深链：频道「管理员」落到既有 channel admins 子路由
*** Request ***
uri: http://127.0.0.1:9800/api/v1/organizations/900
method: GET
responseType: ResponseType.json
followRedirects: true
persistentConnection: true
connectTimeout: 0:01:00.000000
sendTimeout: 0:01:00.000000
receiveTimeout: 0:01:00.000000
transformTimeout: null
receiveDataWhenStatusError: true
extra: {}

*** Response ***
uri: http://127.0.0.1:9800/api/v1/organizations/900

*** Request ***
uri: http://127.0.0.1:9800/api/v1/workspaces/mine?page=1&size=100
method: GET
responseType: ResponseType.json
followRedirects: true
persistentConnection: true
connectTimeout: 0:01:00.000000
sendTimeout: 0:01:00.000000
receiveTimeout: 0:01:00.000000
transformTimeout: null
receiveDataWhenStatusError: true
extra: {}

*** Response ***
uri: http://127.0.0.1:9800/api/v1/workspaces/mine?page=1&size=100

*** Request ***
uri: http://127.0.0.1:9800/api/v1/organizations/900/default-workspace
method: GET
responseType: ResponseType.json
followRedirects: true
persistentConnection: true
connectTimeout: 0:01:00.000000
sendTimeout: 0:01:00.000000
receiveTimeout: 0:01:00.000000
transformTimeout: null
receiveDataWhenStatusError: true
extra: {}

*** Response ***
uri: http://127.0.0.1:9800/api/v1/organizations/900/default-workspace

*** Request ***
uri: http://127.0.0.1:9800/api/v1/workspaces/801/groups
method: GET
responseType: ResponseType.json
followRedirects: true
persistentConnection: true
connectTimeout: 0:01:00.000000
sendTimeout: 0:01:00.000000
receiveTimeout: 0:01:00.000000
transformTimeout: null
receiveDataWhenStatusError: true
extra: {}

*** Response ***
uri: http://127.0.0.1:9800/api/v1/workspaces/801/groups

*** Request ***
uri: http://127.0.0.1:9800/api/v1/workspaces/801/channels?paged=1&limit=200&cursor=0
method: GET
responseType: ResponseType.json
followRedirects: true
persistentConnection: true
connectTimeout: 0:01:00.000000
sendTimeout: 0:01:00.000000
receiveTimeout: 0:01:00.000000
transformTimeout: null
receiveDataWhenStatusError: true
extra: {}

*** Response ***
uri: http://127.0.0.1:9800/api/v1/workspaces/801/channels?paged=1&limit=200&cursor=0

*** Request ***
uri: http://127.0.0.1:9800/api/v1/workspaces/801/channels?paged=1&limit=200&cursor=0&status=archived
method: GET
responseType: ResponseType.json
followRedirects: true
persistentConnection: true
connectTimeout: 0:01:00.000000
sendTimeout: 0:01:00.000000
receiveTimeout: 0:01:00.000000
transformTimeout: null
receiveDataWhenStatusError: true
extra: {}

*** Response ***
uri: http://127.0.0.1:9800/api/v1/workspaces/801/channels?paged=1&limit=200&cursor=0&status=archived

00:06 +147: /Users/leeyi/project/imboy.pub/imboyapp/test/organization/organization_leave_widget_test.dart: 成功退出清理本企业后返回企业列表
*** Request ***
uri: http://127.0.0.1:9800/api/v1/organizations/7001/members/1001/offboard
method: POST
responseType: ResponseType.json
followRedirects: true
persistentConnection: true
connectTimeout: 0:01:00.000000
sendTimeout: 0:01:00.000000
receiveTimeout: 0:01:00.000000
transformTimeout: null
receiveDataWhenStatusError: true
extra: {}

*** Response ***
uri: http://127.0.0.1:9800/api/v1/organizations/7001/members/1001/offboard

00:06 +147: /Users/leeyi/project/imboy.pub/imboyapp/test/organization/org_manage_closure_test.dart: 深链：工作区「成员治理」落到 org 模块 ws 成员面
*** Request ***
uri: http://127.0.0.1:9800/api/v1/organizations/900
method: GET
responseType: ResponseType.json
followRedirects: true
persistentConnection: true
connectTimeout: 0:01:00.000000
sendTimeout: 0:01:00.000000
receiveTimeout: 0:01:00.000000
transformTimeout: null
receiveDataWhenStatusError: true
extra: {}

*** Response ***
uri: http://127.0.0.1:9800/api/v1/organizations/900

*** Request ***
uri: http://127.0.0.1:9800/api/v1/workspaces/mine?page=1&size=100
method: GET
responseType: ResponseType.json
followRedirects: true
persistentConnection: true
connectTimeout: 0:01:00.000000
sendTimeout: 0:01:00.000000
receiveTimeout: 0:01:00.000000
transformTimeout: null
receiveDataWhenStatusError: true
extra: {}

*** Response ***
uri: http://127.0.0.1:9800/api/v1/workspaces/mine?page=1&size=100

*** Request ***
uri: http://127.0.0.1:9800/api/v1/organizations/900/default-workspace
method: GET
responseType: ResponseType.json
followRedirects: true
persistentConnection: true
connectTimeout: 0:01:00.000000
sendTimeout: 0:01:00.000000
receiveTimeout: 0:01:00.000000
transformTimeout: null
receiveDataWhenStatusError: true
extra: {}

*** Response ***
uri: http://127.0.0.1:9800/api/v1/organizations/900/default-workspace

*** Request ***
uri: http://127.0.0.1:9800/api/v1/workspaces/801/groups
method: GET
responseType: ResponseType.json
followRedirects: true
persistentConnection: true
connectTimeout: 0:01:00.000000
sendTimeout: 0:01:00.000000
receiveTimeout: 0:01:00.000000
transformTimeout: null
receiveDataWhenStatusError: true
extra: {}

*** Response ***
uri: http://127.0.0.1:9800/api/v1/workspaces/801/groups

*** Request ***
uri: http://127.0.0.1:9800/api/v1/workspaces/801/channels?paged=1&limit=200&cursor=0
method: GET
responseType: ResponseType.json
followRedirects: true
persistentConnection: true
connectTimeout: 0:01:00.000000
sendTimeout: 0:01:00.000000
receiveTimeout: 0:01:00.000000
transformTimeout: null
receiveDataWhenStatusError: true
extra: {}

*** Response ***
uri: http://127.0.0.1:9800/api/v1/workspaces/801/channels?paged=1&limit=200&cursor=0

*** Request ***
uri: http://127.0.0.1:9800/api/v1/workspaces/801/channels?paged=1&limit=200&cursor=0&status=archived
method: GET
responseType: ResponseType.json
followRedirects: true
persistentConnection: true
connectTimeout: 0:01:00.000000
sendTimeout: 0:01:00.000000
receiveTimeout: 0:01:00.000000
transformTimeout: null
receiveDataWhenStatusError: true
extra: {}

*** Response ***
uri: http://127.0.0.1:9800/api/v1/workspaces/801/channels?paged=1&limit=200&cursor=0&status=archived

00:06 +148: /Users/leeyi/project/imboy.pub/imboyapp/test/organization/ent_ux02_target_size_overflow_test.dart: 治理页：320×568 目标尺寸渲染无溢出
00:06 +148: /Users/leeyi/project/imboy.pub/imboyapp/test/organization/organization_leave_widget_test.dart: 负责人显示交接提示、不调用退出接口
*** Request ***
uri: http://127.0.0.1:9800/api/v1/organizations/7001
method: GET
responseType: ResponseType.json
followRedirects: true
persistentConnection: true
connectTimeout: 0:01:00.000000
sendTimeout: 0:01:00.000000
receiveTimeout: 0:01:00.000000
transformTimeout: null
receiveDataWhenStatusError: true
extra: {}

*** Response ***
uri: http://127.0.0.1:9800/api/v1/organizations/7001

*** Request ***
uri: http://127.0.0.1:9800/api/v1/organizations/7001/default-workspace
method: GET
responseType: ResponseType.json
followRedirects: true
persistentConnection: true
connectTimeout: 0:01:00.000000
sendTimeout: 0:01:00.000000
receiveTimeout: 0:01:00.000000
transformTimeout: null
receiveDataWhenStatusError: true
extra: {}

*** Response ***
uri: http://127.0.0.1:9800/api/v1/organizations/7001/default-workspace

00:06 +149: /Users/leeyi/project/imboy.pub/imboyapp/test/organization/ent_ux02_target_size_overflow_test.dart: 治理页：320×568 目标尺寸渲染无溢出
00:06 +149: /Users/leeyi/project/imboy.pub/imboyapp/test/organization/organization_manage_page_widget_test.dart: 角色裁剪：既非管理者也不拥有工作区时全只读
*** Request ***
uri: http://127.0.0.1:9800/api/v1/organizations/900
method: GET
responseType: ResponseType.json
followRedirects: true
persistentConnection: true
connectTimeout: 0:01:00.000000
sendTimeout: 0:01:00.000000
receiveTimeout: 0:01:00.000000
transformTimeout: null
receiveDataWhenStatusError: true
extra: {}

*** Response ***
uri: http://127.0.0.1:9800/api/v1/organizations/900

*** Request ***
uri: http://127.0.0.1:9800/api/v1/workspaces/mine?page=1&size=100
method: GET
responseType: ResponseType.json
followRedirects: true
persistentConnection: true
connectTimeout: 0:01:00.000000
sendTimeout: 0:01:00.000000
receiveTimeout: 0:01:00.000000
transformTimeout: null
receiveDataWhenStatusError: true
extra: {}

*** Response ***
uri: http://127.0.0.1:9800/api/v1/workspaces/mine?page=1&size=100

*** Request ***
uri: http://127.0.0.1:9800/api/v1/organizations/900/default-workspace
method: GET
responseType: ResponseType.json
followRedirects: true
persistentConnection: true
connectTimeout: 0:01:00.000000
sendTimeout: 0:01:00.000000
receiveTimeout: 0:01:00.000000
transformTimeout: null
receiveDataWhenStatusError: true
extra: {}

*** Response ***
uri: http://127.0.0.1:9800/api/v1/organizations/900/default-workspace

*** Request ***
uri: http://127.0.0.1:9800/api/v1/workspaces/801/groups
method: GET
responseType: ResponseType.json
followRedirects: true
persistentConnection: true
connectTimeout: 0:01:00.000000
sendTimeout: 0:01:00.000000
receiveTimeout: 0:01:00.000000
transformTimeout: null
receiveDataWhenStatusError: true
extra: {}

*** Response ***
uri: http://127.0.0.1:9800/api/v1/workspaces/801/groups

*** Request ***
uri: http://127.0.0.1:9800/api/v1/workspaces/801/channels?paged=1&limit=200&cursor=0
method: GET
responseType: ResponseType.json
followRedirects: true
persistentConnection: true
connectTimeout: 0:01:00.000000
sendTimeout: 0:01:00.000000
receiveTimeout: 0:01:00.000000
transformTimeout: null
receiveDataWhenStatusError: true
extra: {}

*** Response ***
uri: http://127.0.0.1:9800/api/v1/workspaces/801/channels?paged=1&limit=200&cursor=0

*** Request ***
uri: http://127.0.0.1:9800/api/v1/workspaces/801/channels?paged=1&limit=200&cursor=0&status=archived
method: GET
responseType: ResponseType.json
followRedirects: true
persistentConnection: true
connectTimeout: 0:01:00.000000
sendTimeout: 0:01:00.000000
receiveTimeout: 0:01:00.000000
transformTimeout: null
receiveDataWhenStatusError: true
extra: {}

*** Response ***
uri: http://127.0.0.1:9800/api/v1/workspaces/801/channels?paged=1&limit=200&cursor=0&status=archived

00:06 +149: /Users/leeyi/project/imboy.pub/imboyapp/test/organization/ent_ux02_target_size_overflow_test.dart: 治理页：320×568 目标尺寸渲染无溢出
*** Request ***
uri: http://127.0.0.1:9800/api/v1/cs/organizations/7266418340025468951/seat-limit
method: GET
responseType: ResponseType.json
followRedirects: true
persistentConnection: true
connectTimeout: 0:01:00.000000
sendTimeout: 0:01:00.000000
receiveTimeout: 0:01:00.000000
transformTimeout: null
receiveDataWhenStatusError: true
extra: {}

*** Response ***
uri: http://127.0.0.1:9800/api/v1/cs/organizations/7266418340025468951/seat-limit

handleResponse_response /api/v1/cs/organizations/7266418340025468951/seat-limit : true ; 
00:06 +150: /Users/leeyi/project/imboy.pub/imboyapp/test/organization/ent_ux02_target_size_overflow_test.dart: 治理页：320×568 目标尺寸渲染无溢出
00:06 +150: /Users/leeyi/project/imboy.pub/imboyapp/test/organization/organization_manage_page_widget_test.dart: WS Owner（非组织管理者）：只看到自己拥有的工作区，且无组织级动作
*** Request ***
uri: http://127.0.0.1:9800/api/v1/organizations/900
method: GET
responseType: ResponseType.json
followRedirects: true
persistentConnection: true
connectTimeout: 0:01:00.000000
sendTimeout: 0:01:00.000000
receiveTimeout: 0:01:00.000000
transformTimeout: null
receiveDataWhenStatusError: true
extra: {}

*** Response ***
uri: http://127.0.0.1:9800/api/v1/organizations/900

*** Request ***
uri: http://127.0.0.1:9800/api/v1/workspaces/mine?page=1&size=100
method: GET
responseType: ResponseType.json
followRedirects: true
persistentConnection: true
connectTimeout: 0:01:00.000000
sendTimeout: 0:01:00.000000
receiveTimeout: 0:01:00.000000
transformTimeout: null
receiveDataWhenStatusError: true
extra: {}

*** Response ***
uri: http://127.0.0.1:9800/api/v1/workspaces/mine?page=1&size=100

*** Request ***
uri: http://127.0.0.1:9800/api/v1/organizations/900/default-workspace
method: GET
responseType: ResponseType.json
followRedirects: true
persistentConnection: true
connectTimeout: 0:01:00.000000
sendTimeout: 0:01:00.000000
receiveTimeout: 0:01:00.000000
transformTimeout: null
receiveDataWhenStatusError: true
extra: {}

*** Response ***
uri: http://127.0.0.1:9800/api/v1/organizations/900/default-workspace

*** Request ***
uri: http://127.0.0.1:9800/api/v1/workspaces/801/groups
method: GET
responseType: ResponseType.json
followRedirects: true
persistentConnection: true
connectTimeout: 0:01:00.000000
sendTimeout: 0:01:00.000000
receiveTimeout: 0:01:00.000000
transformTimeout: null
receiveDataWhenStatusError: true
extra: {}

*** Response ***
uri: http://127.0.0.1:9800/api/v1/workspaces/801/groups

*** Request ***
uri: http://127.0.0.1:9800/api/v1/workspaces/801/channels?paged=1&limit=200&cursor=0
method: GET
responseType: ResponseType.json
followRedirects: true
persistentConnection: true
connectTimeout: 0:01:00.000000
sendTimeout: 0:01:00.000000
receiveTimeout: 0:01:00.000000
transformTimeout: null
receiveDataWhenStatusError: true
extra: {}

*** Response ***
uri: http://127.0.0.1:9800/api/v1/workspaces/801/channels?paged=1&limit=200&cursor=0

*** Request ***
uri: http://127.0.0.1:9800/api/v1/workspaces/801/channels?paged=1&limit=200&cursor=0&status=archived
method: GET
responseType: ResponseType.json
followRedirects: true
persistentConnection: true
connectTimeout: 0:01:00.000000
sendTimeout: 0:01:00.000000
receiveTimeout: 0:01:00.000000
transformTimeout: null
receiveDataWhenStatusError: true
extra: {}

*** Response ***
uri: http://127.0.0.1:9800/api/v1/workspaces/801/channels?paged=1&limit=200&cursor=0&status=archived

00:06 +151: /Users/leeyi/project/imboy.pub/imboyapp/test/organization/organization_leave_widget_test.dart: 负责人显示交接提示、不调用退出接口
00:06 +151: /Users/leeyi/project/imboy.pub/imboyapp/test/organization/ent_ux02_target_size_overflow_test.dart: 治理页：44pt 触达（输入控件高度合同）
*** Request ***
uri: http://127.0.0.1:9800/api/v1/cs/organizations/7266418340025468951/seat-limit
method: GET
responseType: ResponseType.json
followRedirects: true
persistentConnection: true
connectTimeout: 0:01:00.000000
sendTimeout: 0:01:00.000000
receiveTimeout: 0:01:00.000000
transformTimeout: null
receiveDataWhenStatusError: true
extra: {}

*** Response ***
uri: http://127.0.0.1:9800/api/v1/cs/organizations/7266418340025468951/seat-limit

*** Request ***
uri: http://127.0.0.1:9800/api/v1/cs/organizations/7266418340025468951/seats
method: GET
responseType: ResponseType.json
followRedirects: true
persistentConnection: true
connectTimeout: 0:01:00.000000
sendTimeout: 0:01:00.000000
receiveTimeout: 0:01:00.000000
transformTimeout: null
receiveDataWhenStatusError: true
extra: {}

*** Response ***
uri: http://127.0.0.1:9800/api/v1/cs/organizations/7266418340025468951/seats

00:06 +152: /Users/leeyi/project/imboy.pub/imboyapp/test/organization/organization_leave_widget_test.dart: 负责人显示交接提示、不调用退出接口
00:06 +152: /Users/leeyi/project/imboy.pub/imboyapp/test/organization/organization_manage_page_widget_test.dart: owner：工作区只列本企业项，个人域/别家企业都不出现
*** Request ***
uri: http://127.0.0.1:9800/api/v1/organizations/900
method: GET
responseType: ResponseType.json
followRedirects: true
persistentConnection: true
connectTimeout: 0:01:00.000000
sendTimeout: 0:01:00.000000
receiveTimeout: 0:01:00.000000
transformTimeout: null
receiveDataWhenStatusError: true
extra: {}

*** Response ***
uri: http://127.0.0.1:9800/api/v1/organizations/900

*** Request ***
uri: http://127.0.0.1:9800/api/v1/workspaces/mine?page=1&size=100
method: GET
responseType: ResponseType.json
followRedirects: true
persistentConnection: true
connectTimeout: 0:01:00.000000
sendTimeout: 0:01:00.000000
receiveTimeout: 0:01:00.000000
transformTimeout: null
receiveDataWhenStatusError: true
extra: {}

*** Response ***
uri: http://127.0.0.1:9800/api/v1/workspaces/mine?page=1&size=100

*** Request ***
uri: http://127.0.0.1:9800/api/v1/organizations/900/default-workspace
method: GET
responseType: ResponseType.json
followRedirects: true
persistentConnection: true
connectTimeout: 0:01:00.000000
sendTimeout: 0:01:00.000000
receiveTimeout: 0:01:00.000000
transformTimeout: null
receiveDataWhenStatusError: true
extra: {}

*** Response ***
uri: http://127.0.0.1:9800/api/v1/organizations/900/default-workspace

*** Request ***
uri: http://127.0.0.1:9800/api/v1/workspaces/801/groups
method: GET
responseType: ResponseType.json
followRedirects: true
persistentConnection: true
connectTimeout: 0:01:00.000000
sendTimeout: 0:01:00.000000
receiveTimeout: 0:01:00.000000
transformTimeout: null
receiveDataWhenStatusError: true
extra: {}

*** Response ***
uri: http://127.0.0.1:9800/api/v1/workspaces/801/groups

*** Request ***
uri: http://127.0.0.1:9800/api/v1/workspaces/801/channels?paged=1&limit=200&cursor=0
method: GET
responseType: ResponseType.json
followRedirects: true
persistentConnection: true
connectTimeout: 0:01:00.000000
sendTimeout: 0:01:00.000000
receiveTimeout: 0:01:00.000000
transformTimeout: null
receiveDataWhenStatusError: true
extra: {}

*** Response ***
uri: http://127.0.0.1:9800/api/v1/workspaces/801/channels?paged=1&limit=200&cursor=0

*** Request ***
uri: http://127.0.0.1:9800/api/v1/workspaces/801/channels?paged=1&limit=200&cursor=0&status=archived
method: GET
responseType: ResponseType.json
followRedirects: true
persistentConnection: true
connectTimeout: 0:01:00.000000
sendTimeout: 0:01:00.000000
receiveTimeout: 0:01:00.000000
transformTimeout: null
receiveDataWhenStatusError: true
extra: {}

*** Response ***
uri: http://127.0.0.1:9800/api/v1/workspaces/801/channels?paged=1&limit=200&cursor=0&status=archived

00:06 +153: /Users/leeyi/project/imboy.pub/imboyapp/test/organization/organization_leave_widget_test.dart: 负责人显示交接提示、不调用退出接口
00:06 +153: /Users/leeyi/project/imboy.pub/imboyapp/test/organization/org_workspace_members_page_widget_test.dart: WS Owner：邀请入口 + 成员行菜单（改角色/转让/移除）
*** Request ***
00:06 +153: /Users/leeyi/project/imboy.pub/imboyapp/test/organization/organization_manage_page_widget_test.dart: 群与频道区块渲染，且有可点击的解散/归档动作
*** Request ***
uri: http://127.0.0.1:9800/api/v1/organizations/900
method: GET
responseType: ResponseType.json
followRedirects: true
persistentConnection: true
connectTimeout: 0:01:00.000000
sendTimeout: 0:01:00.000000
receiveTimeout: 0:01:00.000000
transformTimeout: null
receiveDataWhenStatusError: true
extra: {}

00:06 +153: /Users/leeyi/project/imboy.pub/imboyapp/test/organization/org_workspace_members_page_widget_test.dart: WS Owner：邀请入口 + 成员行菜单（改角色/转让/移除）
uri: http://127.0.0.1:9800/api/v1/workspaces/801
method: GET
responseType: ResponseType.json
followRedirects: true
persistentConnection: true
connectTimeout: 0:01:00.000000
sendTimeout: 0:01:00.000000
receiveTimeout: 0:01:00.000000
00:06 +153: /Users/leeyi/project/imboy.pub/imboyapp/test/organization/organization_manage_page_widget_test.dart: 群与频道区块渲染，且有可点击的解散/归档动作
*** Response ***
uri: http://127.0.0.1:9800/api/v1/organizations/900

00:06 +153: /Users/leeyi/project/imboy.pub/imboyapp/test/organization/org_workspace_members_page_widget_test.dart: WS Owner：邀请入口 + 成员行菜单（改角色/转让/移除）
transformTimeout: null
receiveDataWhenStatusError: true
00:06 +153: /Users/leeyi/project/imboy.pub/imboyapp/test/organization/organization_manage_page_widget_test.dart: 群与频道区块渲染，且有可点击的解散/归档动作
*** Request ***
uri: http://127.0.0.1:9800/api/v1/workspaces/mine?page=1&size=100
method: GET
responseType: ResponseType.json
followRedirects: true
persistentConnection: true
connectTimeout: 0:01:00.000000
sendTimeout: 0:01:00.000000
receiveTimeout: 0:01:00.000000
transformTimeout: null
receiveDataWhenStatusError: true
extra: {}

00:06 +153: /Users/leeyi/project/imboy.pub/imboyapp/test/organization/org_workspace_members_page_widget_test.dart: WS Owner：邀请入口 + 成员行菜单（改角色/转让/移除）
extra: {}

00:06 +153: /Users/leeyi/project/imboy.pub/imboyapp/test/organization/organization_manage_page_widget_test.dart: 群与频道区块渲染，且有可点击的解散/归档动作
*** Response ***
uri: http://127.0.0.1:9800/api/v1/workspaces/mine?page=1&size=100

*** Request ***
uri: http://127.0.0.1:9800/api/v1/organizations/900/default-workspace
method: GET
responseType: ResponseType.json
followRedirects: true
persistentConnection: true
connectTimeout: 0:01:00.000000
sendTimeout: 0:01:00.000000
receiveTimeout: 0:01:00.000000
transformTimeout: null
receiveDataWhenStatusError: true
extra: {}

*** Response ***
uri: http://127.0.0.1:9800/api/v1/organizations/900/default-workspace

*** Request ***
uri: http://127.0.0.1:9800/api/v1/workspaces/801/groups
method: GET
responseType: ResponseType.json
followRedirects: true
persistentConnection: true
connectTimeout: 0:01:00.000000
sendTimeout: 0:01:00.000000
receiveTimeout: 0:01:00.000000
transformTimeout: null
receiveDataWhenStatusError: true
extra: {}

*** Response ***
uri: http://127.0.0.1:9800/api/v1/workspaces/801/groups

*** Request ***
uri: http://127.0.0.1:9800/api/v1/workspaces/801/channels?paged=1&limit=200&cursor=0
method: GET
responseType: ResponseType.json
followRedirects: true
persistentConnection: true
connectTimeout: 0:01:00.000000
sendTimeout: 0:01:00.000000
receiveTimeout: 0:01:00.000000
transformTimeout: null
receiveDataWhenStatusError: true
extra: {}

*** Response ***
uri: http://127.0.0.1:9800/api/v1/workspaces/801/channels?paged=1&limit=200&cursor=0

*** Request ***
uri: http://127.0.0.1:9800/api/v1/workspaces/801/channels?paged=1&limit=200&cursor=0&status=archived
method: GET
responseType: ResponseType.json
followRedirects: true
persistentConnection: true
connectTimeout: 0:01:00.000000
sendTimeout: 0:01:00.000000
receiveTimeout: 0:01:00.000000
transformTimeout: null
receiveDataWhenStatusError: true
extra: {}

*** Response ***
uri: http://127.0.0.1:9800/api/v1/workspaces/801/channels?paged=1&limit=200&cursor=0&status=archived

00:06 +153: /Users/leeyi/project/imboy.pub/imboyapp/test/organization/org_workspace_members_page_widget_test.dart: WS Owner：邀请入口 + 成员行菜单（改角色/转让/移除）
*** Response ***
uri: http://127.0.0.1:9800/api/v1/workspaces/801

*** Request ***
uri: http://127.0.0.1:9800/api/v1/workspaces/801/members?page=1&size=100
method: GET
responseType: ResponseType.json
followRedirects: true
persistentConnection: true
connectTimeout: 0:01:00.000000
sendTimeout: 0:01:00.000000
receiveTimeout: 0:01:00.000000
transformTimeout: null
receiveDataWhenStatusError: true
extra: {}

*** Response ***
uri: http://127.0.0.1:9800/api/v1/workspaces/801/members?page=1&size=100

00:06 +154: /Users/leeyi/project/imboy.pub/imboyapp/test/organization/organization_leave_widget_test.dart: 负责人显示交接提示、不调用退出接口
00:06 +154: /Users/leeyi/project/imboy.pub/imboyapp/test/organization/organization_manage_page_widget_test.dart: 归档可见性：archived 集合才有恢复入口
*** Request ***
uri: http://127.0.0.1:9800/api/v1/organizations/900
method: GET
responseType: ResponseType.json
followRedirects: true
persistentConnection: true
connectTimeout: 0:01:00.000000
sendTimeout: 0:01:00.000000
receiveTimeout: 0:01:00.000000
transformTimeout: null
receiveDataWhenStatusError: true
extra: {}

*** Response ***
uri: http://127.0.0.1:9800/api/v1/organizations/900

*** Request ***
uri: http://127.0.0.1:9800/api/v1/workspaces/mine?page=1&size=100
method: GET
responseType: ResponseType.json
followRedirects: true
persistentConnection: true
connectTimeout: 0:01:00.000000
sendTimeout: 0:01:00.000000
receiveTimeout: 0:01:00.000000
transformTimeout: null
receiveDataWhenStatusError: true
extra: {}

*** Response ***
uri: http://127.0.0.1:9800/api/v1/workspaces/mine?page=1&size=100

*** Request ***
uri: http://127.0.0.1:9800/api/v1/organizations/900/default-workspace
method: GET
responseType: ResponseType.json
followRedirects: true
persistentConnection: true
connectTimeout: 0:01:00.000000
sendTimeout: 0:01:00.000000
receiveTimeout: 0:01:00.000000
transformTimeout: null
receiveDataWhenStatusError: true
extra: {}

*** Response ***
uri: http://127.0.0.1:9800/api/v1/organizations/900/default-workspace

*** Request ***
uri: http://127.0.0.1:9800/api/v1/workspaces/801/groups
method: GET
responseType: ResponseType.json
followRedirects: true
persistentConnection: true
connectTimeout: 0:01:00.000000
sendTimeout: 0:01:00.000000
receiveTimeout: 0:01:00.000000
transformTimeout: null
receiveDataWhenStatusError: true
extra: {}

*** Response ***
uri: http://127.0.0.1:9800/api/v1/workspaces/801/groups

*** Request ***
uri: http://127.0.0.1:9800/api/v1/workspaces/801/channels?paged=1&limit=200&cursor=0
method: GET
responseType: ResponseType.json
followRedirects: true
persistentConnection: true
connectTimeout: 0:01:00.000000
sendTimeout: 0:01:00.000000
receiveTimeout: 0:01:00.000000
transformTimeout: null
receiveDataWhenStatusError: true
extra: {}

*** Response ***
uri: http://127.0.0.1:9800/api/v1/workspaces/801/channels?paged=1&limit=200&cursor=0

00:06 +155: /Users/leeyi/project/imboy.pub/imboyapp/test/organization/organization_leave_widget_test.dart: 负责人显示交接提示、不调用退出接口
00:06 +155: /Users/leeyi/project/imboy.pub/imboyapp/test/organization/organization_manage_page_widget_test.dart: 归档可见性：archived 集合才有恢复入口
*** Request ***
uri: http://127.0.0.1:9800/api/v1/workspaces/801/channels?paged=1&limit=200&cursor=0&status=archived
method: GET
responseType: ResponseType.json
followRedirects: true
persistentConnection: true
connectTimeout: 0:01:00.000000
sendTimeout: 0:01:00.000000
receiveTimeout: 0:01:00.000000
transformTimeout: null
receiveDataWhenStatusError: true
extra: {}

*** Response ***
uri: http://127.0.0.1:9800/api/v1/workspaces/801/channels?paged=1&limit=200&cursor=0&status=archived

00:07 +156: /Users/leeyi/project/imboy.pub/imboyapp/test/organization/organization_leave_widget_test.dart: 负责人显示交接提示、不调用退出接口
00:07 +157: /Users/leeyi/project/imboy.pub/imboyapp/test/organization/organization_leave_widget_test.dart: 负责人显示交接提示、不调用退出接口
00:07 +157: /Users/leeyi/project/imboy.pub/imboyapp/test/organization/organization_manage_page_widget_test.dart: 危险操作：二次确认弹窗取消则不产生任何请求
*** Request ***
uri: http://127.0.0.1:9800/api/v1/organizations/900
method: GET
responseType: ResponseType.json
followRedirects: true
persistentConnection: true
connectTimeout: 0:01:00.000000
sendTimeout: 0:01:00.000000
receiveTimeout: 0:01:00.000000
transformTimeout: null
receiveDataWhenStatusError: true
extra: {}

*** Response ***
uri: http://127.0.0.1:9800/api/v1/organizations/900

*** Request ***
uri: http://127.0.0.1:9800/api/v1/workspaces/mine?page=1&size=100
method: GET
responseType: ResponseType.json
followRedirects: true
persistentConnection: true
connectTimeout: 0:01:00.000000
sendTimeout: 0:01:00.000000
receiveTimeout: 0:01:00.000000
transformTimeout: null
receiveDataWhenStatusError: true
extra: {}

*** Response ***
uri: http://127.0.0.1:9800/api/v1/workspaces/mine?page=1&size=100

*** Request ***
uri: http://127.0.0.1:9800/api/v1/organizations/900/default-workspace
method: GET
responseType: ResponseType.json
followRedirects: true
persistentConnection: true
connectTimeout: 0:01:00.000000
sendTimeout: 0:01:00.000000
receiveTimeout: 0:01:00.000000
transformTimeout: null
receiveDataWhenStatusError: true
extra: {}

*** Response ***
uri: http://127.0.0.1:9800/api/v1/organizations/900/default-workspace

*** Request ***
uri: http://127.0.0.1:9800/api/v1/workspaces/801/groups
method: GET
responseType: ResponseType.json
followRedirects: true
persistentConnection: true
connectTimeout: 0:01:00.000000
sendTimeout: 0:01:00.000000
receiveTimeout: 0:01:00.000000
transformTimeout: null
receiveDataWhenStatusError: true
extra: {}

*** Response ***
uri: http://127.0.0.1:9800/api/v1/workspaces/801/groups

*** Request ***
uri: http://127.0.0.1:9800/api/v1/workspaces/801/channels?paged=1&limit=200&cursor=0
method: GET
responseType: ResponseType.json
followRedirects: true
persistentConnection: true
connectTimeout: 0:01:00.000000
sendTimeout: 0:01:00.000000
receiveTimeout: 0:01:00.000000
transformTimeout: null
receiveDataWhenStatusError: true
extra: {}

*** Response ***
uri: http://127.0.0.1:9800/api/v1/workspaces/801/channels?paged=1&limit=200&cursor=0

*** Request ***
uri: http://127.0.0.1:9800/api/v1/workspaces/801/channels?paged=1&limit=200&cursor=0&status=archived
method: GET
responseType: ResponseType.json
followRedirects: true
persistentConnection: true
connectTimeout: 0:01:00.000000
sendTimeout: 0:01:00.000000
receiveTimeout: 0:01:00.000000
transformTimeout: null
receiveDataWhenStatusError: true
extra: {}

*** Response ***
uri: http://127.0.0.1:9800/api/v1/workspaces/801/channels?paged=1&limit=200&cursor=0&status=archived

00:07 +157: /Users/leeyi/project/imboy.pub/imboyapp/test/organization/org_workspace_members_page_widget_test.dart: 非 Owner：只读（无邀请、无菜单、有只读提示）
*** Request ***
uri: http://127.0.0.1:9800/api/v1/workspaces/801
method: GET
responseType: ResponseType.json
followRedirects: true
persistentConnection: true
connectTimeout: 0:01:00.000000
sendTimeout: 0:01:00.000000
receiveTimeout: 0:01:00.000000
transformTimeout: null
receiveDataWhenStatusError: true
extra: {}

*** Response ***
uri: http://127.0.0.1:9800/api/v1/workspaces/801

00:07 +158: /Users/leeyi/project/imboy.pub/imboyapp/test/organization/organization_member_detail_page_widget_test.dart: 有权 Workspace 渲染 + 角色/账号/加入时间 + IM 资料次级入口
00:07 +158: /Users/leeyi/project/imboy.pub/imboyapp/test/organization/org_workspace_members_page_widget_test.dart: 非 Owner：只读（无邀请、无菜单、有只读提示）
*** Request ***
uri: http://127.0.0.1:9800/api/v1/workspaces/801/members?page=1&size=100
method: GET
responseType: ResponseType.json
followRedirects: true
persistentConnection: true
connectTimeout: 0:01:00.000000
sendTimeout: 0:01:00.000000
receiveTimeout: 0:01:00.000000
transformTimeout: null
receiveDataWhenStatusError: true
extra: {}

*** Response ***
uri: http://127.0.0.1:9800/api/v1/workspaces/801/members?page=1&size=100

00:07 +158: /Users/leeyi/project/imboy.pub/imboyapp/test/organization/human_directory_api_contract_test.dart: departments 成功样本：TSID 无损 / cursor 透传 / has_more
*** Request ***
uri: http://127.0.0.1:9800/api/v1/organizations/114261015899932683/directory/departments?limit=50
method: GET
responseType: ResponseType.json
followRedirects: true
persistentConnection: true
connectTimeout: 0:01:00.000000
sendTimeout: 0:01:00.000000
receiveTimeout: 0:01:00.000000
transformTimeout: null
receiveDataWhenStatusError: true
extra: {}

00:07 +159: /Users/leeyi/project/imboy.pub/imboyapp/test/organization/organization_member_detail_page_widget_test.dart: 有权 Workspace 渲染 + 角色/账号/加入时间 + IM 资料次级入口
00:07 +159: /Users/leeyi/project/imboy.pub/imboyapp/test/organization/human_directory_api_contract_test.dart: departments 成功样本：TSID 无损 / cursor 透传 / has_more
*** Response ***
uri: http://127.0.0.1:9800/api/v1/organizations/114261015899932683/directory/departments?limit=50

00:07 +160: /Users/leeyi/project/imboy.pub/imboyapp/test/organization/organization_member_detail_page_widget_test.dart: 有权 Workspace 渲染 + 角色/账号/加入时间 + IM 资料次级入口
00:07 +160: /Users/leeyi/project/imboy.pub/imboyapp/test/organization/org_workspace_members_page_widget_test.dart: 写后读：移除成功后重读服务端事实（1002 行消失）
*** Request ***
uri: http://127.0.0.1:9800/api/v1/workspaces/801
method: GET
responseType: ResponseType.json
followRedirects: true
persistentConnection: true
connectTimeout: 0:01:00.000000
sendTimeout: 0:01:00.000000
receiveTimeout: 0:01:00.000000
transformTimeout: null
receiveDataWhenStatusError: true
extra: {}

00:07 +160: /Users/leeyi/project/imboy.pub/imboyapp/test/organization/human_directory_api_contract_test.dart: departments 空样本：list 空 / cursor null / has_more false
*** Request ***
uri: http://127.0.0.1:9800/api/v1/organizations/114261015899932683/directory/departments
method: GET
responseType: ResponseType.json
followRedirects: true
persistentConnection: true
connectTimeout: 0:01:00.000000
sendTimeout: 0:01:00.000000
receiveTimeout: 0:01:00.000000
transformTimeout: null
receiveDataWhenStatusError: true
extra: {}

00:07 +160: /Users/leeyi/project/imboy.pub/imboyapp/test/organization/org_workspace_members_page_widget_test.dart: 写后读：移除成功后重读服务端事实（1002 行消失）
*** Response ***
uri: http://127.0.0.1:9800/api/v1/workspaces/801

00:07 +160: /Users/leeyi/project/imboy.pub/imboyapp/test/organization/human_directory_api_contract_test.dart: departments 空样本：list 空 / cursor null / has_more false
*** Response ***
uri: http://127.0.0.1:9800/api/v1/organizations/114261015899932683/directory/departments

00:07 +160: /Users/leeyi/project/imboy.pub/imboyapp/test/organization/org_workspace_members_page_widget_test.dart: 写后读：移除成功后重读服务端事实（1002 行消失）
*** Request ***
uri: http://127.0.0.1:9800/api/v1/workspaces/801/members?page=1&size=100
method: GET
responseType: ResponseType.json
followRedirects: true
persistentConnection: true
00:07 +161: /Users/leeyi/project/imboy.pub/imboyapp/test/organization/organization_member_detail_page_widget_test.dart: 有权 Workspace 渲染 + 角色/账号/加入时间 + IM 资料次级入口
00:07 +161: /Users/leeyi/project/imboy.pub/imboyapp/test/organization/org_workspace_members_page_widget_test.dart: 写后读：移除成功后重读服务端事实（1002 行消失）
connectTimeout: 0:01:00.000000
sendTimeout: 0:01:00.000000
receiveTimeout: 0:01:00.000000
transformTimeout: null
receiveDataWhenStatusError: true
extra: {}

*** Response ***
uri: http://127.0.0.1:9800/api/v1/workspaces/801/members?page=1&size=100

00:07 +161: /Users/leeyi/project/imboy.pub/imboyapp/test/organization/human_directory_api_contract_test.dart: departments parent_id + cursor + limit 查询参数透传
*** Request ***
uri: http://127.0.0.1:9800/api/v1/organizations/114261015899932683/directory/departments?parent_id=114261015899932690&cursor=opaque-cursor-v2&limit=25
method: GET
responseType: ResponseType.json
followRedirects: true
persistentConnection: true
connectTimeout: 0:01:00.000000
sendTimeout: 0:01:00.000000
receiveTimeout: 0:01:00.000000
transformTimeout: null
receiveDataWhenStatusError: true
extra: {}

*** Response ***
uri: http://127.0.0.1:9800/api/v1/organizations/114261015899932683/directory/departments?parent_id=114261015899932690&cursor=opaque-cursor-v2&limit=25

00:07 +162: /Users/leeyi/project/imboy.pub/imboyapp/test/organization/organization_member_detail_page_widget_test.dart: 有权 Workspace 渲染 + 角色/账号/加入时间 + IM 资料次级入口
00:07 +162: /Users/leeyi/project/imboy.pub/imboyapp/test/organization/human_directory_api_contract_test.dart: members 本级成员样本：department_ids 升序保持 / avatar 反斜杠转义还原
*** Request ***
uri: http://127.0.0.1:9800/api/v1/organizations/114261015899932683/directory/members?department_id=114261015899932688
method: GET
responseType: ResponseType.json
followRedirects: true
persistentConnection: true
connectTimeout: 0:01:00.000000
sendTimeout: 0:01:00.000000
receiveTimeout: 0:01:00.000000
transformTimeout: null
receiveDataWhenStatusError: true
extra: {}

*** Response ***
uri: http://127.0.0.1:9800/api/v1/organizations/114261015899932683/directory/members?department_id=114261015899932688

00:07 +163: /Users/leeyi/project/imboy.pub/imboyapp/test/organization/organization_member_detail_page_widget_test.dart: 有权 Workspace 渲染 + 角色/账号/加入时间 + IM 资料次级入口
00:07 +163: /Users/leeyi/project/imboy.pub/imboyapp/test/organization/human_directory_api_contract_test.dart: members 根成员样本（department_id 缺省）：avatar 绝对 URL 原样
*** Request ***
uri: http://127.0.0.1:9800/api/v1/organizations/114261015899932683/directory/members
method: GET
responseType: ResponseType.json
followRedirects: true
persistentConnection: true
connectTimeout: 0:01:00.000000
sendTimeout: 0:01:00.000000
receiveTimeout: 0:01:00.000000
transformTimeout: null
receiveDataWhenStatusError: true
extra: {}

*** Response ***
uri: http://127.0.0.1:9800/api/v1/organizations/114261015899932683/directory/members

00:07 +164: /Users/leeyi/project/imboy.pub/imboyapp/test/organization/organization_member_detail_page_widget_test.dart: 有权 Workspace 渲染 + 角色/账号/加入时间 + IM 资料次级入口
00:07 +164: /Users/leeyi/project/imboy.pub/imboyapp/test/organization/human_directory_api_contract_test.dart: members 空样本
*** Request ***
uri: http://127.0.0.1:9800/api/v1/organizations/114261015899932683/directory/members
method: GET
responseType: ResponseType.json
followRedirects: true
persistentConnection: true
connectTimeout: 0:01:00.000000
sendTimeout: 0:01:00.000000
receiveTimeout: 0:01:00.000000
transformTimeout: null
receiveDataWhenStatusError: true
extra: {}

*** Response ***
uri: http://127.0.0.1:9800/api/v1/organizations/114261015899932683/directory/members

00:07 +165: /Users/leeyi/project/imboy.pub/imboyapp/test/organization/organization_member_detail_page_widget_test.dart: 有权 Workspace 渲染 + 角色/账号/加入时间 + IM 资料次级入口
00:07 +165: /Users/leeyi/project/imboy.pub/imboyapp/test/organization/human_directory_api_contract_test.dart: me 成功样本：organization_id + 我的部门列表
*** Request ***
uri: http://127.0.0.1:9800/api/v1/organizations/114261015899932683/directory/me
method: GET
responseType: ResponseType.json
followRedirects: true
persistentConnection: true
connectTimeout: 0:01:00.000000
sendTimeout: 0:01:00.000000
receiveTimeout: 0:01:00.000000
transformTimeout: null
receiveDataWhenStatusError: true
extra: {}

*** Response ***
uri: http://127.0.0.1:9800/api/v1/organizations/114261015899932683/directory/me

00:07 +166: /Users/leeyi/project/imboy.pub/imboyapp/test/organization/organization_member_detail_page_widget_test.dart: 有权 Workspace 渲染 + 角色/账号/加入时间 + IM 资料次级入口
00:07 +166: /Users/leeyi/project/imboy.pub/imboyapp/test/organization/human_directory_api_contract_test.dart: me 空样本：无部门返回空数组，不报错
*** Request ***
uri: http://127.0.0.1:9800/api/v1/organizations/114261015899932683/directory/me
method: GET
responseType: ResponseType.json
followRedirects: true
persistentConnection: true
connectTimeout: 0:01:00.000000
sendTimeout: 0:01:00.000000
receiveTimeout: 0:01:00.000000
transformTimeout: null
receiveDataWhenStatusError: true
extra: {}

*** Response ***
uri: http://127.0.0.1:9800/api/v1/organizations/114261015899932683/directory/me

00:07 +167: /Users/leeyi/project/imboy.pub/imboyapp/test/organization/organization_member_detail_page_widget_test.dart: 有权 Workspace 渲染 + 角色/账号/加入时间 + IM 资料次级入口
00:07 +167: /Users/leeyi/project/imboy.pub/imboyapp/test/organization/human_directory_api_contract_test.dart: search 混排样本：departments 在前 + type 判型 + cursor 透传
*** Request ***
uri: http://127.0.0.1:9800/api/v1/organizations/114261015899932683/directory/search?q=orgdir99932672&cursor=page-2-opaque
method: GET
responseType: ResponseType.json
followRedirects: true
persistentConnection: true
connectTimeout: 0:01:00.000000
sendTimeout: 0:01:00.000000
receiveTimeout: 0:01:00.000000
transformTimeout: null
receiveDataWhenStatusError: true
extra: {}

*** Response ***
uri: http://127.0.0.1:9800/api/v1/organizations/114261015899932683/directory/search?q=orgdir99932672&cursor=page-2-opaque

00:07 +168: /Users/leeyi/project/imboy.pub/imboyapp/test/organization/organization_member_detail_page_widget_test.dart: 有权 Workspace 渲染 + 角色/账号/加入时间 + IM 资料次级入口
00:07 +168: /Users/leeyi/project/imboy.pub/imboyapp/test/organization/human_directory_api_contract_test.dart: search member 型混排行判型
*** Request ***
uri: http://127.0.0.1:9800/api/v1/organizations/114261015899932683/directory/search?q=%E5%BC%A0%E4%B8%89
method: GET
responseType: ResponseType.json
followRedirects: true
persistentConnection: true
connectTimeout: 0:01:00.000000
sendTimeout: 0:01:00.000000
receiveTimeout: 0:01:00.000000
transformTimeout: null
receiveDataWhenStatusError: true
extra: {}

*** Response ***
uri: http://127.0.0.1:9800/api/v1/organizations/114261015899932683/directory/search?q=%E5%BC%A0%E4%B8%89

00:07 +169: /Users/leeyi/project/imboy.pub/imboyapp/test/organization/organization_member_detail_page_widget_test.dart: 有权 Workspace 渲染 + 角色/账号/加入时间 + IM 资料次级入口
00:07 +169: /Users/leeyi/project/imboy.pub/imboyapp/test/organization/human_directory_api_contract_test.dart: search 空样本
*** Request ***
uri: http://127.0.0.1:9800/api/v1/organizations/114261015899932683/directory/search?q=%E4%B8%8D%E5%AD%98%E5%9C%A8
method: GET
responseType: ResponseType.json
followRedirects: true
persistentConnection: true
connectTimeout: 0:01:00.000000
sendTimeout: 0:01:00.000000
receiveTimeout: 0:01:00.000000
transformTimeout: null
receiveDataWhenStatusError: true
extra: {}

*** Response ***
uri: http://127.0.0.1:9800/api/v1/organizations/114261015899932683/directory/search?q=%E4%B8%8D%E5%AD%98%E5%9C%A8

00:07 +170: /Users/leeyi/project/imboy.pub/imboyapp/test/organization/organization_member_detail_page_widget_test.dart: 有权 Workspace 渲染 + 角色/账号/加入时间 + IM 资料次级入口
00:07 +170: /Users/leeyi/project/imboy.pub/imboyapp/test/organization/human_directory_api_contract_test.dart: 错误信封：{"error":{code,message}} → HTTP 状态一比一 400 invalid_request（cursor malformed/tampered/foreign/expired）
*** Request ***
uri: http://127.0.0.1:9800/api/v1/organizations/114261015899932683/directory/departments?cursor=bad-cursor
method: GET
responseType: ResponseType.json
followRedirects: true
persistentConnection: true
connectTimeout: 0:01:00.000000
sendTimeout: 0:01:00.000000
receiveTimeout: 0:01:00.000000
transformTimeout: null
receiveDataWhenStatusError: true
extra: {}

*** Response ***
uri: http://127.0.0.1:9800/api/v1/organizations/114261015899932683/directory/departments?cursor=bad-cursor

handleResponse_response /api/v1/organizations/114261015899932683/directory/departments : false {"error":{"code":"invalid_request","message":"invalid request"}}; 
00:07 +171: /Users/leeyi/project/imboy.pub/imboyapp/test/organization/organization_member_detail_page_widget_test.dart: 有权 Workspace 渲染 + 角色/账号/加入时间 + IM 资料次级入口
00:07 +171: /Users/leeyi/project/imboy.pub/imboyapp/test/organization/human_directory_api_contract_test.dart: 错误信封：{"error":{code,message}} → HTTP 状态一比一 403 insufficient_scope（非成员/removed/suspended）
*** Request ***
uri: http://127.0.0.1:9800/api/v1/organizations/114261015899932683/directory/members
method: GET
responseType: ResponseType.json
followRedirects: true
persistentConnection: true
connectTimeout: 0:01:00.000000
sendTimeout: 0:01:00.000000
receiveTimeout: 0:01:00.000000
transformTimeout: null
receiveDataWhenStatusError: true
extra: {}

*** Response ***
uri: http://127.0.0.1:9800/api/v1/organizations/114261015899932683/directory/members

handleResponse_response /api/v1/organizations/114261015899932683/directory/members : false {"error":{"code":"insufficient_scope","message":"insufficient scope"}}; 
00:07 +172: /Users/leeyi/project/imboy.pub/imboyapp/test/organization/organization_member_detail_page_widget_test.dart: 有权 Workspace 渲染 + 角色/账号/加入时间 + IM 资料次级入口
00:07 +172: /Users/leeyi/project/imboy.pub/imboyapp/test/organization/human_directory_api_contract_test.dart: 错误信封：{"error":{code,message}} → HTTP 状态一比一 404 resource_not_found（org 不存在）
*** Request ***
uri: http://127.0.0.1:9800/api/v1/organizations/114261015899932683/directory/me
method: GET
responseType: ResponseType.json
followRedirects: true
persistentConnection: true
connectTimeout: 0:01:00.000000
sendTimeout: 0:01:00.000000
receiveTimeout: 0:01:00.000000
transformTimeout: null
receiveDataWhenStatusError: true
extra: {}

*** Response ***
uri: http://127.0.0.1:9800/api/v1/organizations/114261015899932683/directory/me

handleResponse_response /api/v1/organizations/114261015899932683/directory/me : false {"error":{"code":"resource_not_found","message":"resource not found"}}; 
00:07 +173: /Users/leeyi/project/imboy.pub/imboyapp/test/organization/organization_member_detail_page_widget_test.dart: 有权 Workspace 渲染 + 角色/账号/加入时间 + IM 资料次级入口
00:07 +173: /Users/leeyi/project/imboy.pub/imboyapp/test/organization/human_directory_api_contract_test.dart: 治理投影一致性（ENT-APP-05） add/remove 部门成员 → directory member_count 与事实同步
*** Request ***
uri: http://127.0.0.1:9800/api/v1/organizations/114261015899932683/directory/departments
method: GET
responseType: ResponseType.json
followRedirects: true
persistentConnection: true
connectTimeout: 0:01:00.000000
sendTimeout: 0:01:00.000000
receiveTimeout: 0:01:00.000000
transformTimeout: null
receiveDataWhenStatusError: true
extra: {}

*** Response ***
uri: http://127.0.0.1:9800/api/v1/organizations/114261015899932683/directory/departments

*** Request ***
uri: http://127.0.0.1:9800/api/v1/organizations/114261015899932683/departments/5/members
method: POST
responseType: ResponseType.json
followRedirects: true
persistentConnection: true
connectTimeout: 0:01:00.000000
sendTimeout: 0:01:00.000000
receiveTimeout: 0:01:00.000000
transformTimeout: null
receiveDataWhenStatusError: true
extra: {}

*** Response ***
uri: http://127.0.0.1:9800/api/v1/organizations/114261015899932683/departments/5/members

*** Request ***
uri: http://127.0.0.1:9800/api/v1/organizations/114261015899932683/directory/departments
method: GET
responseType: ResponseType.json
followRedirects: true
persistentConnection: true
connectTimeout: 0:01:00.000000
sendTimeout: 0:01:00.000000
receiveTimeout: 0:01:00.000000
transformTimeout: null
receiveDataWhenStatusError: true
extra: {}

*** Response ***
uri: http://127.0.0.1:9800/api/v1/organizations/114261015899932683/directory/departments

00:07 +174: /Users/leeyi/project/imboy.pub/imboyapp/test/organization/organization_member_detail_page_widget_test.dart: 有权 Workspace 渲染 + 角色/账号/加入时间 + IM 资料次级入口
00:07 +174: /Users/leeyi/project/imboy.pub/imboyapp/test/organization/human_directory_api_contract_test.dart: 治理投影一致性（ENT-APP-05） add/remove 部门成员 → directory member_count 与事实同步
*** Request ***
uri: http://127.0.0.1:9800/api/v1/organizations/114261015899932683/departments/5/members/1001
method: DELETE
responseType: ResponseType.json
followRedirects: true
persistentConnection: true
connectTimeout: 0:01:00.000000
sendTimeout: 0:01:00.000000
receiveTimeout: 0:01:00.000000
transformTimeout: null
receiveDataWhenStatusError: true
extra: {}

*** Response ***
uri: http://127.0.0.1:9800/api/v1/organizations/114261015899932683/departments/5/members/1001

*** Request ***
uri: http://127.0.0.1:9800/api/v1/organizations/114261015899932683/directory/departments
method: GET
responseType: ResponseType.json
followRedirects: true
persistentConnection: true
connectTimeout: 0:01:00.000000
sendTimeout: 0:01:00.000000
receiveTimeout: 0:01:00.000000
transformTimeout: null
receiveDataWhenStatusError: true
extra: {}

*** Response ***
uri: http://127.0.0.1:9800/api/v1/organizations/114261015899932683/directory/departments

00:07 +175: /Users/leeyi/project/imboy.pub/imboyapp/test/organization/organization_member_detail_page_widget_test.dart: 有权 Workspace 渲染 + 角色/账号/加入时间 + IM 资料次级入口
00:07 +175: /Users/leeyi/project/imboy.pub/imboyapp/test/organization/human_directory_api_contract_test.dart: 治理投影一致性（ENT-APP-05） add/remove 部门成员 → directory members 的 department_ids 同步
*** Request ***
uri: http://127.0.0.1:9800/api/v1/organizations/114261015899932683/directory/members
method: GET
responseType: ResponseType.json
followRedirects: true
persistentConnection: true
connectTimeout: 0:01:00.000000
sendTimeout: 0:01:00.000000
receiveTimeout: 0:01:00.000000
transformTimeout: null
receiveDataWhenStatusError: true
extra: {}

*** Response ***
uri: http://127.0.0.1:9800/api/v1/organizations/114261015899932683/directory/members

*** Request ***
uri: http://127.0.0.1:9800/api/v1/organizations/114261015899932683/departments/5/members
method: POST
responseType: ResponseType.json
followRedirects: true
persistentConnection: true
connectTimeout: 0:01:00.000000
sendTimeout: 0:01:00.000000
receiveTimeout: 0:01:00.000000
transformTimeout: null
receiveDataWhenStatusError: true
extra: {}

*** Response ***
uri: http://127.0.0.1:9800/api/v1/organizations/114261015899932683/departments/5/members

*** Request ***
uri: http://127.0.0.1:9800/api/v1/organizations/114261015899932683/directory/members
method: GET
responseType: ResponseType.json
followRedirects: true
persistentConnection: true
connectTimeout: 0:01:00.000000
sendTimeout: 0:01:00.000000
receiveTimeout: 0:01:00.000000
transformTimeout: null
receiveDataWhenStatusError: true
extra: {}

00:07 +175: /Users/leeyi/project/imboy.pub/imboyapp/test/organization/organization_manage_page_widget_test.dart: 归档失败：透出服务端文案（引导先设替代工作区）
*** Request ***
uri: http://127.0.0.1:9800/api/v1/organizations/900
method: GET
responseType: ResponseType.json
followRedirects: true
persistentConnection: true
connectTimeout: 0:01:00.000000
sendTimeout: 0:01:00.000000
receiveTimeout: 0:01:00.000000
transformTimeout: null
receiveDataWhenStatusError: true
extra: {}

00:07 +175: /Users/leeyi/project/imboy.pub/imboyapp/test/organization/human_directory_api_contract_test.dart: 治理投影一致性（ENT-APP-05） add/remove 部门成员 → directory members 的 department_ids 同步
*** Response ***
uri: http://127.0.0.1:9800/api/v1/organizations/114261015899932683/directory/members

00:07 +175: /Users/leeyi/project/imboy.pub/imboyapp/test/organization/organization_manage_page_widget_test.dart: 归档失败：透出服务端文案（引导先设替代工作区）
*** Response ***
uri: http://127.0.0.1:9800/api/v1/organizations/900

*** Request ***
uri: http://127.0.0.1:9800/api/v1/workspaces/mine?page=1&size=100
method: GET
responseType: ResponseType.json
followRedirects: true
persistentConnection: true
connectTimeout: 0:01:00.000000
sendTimeout: 0:01:00.000000
receiveTimeout: 0:01:00.000000
transformTimeout: null
receiveDataWhenStatusError: true
extra: {}

00:07 +175: /Users/leeyi/project/imboy.pub/imboyapp/test/organization/human_directory_api_contract_test.dart: 治理投影一致性（ENT-APP-05） add/remove 部门成员 → directory members 的 department_ids 同步
*** Request ***
uri: http://127.0.0.1:9800/api/v1/organizations/114261015899932683/departments/5/members/1001
method: DELETE
responseType: ResponseType.json
followRedirects: true
persistentConnection: true
connectTimeout: 0:01:00.000000
sendTimeout: 0:01:00.000000
receiveTimeout: 0:01:00.000000
transformTimeout: null
receiveDataWhenStatusError: true
extra: {}

00:07 +175: /Users/leeyi/project/imboy.pub/imboyapp/test/organization/organization_manage_page_widget_test.dart: 归档失败：透出服务端文案（引导先设替代工作区）
*** Response ***
uri: http://127.0.0.1:9800/api/v1/workspaces/mine?page=1&size=100

00:07 +175: /Users/leeyi/project/imboy.pub/imboyapp/test/organization/human_directory_api_contract_test.dart: 治理投影一致性（ENT-APP-05） add/remove 部门成员 → directory members 的 department_ids 同步
*** Response ***
00:07 +175: /Users/leeyi/project/imboy.pub/imboyapp/test/organization/organization_manage_page_widget_test.dart: 归档失败：透出服务端文案（引导先设替代工作区）
*** Request ***
00:07 +175: /Users/leeyi/project/imboy.pub/imboyapp/test/organization/human_directory_api_contract_test.dart: 治理投影一致性（ENT-APP-05） add/remove 部门成员 → directory members 的 department_ids 同步
uri: http://127.0.0.1:9800/api/v1/organizations/114261015899932683/departments/5/members/1001

00:07 +175: /Users/leeyi/project/imboy.pub/imboyapp/test/organization/organization_manage_page_widget_test.dart: 归档失败：透出服务端文案（引导先设替代工作区）
uri: http://127.0.0.1:9800/api/v1/organizations/900/default-workspace
method: GET
responseType: ResponseType.json
followRedirects: true
persistentConnection: true
connectTimeout: 0:01:00.000000
sendTimeout: 0:01:00.000000
receiveTimeout: 0:01:00.000000
transformTimeout: null
receiveDataWhenStatusError: true
extra: {}

*** Response ***
uri: http://127.0.0.1:9800/api/v1/organizations/900/default-workspace

00:07 +175: /Users/leeyi/project/imboy.pub/imboyapp/test/organization/human_directory_api_contract_test.dart: 治理投影一致性（ENT-APP-05） add/remove 部门成员 → directory members 的 department_ids 同步
*** Request ***
uri: http://127.0.0.1:9800/api/v1/organizations/114261015899932683/directory/members
method: GET
responseType: ResponseType.json
followRedirects: true
persistentConnection: true
connectTimeout: 0:01:00.000000
sendTimeout: 0:01:00.000000
receiveTimeout: 0:01:00.000000
transformTimeout: null
receiveDataWhenStatusError: true
extra: {}

00:07 +175: /Users/leeyi/project/imboy.pub/imboyapp/test/organization/organization_manage_page_widget_test.dart: 归档失败：透出服务端文案（引导先设替代工作区）
*** Request ***
uri: http://127.0.0.1:9800/api/v1/workspaces/801/groups
method: GET
responseType: ResponseType.json
followRedirects: true
persistentConnection: true
connectTimeout: 0:01:00.000000
sendTimeout: 0:01:00.000000
receiveTimeout: 0:01:00.000000
transformTimeout: null
receiveDataWhenStatusError: true
extra: {}

*** Response ***
uri: http://127.0.0.1:9800/api/v1/workspaces/801/groups

00:07 +175: /Users/leeyi/project/imboy.pub/imboyapp/test/organization/human_directory_api_contract_test.dart: 治理投影一致性（ENT-APP-05） add/remove 部门成员 → directory members 的 department_ids 同步
*** Response ***
uri: http://127.0.0.1:9800/api/v1/organizations/114261015899932683/directory/members

00:07 +176: /Users/leeyi/project/imboy.pub/imboyapp/test/organization/organization_member_detail_page_widget_test.dart: 有权 Workspace 渲染 + 角色/账号/加入时间 + IM 资料次级入口
00:07 +176: /Users/leeyi/project/imboy.pub/imboyapp/test/organization/organization_manage_page_widget_test.dart: 归档失败：透出服务端文案（引导先设替代工作区）
*** Request ***
uri: http://127.0.0.1:9800/api/v1/workspaces/801/channels?paged=1&limit=200&cursor=0
method: GET
responseType: ResponseType.json
followRedirects: true
persistentConnection: true
connectTimeout: 0:01:00.000000
sendTimeout: 0:01:00.000000
receiveTimeout: 0:01:00.000000
transformTimeout: null
receiveDataWhenStatusError: true
extra: {}

*** Response ***
uri: http://127.0.0.1:9800/api/v1/workspaces/801/channels?paged=1&limit=200&cursor=0

*** Request ***
uri: http://127.0.0.1:9800/api/v1/workspaces/801/channels?paged=1&limit=200&cursor=0&status=archived
method: GET
responseType: ResponseType.json
followRedirects: true
persistentConnection: true
connectTimeout: 0:01:00.000000
sendTimeout: 0:01:00.000000
receiveTimeout: 0:01:00.000000
transformTimeout: null
receiveDataWhenStatusError: true
extra: {}

*** Response ***
uri: http://127.0.0.1:9800/api/v1/workspaces/801/channels?paged=1&limit=200&cursor=0&status=archived

00:07 +176: /Users/leeyi/project/imboy.pub/imboyapp/test/organization/org_workspace_members_page_widget_test.dart: 写后读：移除成功后重读服务端事实（1002 行消失）
*** Request ***
uri: http://127.0.0.1:9800/api/v1/workspaces/801/members/remove
method: POST
responseType: ResponseType.json
followRedirects: true
persistentConnection: true
connectTimeout: 0:01:00.000000
sendTimeout: 0:01:00.000000
receiveTimeout: 0:01:00.000000
transformTimeout: null
receiveDataWhenStatusError: true
extra: {}

*** Response ***
uri: http://127.0.0.1:9800/api/v1/workspaces/801/members/remove

*** Request ***
uri: http://127.0.0.1:9800/api/v1/workspaces/801
method: GET
responseType: ResponseType.json
followRedirects: true
persistentConnection: true
connectTimeout: 0:01:00.000000
sendTimeout: 0:01:00.000000
receiveTimeout: 0:01:00.000000
transformTimeout: null
receiveDataWhenStatusError: true
extra: {}

*** Response ***
uri: http://127.0.0.1:9800/api/v1/workspaces/801

*** Request ***
uri: http://127.0.0.1:9800/api/v1/workspaces/801/members?page=1&size=100
method: GET
responseType: ResponseType.json
followRedirects: true
persistentConnection: true
connectTimeout: 0:01:00.000000
sendTimeout: 0:01:00.000000
receiveTimeout: 0:01:00.000000
transformTimeout: null
receiveDataWhenStatusError: true
extra: {}

*** Response ***
uri: http://127.0.0.1:9800/api/v1/workspaces/801/members?page=1&size=100

00:07 +177: /Users/leeyi/project/imboy.pub/imboyapp/test/organization/organization_member_detail_page_widget_test.dart: 有权 Workspace 渲染 + 角色/账号/加入时间 + IM 资料次级入口
00:07 +177: /Users/leeyi/project/imboy.pub/imboyapp/test/organization/org_workspace_members_page_widget_test.dart: 冲突透出：移除被 409 拒绝时原样透出服务端文案
*** Request ***
uri: http://127.0.0.1:9800/api/v1/workspaces/801
method: GET
responseType: ResponseType.json
followRedirects: true
persistentConnection: true
connectTimeout: 0:01:00.000000
sendTimeout: 0:01:00.000000
receiveTimeout: 0:01:00.000000
transformTimeout: null
receiveDataWhenStatusError: true
extra: {}

*** Response ***
uri: http://127.0.0.1:9800/api/v1/workspaces/801

*** Request ***
uri: http://127.0.0.1:9800/api/v1/workspaces/801/members?page=1&size=100
method: GET
responseType: ResponseType.json
followRedirects: true
persistentConnection: true
connectTimeout: 0:01:00.000000
sendTimeout: 0:01:00.000000
receiveTimeout: 0:01:00.000000
transformTimeout: null
receiveDataWhenStatusError: true
extra: {}

*** Response ***
uri: http://127.0.0.1:9800/api/v1/workspaces/801/members?page=1&size=100

00:07 +177: /Users/leeyi/project/imboy.pub/imboyapp/test/organization/organization_manage_page_widget_test.dart: 归档失败：透出服务端文案（引导先设替代工作区）
*** Request ***
uri: http://127.0.0.1:9800/api/v1/workspaces/801/archive
method: POST
responseType: ResponseType.json
followRedirects: true
persistentConnection: true
connectTimeout: 0:01:00.000000
sendTimeout: 0:01:00.000000
receiveTimeout: 0:01:00.000000
transformTimeout: null
receiveDataWhenStatusError: true
extra: {}

*** Response ***
uri: http://127.0.0.1:9800/api/v1/workspaces/801/archive

handleResponse_response /api/v1/workspaces/801/archive : false {"code":403,"msg":"默认工作区未指定替代，禁止归档"}; 
00:07 +177: /Users/leeyi/project/imboy.pub/imboyapp/test/organization/organization_member_detail_page_widget_test.dart: 有权 Workspace 渲染 + 角色/账号/加入时间 + IM 资料次级入口
*** Request ***
00:07 +177: /Users/leeyi/project/imboy.pub/imboyapp/test/organization/org_workspace_members_page_widget_test.dart: 冲突透出：移除被 409 拒绝时原样透出服务端文案
*** Request ***
uri: http://127.0.0.1:9800/api/v1/workspaces/801/members/remove
method: POST
responseType: ResponseType.json
followRedirects: true
persistentConnection: true
connectTimeout: 0:01:00.000000
sendTimeout: 0:01:00.000000
receiveTimeout: 0:01:00.000000
transformTimeout: null
receiveDataWhenStatusError: true
extra: {}

00:07 +177: /Users/leeyi/project/imboy.pub/imboyapp/test/organization/organization_member_detail_page_widget_test.dart: 有权 Workspace 渲染 + 角色/账号/加入时间 + IM 资料次级入口
uri: http://127.0.0.1:9800/api/v1/organizations/7001/members/42/workspaces
method: GET
responseType: ResponseType.json
followRedirects: true
persistentConnection: true
connectTimeout: 0:01:00.000000
sendTimeout: 0:01:00.000000
receiveTimeout: 0:01:00.000000
transformTimeout: null
receiveDataWhenStatusError: true
00:07 +177: /Users/leeyi/project/imboy.pub/imboyapp/test/organization/org_workspace_members_page_widget_test.dart: 冲突透出：移除被 409 拒绝时原样透出服务端文案
*** Response ***
uri: http://127.0.0.1:9800/api/v1/workspaces/801/members/remove

00:07 +178: /Users/leeyi/project/imboy.pub/imboyapp/test/organization/organization_member_detail_page_widget_test.dart: 有权 Workspace 渲染 + 角色/账号/加入时间 + IM 资料次级入口
extra: {}

00:07 +178: /Users/leeyi/project/imboy.pub/imboyapp/test/organization/org_workspace_members_page_widget_test.dart: 冲突透出：移除被 409 拒绝时原样透出服务端文案
handleResponse_response /api/v1/workspaces/801/members/remove : false {"code":409,"msg":"对方仍是 2 个项目的 Owner：P1、P2"}; 
*** Request ***
uri: http://127.0.0.1:9800/api/v1/workspaces/801
method: GET
responseType: ResponseType.json
followRedirects: true
persistentConnection: true
connectTimeout: 0:01:00.000000
sendTimeout: 0:01:00.000000
receiveTimeout: 0:01:00.000000
transformTimeout: null
receiveDataWhenStatusError: true
extra: {}

*** Response ***
uri: http://127.0.0.1:9800/api/v1/workspaces/801

*** Request ***
uri: http://127.0.0.1:9800/api/v1/workspaces/801/members?page=1&size=100
method: GET
responseType: ResponseType.json
followRedirects: true
persistentConnection: true
connectTimeout: 0:01:00.000000
sendTimeout: 0:01:00.000000
receiveTimeout: 0:01:00.000000
transformTimeout: null
receiveDataWhenStatusError: true
extra: {}

*** Response ***
uri: http://127.0.0.1:9800/api/v1/workspaces/801/members?page=1&size=100

00:07 +178: /Users/leeyi/project/imboy.pub/imboyapp/test/organization/organization_member_detail_page_widget_test.dart: 有权 Workspace 渲染 + 角色/账号/加入时间 + IM 资料次级入口
*** Response ***
uri: http://127.0.0.1:9800/api/v1/organizations/7001/members/42/workspaces

00:07 +178: /Users/leeyi/project/imboy.pub/imboyapp/test/organization/organization_manage_page_widget_test.dart: loading 态先于成功态出现
*** Request ***
uri: http://127.0.0.1:9800/api/v1/organizations/900
method: GET
responseType: ResponseType.json
followRedirects: true
persistentConnection: true
connectTimeout: 0:01:00.000000
sendTimeout: 0:01:00.000000
receiveTimeout: 0:01:00.000000
transformTimeout: null
receiveDataWhenStatusError: true
extra: {}

*** Response ***
uri: http://127.0.0.1:9800/api/v1/organizations/900

*** Request ***
uri: http://127.0.0.1:9800/api/v1/workspaces/mine?page=1&size=100
method: GET
responseType: ResponseType.json
followRedirects: true
persistentConnection: true
connectTimeout: 0:01:00.000000
sendTimeout: 0:01:00.000000
receiveTimeout: 0:01:00.000000
transformTimeout: null
receiveDataWhenStatusError: true
extra: {}

*** Response ***
uri: http://127.0.0.1:9800/api/v1/workspaces/mine?page=1&size=100

*** Request ***
uri: http://127.0.0.1:9800/api/v1/organizations/900/default-workspace
method: GET
responseType: ResponseType.json
followRedirects: true
persistentConnection: true
connectTimeout: 0:01:00.000000
sendTimeout: 0:01:00.000000
receiveTimeout: 0:01:00.000000
transformTimeout: null
receiveDataWhenStatusError: true
extra: {}

*** Response ***
uri: http://127.0.0.1:9800/api/v1/organizations/900/default-workspace

*** Request ***
uri: http://127.0.0.1:9800/api/v1/workspaces/801/groups
method: GET
responseType: ResponseType.json
followRedirects: true
persistentConnection: true
connectTimeout: 0:01:00.000000
sendTimeout: 0:01:00.000000
receiveTimeout: 0:01:00.000000
transformTimeout: null
receiveDataWhenStatusError: true
extra: {}

*** Response ***
uri: http://127.0.0.1:9800/api/v1/workspaces/801/groups

*** Request ***
uri: http://127.0.0.1:9800/api/v1/workspaces/801/channels?paged=1&limit=200&cursor=0
method: GET
responseType: ResponseType.json
followRedirects: true
persistentConnection: true
connectTimeout: 0:01:00.000000
sendTimeout: 0:01:00.000000
receiveTimeout: 0:01:00.000000
transformTimeout: null
receiveDataWhenStatusError: true
extra: {}

*** Response ***
uri: http://127.0.0.1:9800/api/v1/workspaces/801/channels?paged=1&limit=200&cursor=0

*** Request ***
uri: http://127.0.0.1:9800/api/v1/workspaces/801/channels?paged=1&limit=200&cursor=0&status=archived
method: GET
responseType: ResponseType.json
followRedirects: true
persistentConnection: true
connectTimeout: 0:01:00.000000
sendTimeout: 0:01:00.000000
receiveTimeout: 0:01:00.000000
transformTimeout: null
receiveDataWhenStatusError: true
extra: {}

*** Response ***
uri: http://127.0.0.1:9800/api/v1/workspaces/801/channels?paged=1&limit=200&cursor=0&status=archived

00:07 +179: /Users/leeyi/project/imboy.pub/imboyapp/test/organization/organization_member_detail_page_widget_test.dart: 有权 Workspace 渲染 + 角色/账号/加入时间 + IM 资料次级入口
00:07 +180: /Users/leeyi/project/imboy.pub/imboyapp/test/organization/organization_member_detail_page_widget_test.dart: 有权 Workspace 渲染 + 角色/账号/加入时间 + IM 资料次级入口
00:07 +180: /Users/leeyi/project/imboy.pub/imboyapp/test/organization/org_workspace_members_page_widget_test.dart: 权限终态：detail 403 → 无权查看（无重试）
*** Request ***
uri: http://127.0.0.1:9800/api/v1/workspaces/801
method: GET
responseType: ResponseType.json
followRedirects: true
persistentConnection: true
connectTimeout: 0:01:00.000000
sendTimeout: 0:01:00.000000
receiveTimeout: 0:01:00.000000
transformTimeout: null
receiveDataWhenStatusError: true
extra: {}

*** Response ***
uri: http://127.0.0.1:9800/api/v1/workspaces/801

handleResponse_response /api/v1/workspaces/801 : false {"code":403,"msg":"forbidden"}; 
00:07 +181: /Users/leeyi/project/imboy.pub/imboyapp/test/organization/organization_member_detail_page_widget_test.dart: 有权 Workspace 渲染 + 角色/账号/加入时间 + IM 资料次级入口
00:07 +181: /Users/leeyi/project/imboy.pub/imboyapp/test/organization/org_workspace_members_page_widget_test.dart: 四态：loading 先于成功
*** Request ***
uri: http://127.0.0.1:9800/api/v1/workspaces/801
method: GET
responseType: ResponseType.json
followRedirects: true
persistentConnection: true
connectTimeout: 0:01:00.000000
sendTimeout: 0:01:00.000000
receiveTimeout: 0:01:00.000000
transformTimeout: null
receiveDataWhenStatusError: true
extra: {}

*** Response ***
uri: http://127.0.0.1:9800/api/v1/workspaces/801

*** Request ***
uri: http://127.0.0.1:9800/api/v1/workspaces/801/members?page=1&size=100
method: GET
responseType: ResponseType.json
followRedirects: true
persistentConnection: true
connectTimeout: 0:01:00.000000
sendTimeout: 0:01:00.000000
receiveTimeout: 0:01:00.000000
transformTimeout: null
receiveDataWhenStatusError: true
extra: {}

*** Response ***
uri: http://127.0.0.1:9800/api/v1/workspaces/801/members?page=1&size=100

00:07 +182: /Users/leeyi/project/imboy.pub/imboyapp/test/organization/organization_member_detail_page_widget_test.dart: 有权 Workspace 渲染 + 角色/账号/加入时间 + IM 资料次级入口
00:07 +182: /Users/leeyi/project/imboy.pub/imboyapp/test/organization/org_workspace_members_page_widget_test.dart: 深链：邀请入口落到既有邀请向导路由
*** Request ***
uri: http://127.0.0.1:9800/api/v1/workspaces/801
method: GET
responseType: ResponseType.json
followRedirects: true
persistentConnection: true
connectTimeout: 0:01:00.000000
sendTimeout: 0:01:00.000000
receiveTimeout: 0:01:00.000000
transformTimeout: null
receiveDataWhenStatusError: true
extra: {}

*** Response ***
uri: http://127.0.0.1:9800/api/v1/workspaces/801

*** Request ***
uri: http://127.0.0.1:9800/api/v1/workspaces/801/members?page=1&size=100
method: GET
responseType: ResponseType.json
followRedirects: true
persistentConnection: true
connectTimeout: 0:01:00.000000
sendTimeout: 0:01:00.000000
receiveTimeout: 0:01:00.000000
transformTimeout: null
receiveDataWhenStatusError: true
extra: {}

*** Response ***
uri: http://127.0.0.1:9800/api/v1/workspaces/801/members?page=1&size=100

00:07 +183: /Users/leeyi/project/imboy.pub/imboyapp/test/organization/org_workspace_members_page_widget_test.dart: 深链：邀请入口落到既有邀请向导路由
00:07 +184: /Users/leeyi/project/imboy.pub/imboyapp/test/organization/organization_member_detail_page_widget_test.dart: 普通成员视角（无治理面投影）：角色标注受限但工作区仍可见
*** Request ***
uri: http://127.0.0.1:9800/api/v1/organizations/7001/members/42/workspaces
method: GET
responseType: ResponseType.json
followRedirects: true
persistentConnection: true
connectTimeout: 0:01:00.000000
sendTimeout: 0:01:00.000000
receiveTimeout: 0:01:00.000000
transformTimeout: null
receiveDataWhenStatusError: true
extra: {}

*** Response ***
uri: http://127.0.0.1:9800/api/v1/organizations/7001/members/42/workspaces

*** Request ***
uri: http://127.0.0.1:9800/api/v1/organizations/7001/members/42/workspaces
method: GET
responseType: ResponseType.json
followRedirects: true
persistentConnection: true
connectTimeout: 0:01:00.000000
sendTimeout: 0:01:00.000000
receiveTimeout: 0:01:00.000000
transformTimeout: null
receiveDataWhenStatusError: true
extra: {}

*** Response ***
uri: http://127.0.0.1:9800/api/v1/organizations/7001/members/42/workspaces

00:07 +185: /Users/leeyi/project/imboy.pub/imboyapp/test/organization/organization_member_detail_page_widget_test.dart: 空态：该成员在本企业内暂无工作区
*** Request ***
uri: http://127.0.0.1:9800/api/v1/organizations/7001/members/42/workspaces
method: GET
responseType: ResponseType.json
followRedirects: true
persistentConnection: true
connectTimeout: 0:01:00.000000
sendTimeout: 0:01:00.000000
receiveTimeout: 0:01:00.000000
transformTimeout: null
receiveDataWhenStatusError: true
extra: {}

*** Response ***
uri: http://127.0.0.1:9800/api/v1/organizations/7001/members/42/workspaces

00:07 +186: /Users/leeyi/project/imboy.pub/imboyapp/test/organization/organization_member_detail_page_widget_test.dart: 失败态：给重试入口，重试成功后渲染列表
*** Request ***
uri: http://127.0.0.1:9800/api/v1/organizations/7001/members/42/workspaces
method: GET
responseType: ResponseType.json
followRedirects: true
persistentConnection: true
connectTimeout: 0:01:00.000000
sendTimeout: 0:01:00.000000
receiveTimeout: 0:01:00.000000
transformTimeout: null
receiveDataWhenStatusError: true
extra: {}

*** Response ***
uri: http://127.0.0.1:9800/api/v1/organizations/7001/members/42/workspaces

handleResponse_response /api/v1/organizations/7001/members/42/workspaces : false {"code":500,"msg":"查询失败，请稍后重试"}; 
*** Request ***
uri: http://127.0.0.1:9800/api/v1/organizations/7001/members/42/workspaces
method: GET
responseType: ResponseType.json
followRedirects: true
persistentConnection: true
connectTimeout: 0:01:00.000000
sendTimeout: 0:01:00.000000
receiveTimeout: 0:01:00.000000
transformTimeout: null
receiveDataWhenStatusError: true
extra: {}

*** Response ***
uri: http://127.0.0.1:9800/api/v1/organizations/7001/members/42/workspaces

00:07 +187: /Users/leeyi/project/imboy.pub/imboyapp/test/organization/organization_home_page_widget_test.dart: 迟到的旧刷新不得覆盖新组织列表及缓存
*** Request ***
uri: http://127.0.0.1:9800/api/v1/organizations/mine?page=1&size=100
method: GET
responseType: ResponseType.json
followRedirects: true
persistentConnection: true
connectTimeout: 0:01:00.000000
sendTimeout: 0:01:00.000000
receiveTimeout: 0:01:00.000000
transformTimeout: null
receiveDataWhenStatusError: true
extra: {}

*** Request ***
uri: http://127.0.0.1:9800/api/v1/organizations/mine?page=1&size=100
method: GET
responseType: ResponseType.json
followRedirects: true
persistentConnection: true
connectTimeout: 0:01:00.000000
sendTimeout: 0:01:00.000000
receiveTimeout: 0:01:00.000000
transformTimeout: null
receiveDataWhenStatusError: true
extra: {}

*** Response ***
uri: http://127.0.0.1:9800/api/v1/organizations/mine?page=1&size=100

*** Request ***
uri: http://127.0.0.1:9800/api/v1/organizations/invitations/mine?limit=20&status=pending
method: GET
responseType: ResponseType.json
followRedirects: true
persistentConnection: true
connectTimeout: 0:01:00.000000
sendTimeout: 0:01:00.000000
receiveTimeout: 0:01:00.000000
transformTimeout: null
receiveDataWhenStatusError: true
extra: {}

*** Response ***
uri: http://127.0.0.1:9800/api/v1/organizations/invitations/mine?limit=20&status=pending

[HttpTransformer] payload type drift: expected Map, got List<dynamic> uri=/api/v1/organizations/invitations/mine
*** Response ***
uri: http://127.0.0.1:9800/api/v1/organizations/mine?page=1&size=100

00:08 +188: /Users/leeyi/project/imboy.pub/imboyapp/test/organization/ux_matrix/organization_pages_ux_matrix_test.dart: OrganizationHomePage：viewport/textScale/dark 矩阵（无 danger 入口 → N/A）
00:08 +188: /Users/leeyi/project/imboy.pub/imboyapp/test/organization/organization_home_page_widget_test.dart: 旧邀请角标响应不得覆盖更新的计数
*** Request ***
uri: http://127.0.0.1:9800/api/v1/organizations/mine?page=1&size=100
method: GET
responseType: ResponseType.json
followRedirects: true
persistentConnection: true
connectTimeout: 0:01:00.000000
sendTimeout: 0:01:00.000000
receiveTimeout: 0:01:00.000000
transformTimeout: null
receiveDataWhenStatusError: true
extra: {}

*** Response ***
uri: http://127.0.0.1:9800/api/v1/organizations/mine?page=1&size=100

*** Request ***
uri: http://127.0.0.1:9800/api/v1/organizations/invitations/mine?limit=20&status=pending
method: GET
responseType: ResponseType.json
followRedirects: true
persistentConnection: true
connectTimeout: 0:01:00.000000
sendTimeout: 0:01:00.000000
receiveTimeout: 0:01:00.000000
transformTimeout: null
receiveDataWhenStatusError: true
extra: {}

*** Request ***
uri: http://127.0.0.1:9800/api/v1/organizations/mine?page=1&size=100
method: GET
responseType: ResponseType.json
followRedirects: true
persistentConnection: true
connectTimeout: 0:01:00.000000
sendTimeout: 0:01:00.000000
receiveTimeout: 0:01:00.000000
transformTimeout: null
receiveDataWhenStatusError: true
extra: {}

*** Response ***
uri: http://127.0.0.1:9800/api/v1/organizations/mine?page=1&size=100

*** Request ***
uri: http://127.0.0.1:9800/api/v1/organizations/invitations/mine?limit=20&status=pending
method: GET
responseType: ResponseType.json
followRedirects: true
persistentConnection: true
connectTimeout: 0:01:00.000000
sendTimeout: 0:01:00.000000
receiveTimeout: 0:01:00.000000
transformTimeout: null
receiveDataWhenStatusError: true
extra: {}

*** Response ***
uri: http://127.0.0.1:9800/api/v1/organizations/invitations/mine?limit=20&status=pending

*** Response ***
uri: http://127.0.0.1:9800/api/v1/organizations/invitations/mine?limit=20&status=pending

00:08 +189: /Users/leeyi/project/imboy.pub/imboyapp/test/organization/ux_matrix/organization_pages_ux_matrix_test.dart: OrganizationHomePage：viewport/textScale/dark 矩阵（无 danger 入口 → N/A）
00:08 +189: /Users/leeyi/project/imboy.pub/imboyapp/test/organization/organization_home_page_widget_test.dart: 空态：未加入任何组织时展示引导文案
*** Request ***
uri: http://127.0.0.1:9800/api/v1/organizations/mine?page=1&size=100
method: GET
responseType: ResponseType.json
followRedirects: true
persistentConnection: true
connectTimeout: 0:01:00.000000
sendTimeout: 0:01:00.000000
receiveTimeout: 0:01:00.000000
transformTimeout: null
receiveDataWhenStatusError: true
extra: {}

*** Response ***
uri: http://127.0.0.1:9800/api/v1/organizations/mine?page=1&size=100

*** Request ***
uri: http://127.0.0.1:9800/api/v1/organizations/invitations/mine?limit=20&status=pending
method: GET
responseType: ResponseType.json
followRedirects: true
persistentConnection: true
connectTimeout: 0:01:00.000000
sendTimeout: 0:01:00.000000
receiveTimeout: 0:01:00.000000
transformTimeout: null
receiveDataWhenStatusError: true
extra: {}

*** Response ***
uri: http://127.0.0.1:9800/api/v1/organizations/invitations/mine?limit=20&status=pending

00:08 +190: /Users/leeyi/project/imboy.pub/imboyapp/test/organization/ux_matrix/organization_pages_ux_matrix_test.dart: OrganizationHomePage：viewport/textScale/dark 矩阵（无 danger 入口 → N/A）
00:08 +190: /Users/leeyi/project/imboy.pub/imboyapp/test/organization/organization_home_page_widget_test.dart: 列表：archived 组织打标 + 成员角色展示
*** Request ***
uri: http://127.0.0.1:9800/api/v1/organizations/mine?page=1&size=100
method: GET
responseType: ResponseType.json
followRedirects: true
persistentConnection: true
connectTimeout: 0:01:00.000000
sendTimeout: 0:01:00.000000
receiveTimeout: 0:01:00.000000
transformTimeout: null
receiveDataWhenStatusError: true
extra: {}

*** Response ***
uri: http://127.0.0.1:9800/api/v1/organizations/mine?page=1&size=100

*** Request ***
uri: http://127.0.0.1:9800/api/v1/organizations/invitations/mine?limit=20&status=pending
method: GET
responseType: ResponseType.json
followRedirects: true
persistentConnection: true
connectTimeout: 0:01:00.000000
sendTimeout: 0:01:00.000000
receiveTimeout: 0:01:00.000000
transformTimeout: null
receiveDataWhenStatusError: true
extra: {}

*** Response ***
uri: http://127.0.0.1:9800/api/v1/organizations/invitations/mine?limit=20&status=pending

00:08 +191: /Users/leeyi/project/imboy.pub/imboyapp/test/organization/ux_matrix/organization_pages_ux_matrix_test.dart: OrganizationHomePage：viewport/textScale/dark 矩阵（无 danger 入口 → N/A）
00:08 +191: /Users/leeyi/project/imboy.pub/imboyapp/test/organization/organization_home_page_widget_test.dart: error 态：服务端 500 展示失败与重试入口
*** Request ***
uri: http://127.0.0.1:9800/api/v1/organizations/mine?page=1&size=100
method: GET
responseType: ResponseType.json
followRedirects: true
persistentConnection: true
connectTimeout: 0:01:00.000000
sendTimeout: 0:01:00.000000
receiveTimeout: 0:01:00.000000
transformTimeout: null
receiveDataWhenStatusError: true
extra: {}

*** Response ***
uri: http://127.0.0.1:9800/api/v1/organizations/mine?page=1&size=100

handleResponse_response /api/v1/organizations/mine : false {"code":500,"msg":"boom"}; 
*** Request ***
uri: http://127.0.0.1:9800/api/v1/organizations/invitations/mine?limit=20&status=pending
method: GET
responseType: ResponseType.json
followRedirects: true
persistentConnection: true
connectTimeout: 0:01:00.000000
sendTimeout: 0:01:00.000000
receiveTimeout: 0:01:00.000000
transformTimeout: null
receiveDataWhenStatusError: true
extra: {}

*** Response ***
uri: http://127.0.0.1:9800/api/v1/organizations/invitations/mine?limit=20&status=pending

handleResponse_response /api/v1/organizations/invitations/mine : false {"code":500,"msg":"boom"}; 
00:08 +192: /Users/leeyi/project/imboy.pub/imboyapp/test/organization/ux_matrix/organization_pages_ux_matrix_test.dart: OrganizationHomePage：viewport/textScale/dark 矩阵（无 danger 入口 → N/A）
00:08 +192: /Users/leeyi/project/imboy.pub/imboyapp/test/organization/organization_tools_page_widget_test.dart: 只列本企业已授权资源：个人域/别家企业不出现
*** Request ***
uri: http://127.0.0.1:9800/api/v1/organizations/900
method: GET
responseType: ResponseType.json
followRedirects: true
persistentConnection: true
connectTimeout: 0:01:00.000000
sendTimeout: 0:01:00.000000
receiveTimeout: 0:01:00.000000
transformTimeout: null
receiveDataWhenStatusError: true
extra: {}

*** Response ***
uri: http://127.0.0.1:9800/api/v1/organizations/900

*** Request ***
uri: http://127.0.0.1:9800/api/v1/workspaces/mine?page=1&size=100
method: GET
responseType: ResponseType.json
followRedirects: true
persistentConnection: true
connectTimeout: 0:01:00.000000
sendTimeout: 0:01:00.000000
receiveTimeout: 0:01:00.000000
transformTimeout: null
receiveDataWhenStatusError: true
extra: {}

*** Response ***
uri: http://127.0.0.1:9800/api/v1/workspaces/mine?page=1&size=100

*** Request ***
uri: http://127.0.0.1:9800/api/v1/workspaces/801/projects?page=1&size=50
method: GET
responseType: ResponseType.json
followRedirects: true
persistentConnection: true
connectTimeout: 0:01:00.000000
sendTimeout: 0:01:00.000000
receiveTimeout: 0:01:00.000000
transformTimeout: null
receiveDataWhenStatusError: true
extra: {}

*** Request ***
uri: http://127.0.0.1:9800/api/v1/workspaces/802/projects?page=1&size=50
method: GET
responseType: ResponseType.json
followRedirects: true
persistentConnection: true
connectTimeout: 0:01:00.000000
sendTimeout: 0:01:00.000000
receiveTimeout: 0:01:00.000000
transformTimeout: null
receiveDataWhenStatusError: true
extra: {}

*** Response ***
uri: http://127.0.0.1:9800/api/v1/workspaces/801/projects?page=1&size=50

*** Response ***
uri: http://127.0.0.1:9800/api/v1/workspaces/802/projects?page=1&size=50

00:08 +193: /Users/leeyi/project/imboy.pub/imboyapp/test/organization/ux_matrix/organization_pages_ux_matrix_test.dart: OrganizationHomePage：viewport/textScale/dark 矩阵（无 danger 入口 → N/A）
00:08 +193: /Users/leeyi/project/imboy.pub/imboyapp/test/organization/organization_tools_page_widget_test.dart: 深链：项目行落到既有项目详情路由
*** Request ***
uri: http://127.0.0.1:9800/api/v1/organizations/900
method: GET
responseType: ResponseType.json
followRedirects: true
persistentConnection: true
connectTimeout: 0:01:00.000000
sendTimeout: 0:01:00.000000
receiveTimeout: 0:01:00.000000
transformTimeout: null
receiveDataWhenStatusError: true
extra: {}

*** Response ***
uri: http://127.0.0.1:9800/api/v1/organizations/900

*** Request ***
uri: http://127.0.0.1:9800/api/v1/workspaces/mine?page=1&size=100
method: GET
responseType: ResponseType.json
followRedirects: true
persistentConnection: true
connectTimeout: 0:01:00.000000
sendTimeout: 0:01:00.000000
receiveTimeout: 0:01:00.000000
transformTimeout: null
receiveDataWhenStatusError: true
extra: {}

*** Response ***
uri: http://127.0.0.1:9800/api/v1/workspaces/mine?page=1&size=100

00:09 +193: /Users/leeyi/project/imboy.pub/imboyapp/test/organization/ux_matrix/organization_pages_ux_matrix_test.dart: OrganizationHomePage：viewport/textScale/dark 矩阵（无 danger 入口 → N/A）
*** Request ***
uri: http://127.0.0.1:9800/api/v1/organizations/mine?page=1&size=100
method: GET
responseType: ResponseType.json
followRedirects: true
persistentConnection: true
connectTimeout: 0:01:00.000000
sendTimeout: 0:01:00.000000
receiveTimeout: 0:01:00.000000
transformTimeout: null
receiveDataWhenStatusError: true
extra: {}

00:09 +193: /Users/leeyi/project/imboy.pub/imboyapp/test/organization/organization_tools_page_widget_test.dart: 深链：项目行落到既有项目详情路由
*** Request ***
uri: http://127.0.0.1:9800/api/v1/workspaces/801/projects?page=1&size=50
method: GET
responseType: ResponseType.json
followRedirects: true
persistentConnection: true
connectTimeout: 0:01:00.000000
sendTimeout: 0:01:00.000000
receiveTimeout: 0:01:00.000000
transformTimeout: null
receiveDataWhenStatusError: true
extra: {}

*** Request ***
uri: http://127.0.0.1:9800/api/v1/workspaces/802/projects?page=1&size=50
method: GET
responseType: ResponseType.json
followRedirects: true
persistentConnection: true
connectTimeout: 0:01:00.000000
sendTimeout: 0:01:00.000000
receiveTimeout: 0:01:00.000000
transformTimeout: null
receiveDataWhenStatusError: true
extra: {}

00:09 +193: /Users/leeyi/project/imboy.pub/imboyapp/test/organization/ux_matrix/organization_pages_ux_matrix_test.dart: OrganizationHomePage：viewport/textScale/dark 矩阵（无 danger 入口 → N/A）
*** Response ***
uri: http://127.0.0.1:9800/api/v1/organizations/mine?page=1&size=100

00:09 +193: /Users/leeyi/project/imboy.pub/imboyapp/test/organization/organization_tools_page_widget_test.dart: 深链：项目行落到既有项目详情路由
*** Response ***
uri: http://127.0.0.1:9800/api/v1/workspaces/801/projects?page=1&size=50

*** Response ***
uri: http://127.0.0.1:9800/api/v1/workspaces/802/projects?page=1&size=50

00:09 +193: /Users/leeyi/project/imboy.pub/imboyapp/test/organization/ux_matrix/organization_pages_ux_matrix_test.dart: OrganizationHomePage：viewport/textScale/dark 矩阵（无 danger 入口 → N/A）
*** Request ***
uri: http://127.0.0.1:9800/api/v1/organizations/invitations/mine?limit=20&status=pending
method: GET
responseType: ResponseType.json
followRedirects: true
persistentConnection: true
connectTimeout: 0:01:00.000000
sendTimeout: 0:01:00.000000
receiveTimeout: 0:01:00.000000
transformTimeout: null
receiveDataWhenStatusError: true
extra: {}

*** Response ***
uri: http://127.0.0.1:9800/api/v1/organizations/invitations/mine?limit=20&status=pending

00:09 +194: /Users/leeyi/project/imboy.pub/imboyapp/test/organization/ux_matrix/organization_pages_ux_matrix_test.dart: OrganizationHomePage：viewport/textScale/dark 矩阵（无 danger 入口 → N/A）
00:09 +194: /Users/leeyi/project/imboy.pub/imboyapp/test/organization/organization_tools_page_widget_test.dart: 诚实降级：某工作区 projects 403 → 错误行 + 重试，不隐藏
*** Request ***
uri: http://127.0.0.1:9800/api/v1/organizations/900
method: GET
responseType: ResponseType.json
followRedirects: true
persistentConnection: true
connectTimeout: 0:01:00.000000
sendTimeout: 0:01:00.000000
receiveTimeout: 0:01:00.000000
transformTimeout: null
receiveDataWhenStatusError: true
extra: {}

*** Response ***
uri: http://127.0.0.1:9800/api/v1/organizations/900

*** Request ***
uri: http://127.0.0.1:9800/api/v1/workspaces/mine?page=1&size=100
method: GET
responseType: ResponseType.json
followRedirects: true
persistentConnection: true
connectTimeout: 0:01:00.000000
sendTimeout: 0:01:00.000000
receiveTimeout: 0:01:00.000000
transformTimeout: null
receiveDataWhenStatusError: true
extra: {}

*** Response ***
uri: http://127.0.0.1:9800/api/v1/workspaces/mine?page=1&size=100

*** Request ***
uri: http://127.0.0.1:9800/api/v1/workspaces/801/projects?page=1&size=50
method: GET
responseType: ResponseType.json
followRedirects: true
persistentConnection: true
connectTimeout: 0:01:00.000000
sendTimeout: 0:01:00.000000
receiveTimeout: 0:01:00.000000
transformTimeout: null
receiveDataWhenStatusError: true
extra: {}

*** Request ***
00:09 +195: /Users/leeyi/project/imboy.pub/imboyapp/test/organization/ux_matrix/organization_pages_ux_matrix_test.dart: OrganizationHomePage：viewport/textScale/dark 矩阵（无 danger 入口 → N/A）
00:09 +195: /Users/leeyi/project/imboy.pub/imboyapp/test/organization/organization_tools_page_widget_test.dart: 诚实降级：某工作区 projects 403 → 错误行 + 重试，不隐藏
uri: http://127.0.0.1:9800/api/v1/workspaces/802/projects?page=1&size=50
method: GET
responseType: ResponseType.json
followRedirects: true
persistentConnection: true
connectTimeout: 0:01:00.000000
sendTimeout: 0:01:00.000000
receiveTimeout: 0:01:00.000000
transformTimeout: null
receiveDataWhenStatusError: true
extra: {}

*** Response ***
uri: http://127.0.0.1:9800/api/v1/workspaces/801/projects?page=1&size=50

*** Response ***
uri: http://127.0.0.1:9800/api/v1/workspaces/802/projects?page=1&size=50

handleResponse_response /api/v1/workspaces/802/projects : false {"code":403,"msg":"非工作区成员"}; 
00:09 +196: /Users/leeyi/project/imboy.pub/imboyapp/test/organization/ux_matrix/organization_pages_ux_matrix_test.dart: OrganizationHomePage：viewport/textScale/dark 矩阵（无 danger 入口 → N/A）
00:09 +197: /Users/leeyi/project/imboy.pub/imboyapp/test/organization/ux_matrix/organization_pages_ux_matrix_test.dart: OrganizationHomePage：viewport/textScale/dark 矩阵（无 danger 入口 → N/A）
00:09 +197: /Users/leeyi/project/imboy.pub/imboyapp/test/organization/organization_tools_page_widget_test.dart: 诚实降级：某工作区 projects 403 → 错误行 + 重试，不隐藏
*** Request ***
uri: http://127.0.0.1:9800/api/v1/workspaces/802/projects?page=1&size=50
method: GET
responseType: ResponseType.json
followRedirects: true
persistentConnection: true
connectTimeout: 0:01:00.000000
sendTimeout: 0:01:00.000000
receiveTimeout: 0:01:00.000000
transformTimeout: null
receiveDataWhenStatusError: true
extra: {}

*** Response ***
uri: http://127.0.0.1:9800/api/v1/workspaces/802/projects?page=1&size=50

handleResponse_response /api/v1/workspaces/802/projects : false {"code":403,"msg":"非工作区成员"}; 
*** Request ***
uri: http://127.0.0.1:9800/api/v1/workspaces/802/projects?page=1&size=50
method: GET
responseType: ResponseType.json
followRedirects: true
persistentConnection: true
connectTimeout: 0:01:00.000000
sendTimeout: 0:01:00.000000
receiveTimeout: 0:01:00.000000
transformTimeout: null
receiveDataWhenStatusError: true
extra: {}

*** Response ***
uri: http://127.0.0.1:9800/api/v1/workspaces/802/projects?page=1&size=50

handleResponse_response /api/v1/workspaces/802/projects : false {"code":403,"msg":"非工作区成员"}; 
*** Request ***
uri: http://127.0.0.1:9800/api/v1/workspaces/802/projects?page=1&size=50
method: GET
responseType: ResponseType.json
followRedirects: true
persistentConnection: true
connectTimeout: 0:01:00.000000
sendTimeout: 0:01:00.000000
receiveTimeout: 0:01:00.000000
transformTimeout: null
receiveDataWhenStatusError: true
extra: {}

*** Response ***
uri: http://127.0.0.1:9800/api/v1/workspaces/802/projects?page=1&size=50

handleResponse_response /api/v1/workspaces/802/projects : false {"code":403,"msg":"非工作区成员"}; 
*** Request ***
uri: http://127.0.0.1:9800/api/v1/workspaces/802/projects?page=1&size=50
method: GET
responseType: ResponseType.json
followRedirects: true
persistentConnection: true
connectTimeout: 0:01:00.000000
sendTimeout: 0:01:00.000000
receiveTimeout: 0:01:00.000000
transformTimeout: null
receiveDataWhenStatusError: true
extra: {}

*** Response ***
uri: http://127.0.0.1:9800/api/v1/workspaces/802/projects?page=1&size=50

handleResponse_response /api/v1/workspaces/802/projects : false {"code":403,"msg":"非工作区成员"}; 
*** Request ***
uri: http://127.0.0.1:9800/api/v1/workspaces/802/projects?page=1&size=50
method: GET
responseType: ResponseType.json
followRedirects: true
persistentConnection: true
connectTimeout: 0:01:00.000000
sendTimeout: 0:01:00.000000
receiveTimeout: 0:01:00.000000
transformTimeout: null
receiveDataWhenStatusError: true
extra: {}

*** Response ***
uri: http://127.0.0.1:9800/api/v1/workspaces/802/projects?page=1&size=50

handleResponse_response /api/v1/workspaces/802/projects : false {"code":403,"msg":"非工作区成员"}; 
*** Request ***
uri: http://127.0.0.1:9800/api/v1/workspaces/802/projects?page=1&size=50
method: GET
responseType: ResponseType.json
followRedirects: true
persistentConnection: true
connectTimeout: 0:01:00.000000
sendTimeout: 0:01:00.000000
receiveTimeout: 0:01:00.000000
transformTimeout: null
receiveDataWhenStatusError: true
extra: {}

*** Response ***
uri: http://127.0.0.1:9800/api/v1/workspaces/802/projects?page=1&size=50

handleResponse_response /api/v1/workspaces/802/projects : false {"code":403,"msg":"非工作区成员"}; 
*** Request ***
uri: http://127.0.0.1:9800/api/v1/workspaces/802/projects?page=1&size=50
method: GET
responseType: ResponseType.json
followRedirects: true
persistentConnection: true
connectTimeout: 0:01:00.000000
sendTimeout: 0:01:00.000000
receiveTimeout: 0:01:00.000000
transformTimeout: null
receiveDataWhenStatusError: true
extra: {}

*** Response ***
uri: http://127.0.0.1:9800/api/v1/workspaces/802/projects?page=1&size=50

handleResponse_response /api/v1/workspaces/802/projects : false {"code":403,"msg":"非工作区成员"}; 
*** Request ***
uri: http://127.0.0.1:9800/api/v1/workspaces/802/projects?page=1&size=50
method: GET
responseType: ResponseType.json
followRedirects: true
persistentConnection: true
connectTimeout: 0:01:00.000000
sendTimeout: 0:01:00.000000
receiveTimeout: 0:01:00.000000
transformTimeout: null
receiveDataWhenStatusError: true
extra: {}

*** Response ***
uri: http://127.0.0.1:9800/api/v1/workspaces/802/projects?page=1&size=50

handleResponse_response /api/v1/workspaces/802/projects : false {"code":403,"msg":"非工作区成员"}; 
*** Request ***
uri: http://127.0.0.1:9800/api/v1/workspaces/802/projects?page=1&size=50
method: GET
responseType: ResponseType.json
followRedirects: true
persistentConnection: true
connectTimeout: 0:01:00.000000
sendTimeout: 0:01:00.000000
receiveTimeout: 0:01:00.000000
transformTimeout: null
receiveDataWhenStatusError: true
extra: {}

*** Response ***
uri: http://127.0.0.1:9800/api/v1/workspaces/802/projects?page=1&size=50

handleResponse_response /api/v1/workspaces/802/projects : false {"code":403,"msg":"非工作区成员"}; 
*** Request ***
uri: http://127.0.0.1:9800/api/v1/workspaces/802/projects?page=1&size=50
method: GET
responseType: ResponseType.json
followRedirects: true
persistentConnection: true
connectTimeout: 0:01:00.000000
sendTimeout: 0:01:00.000000
receiveTimeout: 0:01:00.000000
transformTimeout: null
receiveDataWhenStatusError: true
extra: {}

*** Response ***
uri: http://127.0.0.1:9800/api/v1/workspaces/802/projects?page=1&size=50

handleResponse_response /api/v1/workspaces/802/projects : false {"code":403,"msg":"非工作区成员"}; 
00:09 +198: /Users/leeyi/project/imboy.pub/imboyapp/test/organization/ux_matrix/organization_pages_ux_matrix_test.dart: OrganizationHomePage：viewport/textScale/dark 矩阵（无 danger 入口 → N/A）
00:09 +198: /Users/leeyi/project/imboy.pub/imboyapp/test/organization/organization_tools_page_widget_test.dart: 权限终态：org detail 403 → 无权查看（无重试）
*** Request ***
uri: http://127.0.0.1:9800/api/v1/organizations/900
method: GET
responseType: ResponseType.json
followRedirects: true
persistentConnection: true
connectTimeout: 0:01:00.000000
sendTimeout: 0:01:00.000000
receiveTimeout: 0:01:00.000000
transformTimeout: null
receiveDataWhenStatusError: true
extra: {}

*** Response ***
uri: http://127.0.0.1:9800/api/v1/organizations/900

handleResponse_response /api/v1/organizations/900 : false {"code":403,"msg":"forbidden"}; 
00:09 +199: /Users/leeyi/project/imboy.pub/imboyapp/test/organization/ux_matrix/organization_pages_ux_matrix_test.dart: OrganizationHomePage：viewport/textScale/dark 矩阵（无 danger 入口 → N/A）
00:09 +199: /Users/leeyi/project/imboy.pub/imboyapp/test/organization/organization_tools_page_widget_test.dart: 切 Org 原子重建：新 org 参数下重新读服务端，旧企业资源不残留
*** Request ***
uri: http://127.0.0.1:9800/api/v1/organizations/900
method: GET
responseType: ResponseType.json
followRedirects: true
persistentConnection: true
connectTimeout: 0:01:00.000000
sendTimeout: 0:01:00.000000
receiveTimeout: 0:01:00.000000
transformTimeout: null
receiveDataWhenStatusError: true
extra: {}

*** Response ***
uri: http://127.0.0.1:9800/api/v1/organizations/900

*** Request ***
uri: http://127.0.0.1:9800/api/v1/workspaces/mine?page=1&size=100
method: GET
responseType: ResponseType.json
followRedirects: true
persistentConnection: true
connectTimeout: 0:01:00.000000
sendTimeout: 0:01:00.000000
receiveTimeout: 0:01:00.000000
transformTimeout: null
receiveDataWhenStatusError: true
extra: {}

*** Response ***
uri: http://127.0.0.1:9800/api/v1/workspaces/mine?page=1&size=100

00:09 +200: /Users/leeyi/project/imboy.pub/imboyapp/test/organization/ux_matrix/organization_pages_ux_matrix_test.dart: OrganizationHomePage：viewport/textScale/dark 矩阵（无 danger 入口 → N/A）
00:09 +200: /Users/leeyi/project/imboy.pub/imboyapp/test/organization/organization_tools_page_widget_test.dart: 切 Org 原子重建：新 org 参数下重新读服务端，旧企业资源不残留
*** Request ***
uri: http://127.0.0.1:9800/api/v1/workspaces/801/projects?page=1&size=50
method: GET
responseType: ResponseType.json
followRedirects: true
persistentConnection: true
connectTimeout: 0:01:00.000000
sendTimeout: 0:01:00.000000
receiveTimeout: 0:01:00.000000
transformTimeout: null
receiveDataWhenStatusError: true
extra: {}

*** Request ***
uri: http://127.0.0.1:9800/api/v1/workspaces/802/projects?page=1&size=50
method: GET
responseType: ResponseType.json
followRedirects: true
persistentConnection: true
connectTimeout: 0:01:00.000000
sendTimeout: 0:01:00.000000
receiveTimeout: 0:01:00.000000
transformTimeout: null
receiveDataWhenStatusError: true
extra: {}

*** Response ***
uri: http://127.0.0.1:9800/api/v1/workspaces/801/projects?page=1&size=50

*** Response ***
uri: http://127.0.0.1:9800/api/v1/workspaces/802/projects?page=1&size=50

*** Request ***
uri: http://127.0.0.1:9800/api/v1/organizations/901
method: GET
responseType: ResponseType.json
followRedirects: true
persistentConnection: true
connectTimeout: 0:01:00.000000
sendTimeout: 0:01:00.000000
receiveTimeout: 0:01:00.000000
transformTimeout: null
receiveDataWhenStatusError: true
extra: {}

*** Response ***
uri: http://127.0.0.1:9800/api/v1/organizations/901

*** Request ***
uri: http://127.0.0.1:9800/api/v1/workspaces/mine?page=1&size=100
method: GET
responseType: ResponseType.json
followRedirects: true
persistentConnection: true
connectTimeout: 0:01:00.000000
sendTimeout: 0:01:00.000000
receiveTimeout: 0:01:00.000000
transformTimeout: null
receiveDataWhenStatusError: true
extra: {}

*** Response ***
uri: http://127.0.0.1:9800/api/v1/workspaces/mine?page=1&size=100

00:09 +201: /Users/leeyi/project/imboy.pub/imboyapp/test/organization/ux_matrix/organization_pages_ux_matrix_test.dart: OrganizationHomePage：viewport/textScale/dark 矩阵（无 danger 入口 → N/A）
00:09 +201: /Users/leeyi/project/imboy.pub/imboyapp/test/organization/organization_tools_page_widget_test.dart: 切 Org 原子重建：新 org 参数下重新读服务端，旧企业资源不残留
*** Request ***
uri: http://127.0.0.1:9800/api/v1/workspaces/801/projects?page=1&size=50
method: GET
responseType: ResponseType.json
followRedirects: true
persistentConnection: true
connectTimeout: 0:01:00.000000
sendTimeout: 0:01:00.000000
receiveTimeout: 0:01:00.000000
transformTimeout: null
receiveDataWhenStatusError: true
extra: {}

*** Request ***
uri: http://127.0.0.1:9800/api/v1/workspaces/802/projects?page=1&size=50
method: GET
responseType: ResponseType.json
followRedirects: true
persistentConnection: true
connectTimeout: 0:01:00.000000
sendTimeout: 0:01:00.000000
receiveTimeout: 0:01:00.000000
transformTimeout: null
receiveDataWhenStatusError: true
extra: {}

*** Response ***
uri: http://127.0.0.1:9800/api/v1/workspaces/801/projects?page=1&size=50

*** Response ***
uri: http://127.0.0.1:9800/api/v1/workspaces/802/projects?page=1&size=50

00:09 +202: /Users/leeyi/project/imboy.pub/imboyapp/test/organization/ux_matrix/organization_pages_ux_matrix_test.dart: OrganizationHomePage：viewport/textScale/dark 矩阵（无 danger 入口 → N/A）
00:09 +202: /Users/leeyi/project/imboy.pub/imboyapp/test/organization/organization_tools_page_widget_test.dart: 空态：本企业没有已加入的工作区
*** Request ***
uri: http://127.0.0.1:9800/api/v1/organizations/900
method: GET
responseType: ResponseType.json
followRedirects: true
persistentConnection: true
connectTimeout: 0:01:00.000000
sendTimeout: 0:01:00.000000
receiveTimeout: 0:01:00.000000
transformTimeout: null
receiveDataWhenStatusError: true
extra: {}

*** Response ***
uri: http://127.0.0.1:9800/api/v1/organizations/900

*** Request ***
uri: http://127.0.0.1:9800/api/v1/workspaces/mine?page=1&size=100
method: GET
responseType: ResponseType.json
followRedirects: true
persistentConnection: true
connectTimeout: 0:01:00.000000
sendTimeout: 0:01:00.000000
receiveTimeout: 0:01:00.000000
transformTimeout: null
receiveDataWhenStatusError: true
extra: {}

*** Response ***
uri: http://127.0.0.1:9800/api/v1/workspaces/mine?page=1&size=100

00:09 +203: /Users/leeyi/project/imboy.pub/imboyapp/test/organization/ux_matrix/organization_pages_ux_matrix_test.dart: OrganizationHomePage：viewport/textScale/dark 矩阵（无 danger 入口 → N/A）
00:09 +204: /Users/leeyi/project/imboy.pub/imboyapp/test/organization/ux_matrix/organization_pages_ux_matrix_test.dart: OrganizationHomePage：viewport/textScale/dark 矩阵（无 danger 入口 → N/A）
00:09 +204: /Users/leeyi/project/imboy.pub/imboyapp/test/organization/organization_api_contract_test.dart: 组织本体 mine：GET 分页 + 信封解析（TSID 无损转 string）
*** Request ***
uri: http://127.0.0.1:9800/api/v1/organizations/mine?page=2&size=10
method: GET
responseType: ResponseType.json
followRedirects: true
persistentConnection: true
connectTimeout: 0:01:00.000000
sendTimeout: 0:01:00.000000
receiveTimeout: 0:01:00.000000
transformTimeout: null
receiveDataWhenStatusError: true
extra: {}

*** Response ***
uri: http://127.0.0.1:9800/api/v1/organizations/mine?page=2&size=10

00:09 +205: /Users/leeyi/project/imboy.pub/imboyapp/test/organization/ux_matrix/organization_pages_ux_matrix_test.dart: OrganizationHomePage：viewport/textScale/dark 矩阵（无 danger 入口 → N/A）
00:09 +205: /Users/leeyi/project/imboy.pub/imboyapp/test/organization/organization_api_contract_test.dart: 组织本体 create：POST 名称
*** Request ***
uri: http://127.0.0.1:9800/api/v1/organizations
method: POST
responseType: ResponseType.json
followRedirects: true
persistentConnection: true
connectTimeout: 0:01:00.000000
sendTimeout: 0:01:00.000000
receiveTimeout: 0:01:00.000000
transformTimeout: null
receiveDataWhenStatusError: true
extra: {}

*** Response ***
uri: http://127.0.0.1:9800/api/v1/organizations

00:09 +206: /Users/leeyi/project/imboy.pub/imboyapp/test/organization/ux_matrix/organization_pages_ux_matrix_test.dart: OrganizationHomePage：viewport/textScale/dark 矩阵（无 danger 入口 → N/A）
00:09 +206: /Users/leeyi/project/imboy.pub/imboyapp/test/organization/organization_api_contract_test.dart: 组织本体 archive / restore：POST 子路径
*** Request ***
uri: http://127.0.0.1:9800/api/v1/organizations/7266418340025468930/archive
method: POST
responseType: ResponseType.json
followRedirects: true
persistentConnection: true
connectTimeout: 0:01:00.000000
sendTimeout: 0:01:00.000000
receiveTimeout: 0:01:00.000000
transformTimeout: null
receiveDataWhenStatusError: true
extra: {}

*** Response ***
uri: http://127.0.0.1:9800/api/v1/organizations/7266418340025468930/archive

*** Request ***
uri: http://127.0.0.1:9800/api/v1/organizations/7266418340025468930/restore
method: POST
responseType: ResponseType.json
followRedirects: true
persistentConnection: true
connectTimeout: 0:01:00.000000
sendTimeout: 0:01:00.000000
receiveTimeout: 0:01:00.000000
transformTimeout: null
receiveDataWhenStatusError: true
extra: {}

*** Response ***
uri: http://127.0.0.1:9800/api/v1/organizations/7266418340025468930/restore

00:09 +207: /Users/leeyi/project/imboy.pub/imboyapp/test/organization/ux_matrix/organization_pages_ux_matrix_test.dart: OrganizationHomePage：viewport/textScale/dark 矩阵（无 danger 入口 → N/A）
00:09 +207: /Users/leeyi/project/imboy.pub/imboyapp/test/organization/organization_api_contract_test.dart: C11：邀请只走 v2 面，legacy direct-add 不存在 createInvitation：POST /invitations 且带 user_id；一次性 token 透传
*** Request ***
uri: http://127.0.0.1:9800/api/v1/organizations/7266418340025468930/invitations
method: POST
responseType: ResponseType.json
followRedirects: true
persistentConnection: true
connectTimeout: 0:01:00.000000
sendTimeout: 0:01:00.000000
receiveTimeout: 0:01:00.000000
transformTimeout: null
receiveDataWhenStatusError: true
extra: {}

*** Response ***
uri: http://127.0.0.1:9800/api/v1/organizations/7266418340025468930/invitations

00:09 +208: /Users/leeyi/project/imboy.pub/imboyapp/test/organization/ux_matrix/organization_pages_ux_matrix_test.dart: OrganizationHomePage：viewport/textScale/dark 矩阵（无 danger 入口 → N/A）
00:09 +208: /Users/leeyi/project/imboy.pub/imboyapp/test/organization/organization_api_contract_test.dart: C11：邀请只走 v2 面，legacy direct-add 不存在 acceptInvitation：POST /accept 且带 token
*** Request ***
uri: http://127.0.0.1:9800/api/v1/organizations/7266418340025468930/invitations/accept
method: POST
responseType: ResponseType.json
followRedirects: true
persistentConnection: true
connectTimeout: 0:01:00.000000
sendTimeout: 0:01:00.000000
receiveTimeout: 0:01:00.000000
transformTimeout: null
receiveDataWhenStatusError: true
extra: {}

*** Response ***
uri: http://127.0.0.1:9800/api/v1/organizations/7266418340025468930/invitations/accept

00:09 +209: /Users/leeyi/project/imboy.pub/imboyapp/test/organization/ux_matrix/organization_pages_ux_matrix_test.dart: OrganizationHomePage：viewport/textScale/dark 矩阵（无 danger 入口 → N/A）
00:09 +209: /Users/leeyi/project/imboy.pub/imboyapp/test/organization/organization_api_contract_test.dart: C11：邀请只走 v2 面，legacy direct-add 不存在 acceptInvitation：免口令（缺省 token）→ 空 body（P0 定向邀请直达）
*** Request ***
uri: http://127.0.0.1:9800/api/v1/organizations/7266418340025468930/invitations/accept
method: POST
responseType: ResponseType.json
followRedirects: true
persistentConnection: true
connectTimeout: 0:01:00.000000
sendTimeout: 0:01:00.000000
receiveTimeout: 0:01:00.000000
transformTimeout: null
receiveDataWhenStatusError: true
extra: {}

*** Response ***
uri: http://127.0.0.1:9800/api/v1/organizations/7266418340025468930/invitations/accept

00:09 +210: /Users/leeyi/project/imboy.pub/imboyapp/test/organization/ux_matrix/organization_pages_ux_matrix_test.dart: OrganizationHomePage：viewport/textScale/dark 矩阵（无 danger 入口 → N/A）
00:09 +210: /Users/leeyi/project/imboy.pub/imboyapp/test/organization/organization_api_contract_test.dart: C11：邀请只走 v2 面，legacy direct-add 不存在 reject / revoke：invitation_id 子路径 POST
*** Request ***
uri: http://127.0.0.1:9800/api/v1/organizations/7266418340025468930/invitations/910000020/reject
method: POST
responseType: ResponseType.json
followRedirects: true
persistentConnection: true
connectTimeout: 0:01:00.000000
sendTimeout: 0:01:00.000000
receiveTimeout: 0:01:00.000000
transformTimeout: null
receiveDataWhenStatusError: true
extra: {}

*** Response ***
uri: http://127.0.0.1:9800/api/v1/organizations/7266418340025468930/invitations/910000020/reject

*** Request ***
uri: http://127.0.0.1:9800/api/v1/organizations/7266418340025468930/invitations/910000020/revoke
method: POST
responseType: ResponseType.json
followRedirects: true
persistentConnection: true
connectTimeout: 0:01:00.000000
sendTimeout: 0:01:00.000000
receiveTimeout: 0:01:00.000000
transformTimeout: null
receiveDataWhenStatusError: true
extra: {}

*** Response ***
uri: http://127.0.0.1:9800/api/v1/organizations/7266418340025468930/invitations/910000020/revoke

00:09 +211: /Users/leeyi/project/imboy.pub/imboyapp/test/organization/ux_matrix/organization_pages_ux_matrix_test.dart: OrganizationHomePage：viewport/textScale/dark 矩阵（无 danger 入口 → N/A）
00:09 +211: /Users/leeyi/project/imboy.pub/imboyapp/test/organization/organization_api_contract_test.dart: C11：邀请只走 v2 面，legacy direct-add 不存在 myInvitations / orgInvitations：GET 列表（status/limit 透传）
*** Request ***
uri: http://127.0.0.1:9800/api/v1/organizations/invitations/mine?limit=5&status=pending
method: GET
responseType: ResponseType.json
followRedirects: true
persistentConnection: true
connectTimeout: 0:01:00.000000
sendTimeout: 0:01:00.000000
receiveTimeout: 0:01:00.000000
transformTimeout: null
receiveDataWhenStatusError: true
extra: {}

*** Response ***
uri: http://127.0.0.1:9800/api/v1/organizations/invitations/mine?limit=5&status=pending

*** Request ***
uri: http://127.0.0.1:9800/api/v1/organizations/7266418340025468930/invitations?limit=20
method: GET
responseType: ResponseType.json
followRedirects: true
persistentConnection: true
connectTimeout: 0:01:00.000000
sendTimeout: 0:01:00.000000
receiveTimeout: 0:01:00.000000
transformTimeout: null
receiveDataWhenStatusError: true
extra: {}

*** Response ***
uri: http://127.0.0.1:9800/api/v1/organizations/7266418340025468930/invitations?limit=20

00:09 +212: /Users/leeyi/project/imboy.pub/imboyapp/test/organization/ux_matrix/organization_pages_ux_matrix_test.dart: OrganizationHomePage：viewport/textScale/dark 矩阵（无 danger 入口 → N/A）
00:09 +212: /Users/leeyi/project/imboy.pub/imboyapp/test/organization/organization_api_contract_test.dart: 成员治理（403 权限态是普通成员的预期结果） members：GET 分页
*** Request ***
uri: http://127.0.0.1:9800/api/v1/organizations/7266418340025468930/members?page=1&size=10
method: GET
responseType: ResponseType.json
followRedirects: true
persistentConnection: true
connectTimeout: 0:01:00.000000
sendTimeout: 0:01:00.000000
receiveTimeout: 0:01:00.000000
transformTimeout: null
receiveDataWhenStatusError: true
extra: {}

*** Response ***
uri: http://127.0.0.1:9800/api/v1/organizations/7266418340025468930/members?page=1&size=10

00:09 +213: /Users/leeyi/project/imboy.pub/imboyapp/test/organization/ux_matrix/organization_pages_ux_matrix_test.dart: OrganizationHomePage：viewport/textScale/dark 矩阵（无 danger 入口 → N/A）
00:09 +213: /Users/leeyi/project/imboy.pub/imboyapp/test/organization/organization_api_contract_test.dart: 成员治理（403 权限态是普通成员的预期结果） changeRole：PUT role；removeMember：DELETE
*** Request ***
uri: http://127.0.0.1:9800/api/v1/organizations/7266418340025468930/members/1002/role
method: PUT
responseType: ResponseType.json
followRedirects: true
persistentConnection: true
connectTimeout: 0:01:00.000000
sendTimeout: 0:01:00.000000
receiveTimeout: 0:01:00.000000
transformTimeout: null
receiveDataWhenStatusError: true
extra: {}

*** Response ***
uri: http://127.0.0.1:9800/api/v1/organizations/7266418340025468930/members/1002/role

*** Request ***
uri: http://127.0.0.1:9800/api/v1/organizations/7266418340025468930/members/1002
method: DELETE
responseType: ResponseType.json
followRedirects: true
persistentConnection: true
connectTimeout: 0:01:00.000000
sendTimeout: 0:01:00.000000
receiveTimeout: 0:01:00.000000
transformTimeout: null
receiveDataWhenStatusError: true
extra: {}

*** Response ***
uri: http://127.0.0.1:9800/api/v1/organizations/7266418340025468930/members/1002

00:09 +214: /Users/leeyi/project/imboy.pub/imboyapp/test/organization/ux_matrix/organization_pages_ux_matrix_test.dart: OrganizationHomePage：viewport/textScale/dark 矩阵（无 danger 入口 → N/A）
00:09 +214: /Users/leeyi/project/imboy.pub/imboyapp/test/organization/organization_api_contract_test.dart: 成员治理（403 权限态是普通成员的预期结果） transferOwner：POST transfer_owner 且带 user_id
*** Request ***
uri: http://127.0.0.1:9800/api/v1/organizations/7266418340025468930/members/transfer_owner
method: POST
responseType: ResponseType.json
followRedirects: true
persistentConnection: true
connectTimeout: 0:01:00.000000
sendTimeout: 0:01:00.000000
receiveTimeout: 0:01:00.000000
transformTimeout: null
receiveDataWhenStatusError: true
extra: {}

*** Response ***
uri: http://127.0.0.1:9800/api/v1/organizations/7266418340025468930/members/transfer_owner

00:09 +215: /Users/leeyi/project/imboy.pub/imboyapp/test/organization/ux_matrix/organization_pages_ux_matrix_test.dart: OrganizationHomePage：viewport/textScale/dark 矩阵（无 danger 入口 → N/A）
00:09 +215: /Users/leeyi/project/imboy.pub/imboyapp/test/organization/organization_api_contract_test.dart: 成员治理（403 权限态是普通成员的预期结果） ENT-APP-04 suspend：POST 子路径 + 响应解析为 suspended 成员行
*** Request ***
uri: http://127.0.0.1:9800/api/v1/organizations/7266418340025468930/members/1002/suspend
method: POST
responseType: ResponseType.json
followRedirects: true
persistentConnection: true
connectTimeout: 0:01:00.000000
sendTimeout: 0:01:00.000000
receiveTimeout: 0:01:00.000000
transformTimeout: null
receiveDataWhenStatusError: true
extra: {}

*** Response ***
uri: http://127.0.0.1:9800/api/v1/organizations/7266418340025468930/members/1002/suspend

00:09 +216: /Users/leeyi/project/imboy.pub/imboyapp/test/organization/ux_matrix/organization_pages_ux_matrix_test.dart: OrganizationHomePage：viewport/textScale/dark 矩阵（无 danger 入口 → N/A）
00:09 +216: /Users/leeyi/project/imboy.pub/imboyapp/test/organization/organization_api_contract_test.dart: 成员治理（403 权限态是普通成员的预期结果） ENT-APP-04 restore：POST 子路径 + 响应解析为 active 成员行
*** Request ***
uri: http://127.0.0.1:9800/api/v1/organizations/7266418340025468930/members/1002/restore
method: POST
responseType: ResponseType.json
followRedirects: true
persistentConnection: true
connectTimeout: 0:01:00.000000
sendTimeout: 0:01:00.000000
receiveTimeout: 0:01:00.000000
transformTimeout: null
receiveDataWhenStatusError: true
extra: {}

*** Response ***
uri: http://127.0.0.1:9800/api/v1/organizations/7266418340025468930/members/1002/restore

00:09 +217: /Users/leeyi/project/imboy.pub/imboyapp/test/organization/ux_matrix/organization_pages_ux_matrix_test.dart: OrganizationHomePage：viewport/textScale/dark 矩阵（无 danger 入口 → N/A）
00:09 +217: /Users/leeyi/project/imboy.pub/imboyapp/test/organization/organization_api_contract_test.dart: 成员治理（403 权限态是普通成员的预期结果） ENT-APP-04 offboard：POST 子路径 + 响应解析为 removed 终态行
*** Request ***
uri: http://127.0.0.1:9800/api/v1/organizations/7266418340025468930/members/1002/offboard
method: POST
responseType: ResponseType.json
followRedirects: true
persistentConnection: true
connectTimeout: 0:01:00.000000
sendTimeout: 0:01:00.000000
receiveTimeout: 0:01:00.000000
transformTimeout: null
receiveDataWhenStatusError: true
extra: {}

*** Response ***
uri: http://127.0.0.1:9800/api/v1/organizations/7266418340025468930/members/1002/offboard

00:09 +218: /Users/leeyi/project/imboy.pub/imboyapp/test/organization/ux_matrix/organization_pages_ux_matrix_test.dart: OrganizationHomePage：viewport/textScale/dark 矩阵（无 danger 入口 → N/A）
00:09 +218: /Users/leeyi/project/imboy.pub/imboyapp/test/organization/organization_api_contract_test.dart: 成员治理（403 权限态是普通成员的预期结果） ENT-APP-04 主 Owner suspend 被拒：409 → isConflict（EB-D07）
*** Request ***
uri: http://127.0.0.1:9800/api/v1/organizations/7266418340025468930/members/1001/suspend
method: POST
responseType: ResponseType.json
followRedirects: true
persistentConnection: true
connectTimeout: 0:01:00.000000
sendTimeout: 0:01:00.000000
receiveTimeout: 0:01:00.000000
transformTimeout: null
receiveDataWhenStatusError: true
extra: {}

*** Response ***
uri: http://127.0.0.1:9800/api/v1/organizations/7266418340025468930/members/1001/suspend

handleResponse_response /api/v1/organizations/7266418340025468930/members/1001/suspend : false {"code":409,"msg":"主 Owner 不能被暂停，请先转移 Owner"}; 
00:09 +219: /Users/leeyi/project/imboy.pub/imboyapp/test/organization/ux_matrix/organization_pages_ux_matrix_test.dart: OrganizationHomePage：viewport/textScale/dark 矩阵（无 danger 入口 → N/A）
00:09 +219: /Users/leeyi/project/imboy.pub/imboyapp/test/organization/organization_api_contract_test.dart: 成员治理（403 权限态是普通成员的预期结果） 普通成员拉列表 403 → isForbidden
*** Request ***
uri: http://127.0.0.1:9800/api/v1/organizations/7266418340025468930/members?page=1&size=10
method: GET
responseType: ResponseType.json
followRedirects: true
persistentConnection: true
connectTimeout: 0:01:00.000000
sendTimeout: 0:01:00.000000
receiveTimeout: 0:01:00.000000
transformTimeout: null
receiveDataWhenStatusError: true
extra: {}

*** Response ***
uri: http://127.0.0.1:9800/api/v1/organizations/7266418340025468930/members?page=1&size=10

handleResponse_response /api/v1/organizations/7266418340025468930/members : false {"code":403,"msg":"无权访问"}; 
00:09 +220: /Users/leeyi/project/imboy.pub/imboyapp/test/organization/ux_matrix/organization_pages_ux_matrix_test.dart: OrganizationHomePage：viewport/textScale/dark 矩阵（无 danger 入口 → N/A）
00:09 +220: /Users/leeyi/project/imboy.pub/imboyapp/test/organization/organization_api_contract_test.dart: 部门（ORG-04） departments：GET 列表（status 可选）
*** Request ***
uri: http://127.0.0.1:9800/api/v1/organizations/7266418340025468930/departments?status=active
method: GET
responseType: ResponseType.json
followRedirects: true
persistentConnection: true
connectTimeout: 0:01:00.000000
sendTimeout: 0:01:00.000000
receiveTimeout: 0:01:00.000000
transformTimeout: null
receiveDataWhenStatusError: true
extra: {}

*** Response ***
uri: http://127.0.0.1:9800/api/v1/organizations/7266418340025468930/departments?status=active

00:09 +221: /Users/leeyi/project/imboy.pub/imboyapp/test/organization/ux_matrix/organization_pages_ux_matrix_test.dart: OrganizationHomePage：viewport/textScale/dark 矩阵（无 danger 入口 → N/A）
00:09 +221: /Users/leeyi/project/imboy.pub/imboyapp/test/organization/organization_api_contract_test.dart: 部门（ORG-04） createDepartment：POST；moveDepartment：键名 parent_id（null=根）
*** Request ***
uri: http://127.0.0.1:9800/api/v1/organizations/7266418340025468930/departments
method: POST
responseType: ResponseType.json
followRedirects: true
persistentConnection: true
connectTimeout: 0:01:00.000000
sendTimeout: 0:01:00.000000
receiveTimeout: 0:01:00.000000
transformTimeout: null
receiveDataWhenStatusError: true
extra: {}

*** Response ***
uri: http://127.0.0.1:9800/api/v1/organizations/7266418340025468930/departments

*** Request ***
uri: http://127.0.0.1:9800/api/v1/organizations/7266418340025468930/departments/5/move
method: POST
responseType: ResponseType.json
followRedirects: true
persistentConnection: true
connectTimeout: 0:01:00.000000
sendTimeout: 0:01:00.000000
receiveTimeout: 0:01:00.000000
transformTimeout: null
receiveDataWhenStatusError: true
extra: {}

*** Response ***
uri: http://127.0.0.1:9800/api/v1/organizations/7266418340025468930/departments/5/move

00:09 +222: /Users/leeyi/project/imboy.pub/imboyapp/test/organization/ux_matrix/organization_pages_ux_matrix_test.dart: OrganizationHomePage：viewport/textScale/dark 矩阵（无 danger 入口 → N/A）
00:09 +222: /Users/leeyi/project/imboy.pub/imboyapp/test/organization/organization_api_contract_test.dart: 部门（ORG-04） departmentDetail：扁平 dept 行 + members
*** Request ***
uri: http://127.0.0.1:9800/api/v1/organizations/7266418340025468930/departments/5
method: GET
responseType: ResponseType.json
followRedirects: true
persistentConnection: true
connectTimeout: 0:01:00.000000
sendTimeout: 0:01:00.000000
receiveTimeout: 0:01:00.000000
transformTimeout: null
receiveDataWhenStatusError: true
extra: {}

*** Response ***
uri: http://127.0.0.1:9800/api/v1/organizations/7266418340025468930/departments/5

00:09 +223: /Users/leeyi/project/imboy.pub/imboyapp/test/organization/ux_matrix/organization_pages_ux_matrix_test.dart: OrganizationHomePage：viewport/textScale/dark 矩阵（无 danger 入口 → N/A）
00:09 +223: /Users/leeyi/project/imboy.pub/imboyapp/test/organization/organization_api_contract_test.dart: 部门（ORG-04） ENT-APP-05 removeDepartmentMember：DELETE item 路由
*** Request ***
uri: http://127.0.0.1:9800/api/v1/organizations/7266418340025468930/departments/5/members/1002
method: DELETE
responseType: ResponseType.json
followRedirects: true
persistentConnection: true
connectTimeout: 0:01:00.000000
sendTimeout: 0:01:00.000000
receiveTimeout: 0:01:00.000000
transformTimeout: null
receiveDataWhenStatusError: true
extra: {}

*** Response ***
uri: http://127.0.0.1:9800/api/v1/organizations/7266418340025468930/departments/5/members/1002

00:09 +224: /Users/leeyi/project/imboy.pub/imboyapp/test/organization/ux_matrix/organization_pages_ux_matrix_test.dart: OrganizationHomePage：viewport/textScale/dark 矩阵（无 danger 入口 → N/A）
00:09 +224: /Users/leeyi/project/imboy.pub/imboyapp/test/organization/organization_api_contract_test.dart: 部门（ORG-04） ENT-APP-05 setDepartmentAdmin：PUT admin 路由（true/false 同端点）
*** Request ***
uri: http://127.0.0.1:9800/api/v1/organizations/7266418340025468930/departments/5/members/1002/admin
method: PUT
responseType: ResponseType.json
followRedirects: true
persistentConnection: true
connectTimeout: 0:01:00.000000
sendTimeout: 0:01:00.000000
receiveTimeout: 0:01:00.000000
transformTimeout: null
receiveDataWhenStatusError: true
extra: {}

*** Response ***
uri: http://127.0.0.1:9800/api/v1/organizations/7266418340025468930/departments/5/members/1002/admin

*** Request ***
uri: http://127.0.0.1:9800/api/v1/organizations/7266418340025468930/departments/5/members/1002/admin
method: PUT
responseType: ResponseType.json
followRedirects: true
persistentConnection: true
connectTimeout: 0:01:00.000000
sendTimeout: 0:01:00.000000
receiveTimeout: 0:01:00.000000
transformTimeout: null
receiveDataWhenStatusError: true
extra: {}

*** Response ***
uri: http://127.0.0.1:9800/api/v1/organizations/7266418340025468930/departments/5/members/1002/admin

00:09 +225: /Users/leeyi/project/imboy.pub/imboyapp/test/organization/ux_matrix/organization_pages_ux_matrix_test.dart: OrganizationHomePage：viewport/textScale/dark 矩阵（无 danger 入口 → N/A）
00:09 +225: /Users/leeyi/project/imboy.pub/imboyapp/test/organization/organization_api_contract_test.dart: 部门（ORG-04） ENT-APP-05 rename/move 携带 expected_version（CAS 接通）
*** Request ***
uri: http://127.0.0.1:9800/api/v1/organizations/7266418340025468930/departments/5
method: PATCH
responseType: ResponseType.json
followRedirects: true
persistentConnection: true
connectTimeout: 0:01:00.000000
sendTimeout: 0:01:00.000000
receiveTimeout: 0:01:00.000000
transformTimeout: null
receiveDataWhenStatusError: true
extra: {}

*** Response ***
uri: http://127.0.0.1:9800/api/v1/organizations/7266418340025468930/departments/5

*** Request ***
uri: http://127.0.0.1:9800/api/v1/organizations/7266418340025468930/departments/5/move
method: POST
responseType: ResponseType.json
followRedirects: true
persistentConnection: true
connectTimeout: 0:01:00.000000
sendTimeout: 0:01:00.000000
receiveTimeout: 0:01:00.000000
transformTimeout: null
receiveDataWhenStatusError: true
extra: {}

*** Response ***
uri: http://127.0.0.1:9800/api/v1/organizations/7266418340025468930/departments/5/move

00:09 +226: /Users/leeyi/project/imboy.pub/imboyapp/test/organization/ux_matrix/organization_pages_ux_matrix_test.dart: OrganizationHomePage：viewport/textScale/dark 矩阵（无 danger 入口 → N/A）
00:09 +226: /Users/leeyi/project/imboy.pub/imboyapp/test/organization/organization_api_contract_test.dart: 部门（ORG-04） ENT-APP-05 移到自身/子孙：409 cycle → isConflict（错误态透传）
*** Request ***
uri: http://127.0.0.1:9800/api/v1/organizations/7266418340025468930/departments/5/move
method: POST
responseType: ResponseType.json
followRedirects: true
persistentConnection: true
connectTimeout: 0:01:00.000000
sendTimeout: 0:01:00.000000
receiveTimeout: 0:01:00.000000
transformTimeout: null
receiveDataWhenStatusError: true
extra: {}

*** Response ***
uri: http://127.0.0.1:9800/api/v1/organizations/7266418340025468930/departments/5/move

handleResponse_response /api/v1/organizations/7266418340025468930/departments/5/move : false {"code":409,"msg":"部门层级禁止成环"}; 
00:09 +227: /Users/leeyi/project/imboy.pub/imboyapp/test/organization/ux_matrix/organization_pages_ux_matrix_test.dart: OrganizationHomePage：viewport/textScale/dark 矩阵（无 danger 入口 → N/A）
00:09 +227: /Users/leeyi/project/imboy.pub/imboyapp/test/organization/organization_api_contract_test.dart: 部门（ORG-04） ENT-APP-05 旧 version CAS 不符：409 conflict → isConflict（刷新重试）
*** Request ***
uri: http://127.0.0.1:9800/api/v1/organizations/7266418340025468930/departments/5
method: PATCH
responseType: ResponseType.json
followRedirects: true
persistentConnection: true
connectTimeout: 0:01:00.000000
sendTimeout: 0:01:00.000000
receiveTimeout: 0:01:00.000000
transformTimeout: null
receiveDataWhenStatusError: true
extra: {}

*** Response ***
uri: http://127.0.0.1:9800/api/v1/organizations/7266418340025468930/departments/5

handleResponse_response /api/v1/organizations/7266418340025468930/departments/5 : false {"code":409,"msg":"部门已被并发修改，请刷新版本后重试"}; 
00:09 +228: /Users/leeyi/project/imboy.pub/imboyapp/test/organization/ux_matrix/organization_pages_ux_matrix_test.dart: OrganizationHomePage：viewport/textScale/dark 矩阵（无 danger 入口 → N/A）
00:09 +228: /Users/leeyi/project/imboy.pub/imboyapp/test/organization/organization_api_contract_test.dart: 部门（ORG-04） ENT-APP-05 非授权者治理成员：403 actor_not_permitted → isForbidden
*** Request ***
uri: http://127.0.0.1:9800/api/v1/organizations/7266418340025468930/departments/5/members/1002
method: DELETE
responseType: ResponseType.json
followRedirects: true
persistentConnection: true
connectTimeout: 0:01:00.000000
sendTimeout: 0:01:00.000000
receiveTimeout: 0:01:00.000000
transformTimeout: null
receiveDataWhenStatusError: true
extra: {}

*** Response ***
uri: http://127.0.0.1:9800/api/v1/organizations/7266418340025468930/departments/5/members/1002

handleResponse_response /api/v1/organizations/7266418340025468930/departments/5/members/1002 : false {"code":403,"msg":"无权执行该部门操作"}; 
*** Request ***
uri: http://127.0.0.1:9800/api/v1/organizations/7266418340025468930/departments/5/members/1002/admin
method: PUT
responseType: ResponseType.json
followRedirects: true
persistentConnection: true
connectTimeout: 0:01:00.000000
sendTimeout: 0:01:00.000000
receiveTimeout: 0:01:00.000000
transformTimeout: null
receiveDataWhenStatusError: true
extra: {}

*** Response ***
uri: http://127.0.0.1:9800/api/v1/organizations/7266418340025468930/departments/5/members/1002/admin

handleResponse_response /api/v1/organizations/7266418340025468930/departments/5/members/1002/admin : false {"code":403,"msg":"无权执行该部门操作"}; 
00:09 +229: /Users/leeyi/project/imboy.pub/imboyapp/test/organization/ux_matrix/organization_pages_ux_matrix_test.dart: OrganizationHomePage：viewport/textScale/dark 矩阵（无 danger 入口 → N/A）
00:09 +229: /Users/leeyi/project/imboy.pub/imboyapp/test/organization/organization_api_contract_test.dart: C05 默认 Workspace 指针 + C17 预检 defaultWorkspace：null 出站 → isSet false
*** Request ***
uri: http://127.0.0.1:9800/api/v1/organizations/7266418340025468930/default-workspace
method: GET
responseType: ResponseType.json
followRedirects: true
persistentConnection: true
connectTimeout: 0:01:00.000000
sendTimeout: 0:01:00.000000
receiveTimeout: 0:01:00.000000
transformTimeout: null
receiveDataWhenStatusError: true
extra: {}

*** Response ***
uri: http://127.0.0.1:9800/api/v1/organizations/7266418340025468930/default-workspace

00:09 +230: /Users/leeyi/project/imboy.pub/imboyapp/test/organization/ux_matrix/organization_pages_ux_matrix_test.dart: OrganizationHomePage：viewport/textScale/dark 矩阵（无 danger 入口 → N/A）
00:09 +230: /Users/leeyi/project/imboy.pub/imboyapp/test/organization/organization_api_contract_test.dart: C05 默认 Workspace 指针 + C17 预检 setDefaultWorkspace / clearDefaultWorkspace
*** Request ***
uri: http://127.0.0.1:9800/api/v1/organizations/7266418340025468930/default-workspace
method: POST
responseType: ResponseType.json
followRedirects: true
persistentConnection: true
connectTimeout: 0:01:00.000000
sendTimeout: 0:01:00.000000
receiveTimeout: 0:01:00.000000
transformTimeout: null
receiveDataWhenStatusError: true
extra: {}

*** Response ***
uri: http://127.0.0.1:9800/api/v1/organizations/7266418340025468930/default-workspace

*** Request ***
uri: http://127.0.0.1:9800/api/v1/organizations/7266418340025468930/default-workspace
method: DELETE
responseType: ResponseType.json
followRedirects: true
persistentConnection: true
connectTimeout: 0:01:00.000000
sendTimeout: 0:01:00.000000
receiveTimeout: 0:01:00.000000
transformTimeout: null
receiveDataWhenStatusError: true
extra: {}

*** Response ***
uri: http://127.0.0.1:9800/api/v1/organizations/7266418340025468930/default-workspace

00:09 +231: /Users/leeyi/project/imboy.pub/imboyapp/test/organization/ux_matrix/organization_pages_ux_matrix_test.dart: OrganizationHomePage：viewport/textScale/dark 矩阵（无 danger 入口 → N/A）
00:09 +231: /Users/leeyi/project/imboy.pub/imboyapp/test/organization/organization_api_contract_test.dart: C05 默认 Workspace 指针 + C17 预检 deletionPreflight：payload 解析；503 = 事实不可用即拒
*** Request ***
uri: http://127.0.0.1:9800/api/v1/organizations/deletion-preflight
method: GET
responseType: ResponseType.json
followRedirects: true
persistentConnection: true
connectTimeout: 0:01:00.000000
sendTimeout: 0:01:00.000000
receiveTimeout: 0:01:00.000000
transformTimeout: null
receiveDataWhenStatusError: true
extra: {}

*** Response ***
uri: http://127.0.0.1:9800/api/v1/organizations/deletion-preflight

*** Request ***
uri: http://127.0.0.1:9800/api/v1/organizations/deletion-preflight
method: GET
responseType: ResponseType.json
followRedirects: true
persistentConnection: true
connectTimeout: 0:01:00.000000
sendTimeout: 0:01:00.000000
receiveTimeout: 0:01:00.000000
transformTimeout: null
receiveDataWhenStatusError: true
extra: {}

*** Response ***
uri: http://127.0.0.1:9800/api/v1/organizations/deletion-preflight

handleResponse_response /api/v1/organizations/deletion-preflight : false {"code":503,"msg":"DEPENDENCY_FACTS_UNAVAILABLE"}; 
00:09 +232: /Users/leeyi/project/imboy.pub/imboyapp/test/organization/ux_matrix/organization_pages_ux_matrix_test.dart: OrganizationHomePage：viewport/textScale/dark 矩阵（无 danger 入口 → N/A）
00:10 +232: /Users/leeyi/project/imboy.pub/imboyapp/test/organization/organization_members_page_widget_test.dart: owner 不可被非法治理：动作单只有说明行，无任何治理入口
*** Request ***
uri: http://127.0.0.1:9800/api/v1/organizations/7301/members?page=1&size=10
method: GET
responseType: ResponseType.json
followRedirects: true
persistentConnection: true
connectTimeout: 0:01:00.000000
sendTimeout: 0:01:00.000000
receiveTimeout: 0:01:00.000000
transformTimeout: null
receiveDataWhenStatusError: true
extra: {}

*** Response ***
uri: http://127.0.0.1:9800/api/v1/organizations/7301/members?page=1&size=10

00:10 +233: /Users/leeyi/project/imboy.pub/imboyapp/test/organization/ux_matrix/organization_pages_ux_matrix_test.dart: OrganizationHomePage：viewport/textScale/dark 矩阵（无 danger 入口 → N/A）
00:10 +233: /Users/leeyi/project/imboy.pub/imboyapp/test/organization/organization_members_page_widget_test.dart: Owner 移交需确认，成功刷新角色并收回再次移交入口
*** Request ***
uri: http://127.0.0.1:9800/api/v1/organizations/7301/members?page=1&size=10
method: GET
responseType: ResponseType.json
followRedirects: true
persistentConnection: true
connectTimeout: 0:01:00.000000
sendTimeout: 0:01:00.000000
receiveTimeout: 0:01:00.000000
transformTimeout: null
receiveDataWhenStatusError: true
extra: {}

*** Response ***
uri: http://127.0.0.1:9800/api/v1/organizations/7301/members?page=1&size=10

*** Request ***
uri: http://127.0.0.1:9800/api/v1/organizations/7301/members/transfer_owner
method: POST
responseType: ResponseType.json
followRedirects: true
persistentConnection: true
connectTimeout: 0:01:00.000000
sendTimeout: 0:01:00.000000
receiveTimeout: 0:01:00.000000
transformTimeout: null
receiveDataWhenStatusError: true
extra: {}

*** Response ***
uri: http://127.0.0.1:9800/api/v1/organizations/7301/members/transfer_owner

*** Request ***
uri: http://127.0.0.1:9800/api/v1/organizations/7301/members?page=1&size=10
method: GET
responseType: ResponseType.json
followRedirects: true
persistentConnection: true
connectTimeout: 0:01:00.000000
sendTimeout: 0:01:00.000000
receiveTimeout: 0:01:00.000000
transformTimeout: null
receiveDataWhenStatusError: true
extra: {}

*** Response ***
uri: http://127.0.0.1:9800/api/v1/organizations/7301/members?page=1&size=10

00:10 +233: /Users/leeyi/project/imboy.pub/imboyapp/test/organization/organization_departments_page_widget_test.dart: 移动按名称选择父部门，隐藏自身子孙与归档目标
*** Request ***
uri: http://127.0.0.1:9800/api/v1/organizations/7301/departments
method: GET
responseType: ResponseType.json
followRedirects: true
persistentConnection: true
connectTimeout: 0:01:00.000000
sendTimeout: 0:01:00.000000
receiveTimeout: 0:01:00.000000
transformTimeout: null
receiveDataWhenStatusError: true
extra: {}

00:10 +234: /Users/leeyi/project/imboy.pub/imboyapp/test/organization/ux_matrix/organization_pages_ux_matrix_test.dart: OrganizationHomePage：viewport/textScale/dark 矩阵（无 danger 入口 → N/A）
00:10 +234: /Users/leeyi/project/imboy.pub/imboyapp/test/organization/organization_departments_page_widget_test.dart: 移动按名称选择父部门，隐藏自身子孙与归档目标
*** Response ***
uri: http://127.0.0.1:9800/api/v1/organizations/7301/departments

00:10 +234: /Users/leeyi/project/imboy.pub/imboyapp/test/organization/organization_members_page_widget_test.dart: suspend：确认 → POST → 成员从列表消失（立即失去可见性）
*** Request ***
uri: http://127.0.0.1:9800/api/v1/organizations/7301/members?page=1&size=10
method: GET
responseType: ResponseType.json
followRedirects: true
persistentConnection: true
connectTimeout: 0:01:00.000000
sendTimeout: 0:01:00.000000
receiveTimeout: 0:01:00.000000
transformTimeout: null
receiveDataWhenStatusError: true
extra: {}

*** Response ***
uri: http://127.0.0.1:9800/api/v1/organizations/7301/members?page=1&size=10

*** Request ***
uri: http://127.0.0.1:9800/api/v1/organizations/7301/members/1002/suspend
method: POST
responseType: ResponseType.json
followRedirects: true
persistentConnection: true
connectTimeout: 0:01:00.000000
sendTimeout: 0:01:00.000000
receiveTimeout: 0:01:00.000000
transformTimeout: null
receiveDataWhenStatusError: true
extra: {}

*** Response ***
uri: http://127.0.0.1:9800/api/v1/organizations/7301/members/1002/suspend

*** Request ***
uri: http://127.0.0.1:9800/api/v1/organizations/7301/members?page=1&size=10
method: GET
responseType: ResponseType.json
followRedirects: true
persistentConnection: true
connectTimeout: 0:01:00.000000
sendTimeout: 0:01:00.000000
receiveTimeout: 0:01:00.000000
transformTimeout: null
receiveDataWhenStatusError: true
extra: {}

*** Response ***
uri: http://127.0.0.1:9800/api/v1/organizations/7301/members?page=1&size=10

00:10 +235: /Users/leeyi/project/imboy.pub/imboyapp/test/organization/ux_matrix/organization_pages_ux_matrix_test.dart: OrganizationHomePage：viewport/textScale/dark 矩阵（无 danger 入口 → N/A）
00:10 +235: /Users/leeyi/project/imboy.pub/imboyapp/test/organization/organization_members_page_widget_test.dart: suspended 行：restore 入口 → POST → 回到列表（恢复可见）
*** Request ***
uri: http://127.0.0.1:9800/api/v1/organizations/7301/members?page=1&size=10
method: GET
responseType: ResponseType.json
followRedirects: true
persistentConnection: true
connectTimeout: 0:01:00.000000
sendTimeout: 0:01:00.000000
receiveTimeout: 0:01:00.000000
transformTimeout: null
receiveDataWhenStatusError: true
extra: {}

*** Response ***
uri: http://127.0.0.1:9800/api/v1/organizations/7301/members?page=1&size=10

*** Request ***
uri: http://127.0.0.1:9800/api/v1/organizations/7301/members/1002/restore
method: POST
responseType: ResponseType.json
followRedirects: true
persistentConnection: true
connectTimeout: 0:01:00.000000
sendTimeout: 0:01:00.000000
receiveTimeout: 0:01:00.000000
transformTimeout: null
receiveDataWhenStatusError: true
extra: {}

*** Response ***
uri: http://127.0.0.1:9800/api/v1/organizations/7301/members/1002/restore

*** Request ***
uri: http://127.0.0.1:9800/api/v1/organizations/7301/members?page=1&size=10
method: GET
responseType: ResponseType.json
followRedirects: true
persistentConnection: true
connectTimeout: 0:01:00.000000
sendTimeout: 0:01:00.000000
receiveTimeout: 0:01:00.000000
transformTimeout: null
receiveDataWhenStatusError: true
extra: {}

*** Response ***
uri: http://127.0.0.1:9800/api/v1/organizations/7301/members?page=1&size=10

00:10 +236: /Users/leeyi/project/imboy.pub/imboyapp/test/organization/ux_matrix/organization_pages_ux_matrix_test.dart: OrganizationHomePage：viewport/textScale/dark 矩阵（无 danger 入口 → N/A）
00:10 +236: /Users/leeyi/project/imboy.pub/imboyapp/test/organization/organization_members_page_widget_test.dart: offboard：确认 → POST → 成员消失（removed 终态）
*** Request ***
uri: http://127.0.0.1:9800/api/v1/organizations/7301/members?page=1&size=10
method: GET
responseType: ResponseType.json
followRedirects: true
persistentConnection: true
connectTimeout: 0:01:00.000000
sendTimeout: 0:01:00.000000
receiveTimeout: 0:01:00.000000
transformTimeout: null
receiveDataWhenStatusError: true
extra: {}

*** Response ***
uri: http://127.0.0.1:9800/api/v1/organizations/7301/members?page=1&size=10

*** Request ***
uri: http://127.0.0.1:9800/api/v1/organizations/7301/members/1002/offboard
method: POST
responseType: ResponseType.json
followRedirects: true
persistentConnection: true
connectTimeout: 0:01:00.000000
sendTimeout: 0:01:00.000000
receiveTimeout: 0:01:00.000000
transformTimeout: null
receiveDataWhenStatusError: true
extra: {}

*** Response ***
uri: http://127.0.0.1:9800/api/v1/organizations/7301/members/1002/offboard

*** Request ***
uri: http://127.0.0.1:9800/api/v1/organizations/7301/members?page=1&size=10
method: GET
responseType: ResponseType.json
followRedirects: true
persistentConnection: true
connectTimeout: 0:01:00.000000
sendTimeout: 0:01:00.000000
receiveTimeout: 0:01:00.000000
transformTimeout: null
receiveDataWhenStatusError: true
extra: {}

*** Response ***
uri: http://127.0.0.1:9800/api/v1/organizations/7301/members?page=1&size=10

00:10 +237: /Users/leeyi/project/imboy.pub/imboyapp/test/organization/ux_matrix/organization_pages_ux_matrix_test.dart: OrganizationHomePage：viewport/textScale/dark 矩阵（无 danger 入口 → N/A）
00:10 +237: /Users/leeyi/project/imboy.pub/imboyapp/test/organization/organization_departments_page_widget_test.dart: 移动按名称选择父部门，隐藏自身子孙与归档目标
*** Request ***
uri: http://127.0.0.1:9800/api/v1/organizations/7301/departments/100/move
method: POST
responseType: ResponseType.json
followRedirects: true
persistentConnection: true
connectTimeout: 0:01:00.000000
sendTimeout: 0:01:00.000000
receiveTimeout: 0:01:00.000000
transformTimeout: null
receiveDataWhenStatusError: true
extra: {}

*** Response ***
uri: http://127.0.0.1:9800/api/v1/organizations/7301/departments/100/move

*** Request ***
uri: http://127.0.0.1:9800/api/v1/organizations/7301/departments
method: GET
responseType: ResponseType.json
followRedirects: true
persistentConnection: true
connectTimeout: 0:01:00.000000
sendTimeout: 0:01:00.000000
receiveTimeout: 0:01:00.000000
transformTimeout: null
receiveDataWhenStatusError: true
extra: {}

*** Response ***
uri: http://127.0.0.1:9800/api/v1/organizations/7301/departments

00:10 +237: /Users/leeyi/project/imboy.pub/imboyapp/test/organization/organization_members_page_widget_test.dart: 命令失败不假成功：500 → SnackBar 错误态 + 成员保留
*** Request ***
uri: http://127.0.0.1:9800/api/v1/organizations/7301/members?page=1&size=10
method: GET
responseType: ResponseType.json
followRedirects: true
persistentConnection: true
connectTimeout: 0:01:00.000000
sendTimeout: 0:01:00.000000
receiveTimeout: 0:01:00.000000
transformTimeout: null
receiveDataWhenStatusError: true
extra: {}

*** Response ***
uri: http://127.0.0.1:9800/api/v1/organizations/7301/members?page=1&size=10

00:10 +237: /Users/leeyi/project/imboy.pub/imboyapp/test/organization/organization_detail_hub_widget_test.dart: owner 聚合渲染：企业头 + 五域入口 + 管理员区 + danger
*** Request ***
uri: http://127.0.0.1:9800/api/v1/organizations/7266418340025468901
method: GET
responseType: ResponseType.json
followRedirects: true
persistentConnection: true
connectTimeout: 0:01:00.000000
sendTimeout: 0:01:00.000000
receiveTimeout: 0:01:00.000000
transformTimeout: null
receiveDataWhenStatusError: true
extra: {}

*** Response ***
uri: http://127.0.0.1:9800/api/v1/organizations/7266418340025468901

*** Request ***
uri: http://127.0.0.1:9800/api/v1/organizations/7266418340025468901/default-workspace
method: GET
responseType: ResponseType.json
followRedirects: true
persistentConnection: true
connectTimeout: 0:01:00.000000
sendTimeout: 0:01:00.000000
receiveTimeout: 0:01:00.000000
transformTimeout: null
receiveDataWhenStatusError: true
extra: {}

*** Response ***
uri: http://127.0.0.1:9800/api/v1/organizations/7266418340025468901/default-workspace

00:10 +238: /Users/leeyi/project/imboy.pub/imboyapp/test/organization/ux_matrix/organization_pages_ux_matrix_test.dart: OrganizationHomePage：viewport/textScale/dark 矩阵（无 danger 入口 → N/A）
00:10 +238: /Users/leeyi/project/imboy.pub/imboyapp/test/organization/organization_members_page_widget_test.dart: 命令失败不假成功：500 → SnackBar 错误态 + 成员保留
*** Request ***
uri: http://127.0.0.1:9800/api/v1/organizations/7301/members/1002/suspend
method: POST
responseType: ResponseType.json
followRedirects: true
persistentConnection: true
connectTimeout: 0:01:00.000000
sendTimeout: 0:01:00.000000
receiveTimeout: 0:01:00.000000
transformTimeout: null
receiveDataWhenStatusError: true
extra: {}

*** Response ***
uri: http://127.0.0.1:9800/api/v1/organizations/7301/members/1002/suspend

*** Request ***
uri: http://127.0.0.1:9800/api/v1/organizations/7301/members?page=1&size=10
method: GET
responseType: ResponseType.json
followRedirects: true
persistentConnection: true
connectTimeout: 0:01:00.000000
sendTimeout: 0:01:00.000000
receiveTimeout: 0:01:00.000000
transformTimeout: null
receiveDataWhenStatusError: true
extra: {}

*** Response ***
uri: http://127.0.0.1:9800/api/v1/organizations/7301/members?page=1&size=10

00:10 +238: /Users/leeyi/project/imboy.pub/imboyapp/test/organization/organization_departments_page_widget_test.dart: 选择器打开后层级改变，服务端仍拒绝成环并刷新
*** Request ***
uri: http://127.0.0.1:9800/api/v1/organizations/7301/departments
method: GET
responseType: ResponseType.json
followRedirects: true
persistentConnection: true
connectTimeout: 0:01:00.000000
sendTimeout: 0:01:00.000000
receiveTimeout: 0:01:00.000000
transformTimeout: null
receiveDataWhenStatusError: true
extra: {}

*** Response ***
uri: http://127.0.0.1:9800/api/v1/organizations/7301/departments

00:10 +239: /Users/leeyi/project/imboy.pub/imboyapp/test/organization/ux_matrix/organization_pages_ux_matrix_test.dart: OrganizationHomePage：viewport/textScale/dark 矩阵（无 danger 入口 → N/A）
00:10 +239: /Users/leeyi/project/imboy.pub/imboyapp/test/organization/organization_members_page_widget_test.dart: 查看详情：动作单 → 成员详情页（真路由跳转）
*** Request ***
uri: http://127.0.0.1:9800/api/v1/organizations/7301/members?page=1&size=10
method: GET
responseType: ResponseType.json
followRedirects: true
persistentConnection: true
connectTimeout: 0:01:00.000000
sendTimeout: 0:01:00.000000
receiveTimeout: 0:01:00.000000
transformTimeout: null
receiveDataWhenStatusError: true
extra: {}

*** Response ***
uri: http://127.0.0.1:9800/api/v1/organizations/7301/members?page=1&size=10

00:10 +239: /Users/leeyi/project/imboy.pub/imboyapp/test/organization/organization_departments_page_widget_test.dart: 选择器打开后层级改变，服务端仍拒绝成环并刷新
*** Request ***
uri: http://127.0.0.1:9800/api/v1/organizations/7301/departments/100/move
method: POST
responseType: ResponseType.json
followRedirects: true
persistentConnection: true
connectTimeout: 0:01:00.000000
sendTimeout: 0:01:00.000000
receiveTimeout: 0:01:00.000000
transformTimeout: null
receiveDataWhenStatusError: true
extra: {}

*** Response ***
uri: http://127.0.0.1:9800/api/v1/organizations/7301/departments/100/move

handleResponse_response /api/v1/organizations/7301/departments/100/move : false {"code":409,"msg":"部门层级禁止成环"}; 
*** Request ***
uri: http://127.0.0.1:9800/api/v1/organizations/7301/departments
method: GET
responseType: ResponseType.json
followRedirects: true
persistentConnection: true
connectTimeout: 0:01:00.000000
sendTimeout: 0:01:00.000000
receiveTimeout: 0:01:00.000000
transformTimeout: null
receiveDataWhenStatusError: true
extra: {}

*** Response ***
uri: http://127.0.0.1:9800/api/v1/organizations/7301/departments

00:10 +239: /Users/leeyi/project/imboy.pub/imboyapp/test/organization/organization_members_page_widget_test.dart: 查看详情：动作单 → 成员详情页（真路由跳转）
*** Request ***
uri: http://127.0.0.1:9800/api/v1/organizations/7301/members/1002/workspaces
method: GET
responseType: ResponseType.json
followRedirects: true
persistentConnection: true
connectTimeout: 0:01:00.000000
sendTimeout: 0:01:00.000000
receiveTimeout: 0:01:00.000000
transformTimeout: null
receiveDataWhenStatusError: true
extra: {}

*** Response ***
uri: http://127.0.0.1:9800/api/v1/organizations/7301/members/1002/workspaces

00:10 +240: /Users/leeyi/project/imboy.pub/imboyapp/test/organization/ux_matrix/organization_pages_ux_matrix_test.dart: OrganizationHomePage：viewport/textScale/dark 矩阵（无 danger 入口 → N/A）
00:10 +241: /Users/leeyi/project/imboy.pub/imboyapp/test/organization/ux_matrix/organization_pages_ux_matrix_test.dart: OrganizationHomePage：viewport/textScale/dark 矩阵（无 danger 入口 → N/A）
00:10 +241: /Users/leeyi/project/imboy.pub/imboyapp/test/organization/organization_departments_page_widget_test.dart: 完整 journey：create root/child → rename → move 至根目录 → 成员 add/set·unset·remove admin → archive
*** Request ***
uri: http://127.0.0.1:9800/api/v1/organizations/7301/departments
method: GET
responseType: ResponseType.json
followRedirects: true
persistentConnection: true
connectTimeout: 0:01:00.000000
sendTimeout: 0:01:00.000000
receiveTimeout: 0:01:00.000000
transformTimeout: null
receiveDataWhenStatusError: true
extra: {}

*** Response ***
uri: http://127.0.0.1:9800/api/v1/organizations/7301/departments

*** Request ***
uri: http://127.0.0.1:9800/api/v1/organizations/7301/departments
method: POST
responseType: ResponseType.json
followRedirects: true
persistentConnection: true
connectTimeout: 0:01:00.000000
sendTimeout: 0:01:00.000000
receiveTimeout: 0:01:00.000000
transformTimeout: null
receiveDataWhenStatusError: true
extra: {}

*** Response ***
uri: http://127.0.0.1:9800/api/v1/organizations/7301/departments

*** Request ***
uri: http://127.0.0.1:9800/api/v1/organizations/7301/departments
method: GET
responseType: ResponseType.json
followRedirects: true
persistentConnection: true
connectTimeout: 0:01:00.000000
sendTimeout: 0:01:00.000000
receiveTimeout: 0:01:00.000000
transformTimeout: null
receiveDataWhenStatusError: true
extra: {}

*** Response ***
uri: http://127.0.0.1:9800/api/v1/organizations/7301/departments

*** Request ***
uri: http://127.0.0.1:9800/api/v1/organizations/7301/departments
method: POST
responseType: ResponseType.json
followRedirects: true
persistentConnection: true
connectTimeout: 0:01:00.000000
sendTimeout: 0:01:00.000000
receiveTimeout: 0:01:00.000000
transformTimeout: null
receiveDataWhenStatusError: true
extra: {}

*** Response ***
uri: http://127.0.0.1:9800/api/v1/organizations/7301/departments

*** Request ***
uri: http://127.0.0.1:9800/api/v1/organizations/7301/departments
method: GET
responseType: ResponseType.json
followRedirects: true
persistentConnection: true
connectTimeout: 0:01:00.000000
sendTimeout: 0:01:00.000000
receiveTimeout: 0:01:00.000000
transformTimeout: null
receiveDataWhenStatusError: true
extra: {}

*** Response ***
uri: http://127.0.0.1:9800/api/v1/organizations/7301/departments

*** Request ***
uri: http://127.0.0.1:9800/api/v1/organizations/7301/departments/101
method: PATCH
responseType: ResponseType.json
followRedirects: true
persistentConnection: true
connectTimeout: 0:01:00.000000
sendTimeout: 0:01:00.000000
receiveTimeout: 0:01:00.000000
transformTimeout: null
receiveDataWhenStatusError: true
extra: {}

*** Response ***
uri: http://127.0.0.1:9800/api/v1/organizations/7301/departments/101

*** Request ***
uri: http://127.0.0.1:9800/api/v1/organizations/7301/departments
method: GET
responseType: ResponseType.json
followRedirects: true
persistentConnection: true
connectTimeout: 0:01:00.000000
sendTimeout: 0:01:00.000000
receiveTimeout: 0:01:00.000000
transformTimeout: null
receiveDataWhenStatusError: true
extra: {}

*** Response ***
uri: http://127.0.0.1:9800/api/v1/organizations/7301/departments

*** Request ***
uri: http://127.0.0.1:9800/api/v1/organizations/7301/departments/101/move
method: POST
responseType: ResponseType.json
followRedirects: true
persistentConnection: true
connectTimeout: 0:01:00.000000
sendTimeout: 0:01:00.000000
receiveTimeout: 0:01:00.000000
transformTimeout: null
receiveDataWhenStatusError: true
extra: {}

*** Response ***
uri: http://127.0.0.1:9800/api/v1/organizations/7301/departments/101/move

*** Request ***
uri: http://127.0.0.1:9800/api/v1/organizations/7301/departments
method: GET
responseType: ResponseType.json
followRedirects: true
persistentConnection: true
connectTimeout: 0:01:00.000000
sendTimeout: 0:01:00.000000
receiveTimeout: 0:01:00.000000
transformTimeout: null
receiveDataWhenStatusError: true
extra: {}

*** Response ***
uri: http://127.0.0.1:9800/api/v1/organizations/7301/departments

*** Request ***
uri: http://127.0.0.1:9800/api/v1/organizations/7301/departments/101/members
method: POST
responseType: ResponseType.json
followRedirects: true
persistentConnection: true
connectTimeout: 0:01:00.000000
sendTimeout: 0:01:00.000000
receiveTimeout: 0:01:00.000000
transformTimeout: null
receiveDataWhenStatusError: true
extra: {}

*** Response ***
uri: http://127.0.0.1:9800/api/v1/organizations/7301/departments/101/members

*** Request ***
uri: http://127.0.0.1:9800/api/v1/organizations/7301/departments
method: GET
responseType: ResponseType.json
followRedirects: true
persistentConnection: true
connectTimeout: 0:01:00.000000
sendTimeout: 0:01:00.000000
receiveTimeout: 0:01:00.000000
transformTimeout: null
receiveDataWhenStatusError: true
extra: {}

*** Response ***
uri: http://127.0.0.1:9800/api/v1/organizations/7301/departments

*** Request ***
uri: http://127.0.0.1:9800/api/v1/organizations/7301/departments/101
method: GET
responseType: ResponseType.json
followRedirects: true
persistentConnection: true
connectTimeout: 0:01:00.000000
sendTimeout: 0:01:00.000000
receiveTimeout: 0:01:00.000000
transformTimeout: null
receiveDataWhenStatusError: true
extra: {}

*** Response ***
uri: http://127.0.0.1:9800/api/v1/organizations/7301/departments/101

00:11 +242: /Users/leeyi/project/imboy.pub/imboyapp/test/organization/ux_matrix/organization_pages_ux_matrix_test.dart: OrganizationHomePage：viewport/textScale/dark 矩阵（无 danger 入口 → N/A）
00:11 +243: /Users/leeyi/project/imboy.pub/imboyapp/test/organization/organization_departments_page_widget_test.dart: 完整 journey：create root/child → rename → move 至根目录 → 成员 add/set·unset·remove admin → archive
00:11 +243: /Users/leeyi/project/imboy.pub/imboyapp/test/organization/organization_detail_hub_widget_test.dart: member 权限分层：管理员动作整区隐藏，五域与只读动作保留
*** Request ***
uri: http://127.0.0.1:9800/api/v1/organizations/7266418340025468901
method: GET
responseType: ResponseType.json
followRedirects: true
persistentConnection: true
connectTimeout: 0:01:00.000000
sendTimeout: 0:01:00.000000
receiveTimeout: 0:01:00.000000
transformTimeout: null
receiveDataWhenStatusError: true
extra: {}

*** Response ***
uri: http://127.0.0.1:9800/api/v1/organizations/7266418340025468901

*** Request ***
uri: http://127.0.0.1:9800/api/v1/organizations/7266418340025468901/default-workspace
method: GET
responseType: ResponseType.json
followRedirects: true
persistentConnection: true
connectTimeout: 0:01:00.000000
sendTimeout: 0:01:00.000000
receiveTimeout: 0:01:00.000000
transformTimeout: null
receiveDataWhenStatusError: true
extra: {}

*** Response ***
uri: http://127.0.0.1:9800/api/v1/organizations/7266418340025468901/default-workspace

00:11 +243: /Users/leeyi/project/imboy.pub/imboyapp/test/organization/organization_departments_page_widget_test.dart: 完整 journey：create root/child → rename → move 至根目录 → 成员 add/set·unset·remove admin → archive
*** Request ***
uri: http://127.0.0.1:9800/api/v1/organizations/7301/departments/101/members/2001/admin
method: PUT
responseType: ResponseType.json
followRedirects: true
persistentConnection: true
connectTimeout: 0:01:00.000000
sendTimeout: 0:01:00.000000
receiveTimeout: 0:01:00.000000
transformTimeout: null
receiveDataWhenStatusError: true
extra: {}

*** Response ***
uri: http://127.0.0.1:9800/api/v1/organizations/7301/departments/101/members/2001/admin

*** Request ***
uri: http://127.0.0.1:9800/api/v1/organizations/7301/departments/101
method: GET
responseType: ResponseType.json
followRedirects: true
persistentConnection: true
connectTimeout: 0:01:00.000000
sendTimeout: 0:01:00.000000
receiveTimeout: 0:01:00.000000
transformTimeout: null
receiveDataWhenStatusError: true
extra: {}

*** Response ***
uri: http://127.0.0.1:9800/api/v1/organizations/7301/departments/101

*** Request ***
uri: http://127.0.0.1:9800/api/v1/organizations/7301/departments
method: GET
responseType: ResponseType.json
followRedirects: true
persistentConnection: true
connectTimeout: 0:01:00.000000
sendTimeout: 0:01:00.000000
receiveTimeout: 0:01:00.000000
transformTimeout: null
receiveDataWhenStatusError: true
extra: {}

*** Response ***
uri: http://127.0.0.1:9800/api/v1/organizations/7301/departments

*** Request ***
uri: http://127.0.0.1:9800/api/v1/organizations/7301/departments/101/members/2001/admin
method: PUT
responseType: ResponseType.json
followRedirects: true
persistentConnection: true
connectTimeout: 0:01:00.000000
sendTimeout: 0:01:00.000000
receiveTimeout: 0:01:00.000000
transformTimeout: null
receiveDataWhenStatusError: true
extra: {}

*** Response ***
uri: http://127.0.0.1:9800/api/v1/organizations/7301/departments/101/members/2001/admin

*** Request ***
uri: http://127.0.0.1:9800/api/v1/organizations/7301/departments/101
method: GET
responseType: ResponseType.json
followRedirects: true
persistentConnection: true
connectTimeout: 0:01:00.000000
sendTimeout: 0:01:00.000000
receiveTimeout: 0:01:00.000000
transformTimeout: null
receiveDataWhenStatusError: true
extra: {}

*** Response ***
uri: http://127.0.0.1:9800/api/v1/organizations/7301/departments/101

*** Request ***
uri: http://127.0.0.1:9800/api/v1/organizations/7301/departments
method: GET
responseType: ResponseType.json
followRedirects: true
persistentConnection: true
connectTimeout: 0:01:00.000000
sendTimeout: 0:01:00.000000
receiveTimeout: 0:01:00.000000
transformTimeout: null
receiveDataWhenStatusError: true
extra: {}

*** Response ***
uri: http://127.0.0.1:9800/api/v1/organizations/7301/departments

*** Request ***
uri: http://127.0.0.1:9800/api/v1/organizations/7301/departments/101/members/2001
method: DELETE
responseType: ResponseType.json
followRedirects: true
persistentConnection: true
connectTimeout: 0:01:00.000000
sendTimeout: 0:01:00.000000
receiveTimeout: 0:01:00.000000
transformTimeout: null
receiveDataWhenStatusError: true
extra: {}

*** Response ***
uri: http://127.0.0.1:9800/api/v1/organizations/7301/departments/101/members/2001

*** Request ***
uri: http://127.0.0.1:9800/api/v1/organizations/7301/departments/101
method: GET
responseType: ResponseType.json
followRedirects: true
persistentConnection: true
connectTimeout: 0:01:00.000000
sendTimeout: 0:01:00.000000
receiveTimeout: 0:01:00.000000
transformTimeout: null
receiveDataWhenStatusError: true
extra: {}

*** Response ***
uri: http://127.0.0.1:9800/api/v1/organizations/7301/departments/101

*** Request ***
uri: http://127.0.0.1:9800/api/v1/organizations/7301/departments
method: GET
responseType: ResponseType.json
followRedirects: true
persistentConnection: true
connectTimeout: 0:01:00.000000
sendTimeout: 0:01:00.000000
receiveTimeout: 0:01:00.000000
transformTimeout: null
receiveDataWhenStatusError: true
extra: {}

*** Response ***
uri: http://127.0.0.1:9800/api/v1/organizations/7301/departments

*** Request ***
uri: http://127.0.0.1:9800/api/v1/organizations/7301/departments/101/archive
method: POST
responseType: ResponseType.json
followRedirects: true
persistentConnection: true
connectTimeout: 0:01:00.000000
sendTimeout: 0:01:00.000000
receiveTimeout: 0:01:00.000000
transformTimeout: null
receiveDataWhenStatusError: true
extra: {}

*** Response ***
uri: http://127.0.0.1:9800/api/v1/organizations/7301/departments/101/archive

*** Request ***
uri: http://127.0.0.1:9800/api/v1/organizations/7301/departments
method: GET
responseType: ResponseType.json
followRedirects: true
persistentConnection: true
connectTimeout: 0:01:00.000000
sendTimeout: 0:01:00.000000
receiveTimeout: 0:01:00.000000
transformTimeout: null
receiveDataWhenStatusError: true
extra: {}

*** Response ***
uri: http://127.0.0.1:9800/api/v1/organizations/7301/departments

00:11 +244: /Users/leeyi/project/imboy.pub/imboyapp/test/organization/organization_detail_hub_widget_test.dart: member 权限分层：管理员动作整区隐藏，五域与只读动作保留
00:11 +244: /Users/leeyi/project/imboy.pub/imboyapp/test/organization/organization_departments_page_widget_test.dart: 旧 version CAS：rename 409 conflict → 提示 + 刷新最新树
*** Request ***
uri: http://127.0.0.1:9800/api/v1/organizations/7301/departments
method: GET
responseType: ResponseType.json
followRedirects: true
persistentConnection: true
connectTimeout: 0:01:00.000000
sendTimeout: 0:01:00.000000
receiveTimeout: 0:01:00.000000
transformTimeout: null
receiveDataWhenStatusError: true
extra: {}

*** Response ***
uri: http://127.0.0.1:9800/api/v1/organizations/7301/departments

*** Request ***
uri: http://127.0.0.1:9800/api/v1/organizations/7301/departments/100
method: PATCH
responseType: ResponseType.json
followRedirects: true
persistentConnection: true
connectTimeout: 0:01:00.000000
sendTimeout: 0:01:00.000000
receiveTimeout: 0:01:00.000000
transformTimeout: null
receiveDataWhenStatusError: true
extra: {}

*** Response ***
uri: http://127.0.0.1:9800/api/v1/organizations/7301/departments/100

handleResponse_response /api/v1/organizations/7301/departments/100 : false {"code":409,"msg":"部门已被并发修改，请刷新版本后重试"}; 
*** Request ***
uri: http://127.0.0.1:9800/api/v1/organizations/7301/departments
method: GET
responseType: ResponseType.json
followRedirects: true
persistentConnection: true
connectTimeout: 0:01:00.000000
sendTimeout: 0:01:00.000000
receiveTimeout: 0:01:00.000000
transformTimeout: null
receiveDataWhenStatusError: true
extra: {}

*** Response ***
uri: http://127.0.0.1:9800/api/v1/organizations/7301/departments

00:11 +245: /Users/leeyi/project/imboy.pub/imboyapp/test/organization/organization_detail_hub_widget_test.dart: member 权限分层：管理员动作整区隐藏，五域与只读动作保留
00:11 +245: /Users/leeyi/project/imboy.pub/imboyapp/test/organization/organization_departments_page_widget_test.dart: PermissionGate 分层：member 无任何治理入口（列表只读可见）
*** Request ***
uri: http://127.0.0.1:9800/api/v1/organizations/7301/departments
method: GET
responseType: ResponseType.json
followRedirects: true
persistentConnection: true
connectTimeout: 0:01:00.000000
sendTimeout: 0:01:00.000000
receiveTimeout: 0:01:00.000000
transformTimeout: null
receiveDataWhenStatusError: true
extra: {}

*** Response ***
uri: http://127.0.0.1:9800/api/v1/organizations/7301/departments

*** Request ***
uri: http://127.0.0.1:9800/api/v1/organizations/7301/departments/100
method: GET
responseType: ResponseType.json
followRedirects: true
persistentConnection: true
connectTimeout: 0:01:00.000000
sendTimeout: 0:01:00.000000
receiveTimeout: 0:01:00.000000
transformTimeout: null
receiveDataWhenStatusError: true
extra: {}

*** Response ***
uri: http://127.0.0.1:9800/api/v1/organizations/7301/departments/100

00:11 +246: /Users/leeyi/project/imboy.pub/imboyapp/test/organization/organization_detail_hub_widget_test.dart: member 权限分层：管理员动作整区隐藏，五域与只读动作保留
00:11 +246: /Users/leeyi/project/imboy.pub/imboyapp/test/organization/organization_departments_page_widget_test.dart: 部门局部 admin：org member 但本部门 is_admin → 治理入口可见
*** Request ***
uri: http://127.0.0.1:9800/api/v1/organizations/7301/departments
method: GET
responseType: ResponseType.json
followRedirects: true
persistentConnection: true
connectTimeout: 0:01:00.000000
sendTimeout: 0:01:00.000000
receiveTimeout: 0:01:00.000000
transformTimeout: null
receiveDataWhenStatusError: true
extra: {}

*** Response ***
uri: http://127.0.0.1:9800/api/v1/organizations/7301/departments

*** Request ***
uri: http://127.0.0.1:9800/api/v1/organizations/7301/departments/100
method: GET
responseType: ResponseType.json
followRedirects: true
persistentConnection: true
connectTimeout: 0:01:00.000000
sendTimeout: 0:01:00.000000
receiveTimeout: 0:01:00.000000
transformTimeout: null
receiveDataWhenStatusError: true
extra: {}

*** Response ***
uri: http://127.0.0.1:9800/api/v1/organizations/7301/departments/100

00:11 +247: /Users/leeyi/project/imboy.pub/imboyapp/test/organization/organization_detail_hub_widget_test.dart: member 权限分层：管理员动作整区隐藏，五域与只读动作保留
00:11 +247: /Users/leeyi/project/imboy.pub/imboyapp/test/organization/ux_matrix/organization_pages_ux_matrix_test.dart: OrganizationMembersPage：矩阵 + 移除成员 danger 确认弹层
*** Request ***
uri: http://127.0.0.1:9800/api/v1/organizations/7266418340025468901/members?page=1&size=10
method: GET
responseType: ResponseType.json
followRedirects: true
persistentConnection: true
connectTimeout: 0:01:00.000000
sendTimeout: 0:01:00.000000
receiveTimeout: 0:01:00.000000
transformTimeout: null
receiveDataWhenStatusError: true
extra: {}

*** Response ***
uri: http://127.0.0.1:9800/api/v1/organizations/7266418340025468901/members?page=1&size=10

00:11 +248: /Users/leeyi/project/imboy.pub/imboyapp/test/organization/ux_matrix/organization_pages_ux_matrix_test.dart: OrganizationMembersPage：矩阵 + 移除成员 danger 确认弹层
00:12 +248: /Users/leeyi/project/imboy.pub/imboyapp/test/organization/organization_detail_hub_widget_test.dart: 四态-loading：首帧渲染加载指示器
*** Request ***
uri: http://127.0.0.1:9800/api/v1/organizations/7266418340025468901
method: GET
responseType: ResponseType.json
followRedirects: true
persistentConnection: true
connectTimeout: 0:01:00.000000
sendTimeout: 0:01:00.000000
receiveTimeout: 0:01:00.000000
transformTimeout: null
receiveDataWhenStatusError: true
extra: {}

*** Response ***
uri: http://127.0.0.1:9800/api/v1/organizations/7266418340025468901

*** Request ***
uri: http://127.0.0.1:9800/api/v1/organizations/7266418340025468901/default-workspace
method: GET
responseType: ResponseType.json
followRedirects: true
persistentConnection: true
connectTimeout: 0:01:00.000000
sendTimeout: 0:01:00.000000
receiveTimeout: 0:01:00.000000
transformTimeout: null
receiveDataWhenStatusError: true
extra: {}

*** Response ***
uri: http://127.0.0.1:9800/api/v1/organizations/7266418340025468901/default-workspace

00:12 +249: /Users/leeyi/project/imboy.pub/imboyapp/test/organization/ux_matrix/organization_pages_ux_matrix_test.dart: OrganizationMembersPage：矩阵 + 移除成员 danger 确认弹层
00:12 +249: /Users/leeyi/project/imboy.pub/imboyapp/test/organization/organization_detail_hub_widget_test.dart: 四态-error：500 透传 wire message 并给重试入口
*** Request ***
uri: http://127.0.0.1:9800/api/v1/organizations/7266418340025468901
method: GET
responseType: ResponseType.json
followRedirects: true
persistentConnection: true
connectTimeout: 0:01:00.000000
sendTimeout: 0:01:00.000000
receiveTimeout: 0:01:00.000000
transformTimeout: null
receiveDataWhenStatusError: true
extra: {}

*** Response ***
uri: http://127.0.0.1:9800/api/v1/organizations/7266418340025468901

handleResponse_response /api/v1/organizations/7266418340025468901 : false {"code":500,"msg":"boom"}; 
00:12 +250: /Users/leeyi/project/imboy.pub/imboyapp/test/organization/ux_matrix/organization_pages_ux_matrix_test.dart: OrganizationMembersPage：矩阵 + 移除成员 danger 确认弹层
00:12 +250: /Users/leeyi/project/imboy.pub/imboyapp/test/organization/organization_detail_hub_widget_test.dart: 四态-permission：403 为权限终态，不渲染重试
*** Request ***
uri: http://127.0.0.1:9800/api/v1/organizations/7266418340025468901
method: GET
responseType: ResponseType.json
followRedirects: true
persistentConnection: true
connectTimeout: 0:01:00.000000
sendTimeout: 0:01:00.000000
receiveTimeout: 0:01:00.000000
transformTimeout: null
receiveDataWhenStatusError: true
extra: {}

*** Response ***
uri: http://127.0.0.1:9800/api/v1/organizations/7266418340025468901

handleResponse_response /api/v1/organizations/7266418340025468901 : false {"code":403,"msg":"forbidden"}; 
00:12 +251: /Users/leeyi/project/imboy.pub/imboyapp/test/organization/ux_matrix/organization_pages_ux_matrix_test.dart: OrganizationMembersPage：矩阵 + 移除成员 danger 确认弹层
00:12 +252: /Users/leeyi/project/imboy.pub/imboyapp/test/organization/ux_matrix/organization_pages_ux_matrix_test.dart: OrganizationMembersPage：矩阵 + 移除成员 danger 确认弹层
00:12 +252: /Users/leeyi/project/imboy.pub/imboyapp/test/organization/organization_detail_hub_widget_test.dart: 导航：五域入口全部落到既有路由
*** Request ***
uri: http://127.0.0.1:9800/api/v1/organizations/7266418340025468901
method: GET
responseType: ResponseType.json
followRedirects: true
persistentConnection: true
connectTimeout: 0:01:00.000000
sendTimeout: 0:01:00.000000
receiveTimeout: 0:01:00.000000
transformTimeout: null
receiveDataWhenStatusError: true
extra: {}

*** Response ***
uri: http://127.0.0.1:9800/api/v1/organizations/7266418340025468901

*** Request ***
uri: http://127.0.0.1:9800/api/v1/organizations/7266418340025468901/default-workspace
method: GET
responseType: ResponseType.json
followRedirects: true
persistentConnection: true
connectTimeout: 0:01:00.000000
sendTimeout: 0:01:00.000000
receiveTimeout: 0:01:00.000000
transformTimeout: null
receiveDataWhenStatusError: true
extra: {}

*** Response ***
uri: http://127.0.0.1:9800/api/v1/organizations/7266418340025468901/default-workspace

00:15 +253: /Users/leeyi/project/imboy.pub/imboyapp/test/organization/organization_detail_hub_widget_test.dart: 导航：五域入口全部落到既有路由
00:15 +253: /Users/leeyi/project/imboy.pub/imboyapp/test/organization/ux_matrix/organization_pages_ux_matrix_test.dart: OrganizationDepartmentsPage：矩阵（danger 入口在部门详情层 → N/A）
*** Request ***
uri: http://127.0.0.1:9800/api/v1/organizations/7266418340025468901/departments
method: GET
responseType: ResponseType.json
followRedirects: true
persistentConnection: true
connectTimeout: 0:01:00.000000
sendTimeout: 0:01:00.000000
receiveTimeout: 0:01:00.000000
transformTimeout: null
receiveDataWhenStatusError: true
extra: {}

*** Response ***
uri: http://127.0.0.1:9800/api/v1/organizations/7266418340025468901/departments

00:18 +254: /Users/leeyi/project/imboy.pub/imboyapp/test/organization/ux_matrix/organization_pages_ux_matrix_test.dart: OrganizationDepartmentsPage：矩阵（danger 入口在部门详情层 → N/A）
00:18 +255: /Users/leeyi/project/imboy.pub/imboyapp/test/organization/organization_detail_hub_widget_test.dart: 导航：管理员区入口落到既有治理路由
*** Request ***
uri: http://127.0.0.1:9800/api/v1/organizations/7266418340025468901
method: GET
responseType: ResponseType.json
followRedirects: true
persistentConnection: true
connectTimeout: 0:01:00.000000
sendTimeout: 0:01:00.000000
receiveTimeout: 0:01:00.000000
transformTimeout: null
receiveDataWhenStatusError: true
extra: {}

*** Response ***
uri: http://127.0.0.1:9800/api/v1/organizations/7266418340025468901

*** Request ***
uri: http://127.0.0.1:9800/api/v1/organizations/7266418340025468901/default-workspace
method: GET
responseType: ResponseType.json
followRedirects: true
persistentConnection: true
connectTimeout: 0:01:00.000000
sendTimeout: 0:01:00.000000
receiveTimeout: 0:01:00.000000
transformTimeout: null
receiveDataWhenStatusError: true
extra: {}

*** Response ***
uri: http://127.0.0.1:9800/api/v1/organizations/7266418340025468901/default-workspace

00:18 +255: /Users/leeyi/project/imboy.pub/imboyapp/test/organization/ux_matrix/organization_pages_ux_matrix_test.dart: OrganizationDetailPage：矩阵 + 归档组织 danger 确认弹层
*** Request ***
uri: http://127.0.0.1:9800/api/v1/organizations/7266418340025468901
method: GET
responseType: ResponseType.json
followRedirects: true
persistentConnection: true
connectTimeout: 0:01:00.000000
sendTimeout: 0:01:00.000000
receiveTimeout: 0:01:00.000000
transformTimeout: null
receiveDataWhenStatusError: true
extra: {}

*** Response ***
uri: http://127.0.0.1:9800/api/v1/organizations/7266418340025468901

*** Request ***
uri: http://127.0.0.1:9800/api/v1/organizations/7266418340025468901/default-workspace
method: GET
responseType: ResponseType.json
followRedirects: true
persistentConnection: true
connectTimeout: 0:01:00.000000
sendTimeout: 0:01:00.000000
receiveTimeout: 0:01:00.000000
transformTimeout: null
receiveDataWhenStatusError: true
extra: {}

*** Response ***
uri: http://127.0.0.1:9800/api/v1/organizations/7266418340025468901/default-workspace

00:21 +256: /Users/leeyi/project/imboy.pub/imboyapp/test/organization/ux_matrix/organization_pages_ux_matrix_test.dart: OrganizationDetailPage：矩阵 + 归档组织 danger 确认弹层
00:21 +256: /Users/leeyi/project/imboy.pub/imboyapp/test/organization/organization_detail_hub_widget_test.dart: archived：入口区/管理员区不渲染，restore 入口保留
*** Request ***
uri: http://127.0.0.1:9800/api/v1/organizations/7266418340025468901
method: GET
responseType: ResponseType.json
followRedirects: true
persistentConnection: true
connectTimeout: 0:01:00.000000
sendTimeout: 0:01:00.000000
receiveTimeout: 0:01:00.000000
transformTimeout: null
receiveDataWhenStatusError: true
extra: {}

*** Response ***
uri: http://127.0.0.1:9800/api/v1/organizations/7266418340025468901

*** Request ***
uri: http://127.0.0.1:9800/api/v1/organizations/7266418340025468901/default-workspace
method: GET
responseType: ResponseType.json
followRedirects: true
persistentConnection: true
connectTimeout: 0:01:00.000000
sendTimeout: 0:01:00.000000
receiveTimeout: 0:01:00.000000
transformTimeout: null
receiveDataWhenStatusError: true
extra: {}

*** Response ***
uri: http://127.0.0.1:9800/api/v1/organizations/7266418340025468901/default-workspace

00:21 +257: /Users/leeyi/project/imboy.pub/imboyapp/test/organization/ux_matrix/organization_pages_ux_matrix_test.dart: OrganizationDetailPage：矩阵 + 归档组织 danger 确认弹层
00:21 +258: All tests passed!
