00:00 +0: loading /Users/leeyi/project/imboy.pub/imboyapp/test/organization/organization_cache_scope_test.dart
00:00 +0: /Users/leeyi/project/imboy.pub/imboyapp/test/organization/organization_cache_scope_test.dart: 全量成员组织替换只清除被移除组织的关联缓存，不影响其他账号
00:00 +1: /Users/leeyi/project/imboy.pub/imboyapp/test/organization/organization_cache_scope_test.dart: account scope 隔离 账号 A / B 互不可见
00:00 +2: /Users/leeyi/project/imboy.pub/imboyapp/test/organization/organization_cache_scope_test.dart: account scope 隔离 disposeAccount(A) 不影响 B；空 accountKey 直接拒绝（fail-closed）
00:00 +3: /Users/leeyi/project/imboy.pub/imboyapp/test/organization/organization_cache_scope_test.dart: organization scope 隔离 成员缓存按 orgId 分桶，互不串桶
00:00 +4: /Users/leeyi/project/imboy.pub/imboyapp/test/organization/organization_cache_scope_test.dart: 缓存不是 membership 真源 服务端刷新覆盖脏缓存（stale owner → fresh member）
00:00 +5: /Users/leeyi/project/imboy.pub/imboyapp/test/organization/organization_cache_scope_test.dart: 缓存不是 membership 真源 invalidateOrg 后查询返回空 = 强制服务端刷新语义
00:00 +6: /Users/leeyi/project/imboy.pub/imboyapp/test/organization/organization_cache_scope_test.dart: Organization 与 Workspace membership 独立（负例） 默认 Workspace 未设置（null）不产生任何成员资格事实
00:00 +7: /Users/leeyi/project/imboy.pub/imboyapp/test/organization/organization_cache_scope_test.dart: Organization 与 Workspace membership 独立（负例） 缓存没有任何 workspace 键空间（DeptMember/OrgMember 之外无类型出口）
00:00 +8: /Users/leeyi/project/imboy.pub/imboyapp/test/organization/organization_picker_page_widget_test.dart: 旧列表刷新迟到不得覆盖新组织及缓存
*** Request ***
uri: http://127.0.0.1:9800/api/v1/organizations/mine?page=1&size=100
method: GET
responseType: ResponseType.json
followRedirects: true
persistentConnection: true
connectTimeout: 0:01:00.000000
sendTimeout: 0:01:00.000000
receiveTimeout: 0:01:00.000000
transformTimeout: null
receiveDataWhenStatusError: true
extra: {}

*** Request ***
uri: http://127.0.0.1:9800/api/v1/organizations/mine?page=1&size=100
method: GET
responseType: ResponseType.json
followRedirects: true
persistentConnection: true
connectTimeout: 0:01:00.000000
sendTimeout: 0:01:00.000000
receiveTimeout: 0:01:00.000000
transformTimeout: null
receiveDataWhenStatusError: true
extra: {}

*** Response ***
uri: http://127.0.0.1:9800/api/v1/organizations/mine?page=1&size=100

00:00 +9: /Users/leeyi/project/imboy.pub/imboyapp/test/organization/organization_picker_page_widget_test.dart: 旧列表刷新迟到不得覆盖新组织及缓存
00:00 +10: /Users/leeyi/project/imboy.pub/imboyapp/test/organization/organization_picker_page_widget_test.dart: 旧列表刷新迟到不得覆盖新组织及缓存
00:00 +11: /Users/leeyi/project/imboy.pub/imboyapp/test/organization/organization_picker_page_widget_test.dart: 旧列表刷新迟到不得覆盖新组织及缓存
00:00 +12: /Users/leeyi/project/imboy.pub/imboyapp/test/organization/organization_picker_page_widget_test.dart: 旧列表刷新迟到不得覆盖新组织及缓存
00:00 +13: /Users/leeyi/project/imboy.pub/imboyapp/test/organization/organization_picker_page_widget_test.dart: 旧列表刷新迟到不得覆盖新组织及缓存
00:00 +14: /Users/leeyi/project/imboy.pub/imboyapp/test/organization/organization_picker_page_widget_test.dart: 旧列表刷新迟到不得覆盖新组织及缓存
00:00 +15: /Users/leeyi/project/imboy.pub/imboyapp/test/organization/organization_picker_page_widget_test.dart: 旧列表刷新迟到不得覆盖新组织及缓存
00:00 +16: /Users/leeyi/project/imboy.pub/imboyapp/test/organization/organization_picker_page_widget_test.dart: 旧列表刷新迟到不得覆盖新组织及缓存
*** Response ***
uri: http://127.0.0.1:9800/api/v1/organizations/mine?page=1&size=100

00:00 +17: /Users/leeyi/project/imboy.pub/imboyapp/test/organization/organization_picker_page_widget_test.dart: 数据源=Organization membership：mine 供料渲染组织行 + 加入企业入口
*** Request ***
uri: http://127.0.0.1:9800/api/v1/organizations/mine?page=1&size=100
method: GET
responseType: ResponseType.json
followRedirects: true
persistentConnection: true
connectTimeout: 0:01:00.000000
sendTimeout: 0:01:00.000000
receiveTimeout: 0:01:00.000000
transformTimeout: null
receiveDataWhenStatusError: true
extra: {}

*** Response ***
uri: http://127.0.0.1:9800/api/v1/organizations/mine?page=1&size=100

00:00 +18: /Users/leeyi/project/imboy.pub/imboyapp/test/organization/organization_picker_page_widget_test.dart: 企业列表为空时仍可从空间选择器返回个人
*** Request ***
uri: http://127.0.0.1:9800/api/v1/organizations/mine?page=1&size=100
method: GET
responseType: ResponseType.json
followRedirects: true
persistentConnection: true
connectTimeout: 0:01:00.000000
sendTimeout: 0:01:00.000000
receiveTimeout: 0:01:00.000000
transformTimeout: null
receiveDataWhenStatusError: true
extra: {}

*** Response ***
uri: http://127.0.0.1:9800/api/v1/organizations/mine?page=1&size=100

00:00 +19: /Users/leeyi/project/imboy.pub/imboyapp/test/organization/organization_picker_page_widget_test.dart: 企业列表读取和个人偏好写入失败时保留当前空间并显示错误
*** Request ***
uri: http://127.0.0.1:9800/api/v1/organizations/mine?page=1&size=100
method: GET
responseType: ResponseType.json
followRedirects: true
persistentConnection: true
connectTimeout: 0:01:00.000000
sendTimeout: 0:01:00.000000
receiveTimeout: 0:01:00.000000
transformTimeout: null
receiveDataWhenStatusError: true
extra: {}

*** Response ***
uri: http://127.0.0.1:9800/api/v1/organizations/mine?page=1&size=100

00:00 +20: /Users/leeyi/project/imboy.pub/imboyapp/test/organization/organization_picker_page_widget_test.dart: 切换企业（G11）：上一企业缓存失效 + 指针切换 + 壳重载 + 默认 WS 落位
*** Request ***
uri: http://127.0.0.1:9800/api/v1/organizations/mine?page=1&size=100
method: GET
responseType: ResponseType.json
followRedirects: true
persistentConnection: true
connectTimeout: 0:01:00.000000
sendTimeout: 0:01:00.000000
receiveTimeout: 0:01:00.000000
transformTimeout: null
receiveDataWhenStatusError: true
extra: {}

*** Response ***
uri: http://127.0.0.1:9800/api/v1/organizations/mine?page=1&size=100

*** Request ***
uri: http://127.0.0.1:9800/api/v1/organizations/7002
method: GET
responseType: ResponseType.json
followRedirects: true
persistentConnection: true
connectTimeout: 0:01:00.000000
sendTimeout: 0:01:00.000000
receiveTimeout: 0:01:00.000000
transformTimeout: null
receiveDataWhenStatusError: true
extra: {}

*** Response ***
uri: http://127.0.0.1:9800/api/v1/organizations/7002

00:00 +21: /Users/leeyi/project/imboy.pub/imboyapp/test/organization/organization_picker_page_widget_test.dart: 切换企业（G11）：上一企业缓存失效 + 指针切换 + 壳重载 + 默认 WS 落位
*** Request ***
uri: http://127.0.0.1:9800/api/v1/organizations/7002/default-workspace
method: GET
responseType: ResponseType.json
followRedirects: true
persistentConnection: true
connectTimeout: 0:01:00.000000
sendTimeout: 0:01:00.000000
receiveTimeout: 0:01:00.000000
transformTimeout: null
receiveDataWhenStatusError: true
extra: {}

00:00 +22: /Users/leeyi/project/imboy.pub/imboyapp/test/organization/organization_picker_page_widget_test.dart: 切换企业（G11）：上一企业缓存失效 + 指针切换 + 壳重载 + 默认 WS 落位
*** Response ***
uri: http://127.0.0.1:9800/api/v1/organizations/7002/default-workspace

00:00 +23: /Users/leeyi/project/imboy.pub/imboyapp/test/organization/organization_picker_page_widget_test.dart: 切换企业（G11）：上一企业缓存失效 + 指针切换 + 壳重载 + 默认 WS 落位
00:00 +24: /Users/leeyi/project/imboy.pub/imboyapp/test/organization/organization_picker_page_widget_test.dart: 切换企业（G11）：上一企业缓存失效 + 指针切换 + 壳重载 + 默认 WS 落位
00:00 +25: /Users/leeyi/project/imboy.pub/imboyapp/test/organization/organization_picker_page_widget_test.dart: 切换企业（G11）：上一企业缓存失效 + 指针切换 + 壳重载 + 默认 WS 落位
00:00 +26: /Users/leeyi/project/imboy.pub/imboyapp/test/organization/organization_picker_page_widget_test.dart: 切换企业（G11）：上一企业缓存失效 + 指针切换 + 壳重载 + 默认 WS 落位
00:00 +27: /Users/leeyi/project/imboy.pub/imboyapp/test/organization/organization_picker_page_widget_test.dart: 切换企业（G11）：上一企业缓存失效 + 指针切换 + 壳重载 + 默认 WS 落位
00:00 +28: /Users/leeyi/project/imboy.pub/imboyapp/test/organization/organization_picker_page_widget_test.dart: 切换企业（G11）：上一企业缓存失效 + 指针切换 + 壳重载 + 默认 WS 落位
00:00 +29: /Users/leeyi/project/imboy.pub/imboyapp/test/organization/organization_picker_page_widget_test.dart: 切换企业（G11）：上一企业缓存失效 + 指针切换 + 壳重载 + 默认 WS 落位
00:00 +30: /Users/leeyi/project/imboy.pub/imboyapp/test/organization/organization_picker_page_widget_test.dart: 切换企业（G11）：上一企业缓存失效 + 指针切换 + 壳重载 + 默认 WS 落位
00:00 +31: /Users/leeyi/project/imboy.pub/imboyapp/test/organization/organization_picker_page_widget_test.dart: 切换企业（G11）：上一企业缓存失效 + 指针切换 + 壳重载 + 默认 WS 落位
00:00 +32: /Users/leeyi/project/imboy.pub/imboyapp/test/organization/organization_picker_page_widget_test.dart: 切换企业（G11）：上一企业缓存失效 + 指针切换 + 壳重载 + 默认 WS 落位
00:00 +33: /Users/leeyi/project/imboy.pub/imboyapp/test/organization/organization_picker_page_widget_test.dart: 切换企业（G11）：上一企业缓存失效 + 指针切换 + 壳重载 + 默认 WS 落位
00:00 +34: /Users/leeyi/project/imboy.pub/imboyapp/test/organization/organization_picker_page_widget_test.dart: 切换企业（G11）：上一企业缓存失效 + 指针切换 + 壳重载 + 默认 WS 落位
00:00 +35: /Users/leeyi/project/imboy.pub/imboyapp/test/organization/organization_picker_page_widget_test.dart: 切换企业（G11）：上一企业缓存失效 + 指针切换 + 壳重载 + 默认 WS 落位
00:01 +36: /Users/leeyi/project/imboy.pub/imboyapp/test/organization/organization_picker_page_widget_test.dart: 切换企业（G11）：上一企业缓存失效 + 指针切换 + 壳重载 + 默认 WS 落位
00:01 +37: /Users/leeyi/project/imboy.pub/imboyapp/test/organization/human_directory_controller_test.dart: Organization 两阶段切换 切换提交期间刷新不干扰指针提交，完成后刷新仍可用
00:01 +38: /Users/leeyi/project/imboy.pub/imboyapp/test/organization/organization_picker_page_widget_test.dart: 个人选择企业 same：首页和企业工作区一致
00:01 +39: /Users/leeyi/project/imboy.pub/imboyapp/test/organization/organization_picker_page_widget_test.dart: 个人选择企业 same：首页和企业工作区一致
00:01 +40: /Users/leeyi/project/imboy.pub/imboyapp/test/organization/organization_picker_page_widget_test.dart: 个人选择企业 same：首页和企业工作区一致
00:01 +41: /Users/leeyi/project/imboy.pub/imboyapp/test/organization/organization_picker_page_widget_test.dart: 个人选择企业 same：首页和企业工作区一致
00:01 +42: /Users/leeyi/project/imboy.pub/imboyapp/test/organization/organization_picker_page_widget_test.dart: 个人选择企业 same：首页和企业工作区一致
00:01 +43: /Users/leeyi/project/imboy.pub/imboyapp/test/organization/organization_picker_page_widget_test.dart: 个人选择企业 same：首页和企业工作区一致
00:01 +44: /Users/leeyi/project/imboy.pub/imboyapp/test/organization/organization_picker_page_widget_test.dart: 个人选择企业 same：首页和企业工作区一致
00:01 +45: /Users/leeyi/project/imboy.pub/imboyapp/test/organization/organization_picker_page_widget_test.dart: 个人选择企业 same：首页和企业工作区一致
*** Request ***
uri: http://127.0.0.1:9800/api/v1/organizations/mine?page=1&size=100
method: GET
responseType: ResponseType.json
followRedirects: true
persistentConnection: true
connectTimeout: 0:01:00.000000
sendTimeout: 0:01:00.000000
receiveTimeout: 0:01:00.000000
transformTimeout: null
receiveDataWhenStatusError: true
extra: {}

*** Response ***
uri: http://127.0.0.1:9800/api/v1/organizations/mine?page=1&size=100

*** Request ***
uri: http://127.0.0.1:9800/api/v1/organizations/7001
method: GET
responseType: ResponseType.json
followRedirects: true
persistentConnection: true
connectTimeout: 0:01:00.000000
sendTimeout: 0:01:00.000000
receiveTimeout: 0:01:00.000000
transformTimeout: null
receiveDataWhenStatusError: true
extra: {}

*** Response ***
uri: http://127.0.0.1:9800/api/v1/organizations/7001

*** Request ***
uri: http://127.0.0.1:9800/api/v1/organizations/7001/default-workspace
method: GET
responseType: ResponseType.json
followRedirects: true
persistentConnection: true
connectTimeout: 0:01:00.000000
sendTimeout: 0:01:00.000000
receiveTimeout: 0:01:00.000000
transformTimeout: null
receiveDataWhenStatusError: true
extra: {}

*** Response ***
uri: http://127.0.0.1:9800/api/v1/organizations/7001/default-workspace

00:01 +46: /Users/leeyi/project/imboy.pub/imboyapp/test/organization/organization_picker_page_widget_test.dart: 个人选择企业 preference-failure：首页和企业工作区一致
*** Request ***
uri: http://127.0.0.1:9800/api/v1/organizations/mine?page=1&size=100
method: GET
responseType: ResponseType.json
followRedirects: true
persistentConnection: true
connectTimeout: 0:01:00.000000
sendTimeout: 0:01:00.000000
receiveTimeout: 0:01:00.000000
transformTimeout: null
receiveDataWhenStatusError: true
extra: {}

*** Response ***
uri: http://127.0.0.1:9800/api/v1/organizations/mine?page=1&size=100

*** Request ***
uri: http://127.0.0.1:9800/api/v1/organizations/7002
method: GET
responseType: ResponseType.json
followRedirects: true
persistentConnection: true
connectTimeout: 0:01:00.000000
sendTimeout: 0:01:00.000000
receiveTimeout: 0:01:00.000000
transformTimeout: null
receiveDataWhenStatusError: true
extra: {}

*** Response ***
uri: http://127.0.0.1:9800/api/v1/organizations/7002

*** Request ***
uri: http://127.0.0.1:9800/api/v1/organizations/7002/default-workspace
method: GET
responseType: ResponseType.json
followRedirects: true
persistentConnection: true
connectTimeout: 0:01:00.000000
sendTimeout: 0:01:00.000000
receiveTimeout: 0:01:00.000000
transformTimeout: null
receiveDataWhenStatusError: true
extra: {}

*** Response ***
uri: http://127.0.0.1:9800/api/v1/organizations/7002/default-workspace

00:01 +47: /Users/leeyi/project/imboy.pub/imboyapp/test/organization/organization_picker_page_widget_test.dart: 个人选择企业 default-failure：首页和企业工作区一致
*** Request ***
uri: http://127.0.0.1:9800/api/v1/organizations/mine?page=1&size=100
method: GET
responseType: ResponseType.json
followRedirects: true
persistentConnection: true
connectTimeout: 0:01:00.000000
sendTimeout: 0:01:00.000000
receiveTimeout: 0:01:00.000000
transformTimeout: null
receiveDataWhenStatusError: true
extra: {}

*** Response ***
uri: http://127.0.0.1:9800/api/v1/organizations/mine?page=1&size=100

*** Request ***
uri: http://127.0.0.1:9800/api/v1/organizations/7002
method: GET
responseType: ResponseType.json
followRedirects: true
persistentConnection: true
connectTimeout: 0:01:00.000000
sendTimeout: 0:01:00.000000
receiveTimeout: 0:01:00.000000
transformTimeout: null
receiveDataWhenStatusError: true
extra: {}

*** Response ***
uri: http://127.0.0.1:9800/api/v1/organizations/7002

*** Request ***
uri: http://127.0.0.1:9800/api/v1/organizations/7002/default-workspace
method: GET
responseType: ResponseType.json
followRedirects: true
persistentConnection: true
connectTimeout: 0:01:00.000000
sendTimeout: 0:01:00.000000
receiveTimeout: 0:01:00.000000
transformTimeout: null
receiveDataWhenStatusError: true
extra: {}

*** Response ***
uri: http://127.0.0.1:9800/api/v1/organizations/7002/default-workspace

[WorkspaceShell] default workspace unavailable: OrganizationApiException(503): synthetic unavailable
00:01 +48: /Users/leeyi/project/imboy.pub/imboyapp/test/organization/organization_picker_page_widget_test.dart: 个人选择企业 restore-false：首页和企业工作区一致
*** Request ***
uri: http://127.0.0.1:9800/api/v1/organizations/mine?page=1&size=100
method: GET
responseType: ResponseType.json
followRedirects: true
persistentConnection: true
connectTimeout: 0:01:00.000000
sendTimeout: 0:01:00.000000
receiveTimeout: 0:01:00.000000
transformTimeout: null
receiveDataWhenStatusError: true
extra: {}

*** Response ***
uri: http://127.0.0.1:9800/api/v1/organizations/mine?page=1&size=100

*** Request ***
uri: http://127.0.0.1:9800/api/v1/organizations/7002
method: GET
responseType: ResponseType.json
followRedirects: true
persistentConnection: true
connectTimeout: 0:01:00.000000
sendTimeout: 0:01:00.000000
receiveTimeout: 0:01:00.000000
transformTimeout: null
receiveDataWhenStatusError: true
extra: {}

*** Response ***
uri: http://127.0.0.1:9800/api/v1/organizations/7002

*** Request ***
uri: http://127.0.0.1:9800/api/v1/organizations/7002/default-workspace
method: GET
responseType: ResponseType.json
followRedirects: true
persistentConnection: true
connectTimeout: 0:01:00.000000
sendTimeout: 0:01:00.000000
receiveTimeout: 0:01:00.000000
transformTimeout: null
receiveDataWhenStatusError: true
extra: {}

*** Response ***
uri: http://127.0.0.1:9800/api/v1/organizations/7002/default-workspace

*** Request ***
uri: http://127.0.0.1:9800/api/v1/organizations/7002
method: GET
responseType: ResponseType.json
followRedirects: true
persistentConnection: true
connectTimeout: 0:01:00.000000
sendTimeout: 0:01:00.000000
receiveTimeout: 0:01:00.000000
transformTimeout: null
receiveDataWhenStatusError: true
extra: {}

*** Response ***
uri: http://127.0.0.1:9800/api/v1/organizations/7002

*** Request ***
uri: http://127.0.0.1:9800/api/v1/organizations/7002/default-workspace
method: GET
responseType: ResponseType.json
followRedirects: true
persistentConnection: true
connectTimeout: 0:01:00.000000
sendTimeout: 0:01:00.000000
receiveTimeout: 0:01:00.000000
transformTimeout: null
receiveDataWhenStatusError: true
extra: {}

*** Response ***
uri: http://127.0.0.1:9800/api/v1/organizations/7002/default-workspace

00:01 +49: /Users/leeyi/project/imboy.pub/imboyapp/test/organization/organization_picker_page_widget_test.dart: 个人选择企业 restore-throw：首页和企业工作区一致
*** Request ***
uri: http://127.0.0.1:9800/api/v1/organizations/mine?page=1&size=100
method: GET
responseType: ResponseType.json
followRedirects: true
persistentConnection: true
connectTimeout: 0:01:00.000000
sendTimeout: 0:01:00.000000
receiveTimeout: 0:01:00.000000
transformTimeout: null
receiveDataWhenStatusError: true
extra: {}

*** Response ***
uri: http://127.0.0.1:9800/api/v1/organizations/mine?page=1&size=100

*** Request ***
uri: http://127.0.0.1:9800/api/v1/organizations/7002
method: GET
responseType: ResponseType.json
followRedirects: true
persistentConnection: true
connectTimeout: 0:01:00.000000
sendTimeout: 0:01:00.000000
receiveTimeout: 0:01:00.000000
transformTimeout: null
receiveDataWhenStatusError: true
extra: {}

*** Response ***
uri: http://127.0.0.1:9800/api/v1/organizations/7002

*** Request ***
uri: http://127.0.0.1:9800/api/v1/organizations/7002/default-workspace
method: GET
responseType: ResponseType.json
followRedirects: true
persistentConnection: true
connectTimeout: 0:01:00.000000
sendTimeout: 0:01:00.000000
receiveTimeout: 0:01:00.000000
transformTimeout: null
receiveDataWhenStatusError: true
extra: {}

*** Response ***
uri: http://127.0.0.1:9800/api/v1/organizations/7002/default-workspace

00:01 +50: /Users/leeyi/project/imboy.pub/imboyapp/test/organization/organization_picker_page_widget_test.dart: 个人选择企业 restore-throw：首页和企业工作区一致
00:01 +51: /Users/leeyi/project/imboy.pub/imboyapp/test/organization/organization_picker_page_widget_test.dart: 个人选择企业 restore-throw：首页和企业工作区一致
00:01 +52: /Users/leeyi/project/imboy.pub/imboyapp/test/organization/organization_picker_page_widget_test.dart: 个人选择企业 restore-throw：首页和企业工作区一致
00:01 +53: /Users/leeyi/project/imboy.pub/imboyapp/test/organization/organization_picker_page_widget_test.dart: 个人选择企业 restore-throw：首页和企业工作区一致
*** Request ***
uri: http://127.0.0.1:9800/api/v1/organizations/7002
method: GET
responseType: ResponseType.json
followRedirects: true
persistentConnection: true
connectTimeout: 0:01:00.000000
sendTimeout: 0:01:00.000000
receiveTimeout: 0:01:00.000000
transformTimeout: null
receiveDataWhenStatusError: true
extra: {}

*** Response ***
uri: http://127.0.0.1:9800/api/v1/organizations/7002

00:01 +54: /Users/leeyi/project/imboy.pub/imboyapp/test/organization/organization_picker_page_widget_test.dart: 个人选择企业 restore-throw：首页和企业工作区一致
00:01 +55: /Users/leeyi/project/imboy.pub/imboyapp/test/organization/organization_picker_page_widget_test.dart: 个人选择企业 restore-throw：首页和企业工作区一致
*** Request ***
uri: http://127.0.0.1:9800/api/v1/organizations/7002/default-workspace
method: GET
responseType: ResponseType.json
followRedirects: true
persistentConnection: true
connectTimeout: 0:01:00.000000
sendTimeout: 0:01:00.000000
receiveTimeout: 0:01:00.000000
transformTimeout: null
receiveDataWhenStatusError: true
extra: {}

*** Response ***
uri: http://127.0.0.1:9800/api/v1/organizations/7002/default-workspace

00:01 +56: /Users/leeyi/project/imboy.pub/imboyapp/test/organization/organization_picker_page_widget_test.dart: 个人选择企业 restore-throw：首页和企业工作区一致
00:01 +57: /Users/leeyi/project/imboy.pub/imboyapp/test/organization/organization_picker_page_widget_test.dart: 个人选择企业 restore-throw：首页和企业工作区一致
00:01 +58: /Users/leeyi/project/imboy.pub/imboyapp/test/organization/organization_picker_page_widget_test.dart: 个人选择企业 restore-throw：首页和企业工作区一致
00:01 +59: /Users/leeyi/project/imboy.pub/imboyapp/test/organization/organization_picker_page_widget_test.dart: 个人选择企业 restore-throw：首页和企业工作区一致
00:01 +60: /Users/leeyi/project/imboy.pub/imboyapp/test/organization/organization_picker_page_widget_test.dart: 个人选择企业 restore-throw：首页和企业工作区一致
00:01 +61: /Users/leeyi/project/imboy.pub/imboyapp/test/organization/organization_picker_page_widget_test.dart: 个人选择企业 restore-throw：首页和企业工作区一致
00:01 +62: /Users/leeyi/project/imboy.pub/imboyapp/test/organization/organization_picker_page_widget_test.dart: 个人选择企业 restore-throw：首页和企业工作区一致
00:01 +63: /Users/leeyi/project/imboy.pub/imboyapp/test/organization/organization_picker_page_widget_test.dart: 个人选择企业 restore-throw：首页和企业工作区一致
00:01 +64: /Users/leeyi/project/imboy.pub/imboyapp/test/organization/organization_picker_page_widget_test.dart: 个人选择企业 restore-throw：首页和企业工作区一致
00:01 +65: /Users/leeyi/project/imboy.pub/imboyapp/test/organization/organization_picker_page_widget_test.dart: 个人选择企业 restore-throw：首页和企业工作区一致
00:01 +66: /Users/leeyi/project/imboy.pub/imboyapp/test/organization/organization_picker_page_widget_test.dart: 两阶段切换 Phase 1 预载失败（detail 403）：指针/缓存不动 + 页内错误态可重试
*** Request ***
uri: http://127.0.0.1:9800/api/v1/organizations/mine?page=1&size=100
method: GET
responseType: ResponseType.json
followRedirects: true
persistentConnection: true
connectTimeout: 0:01:00.000000
sendTimeout: 0:01:00.000000
receiveTimeout: 0:01:00.000000
transformTimeout: null
receiveDataWhenStatusError: true
extra: {}

*** Response ***
uri: http://127.0.0.1:9800/api/v1/organizations/mine?page=1&size=100

*** Request ***
uri: http://127.0.0.1:9800/api/v1/organizations/7002
method: GET
responseType: ResponseType.json
followRedirects: true
persistentConnection: true
connectTimeout: 0:01:00.000000
sendTimeout: 0:01:00.000000
receiveTimeout: 0:01:00.000000
transformTimeout: null
receiveDataWhenStatusError: true
extra: {}

*** Response ***
uri: http://127.0.0.1:9800/api/v1/organizations/7002

00:01 +67: /Users/leeyi/project/imboy.pub/imboyapp/test/organization/organization_picker_page_widget_test.dart: 两阶段切换 Phase 1 失败后可重试：同一页面再次点击完成切换
*** Request ***
uri: http://127.0.0.1:9800/api/v1/organizations/mine?page=1&size=100
method: GET
responseType: ResponseType.json
followRedirects: true
persistentConnection: true
connectTimeout: 0:01:00.000000
sendTimeout: 0:01:00.000000
receiveTimeout: 0:01:00.000000
transformTimeout: null
receiveDataWhenStatusError: true
extra: {}

*** Response ***
uri: http://127.0.0.1:9800/api/v1/organizations/mine?page=1&size=100

*** Request ***
uri: http://127.0.0.1:9800/api/v1/organizations/7002
method: GET
responseType: ResponseType.json
followRedirects: true
persistentConnection: true
connectTimeout: 0:01:00.000000
sendTimeout: 0:01:00.000000
receiveTimeout: 0:01:00.000000
transformTimeout: null
receiveDataWhenStatusError: true
extra: {}

*** Response ***
uri: http://127.0.0.1:9800/api/v1/organizations/7002

*** Request ***
uri: http://127.0.0.1:9800/api/v1/organizations/7002
method: GET
responseType: ResponseType.json
followRedirects: true
persistentConnection: true
connectTimeout: 0:01:00.000000
sendTimeout: 0:01:00.000000
receiveTimeout: 0:01:00.000000
transformTimeout: null
receiveDataWhenStatusError: true
extra: {}

*** Response ***
uri: http://127.0.0.1:9800/api/v1/organizations/7002

*** Request ***
uri: http://127.0.0.1:9800/api/v1/organizations/7002/default-workspace
method: GET
responseType: ResponseType.json
followRedirects: true
persistentConnection: true
connectTimeout: 0:01:00.000000
sendTimeout: 0:01:00.000000
receiveTimeout: 0:01:00.000000
transformTimeout: null
receiveDataWhenStatusError: true
extra: {}

*** Response ***
uri: http://127.0.0.1:9800/api/v1/organizations/7002/default-workspace

00:01 +68: /Users/leeyi/project/imboy.pub/imboyapp/test/organization/organization_picker_page_widget_test.dart: 加入企业 981：preview 阶段码无效文案页内展示，不关对话框
*** Request ***
uri: http://127.0.0.1:9800/api/v1/organizations/mine?page=1&size=100
method: GET
responseType: ResponseType.json
followRedirects: true
persistentConnection: true
connectTimeout: 0:01:00.000000
sendTimeout: 0:01:00.000000
receiveTimeout: 0:01:00.000000
transformTimeout: null
receiveDataWhenStatusError: true
extra: {}

*** Response ***
uri: http://127.0.0.1:9800/api/v1/organizations/mine?page=1&size=100

*** Request ***
uri: http://127.0.0.1:9800/api/v1/organizations/invite_code/preview
method: POST
responseType: ResponseType.json
followRedirects: true
persistentConnection: true
connectTimeout: 0:01:00.000000
sendTimeout: 0:01:00.000000
receiveTimeout: 0:01:00.000000
transformTimeout: null
receiveDataWhenStatusError: true
extra: {}

*** Response ***
uri: http://127.0.0.1:9800/api/v1/organizations/invite_code/preview

00:01 +69: /Users/leeyi/project/imboy.pub/imboyapp/test/organization/organization_leave_widget_test.dart: 取消不请求接口、不清理空间
00:01 +69: /Users/leeyi/project/imboy.pub/imboyapp/test/organization/organization_picker_page_widget_test.dart: 加入企业 982：preview 阶段码过期文案页内展示
*** Request ***
uri: http://127.0.0.1:9800/api/v1/organizations/mine?page=1&size=100
method: GET
responseType: ResponseType.json
followRedirects: true
persistentConnection: true
connectTimeout: 0:01:00.000000
sendTimeout: 0:01:00.000000
receiveTimeout: 0:01:00.000000
transformTimeout: null
receiveDataWhenStatusError: true
extra: {}

*** Response ***
uri: http://127.0.0.1:9800/api/v1/organizations/mine?page=1&size=100

*** Request ***
uri: http://127.0.0.1:9800/api/v1/organizations/invite_code/preview
method: POST
responseType: ResponseType.json
followRedirects: true
persistentConnection: true
connectTimeout: 0:01:00.000000
sendTimeout: 0:01:00.000000
receiveTimeout: 0:01:00.000000
transformTimeout: null
receiveDataWhenStatusError: true
extra: {}

*** Response ***
uri: http://127.0.0.1:9800/api/v1/organizations/invite_code/preview

00:01 +70: /Users/leeyi/project/imboy.pub/imboyapp/test/organization/organization_leave_widget_test.dart: 取消不请求接口、不清理空间
00:01 +70: /Users/leeyi/project/imboy.pub/imboyapp/test/organization/organization_picker_page_widget_test.dart: 加入企业成功（joined）：preview 确认 → code-only join → 切入新企业
*** Request ***
uri: http://127.0.0.1:9800/api/v1/organizations/mine?page=1&size=100
method: GET
responseType: ResponseType.json
followRedirects: true
persistentConnection: true
connectTimeout: 0:01:00.000000
sendTimeout: 0:01:00.000000
receiveTimeout: 0:01:00.000000
transformTimeout: null
receiveDataWhenStatusError: true
extra: {}

*** Response ***
uri: http://127.0.0.1:9800/api/v1/organizations/mine?page=1&size=100

*** Request ***
uri: http://127.0.0.1:9800/api/v1/organizations/invite_code/preview
method: POST
responseType: ResponseType.json
followRedirects: true
persistentConnection: true
connectTimeout: 0:01:00.000000
sendTimeout: 0:01:00.000000
receiveTimeout: 0:01:00.000000
transformTimeout: null
receiveDataWhenStatusError: true
extra: {}

*** Response ***
uri: http://127.0.0.1:9800/api/v1/organizations/invite_code/preview

*** Request ***
uri: http://127.0.0.1:9800/api/v1/organizations/invite_code/join
method: POST
responseType: ResponseType.json
followRedirects: true
persistentConnection: true
connectTimeout: 0:01:00.000000
sendTimeout: 0:01:00.000000
receiveTimeout: 0:01:00.000000
transformTimeout: null
receiveDataWhenStatusError: true
extra: {}

*** Response ***
uri: http://127.0.0.1:9800/api/v1/organizations/invite_code/join

*** Request ***
uri: http://127.0.0.1:9800/api/v1/organizations/mine?page=1&size=100
method: GET
responseType: ResponseType.json
followRedirects: true
persistentConnection: true
connectTimeout: 0:01:00.000000
sendTimeout: 0:01:00.000000
receiveTimeout: 0:01:00.000000
transformTimeout: null
receiveDataWhenStatusError: true
extra: {}

*** Response ***
uri: http://127.0.0.1:9800/api/v1/organizations/mine?page=1&size=100

*** Request ***
uri: http://127.0.0.1:9800/api/v1/organizations/7003
method: GET
responseType: ResponseType.json
followRedirects: true
persistentConnection: true
connectTimeout: 0:01:00.000000
sendTimeout: 0:01:00.000000
receiveTimeout: 0:01:00.000000
transformTimeout: null
receiveDataWhenStatusError: true
extra: {}

*** Response ***
uri: http://127.0.0.1:9800/api/v1/organizations/7003

*** Request ***
uri: http://127.0.0.1:9800/api/v1/organizations/7003/default-workspace
method: GET
responseType: ResponseType.json
followRedirects: true
persistentConnection: true
connectTimeout: 0:01:00.000000
sendTimeout: 0:01:00.000000
receiveTimeout: 0:01:00.000000
transformTimeout: null
receiveDataWhenStatusError: true
extra: {}

*** Response ***
uri: http://127.0.0.1:9800/api/v1/organizations/7003/default-workspace

00:01 +71: /Users/leeyi/project/imboy.pub/imboyapp/test/organization/organization_leave_widget_test.dart: 取消不请求接口、不清理空间
00:01 +71: /Users/leeyi/project/imboy.pub/imboyapp/test/organization/organization_picker_page_widget_test.dart: §5.1 加入企业入口：autoJoin=1 进入即打开邀请码对话框（一步到达）
*** Request ***
uri: http://127.0.0.1:9800/api/v1/organizations/mine?page=1&size=100
method: GET
responseType: ResponseType.json
followRedirects: true
persistentConnection: true
connectTimeout: 0:01:00.000000
sendTimeout: 0:01:00.000000
receiveTimeout: 0:01:00.000000
transformTimeout: null
receiveDataWhenStatusError: true
extra: {}

*** Response ***
uri: http://127.0.0.1:9800/api/v1/organizations/mine?page=1&size=100

00:01 +72: /Users/leeyi/project/imboy.pub/imboyapp/test/organization/organization_leave_widget_test.dart: 取消不请求接口、不清理空间
00:01 +72: /Users/leeyi/project/imboy.pub/imboyapp/test/organization/organization_picker_page_widget_test.dart: 缺省（autoJoin 关闭）不自动弹层：仍落在选择器列表
*** Request ***
uri: http://127.0.0.1:9800/api/v1/organizations/mine?page=1&size=100
method: GET
responseType: ResponseType.json
followRedirects: true
persistentConnection: true
connectTimeout: 0:01:00.000000
sendTimeout: 0:01:00.000000
receiveTimeout: 0:01:00.000000
transformTimeout: null
receiveDataWhenStatusError: true
extra: {}

*** Response ***
uri: http://127.0.0.1:9800/api/v1/organizations/mine?page=1&size=100

00:01 +73: /Users/leeyi/project/imboy.pub/imboyapp/test/organization/organization_leave_widget_test.dart: 取消不请求接口、不清理空间
*** Request ***
uri: http://127.0.0.1:9800/api/v1/organizations/7001
method: GET
responseType: ResponseType.json
followRedirects: true
persistentConnection: true
connectTimeout: 0:01:00.000000
sendTimeout: 0:01:00.000000
receiveTimeout: 0:01:00.000000
transformTimeout: null
receiveDataWhenStatusError: true
extra: {}

*** Response ***
uri: http://127.0.0.1:9800/api/v1/organizations/7001

*** Request ***
uri: http://127.0.0.1:9800/api/v1/organizations/7001/default-workspace
method: GET
responseType: ResponseType.json
followRedirects: true
persistentConnection: true
connectTimeout: 0:01:00.000000
sendTimeout: 0:01:00.000000
receiveTimeout: 0:01:00.000000
transformTimeout: null
receiveDataWhenStatusError: true
extra: {}

*** Response ***
uri: http://127.0.0.1:9800/api/v1/organizations/7001/default-workspace

00:02 +74: /Users/leeyi/project/imboy.pub/imboyapp/test/organization/organization_leave_widget_test.dart: 取消不请求接口、不清理空间
00:02 +75: /Users/leeyi/project/imboy.pub/imboyapp/test/organization/organization_leave_widget_test.dart: 取消不请求接口、不清理空间
00:02 +76: /Users/leeyi/project/imboy.pub/imboyapp/test/organization/organization_leave_widget_test.dart: 取消不请求接口、不清理空间
00:02 +77: /Users/leeyi/project/imboy.pub/imboyapp/test/organization/organization_leave_widget_test.dart: 取消不请求接口、不清理空间
00:02 +77: /Users/leeyi/project/imboy.pub/imboyapp/test/organization/organization_cs_governance_entry_test.dart: owner：管理员区渲染客服治理入口并导航到治理路由
*** Request ***
uri: http://127.0.0.1:9800/api/v1/organizations/7266418340025468901
method: GET
responseType: ResponseType.json
followRedirects: true
persistentConnection: true
connectTimeout: 0:01:00.000000
sendTimeout: 0:01:00.000000
receiveTimeout: 0:01:00.000000
transformTimeout: null
receiveDataWhenStatusError: true
extra: {}

*** Response ***
uri: http://127.0.0.1:9800/api/v1/organizations/7266418340025468901

*** Request ***
uri: http://127.0.0.1:9800/api/v1/organizations/7266418340025468901/default-workspace
method: GET
responseType: ResponseType.json
followRedirects: true
persistentConnection: true
connectTimeout: 0:01:00.000000
sendTimeout: 0:01:00.000000
receiveTimeout: 0:01:00.000000
transformTimeout: null
receiveDataWhenStatusError: true
extra: {}

*** Response ***
uri: http://127.0.0.1:9800/api/v1/organizations/7266418340025468901/default-workspace

00:02 +78: /Users/leeyi/project/imboy.pub/imboyapp/test/organization/organization_leave_widget_test.dart: 取消不请求接口、不清理空间
00:02 +79: /Users/leeyi/project/imboy.pub/imboyapp/test/organization/organization_leave_widget_test.dart: 取消不请求接口、不清理空间
00:02 +80: /Users/leeyi/project/imboy.pub/imboyapp/test/organization/organization_leave_widget_test.dart: 取消不请求接口、不清理空间
00:03 +81: /Users/leeyi/project/imboy.pub/imboyapp/test/organization/organization_leave_widget_test.dart: 取消不请求接口、不清理空间
00:03 +81: /Users/leeyi/project/imboy.pub/imboyapp/test/organization/org_invite_qr_page_widget_test.dart: 有 active 码：QR + 明码 + 有效期 + 重新生成入口
*** Request ***
uri: http://127.0.0.1:9800/api/v1/organizations/7001/invite_code
method: GET
responseType: ResponseType.json
followRedirects: true
persistentConnection: true
connectTimeout: 0:01:00.000000
sendTimeout: 0:01:00.000000
receiveTimeout: 0:01:00.000000
transformTimeout: null
receiveDataWhenStatusError: true
extra: {}

*** Response ***
uri: http://127.0.0.1:9800/api/v1/organizations/7001/invite_code

00:03 +82: /Users/leeyi/project/imboy.pub/imboyapp/test/organization/organization_leave_widget_test.dart: 取消不请求接口、不清理空间
00:03 +82: /Users/leeyi/project/imboy.pub/imboyapp/test/organization/org_invite_qr_page_widget_test.dart: 无 active 码：显示生成引导
*** Request ***
uri: http://127.0.0.1:9800/api/v1/organizations/7001/invite_code
method: GET
responseType: ResponseType.json
followRedirects: true
persistentConnection: true
connectTimeout: 0:01:00.000000
sendTimeout: 0:01:00.000000
receiveTimeout: 0:01:00.000000
transformTimeout: null
receiveDataWhenStatusError: true
extra: {}

*** Response ***
uri: http://127.0.0.1:9800/api/v1/organizations/7001/invite_code

00:03 +83: /Users/leeyi/project/imboy.pub/imboyapp/test/organization/organization_leave_widget_test.dart: 取消不请求接口、不清理空间
00:03 +84: /Users/leeyi/project/imboy.pub/imboyapp/test/organization/organization_leave_widget_test.dart: 取消不请求接口、不清理空间
00:03 +85: /Users/leeyi/project/imboy.pub/imboyapp/test/organization/organization_leave_widget_test.dart: 取消不请求接口、不清理空间
00:03 +86: /Users/leeyi/project/imboy.pub/imboyapp/test/organization/organization_leave_widget_test.dart: 取消不请求接口、不清理空间
00:03 +87: /Users/leeyi/project/imboy.pub/imboyapp/test/organization/organization_leave_widget_test.dart: 取消不请求接口、不清理空间
00:03 +87: /Users/leeyi/project/imboy.pub/imboyapp/test/organization/org_invite_qr_page_widget_test.dart: 非 owner/admin（403）：OrgStateView 统一无权限态，不出码
*** Request ***
uri: http://127.0.0.1:9800/api/v1/organizations/7001/invite_code
method: GET
responseType: ResponseType.json
followRedirects: true
persistentConnection: true
connectTimeout: 0:01:00.000000
sendTimeout: 0:01:00.000000
receiveTimeout: 0:01:00.000000
transformTimeout: null
receiveDataWhenStatusError: true
extra: {}

*** Response ***
uri: http://127.0.0.1:9800/api/v1/organizations/7001/invite_code

00:03 +88: /Users/leeyi/project/imboy.pub/imboyapp/test/organization/organization_leave_widget_test.dart: 取消不请求接口、不清理空间
00:03 +89: /Users/leeyi/project/imboy.pub/imboyapp/test/organization/organization_leave_widget_test.dart: 取消不请求接口、不清理空间
00:03 +89: /Users/leeyi/project/imboy.pub/imboyapp/test/organization/organization_cs_governance_entry_test.dart: admin：治理入口同样渲染（owner/admin 同门）
*** Request ***
uri: http://127.0.0.1:9800/api/v1/organizations/7266418340025468901
method: GET
responseType: ResponseType.json
followRedirects: true
persistentConnection: true
connectTimeout: 0:01:00.000000
sendTimeout: 0:01:00.000000
receiveTimeout: 0:01:00.000000
transformTimeout: null
receiveDataWhenStatusError: true
extra: {}

*** Response ***
uri: http://127.0.0.1:9800/api/v1/organizations/7266418340025468901

*** Request ***
uri: http://127.0.0.1:9800/api/v1/organizations/7266418340025468901/default-workspace
method: GET
responseType: ResponseType.json
followRedirects: true
persistentConnection: true
connectTimeout: 0:01:00.000000
sendTimeout: 0:01:00.000000
receiveTimeout: 0:01:00.000000
transformTimeout: null
receiveDataWhenStatusError: true
extra: {}

*** Response ***
uri: http://127.0.0.1:9800/api/v1/organizations/7266418340025468901/default-workspace

00:03 +90: /Users/leeyi/project/imboy.pub/imboyapp/test/organization/org_async_state_test.dart: OrgAsyncAdapter 原始 403 异常直传 → 渲染权限态且无重试入口
00:03 +90: /Users/leeyi/project/imboy.pub/imboyapp/test/organization/organization_leave_widget_test.dart: 交接拒绝保留指针、工作区和页面
*** Request ***
uri: http://127.0.0.1:9800/api/v1/organizations/7001
method: GET
responseType: ResponseType.json
followRedirects: true
persistentConnection: true
connectTimeout: 0:01:00.000000
sendTimeout: 0:01:00.000000
receiveTimeout: 0:01:00.000000
transformTimeout: null
receiveDataWhenStatusError: true
extra: {}

*** Response ***
uri: http://127.0.0.1:9800/api/v1/organizations/7001

*** Request ***
uri: http://127.0.0.1:9800/api/v1/organizations/7001/default-workspace
method: GET
responseType: ResponseType.json
followRedirects: true
persistentConnection: true
connectTimeout: 0:01:00.000000
sendTimeout: 0:01:00.000000
receiveTimeout: 0:01:00.000000
transformTimeout: null
receiveDataWhenStatusError: true
extra: {}

*** Response ***
uri: http://127.0.0.1:9800/api/v1/organizations/7001/default-workspace

00:03 +91: /Users/leeyi/project/imboy.pub/imboyapp/test/organization/organization_cs_governance_entry_test.dart: admin：治理入口同样渲染（owner/admin 同门）
00:03 +92: /Users/leeyi/project/imboy.pub/imboyapp/test/organization/organization_cs_governance_entry_test.dart: admin：治理入口同样渲染（owner/admin 同门）
00:03 +93: /Users/leeyi/project/imboy.pub/imboyapp/test/organization/organization_cs_governance_entry_test.dart: admin：治理入口同样渲染（owner/admin 同门）
00:03 +94: /Users/leeyi/project/imboy.pub/imboyapp/test/organization/organization_cs_governance_entry_test.dart: admin：治理入口同样渲染（owner/admin 同门）
00:03 +95: /Users/leeyi/project/imboy.pub/imboyapp/test/organization/organization_cs_governance_entry_test.dart: admin：治理入口同样渲染（owner/admin 同门）
00:03 +96: /Users/leeyi/project/imboy.pub/imboyapp/test/organization/organization_cs_governance_entry_test.dart: admin：治理入口同样渲染（owner/admin 同门）
00:04 +97: /Users/leeyi/project/imboy.pub/imboyapp/test/organization/organization_cs_governance_entry_test.dart: admin：治理入口同样渲染（owner/admin 同门）
00:04 +98: /Users/leeyi/project/imboy.pub/imboyapp/test/organization/organization_cs_governance_entry_test.dart: admin：治理入口同样渲染（owner/admin 同门）
00:04 +99: /Users/leeyi/project/imboy.pub/imboyapp/test/organization/organization_cs_governance_entry_test.dart: admin：治理入口同样渲染（owner/admin 同门）
00:04 +100: /Users/leeyi/project/imboy.pub/imboyapp/test/organization/organization_cs_governance_entry_test.dart: admin：治理入口同样渲染（owner/admin 同门）
00:04 +101: /Users/leeyi/project/imboy.pub/imboyapp/test/organization/organization_cs_governance_entry_test.dart: admin：治理入口同样渲染（owner/admin 同门）
00:04 +102: /Users/leeyi/project/imboy.pub/imboyapp/test/organization/organization_cs_governance_entry_test.dart: admin：治理入口同样渲染（owner/admin 同门）
00:04 +103: /Users/leeyi/project/imboy.pub/imboyapp/test/organization/organization_cs_governance_entry_test.dart: admin：治理入口同样渲染（owner/admin 同门）
00:04 +104: /Users/leeyi/project/imboy.pub/imboyapp/test/organization/organization_leave_widget_test.dart: 交接拒绝保留指针、工作区和页面
00:04 +104: /Users/leeyi/project/imboy.pub/imboyapp/test/organization/organization_cs_governance_entry_test.dart: member：入口完全不渲染（PermissionGate 整区隐藏）
*** Request ***
uri: http://127.0.0.1:9800/api/v1/organizations/7266418340025468901
method: GET
responseType: ResponseType.json
followRedirects: true
persistentConnection: true
connectTimeout: 0:01:00.000000
sendTimeout: 0:01:00.000000
receiveTimeout: 0:01:00.000000
transformTimeout: null
receiveDataWhenStatusError: true
extra: {}

*** Response ***
uri: http://127.0.0.1:9800/api/v1/organizations/7266418340025468901

*** Request ***
uri: http://127.0.0.1:9800/api/v1/organizations/7266418340025468901/default-workspace
method: GET
responseType: ResponseType.json
followRedirects: true
persistentConnection: true
connectTimeout: 0:01:00.000000
sendTimeout: 0:01:00.000000
receiveTimeout: 0:01:00.000000
transformTimeout: null
receiveDataWhenStatusError: true
extra: {}

*** Response ***
uri: http://127.0.0.1:9800/api/v1/organizations/7266418340025468901/default-workspace

00:04 +105: /Users/leeyi/project/imboy.pub/imboyapp/test/organization/organization_leave_widget_test.dart: 交接拒绝保留指针、工作区和页面
00:04 +106: /Users/leeyi/project/imboy.pub/imboyapp/test/organization/organization_leave_widget_test.dart: 交接拒绝保留指针、工作区和页面
00:04 +106: /Users/leeyi/project/imboy.pub/imboyapp/test/organization/organization_cs_governance_entry_test.dart: archived：管理员区整体不渲染（C16 只读口径）
*** Request ***
uri: http://127.0.0.1:9800/api/v1/organizations/7266418340025468901
method: GET
responseType: ResponseType.json
followRedirects: true
persistentConnection: true
connectTimeout: 0:01:00.000000
sendTimeout: 0:01:00.000000
receiveTimeout: 0:01:00.000000
transformTimeout: null
receiveDataWhenStatusError: true
extra: {}

*** Response ***
uri: http://127.0.0.1:9800/api/v1/organizations/7266418340025468901

*** Request ***
uri: http://127.0.0.1:9800/api/v1/organizations/7266418340025468901/default-workspace
method: GET
responseType: ResponseType.json
followRedirects: true
persistentConnection: true
connectTimeout: 0:01:00.000000
sendTimeout: 0:01:00.000000
receiveTimeout: 0:01:00.000000
transformTimeout: null
receiveDataWhenStatusError: true
extra: {}

*** Response ***
uri: http://127.0.0.1:9800/api/v1/organizations/7266418340025468901/default-workspace

00:04 +107: /Users/leeyi/project/imboy.pub/imboyapp/test/organization/organization_leave_widget_test.dart: 交接拒绝保留指针、工作区和页面
00:04 +107: /Users/leeyi/project/imboy.pub/imboyapp/test/organization/org_manage_closure_test.dart: Org owner：工作区菜单四动作闭合
*** Request ***
uri: http://127.0.0.1:9800/api/v1/organizations/900
method: GET
responseType: ResponseType.json
followRedirects: true
persistentConnection: true
connectTimeout: 0:01:00.000000
sendTimeout: 0:01:00.000000
receiveTimeout: 0:01:00.000000
transformTimeout: null
receiveDataWhenStatusError: true
extra: {}

*** Response ***
uri: http://127.0.0.1:9800/api/v1/organizations/900

*** Request ***
uri: http://127.0.0.1:9800/api/v1/workspaces/mine?page=1&size=100
method: GET
responseType: ResponseType.json
followRedirects: true
persistentConnection: true
connectTimeout: 0:01:00.000000
sendTimeout: 0:01:00.000000
receiveTimeout: 0:01:00.000000
transformTimeout: null
receiveDataWhenStatusError: true
extra: {}

*** Response ***
uri: http://127.0.0.1:9800/api/v1/workspaces/mine?page=1&size=100

00:04 +108: /Users/leeyi/project/imboy.pub/imboyapp/test/organization/organization_leave_widget_test.dart: 交接拒绝保留指针、工作区和页面
00:04 +108: /Users/leeyi/project/imboy.pub/imboyapp/test/organization/org_manage_closure_test.dart: Org owner：工作区菜单四动作闭合
*** Request ***
uri: http://127.0.0.1:9800/api/v1/organizations/900/default-workspace
method: GET
responseType: ResponseType.json
followRedirects: true
persistentConnection: true
connectTimeout: 0:01:00.000000
sendTimeout: 0:01:00.000000
receiveTimeout: 0:01:00.000000
transformTimeout: null
receiveDataWhenStatusError: true
extra: {}

*** Response ***
uri: http://127.0.0.1:9800/api/v1/organizations/900/default-workspace

*** Request ***
uri: http://127.0.0.1:9800/api/v1/workspaces/801/groups
method: GET
responseType: ResponseType.json
followRedirects: true
persistentConnection: true
connectTimeout: 0:01:00.000000
sendTimeout: 0:01:00.000000
receiveTimeout: 0:01:00.000000
transformTimeout: null
receiveDataWhenStatusError: true
extra: {}

*** Response ***
uri: http://127.0.0.1:9800/api/v1/workspaces/801/groups

*** Request ***
uri: http://127.0.0.1:9800/api/v1/workspaces/801/channels?paged=1&limit=200&cursor=0
method: GET
responseType: ResponseType.json
followRedirects: true
persistentConnection: true
connectTimeout: 0:01:00.000000
sendTimeout: 0:01:00.000000
receiveTimeout: 0:01:00.000000
transformTimeout: null
receiveDataWhenStatusError: true
extra: {}

*** Response ***
uri: http://127.0.0.1:9800/api/v1/workspaces/801/channels?paged=1&limit=200&cursor=0

*** Request ***
uri: http://127.0.0.1:9800/api/v1/workspaces/801/channels?paged=1&limit=200&cursor=0&status=archived
method: GET
responseType: ResponseType.json
followRedirects: true
persistentConnection: true
connectTimeout: 0:01:00.000000
sendTimeout: 0:01:00.000000
receiveTimeout: 0:01:00.000000
transformTimeout: null
receiveDataWhenStatusError: true
extra: {}

*** Response ***
uri: http://127.0.0.1:9800/api/v1/workspaces/801/channels?paged=1&limit=200&cursor=0&status=archived

00:04 +109: /Users/leeyi/project/imboy.pub/imboyapp/test/organization/organization_leave_widget_test.dart: 交接拒绝保留指针、工作区和页面
00:04 +110: /Users/leeyi/project/imboy.pub/imboyapp/test/organization/organization_leave_widget_test.dart: 交接拒绝保留指针、工作区和页面
00:04 +111: /Users/leeyi/project/imboy.pub/imboyapp/test/organization/organization_leave_widget_test.dart: 交接拒绝保留指针、工作区和页面
00:04 +112: /Users/leeyi/project/imboy.pub/imboyapp/test/organization/organization_leave_widget_test.dart: 交接拒绝保留指针、工作区和页面
00:04 +113: /Users/leeyi/project/imboy.pub/imboyapp/test/organization/organization_leave_widget_test.dart: 交接拒绝保留指针、工作区和页面
00:04 +114: /Users/leeyi/project/imboy.pub/imboyapp/test/organization/organization_leave_widget_test.dart: 交接拒绝保留指针、工作区和页面
00:04 +115: /Users/leeyi/project/imboy.pub/imboyapp/test/organization/organization_leave_widget_test.dart: 交接拒绝保留指针、工作区和页面
00:04 +116: /Users/leeyi/project/imboy.pub/imboyapp/test/organization/organization_leave_widget_test.dart: 交接拒绝保留指针、工作区和页面
00:04 +117: /Users/leeyi/project/imboy.pub/imboyapp/test/organization/organization_leave_widget_test.dart: 交接拒绝保留指针、工作区和页面
00:04 +118: /Users/leeyi/project/imboy.pub/imboyapp/test/organization/organization_leave_widget_test.dart: 交接拒绝保留指针、工作区和页面
00:04 +119: /Users/leeyi/project/imboy.pub/imboyapp/test/organization/organization_leave_widget_test.dart: 交接拒绝保留指针、工作区和页面
00:04 +120: /Users/leeyi/project/imboy.pub/imboyapp/test/organization/organization_leave_widget_test.dart: 交接拒绝保留指针、工作区和页面
00:04 +121: /Users/leeyi/project/imboy.pub/imboyapp/test/organization/organization_leave_widget_test.dart: 交接拒绝保留指针、工作区和页面
00:05 +122: /Users/leeyi/project/imboy.pub/imboyapp/test/organization/organization_leave_widget_test.dart: 交接拒绝保留指针、工作区和页面
*** Request ***
uri: http://127.0.0.1:9800/api/v1/organizations/7001/members/1001/offboard
method: POST
responseType: ResponseType.json
followRedirects: true
persistentConnection: true
connectTimeout: 0:01:00.000000
sendTimeout: 0:01:00.000000
receiveTimeout: 0:01:00.000000
transformTimeout: null
receiveDataWhenStatusError: true
extra: {}

*** Response ***
uri: http://127.0.0.1:9800/api/v1/organizations/7001/members/1001/offboard

00:05 +123: /Users/leeyi/project/imboy.pub/imboyapp/test/organization/organization_leave_widget_test.dart: 交接拒绝保留指针、工作区和页面
00:05 +124: /Users/leeyi/project/imboy.pub/imboyapp/test/organization/org_manage_closure_test.dart: Org owner：工作区菜单四动作闭合
00:05 +125: /Users/leeyi/project/imboy.pub/imboyapp/test/organization/org_manage_closure_test.dart: Org owner：工作区菜单四动作闭合
00:05 +126: /Users/leeyi/project/imboy.pub/imboyapp/test/organization/org_manage_closure_test.dart: Org owner：工作区菜单四动作闭合
00:05 +126: /Users/leeyi/project/imboy.pub/imboyapp/test/organization/organization_leave_widget_test.dart: 成功退出清理本企业后返回企业列表
*** Request ***
uri: http://127.0.0.1:9800/api/v1/organizations/7001
method: GET
responseType: ResponseType.json
followRedirects: true
persistentConnection: true
connectTimeout: 0:01:00.000000
sendTimeout: 0:01:00.000000
receiveTimeout: 0:01:00.000000
transformTimeout: null
receiveDataWhenStatusError: true
extra: {}

*** Response ***
uri: http://127.0.0.1:9800/api/v1/organizations/7001

00:05 +127: /Users/leeyi/project/imboy.pub/imboyapp/test/organization/org_manage_closure_test.dart: Org owner：工作区菜单四动作闭合
00:05 +127: /Users/leeyi/project/imboy.pub/imboyapp/test/organization/organization_leave_widget_test.dart: 成功退出清理本企业后返回企业列表
*** Request ***
uri: http://127.0.0.1:9800/api/v1/organizations/7001/default-workspace
method: GET
responseType: ResponseType.json
followRedirects: true
persistentConnection: true
connectTimeout: 0:01:00.000000
sendTimeout: 0:01:00.000000
receiveTimeout: 0:01:00.000000
transformTimeout: null
receiveDataWhenStatusError: true
extra: {}

*** Response ***
uri: http://127.0.0.1:9800/api/v1/organizations/7001/default-workspace

00:05 +128: /Users/leeyi/project/imboy.pub/imboyapp/test/organization/human_directory_page_widget_test.dart: 列表撤权同步卸载已加载图形，切回图不能恢复旧节点
00:05 +128: /Users/leeyi/project/imboy.pub/imboyapp/test/organization/org_manage_closure_test.dart: Workspace Owner：菜单动作保留，组织级动作不出现
*** Request ***
uri: http://127.0.0.1:9800/api/v1/organizations/900
method: GET
responseType: ResponseType.json
followRedirects: true
persistentConnection: true
connectTimeout: 0:01:00.000000
sendTimeout: 0:01:00.000000
receiveTimeout: 0:01:00.000000
transformTimeout: null
receiveDataWhenStatusError: true
extra: {}

*** Response ***
uri: http://127.0.0.1:9800/api/v1/organizations/900

*** Request ***
uri: http://127.0.0.1:9800/api/v1/workspaces/mine?page=1&size=100
method: GET
responseType: ResponseType.json
followRedirects: true
persistentConnection: true
connectTimeout: 0:01:00.000000
sendTimeout: 0:01:00.000000
receiveTimeout: 0:01:00.000000
transformTimeout: null
receiveDataWhenStatusError: true
extra: {}

*** Response ***
uri: http://127.0.0.1:9800/api/v1/workspaces/mine?page=1&size=100

*** Request ***
uri: http://127.0.0.1:9800/api/v1/organizations/900/default-workspace
method: GET
responseType: ResponseType.json
followRedirects: true
persistentConnection: true
connectTimeout: 0:01:00.000000
sendTimeout: 0:01:00.000000
receiveTimeout: 0:01:00.000000
transformTimeout: null
receiveDataWhenStatusError: true
extra: {}

*** Response ***
uri: http://127.0.0.1:9800/api/v1/organizations/900/default-workspace

*** Request ***
uri: http://127.0.0.1:9800/api/v1/workspaces/801/groups
method: GET
responseType: ResponseType.json
followRedirects: true
persistentConnection: true
connectTimeout: 0:01:00.000000
sendTimeout: 0:01:00.000000
receiveTimeout: 0:01:00.000000
transformTimeout: null
receiveDataWhenStatusError: true
extra: {}

*** Response ***
uri: http://127.0.0.1:9800/api/v1/workspaces/801/groups

*** Request ***
uri: http://127.0.0.1:9800/api/v1/workspaces/801/channels?paged=1&limit=200&cursor=0
method: GET
responseType: ResponseType.json
followRedirects: true
persistentConnection: true
connectTimeout: 0:01:00.000000
sendTimeout: 0:01:00.000000
receiveTimeout: 0:01:00.000000
transformTimeout: null
receiveDataWhenStatusError: true
extra: {}

*** Response ***
uri: http://127.0.0.1:9800/api/v1/workspaces/801/channels?paged=1&limit=200&cursor=0

*** Request ***
uri: http://127.0.0.1:9800/api/v1/workspaces/801/channels?paged=1&limit=200&cursor=0&status=archived
method: GET
responseType: ResponseType.json
followRedirects: true
persistentConnection: true
connectTimeout: 0:01:00.000000
sendTimeout: 0:01:00.000000
receiveTimeout: 0:01:00.000000
transformTimeout: null
receiveDataWhenStatusError: true
extra: {}

*** Response ***
uri: http://127.0.0.1:9800/api/v1/workspaces/801/channels?paged=1&limit=200&cursor=0&status=archived

00:05 +129: /Users/leeyi/project/imboy.pub/imboyapp/test/organization/organization_leave_widget_test.dart: 成功退出清理本企业后返回企业列表
00:05 +130: /Users/leeyi/project/imboy.pub/imboyapp/test/organization/organization_leave_widget_test.dart: 成功退出清理本企业后返回企业列表
00:05 +130: /Users/leeyi/project/imboy.pub/imboyapp/test/organization/org_manage_closure_test.dart: Org member（不拥有工作区）：无菜单入口
*** Request ***
uri: http://127.0.0.1:9800/api/v1/organizations/900
method: GET
responseType: ResponseType.json
followRedirects: true
persistentConnection: true
connectTimeout: 0:01:00.000000
sendTimeout: 0:01:00.000000
receiveTimeout: 0:01:00.000000
transformTimeout: null
receiveDataWhenStatusError: true
extra: {}

*** Response ***
uri: http://127.0.0.1:9800/api/v1/organizations/900

*** Request ***
uri: http://127.0.0.1:9800/api/v1/workspaces/mine?page=1&size=100
method: GET
responseType: ResponseType.json
followRedirects: true
persistentConnection: true
connectTimeout: 0:01:00.000000
sendTimeout: 0:01:00.000000
receiveTimeout: 0:01:00.000000
transformTimeout: null
receiveDataWhenStatusError: true
extra: {}

*** Response ***
uri: http://127.0.0.1:9800/api/v1/workspaces/mine?page=1&size=100

*** Request ***
uri: http://127.0.0.1:9800/api/v1/organizations/900/default-workspace
method: GET
responseType: ResponseType.json
followRedirects: true
persistentConnection: true
connectTimeout: 0:01:00.000000
sendTimeout: 0:01:00.000000
receiveTimeout: 0:01:00.000000
transformTimeout: null
receiveDataWhenStatusError: true
extra: {}

*** Response ***
uri: http://127.0.0.1:9800/api/v1/organizations/900/default-workspace

*** Request ***
uri: http://127.0.0.1:9800/api/v1/workspaces/801/groups
method: GET
responseType: ResponseType.json
followRedirects: true
persistentConnection: true
connectTimeout: 0:01:00.000000
sendTimeout: 0:01:00.000000
receiveTimeout: 0:01:00.000000
transformTimeout: null
receiveDataWhenStatusError: true
extra: {}

*** Response ***
uri: http://127.0.0.1:9800/api/v1/workspaces/801/groups

handleResponse_response /api/v1/workspaces/801/groups : false {"code":404,"msg":"not found"}; 
00:05 +131: /Users/leeyi/project/imboy.pub/imboyapp/test/organization/organization_leave_widget_test.dart: 成功退出清理本企业后返回企业列表
00:05 +131: /Users/leeyi/project/imboy.pub/imboyapp/test/organization/org_manage_closure_test.dart: 群/频道行菜单闭合（重命名/成员与角色/管理员/订阅者）
*** Request ***
uri: http://127.0.0.1:9800/api/v1/organizations/900
method: GET
responseType: ResponseType.json
followRedirects: true
persistentConnection: true
connectTimeout: 0:01:00.000000
sendTimeout: 0:01:00.000000
receiveTimeout: 0:01:00.000000
transformTimeout: null
receiveDataWhenStatusError: true
extra: {}

*** Response ***
uri: http://127.0.0.1:9800/api/v1/organizations/900

*** Request ***
uri: http://127.0.0.1:9800/api/v1/workspaces/mine?page=1&size=100
method: GET
responseType: ResponseType.json
followRedirects: true
persistentConnection: true
connectTimeout: 0:01:00.000000
sendTimeout: 0:01:00.000000
receiveTimeout: 0:01:00.000000
transformTimeout: null
receiveDataWhenStatusError: true
extra: {}

*** Response ***
uri: http://127.0.0.1:9800/api/v1/workspaces/mine?page=1&size=100

*** Request ***
uri: http://127.0.0.1:9800/api/v1/organizations/900/default-workspace
method: GET
responseType: ResponseType.json
followRedirects: true
persistentConnection: true
connectTimeout: 0:01:00.000000
sendTimeout: 0:01:00.000000
receiveTimeout: 0:01:00.000000
transformTimeout: null
receiveDataWhenStatusError: true
extra: {}

*** Response ***
uri: http://127.0.0.1:9800/api/v1/organizations/900/default-workspace

*** Request ***
uri: http://127.0.0.1:9800/api/v1/workspaces/801/groups
method: GET
responseType: ResponseType.json
followRedirects: true
persistentConnection: true
connectTimeout: 0:01:00.000000
sendTimeout: 0:01:00.000000
receiveTimeout: 0:01:00.000000
transformTimeout: null
receiveDataWhenStatusError: true
extra: {}

*** Response ***
uri: http://127.0.0.1:9800/api/v1/workspaces/801/groups

*** Request ***
uri: http://127.0.0.1:9800/api/v1/workspaces/801/channels?paged=1&limit=200&cursor=0
method: GET
responseType: ResponseType.json
followRedirects: true
persistentConnection: true
connectTimeout: 0:01:00.000000
sendTimeout: 0:01:00.000000
receiveTimeout: 0:01:00.000000
transformTimeout: null
receiveDataWhenStatusError: true
extra: {}

*** Response ***
uri: http://127.0.0.1:9800/api/v1/workspaces/801/channels?paged=1&limit=200&cursor=0

*** Request ***
uri: http://127.0.0.1:9800/api/v1/workspaces/801/channels?paged=1&limit=200&cursor=0&status=archived
method: GET
responseType: ResponseType.json
followRedirects: true
persistentConnection: true
connectTimeout: 0:01:00.000000
sendTimeout: 0:01:00.000000
receiveTimeout: 0:01:00.000000
transformTimeout: null
receiveDataWhenStatusError: true
extra: {}

*** Response ***
uri: http://127.0.0.1:9800/api/v1/workspaces/801/channels?paged=1&limit=200&cursor=0&status=archived

00:05 +132: /Users/leeyi/project/imboy.pub/imboyapp/test/organization/organization_leave_widget_test.dart: 成功退出清理本企业后返回企业列表
00:05 +133: /Users/leeyi/project/imboy.pub/imboyapp/test/organization/organization_leave_widget_test.dart: 成功退出清理本企业后返回企业列表
00:05 +134: /Users/leeyi/project/imboy.pub/imboyapp/test/organization/organization_leave_widget_test.dart: 成功退出清理本企业后返回企业列表
00:05 +134: /Users/leeyi/project/imboy.pub/imboyapp/test/organization/org_manage_closure_test.dart: 写后读：工作区重命名成功后回到服务端事实（mine 二次读取）
*** Request ***
uri: http://127.0.0.1:9800/api/v1/organizations/900
method: GET
responseType: ResponseType.json
followRedirects: true
persistentConnection: true
connectTimeout: 0:01:00.000000
sendTimeout: 0:01:00.000000
receiveTimeout: 0:01:00.000000
transformTimeout: null
receiveDataWhenStatusError: true
extra: {}

*** Response ***
uri: http://127.0.0.1:9800/api/v1/organizations/900

*** Request ***
uri: http://127.0.0.1:9800/api/v1/workspaces/mine?page=1&size=100
method: GET
responseType: ResponseType.json
followRedirects: true
persistentConnection: true
connectTimeout: 0:01:00.000000
sendTimeout: 0:01:00.000000
receiveTimeout: 0:01:00.000000
transformTimeout: null
receiveDataWhenStatusError: true
extra: {}

*** Response ***
uri: http://127.0.0.1:9800/api/v1/workspaces/mine?page=1&size=100

*** Request ***
uri: http://127.0.0.1:9800/api/v1/organizations/900/default-workspace
method: GET
responseType: ResponseType.json
followRedirects: true
persistentConnection: true
connectTimeout: 0:01:00.000000
sendTimeout: 0:01:00.000000
receiveTimeout: 0:01:00.000000
transformTimeout: null
receiveDataWhenStatusError: true
extra: {}

*** Response ***
uri: http://127.0.0.1:9800/api/v1/organizations/900/default-workspace

*** Request ***
uri: http://127.0.0.1:9800/api/v1/workspaces/801/groups
method: GET
responseType: ResponseType.json
followRedirects: true
persistentConnection: true
connectTimeout: 0:01:00.000000
sendTimeout: 0:01:00.000000
receiveTimeout: 0:01:00.000000
transformTimeout: null
receiveDataWhenStatusError: true
extra: {}

*** Response ***
uri: http://127.0.0.1:9800/api/v1/workspaces/801/groups

*** Request ***
uri: http://127.0.0.1:9800/api/v1/workspaces/801/channels?paged=1&limit=200&cursor=0
method: GET
responseType: ResponseType.json
followRedirects: true
persistentConnection: true
connectTimeout: 0:01:00.000000
sendTimeout: 0:01:00.000000
receiveTimeout: 0:01:00.000000
transformTimeout: null
receiveDataWhenStatusError: true
extra: {}

*** Response ***
uri: http://127.0.0.1:9800/api/v1/workspaces/801/channels?paged=1&limit=200&cursor=0

*** Request ***
uri: http://127.0.0.1:9800/api/v1/workspaces/801/channels?paged=1&limit=200&cursor=0&status=archived
method: GET
responseType: ResponseType.json
followRedirects: true
persistentConnection: true
connectTimeout: 0:01:00.000000
sendTimeout: 0:01:00.000000
receiveTimeout: 0:01:00.000000
transformTimeout: null
receiveDataWhenStatusError: true
extra: {}

*** Response ***
uri: http://127.0.0.1:9800/api/v1/workspaces/801/channels?paged=1&limit=200&cursor=0&status=archived

00:05 +135: /Users/leeyi/project/imboy.pub/imboyapp/test/organization/organization_leave_widget_test.dart: 成功退出清理本企业后返回企业列表
00:05 +136: /Users/leeyi/project/imboy.pub/imboyapp/test/organization/organization_leave_widget_test.dart: 成功退出清理本企业后返回企业列表
00:05 +137: /Users/leeyi/project/imboy.pub/imboyapp/test/organization/organization_leave_widget_test.dart: 成功退出清理本企业后返回企业列表
00:05 +137: /Users/leeyi/project/imboy.pub/imboyapp/test/organization/org_manage_closure_test.dart: 写后读：工作区重命名成功后回到服务端事实（mine 二次读取）
*** Request ***
uri: http://127.0.0.1:9800/api/v1/workspaces/801/update
method: POST
responseType: ResponseType.json
followRedirects: true
persistentConnection: true
connectTimeout: 0:01:00.000000
sendTimeout: 0:01:00.000000
receiveTimeout: 0:01:00.000000
transformTimeout: null
receiveDataWhenStatusError: true
extra: {}

*** Response ***
uri: http://127.0.0.1:9800/api/v1/workspaces/801/update

*** Request ***
uri: http://127.0.0.1:9800/api/v1/organizations/900
method: GET
responseType: ResponseType.json
followRedirects: true
persistentConnection: true
connectTimeout: 0:01:00.000000
sendTimeout: 0:01:00.000000
receiveTimeout: 0:01:00.000000
transformTimeout: null
receiveDataWhenStatusError: true
extra: {}

*** Response ***
uri: http://127.0.0.1:9800/api/v1/organizations/900

*** Request ***
uri: http://127.0.0.1:9800/api/v1/workspaces/mine?page=1&size=100
method: GET
responseType: ResponseType.json
followRedirects: true
persistentConnection: true
connectTimeout: 0:01:00.000000
sendTimeout: 0:01:00.000000
receiveTimeout: 0:01:00.000000
transformTimeout: null
receiveDataWhenStatusError: true
extra: {}

*** Response ***
uri: http://127.0.0.1:9800/api/v1/workspaces/mine?page=1&size=100

*** Request ***
uri: http://127.0.0.1:9800/api/v1/organizations/900/default-workspace
method: GET
responseType: ResponseType.json
followRedirects: true
persistentConnection: true
connectTimeout: 0:01:00.000000
sendTimeout: 0:01:00.000000
receiveTimeout: 0:01:00.000000
transformTimeout: null
receiveDataWhenStatusError: true
extra: {}

*** Response ***
uri: http://127.0.0.1:9800/api/v1/organizations/900/default-workspace

*** Request ***
uri: http://127.0.0.1:9800/api/v1/workspaces/801/groups
method: GET
responseType: ResponseType.json
followRedirects: true
persistentConnection: true
connectTimeout: 0:01:00.000000
sendTimeout: 0:01:00.000000
receiveTimeout: 0:01:00.000000
transformTimeout: null
receiveDataWhenStatusError: true
extra: {}

*** Response ***
uri: http://127.0.0.1:9800/api/v1/workspaces/801/groups

*** Request ***
uri: http://127.0.0.1:9800/api/v1/workspaces/801/channels?paged=1&limit=200&cursor=0
method: GET
responseType: ResponseType.json
followRedirects: true
persistentConnection: true
connectTimeout: 0:01:00.000000
sendTimeout: 0:01:00.000000
receiveTimeout: 0:01:00.000000
transformTimeout: null
receiveDataWhenStatusError: true
extra: {}

*** Response ***
uri: http://127.0.0.1:9800/api/v1/workspaces/801/channels?paged=1&limit=200&cursor=0

*** Request ***
uri: http://127.0.0.1:9800/api/v1/workspaces/801/channels?paged=1&limit=200&cursor=0&status=archived
method: GET
responseType: ResponseType.json
followRedirects: true
persistentConnection: true
connectTimeout: 0:01:00.000000
sendTimeout: 0:01:00.000000
receiveTimeout: 0:01:00.000000
transformTimeout: null
receiveDataWhenStatusError: true
extra: {}

*** Response ***
uri: http://127.0.0.1:9800/api/v1/workspaces/801/channels?paged=1&limit=200&cursor=0&status=archived

00:05 +138: /Users/leeyi/project/imboy.pub/imboyapp/test/organization/organization_leave_widget_test.dart: 成功退出清理本企业后返回企业列表
00:05 +139: /Users/leeyi/project/imboy.pub/imboyapp/test/organization/organization_leave_widget_test.dart: 成功退出清理本企业后返回企业列表
00:05 +139: /Users/leeyi/project/imboy.pub/imboyapp/test/organization/org_manage_closure_test.dart: 写后读：群重命名成功后 groups 二次读取
*** Request ***
uri: http://127.0.0.1:9800/api/v1/organizations/900
method: GET
responseType: ResponseType.json
followRedirects: true
persistentConnection: true
connectTimeout: 0:01:00.000000
sendTimeout: 0:01:00.000000
receiveTimeout: 0:01:00.000000
transformTimeout: null
receiveDataWhenStatusError: true
extra: {}

*** Response ***
uri: http://127.0.0.1:9800/api/v1/organizations/900

*** Request ***
uri: http://127.0.0.1:9800/api/v1/workspaces/mine?page=1&size=100
method: GET
responseType: ResponseType.json
followRedirects: true
persistentConnection: true
connectTimeout: 0:01:00.000000
sendTimeout: 0:01:00.000000
receiveTimeout: 0:01:00.000000
transformTimeout: null
receiveDataWhenStatusError: true
extra: {}

*** Response ***
uri: http://127.0.0.1:9800/api/v1/workspaces/mine?page=1&size=100

*** Request ***
uri: http://127.0.0.1:9800/api/v1/organizations/900/default-workspace
method: GET
responseType: ResponseType.json
followRedirects: true
persistentConnection: true
connectTimeout: 0:01:00.000000
sendTimeout: 0:01:00.000000
receiveTimeout: 0:01:00.000000
transformTimeout: null
receiveDataWhenStatusError: true
extra: {}

*** Response ***
uri: http://127.0.0.1:9800/api/v1/organizations/900/default-workspace

*** Request ***
uri: http://127.0.0.1:9800/api/v1/workspaces/801/groups
method: GET
responseType: ResponseType.json
followRedirects: true
persistentConnection: true
connectTimeout: 0:01:00.000000
sendTimeout: 0:01:00.000000
receiveTimeout: 0:01:00.000000
transformTimeout: null
receiveDataWhenStatusError: true
extra: {}

*** Response ***
uri: http://127.0.0.1:9800/api/v1/workspaces/801/groups

*** Request ***
uri: http://127.0.0.1:9800/api/v1/workspaces/801/channels?paged=1&limit=200&cursor=0
method: GET
responseType: ResponseType.json
followRedirects: true
persistentConnection: true
connectTimeout: 0:01:00.000000
sendTimeout: 0:01:00.000000
receiveTimeout: 0:01:00.000000
transformTimeout: null
receiveDataWhenStatusError: true
extra: {}

*** Response ***
uri: http://127.0.0.1:9800/api/v1/workspaces/801/channels?paged=1&limit=200&cursor=0

*** Request ***
uri: http://127.0.0.1:9800/api/v1/workspaces/801/channels?paged=1&limit=200&cursor=0&status=archived
method: GET
responseType: ResponseType.json
followRedirects: true
persistentConnection: true
connectTimeout: 0:01:00.000000
sendTimeout: 0:01:00.000000
receiveTimeout: 0:01:00.000000
transformTimeout: null
receiveDataWhenStatusError: true
extra: {}

*** Response ***
uri: http://127.0.0.1:9800/api/v1/workspaces/801/channels?paged=1&limit=200&cursor=0&status=archived

00:05 +140: /Users/leeyi/project/imboy.pub/imboyapp/test/organization/organization_leave_widget_test.dart: 成功退出清理本企业后返回企业列表
00:05 +140: /Users/leeyi/project/imboy.pub/imboyapp/test/organization/org_manage_closure_test.dart: 写后读：群重命名成功后 groups 二次读取
*** Request ***
uri: http://127.0.0.1:9800/api/v1/group/edit
method: POST
responseType: ResponseType.json
followRedirects: true
persistentConnection: true
connectTimeout: 0:01:00.000000
sendTimeout: 0:01:00.000000
receiveTimeout: 0:01:00.000000
transformTimeout: null
receiveDataWhenStatusError: true
extra: {}

*** Response ***
uri: http://127.0.0.1:9800/api/v1/group/edit

*** Request ***
uri: http://127.0.0.1:9800/api/v1/organizations/900
method: GET
responseType: ResponseType.json
followRedirects: true
persistentConnection: true
connectTimeout: 0:01:00.000000
sendTimeout: 0:01:00.000000
receiveTimeout: 0:01:00.000000
transformTimeout: null
receiveDataWhenStatusError: true
extra: {}

*** Response ***
uri: http://127.0.0.1:9800/api/v1/organizations/900

*** Request ***
uri: http://127.0.0.1:9800/api/v1/workspaces/mine?page=1&size=100
method: GET
responseType: ResponseType.json
followRedirects: true
persistentConnection: true
connectTimeout: 0:01:00.000000
sendTimeout: 0:01:00.000000
receiveTimeout: 0:01:00.000000
transformTimeout: null
receiveDataWhenStatusError: true
extra: {}

*** Response ***
uri: http://127.0.0.1:9800/api/v1/workspaces/mine?page=1&size=100

*** Request ***
uri: http://127.0.0.1:9800/api/v1/organizations/900/default-workspace
method: GET
responseType: ResponseType.json
followRedirects: true
persistentConnection: true
connectTimeout: 0:01:00.000000
sendTimeout: 0:01:00.000000
receiveTimeout: 0:01:00.000000
transformTimeout: null
receiveDataWhenStatusError: true
extra: {}

*** Response ***
uri: http://127.0.0.1:9800/api/v1/organizations/900/default-workspace

*** Request ***
uri: http://127.0.0.1:9800/api/v1/workspaces/801/groups
method: GET
responseType: ResponseType.json
followRedirects: true
persistentConnection: true
connectTimeout: 0:01:00.000000
sendTimeout: 0:01:00.000000
receiveTimeout: 0:01:00.000000
transformTimeout: null
receiveDataWhenStatusError: true
extra: {}

*** Response ***
uri: http://127.0.0.1:9800/api/v1/workspaces/801/groups

*** Request ***
uri: http://127.0.0.1:9800/api/v1/workspaces/801/channels?paged=1&limit=200&cursor=0
method: GET
responseType: ResponseType.json
followRedirects: true
persistentConnection: true
connectTimeout: 0:01:00.000000
sendTimeout: 0:01:00.000000
receiveTimeout: 0:01:00.000000
transformTimeout: null
receiveDataWhenStatusError: true
extra: {}

*** Response ***
uri: http://127.0.0.1:9800/api/v1/workspaces/801/channels?paged=1&limit=200&cursor=0

*** Request ***
uri: http://127.0.0.1:9800/api/v1/workspaces/801/channels?paged=1&limit=200&cursor=0&status=archived
method: GET
responseType: ResponseType.json
followRedirects: true
persistentConnection: true
connectTimeout: 0:01:00.000000
sendTimeout: 0:01:00.000000
receiveTimeout: 0:01:00.000000
transformTimeout: null
receiveDataWhenStatusError: true
extra: {}

*** Response ***
uri: http://127.0.0.1:9800/api/v1/workspaces/801/channels?paged=1&limit=200&cursor=0&status=archived

00:05 +141: /Users/leeyi/project/imboy.pub/imboyapp/test/organization/organization_leave_widget_test.dart: 成功退出清理本企业后返回企业列表
00:05 +141: /Users/leeyi/project/imboy.pub/imboyapp/test/organization/org_manage_closure_test.dart: 深链：群「成员与角色」落到既有群详情路由
*** Request ***
uri: http://127.0.0.1:9800/api/v1/organizations/900
method: GET
responseType: ResponseType.json
followRedirects: true
persistentConnection: true
connectTimeout: 0:01:00.000000
sendTimeout: 0:01:00.000000
receiveTimeout: 0:01:00.000000
transformTimeout: null
receiveDataWhenStatusError: true
extra: {}

*** Response ***
uri: http://127.0.0.1:9800/api/v1/organizations/900

*** Request ***
uri: http://127.0.0.1:9800/api/v1/workspaces/mine?page=1&size=100
method: GET
responseType: ResponseType.json
followRedirects: true
persistentConnection: true
connectTimeout: 0:01:00.000000
sendTimeout: 0:01:00.000000
receiveTimeout: 0:01:00.000000
transformTimeout: null
receiveDataWhenStatusError: true
extra: {}

*** Response ***
uri: http://127.0.0.1:9800/api/v1/workspaces/mine?page=1&size=100

*** Request ***
uri: http://127.0.0.1:9800/api/v1/organizations/900/default-workspace
method: GET
responseType: ResponseType.json
followRedirects: true
persistentConnection: true
connectTimeout: 0:01:00.000000
sendTimeout: 0:01:00.000000
receiveTimeout: 0:01:00.000000
transformTimeout: null
receiveDataWhenStatusError: true
extra: {}

*** Response ***
uri: http://127.0.0.1:9800/api/v1/organizations/900/default-workspace

*** Request ***
uri: http://127.0.0.1:9800/api/v1/workspaces/801/groups
method: GET
responseType: ResponseType.json
followRedirects: true
persistentConnection: true
connectTimeout: 0:01:00.000000
sendTimeout: 0:01:00.000000
receiveTimeout: 0:01:00.000000
transformTimeout: null
receiveDataWhenStatusError: true
extra: {}

*** Response ***
uri: http://127.0.0.1:9800/api/v1/workspaces/801/groups

*** Request ***
uri: http://127.0.0.1:9800/api/v1/workspaces/801/channels?paged=1&limit=200&cursor=0
method: GET
responseType: ResponseType.json
followRedirects: true
persistentConnection: true
connectTimeout: 0:01:00.000000
sendTimeout: 0:01:00.000000
receiveTimeout: 0:01:00.000000
transformTimeout: null
receiveDataWhenStatusError: true
extra: {}

*** Response ***
uri: http://127.0.0.1:9800/api/v1/workspaces/801/channels?paged=1&limit=200&cursor=0

*** Request ***
uri: http://127.0.0.1:9800/api/v1/workspaces/801/channels?paged=1&limit=200&cursor=0&status=archived
method: GET
responseType: ResponseType.json
followRedirects: true
persistentConnection: true
connectTimeout: 0:01:00.000000
sendTimeout: 0:01:00.000000
receiveTimeout: 0:01:00.000000
transformTimeout: null
receiveDataWhenStatusError: true
extra: {}

*** Response ***
uri: http://127.0.0.1:9800/api/v1/workspaces/801/channels?paged=1&limit=200&cursor=0&status=archived

00:06 +142: /Users/leeyi/project/imboy.pub/imboyapp/test/organization/organization_leave_widget_test.dart: 成功退出清理本企业后返回企业列表
00:06 +142: /Users/leeyi/project/imboy.pub/imboyapp/test/organization/org_manage_closure_test.dart: 深链：频道「管理员」落到既有 channel admins 子路由
*** Request ***
uri: http://127.0.0.1:9800/api/v1/organizations/900
method: GET
responseType: ResponseType.json
followRedirects: true
persistentConnection: true
connectTimeout: 0:01:00.000000
sendTimeout: 0:01:00.000000
receiveTimeout: 0:01:00.000000
transformTimeout: null
receiveDataWhenStatusError: true
extra: {}

*** Response ***
uri: http://127.0.0.1:9800/api/v1/organizations/900

*** Request ***
uri: http://127.0.0.1:9800/api/v1/workspaces/mine?page=1&size=100
method: GET
responseType: ResponseType.json
followRedirects: true
persistentConnection: true
connectTimeout: 0:01:00.000000
sendTimeout: 0:01:00.000000
receiveTimeout: 0:01:00.000000
transformTimeout: null
receiveDataWhenStatusError: true
extra: {}

*** Response ***
uri: http://127.0.0.1:9800/api/v1/workspaces/mine?page=1&size=100

*** Request ***
uri: http://127.0.0.1:9800/api/v1/organizations/900/default-workspace
method: GET
responseType: ResponseType.json
followRedirects: true
persistentConnection: true
connectTimeout: 0:01:00.000000
sendTimeout: 0:01:00.000000
receiveTimeout: 0:01:00.000000
transformTimeout: null
receiveDataWhenStatusError: true
extra: {}

*** Response ***
uri: http://127.0.0.1:9800/api/v1/organizations/900/default-workspace

*** Request ***
uri: http://127.0.0.1:9800/api/v1/workspaces/801/groups
method: GET
responseType: ResponseType.json
followRedirects: true
persistentConnection: true
connectTimeout: 0:01:00.000000
sendTimeout: 0:01:00.000000
receiveTimeout: 0:01:00.000000
transformTimeout: null
receiveDataWhenStatusError: true
extra: {}

*** Response ***
uri: http://127.0.0.1:9800/api/v1/workspaces/801/groups

*** Request ***
uri: http://127.0.0.1:9800/api/v1/workspaces/801/channels?paged=1&limit=200&cursor=0
method: GET
responseType: ResponseType.json
followRedirects: true
persistentConnection: true
connectTimeout: 0:01:00.000000
sendTimeout: 0:01:00.000000
receiveTimeout: 0:01:00.000000
transformTimeout: null
receiveDataWhenStatusError: true
extra: {}

*** Response ***
uri: http://127.0.0.1:9800/api/v1/workspaces/801/channels?paged=1&limit=200&cursor=0

*** Request ***
uri: http://127.0.0.1:9800/api/v1/workspaces/801/channels?paged=1&limit=200&cursor=0&status=archived
method: GET
responseType: ResponseType.json
followRedirects: true
persistentConnection: true
connectTimeout: 0:01:00.000000
sendTimeout: 0:01:00.000000
receiveTimeout: 0:01:00.000000
transformTimeout: null
receiveDataWhenStatusError: true
extra: {}

*** Response ***
uri: http://127.0.0.1:9800/api/v1/workspaces/801/channels?paged=1&limit=200&cursor=0&status=archived

00:06 +143: /Users/leeyi/project/imboy.pub/imboyapp/test/organization/organization_leave_widget_test.dart: 成功退出清理本企业后返回企业列表
00:06 +143: /Users/leeyi/project/imboy.pub/imboyapp/test/organization/org_manage_closure_test.dart: 深链：工作区「成员治理」落到 org 模块 ws 成员面
*** Request ***
uri: http://127.0.0.1:9800/api/v1/organizations/900
method: GET
responseType: ResponseType.json
followRedirects: true
persistentConnection: true
connectTimeout: 0:01:00.000000
sendTimeout: 0:01:00.000000
receiveTimeout: 0:01:00.000000
transformTimeout: null
receiveDataWhenStatusError: true
extra: {}

*** Response ***
uri: http://127.0.0.1:9800/api/v1/organizations/900

*** Request ***
uri: http://127.0.0.1:9800/api/v1/workspaces/mine?page=1&size=100
method: GET
responseType: ResponseType.json
followRedirects: true
persistentConnection: true
connectTimeout: 0:01:00.000000
sendTimeout: 0:01:00.000000
receiveTimeout: 0:01:00.000000
transformTimeout: null
receiveDataWhenStatusError: true
extra: {}

*** Response ***
uri: http://127.0.0.1:9800/api/v1/workspaces/mine?page=1&size=100

*** Request ***
uri: http://127.0.0.1:9800/api/v1/organizations/900/default-workspace
method: GET
responseType: ResponseType.json
followRedirects: true
persistentConnection: true
connectTimeout: 0:01:00.000000
sendTimeout: 0:01:00.000000
receiveTimeout: 0:01:00.000000
transformTimeout: null
receiveDataWhenStatusError: true
extra: {}

*** Response ***
uri: http://127.0.0.1:9800/api/v1/organizations/900/default-workspace

*** Request ***
uri: http://127.0.0.1:9800/api/v1/workspaces/801/groups
method: GET
responseType: ResponseType.json
followRedirects: true
persistentConnection: true
connectTimeout: 0:01:00.000000
sendTimeout: 0:01:00.000000
receiveTimeout: 0:01:00.000000
transformTimeout: null
receiveDataWhenStatusError: true
extra: {}

*** Response ***
uri: http://127.0.0.1:9800/api/v1/workspaces/801/groups

*** Request ***
uri: http://127.0.0.1:9800/api/v1/workspaces/801/channels?paged=1&limit=200&cursor=0
method: GET
responseType: ResponseType.json
followRedirects: true
persistentConnection: true
connectTimeout: 0:01:00.000000
sendTimeout: 0:01:00.000000
receiveTimeout: 0:01:00.000000
transformTimeout: null
receiveDataWhenStatusError: true
extra: {}

*** Response ***
uri: http://127.0.0.1:9800/api/v1/workspaces/801/channels?paged=1&limit=200&cursor=0

*** Request ***
uri: http://127.0.0.1:9800/api/v1/workspaces/801/channels?paged=1&limit=200&cursor=0&status=archived
method: GET
responseType: ResponseType.json
followRedirects: true
persistentConnection: true
connectTimeout: 0:01:00.000000
sendTimeout: 0:01:00.000000
receiveTimeout: 0:01:00.000000
transformTimeout: null
receiveDataWhenStatusError: true
extra: {}

*** Response ***
uri: http://127.0.0.1:9800/api/v1/workspaces/801/channels?paged=1&limit=200&cursor=0&status=archived

00:06 +144: /Users/leeyi/project/imboy.pub/imboyapp/test/organization/organization_leave_widget_test.dart: 成功退出清理本企业后返回企业列表
00:06 +145: /Users/leeyi/project/imboy.pub/imboyapp/test/organization/organization_leave_widget_test.dart: 成功退出清理本企业后返回企业列表
00:06 +146: /Users/leeyi/project/imboy.pub/imboyapp/test/organization/organization_leave_widget_test.dart: 成功退出清理本企业后返回企业列表
*** Request ***
uri: http://127.0.0.1:9800/api/v1/organizations/7001/members/1001/offboard
method: POST
responseType: ResponseType.json
followRedirects: true
persistentConnection: true
connectTimeout: 0:01:00.000000
sendTimeout: 0:01:00.000000
receiveTimeout: 0:01:00.000000
transformTimeout: null
receiveDataWhenStatusError: true
extra: {}

*** Response ***
uri: http://127.0.0.1:9800/api/v1/organizations/7001/members/1001/offboard

00:06 +147: /Users/leeyi/project/imboy.pub/imboyapp/test/organization/organization_leave_widget_test.dart: 成功退出清理本企业后返回企业列表
00:06 +148: /Users/leeyi/project/imboy.pub/imboyapp/test/organization/ent_ux02_target_size_overflow_test.dart: 治理页：320×568 目标尺寸渲染无溢出
00:06 +149: /Users/leeyi/project/imboy.pub/imboyapp/test/organization/ent_ux02_target_size_overflow_test.dart: 治理页：320×568 目标尺寸渲染无溢出
00:06 +149: /Users/leeyi/project/imboy.pub/imboyapp/test/organization/organization_leave_widget_test.dart: 负责人显示交接提示、不调用退出接口
*** Request ***
uri: http://127.0.0.1:9800/api/v1/organizations/7001
method: GET
responseType: ResponseType.json
followRedirects: true
persistentConnection: true
connectTimeout: 0:01:00.000000
sendTimeout: 0:01:00.000000
receiveTimeout: 0:01:00.000000
transformTimeout: null
receiveDataWhenStatusError: true
extra: {}

*** Response ***
uri: http://127.0.0.1:9800/api/v1/organizations/7001

*** Request ***
uri: http://127.0.0.1:9800/api/v1/organizations/7001/default-workspace
method: GET
responseType: ResponseType.json
followRedirects: true
persistentConnection: true
connectTimeout: 0:01:00.000000
sendTimeout: 0:01:00.000000
receiveTimeout: 0:01:00.000000
transformTimeout: null
receiveDataWhenStatusError: true
extra: {}

*** Response ***
uri: http://127.0.0.1:9800/api/v1/organizations/7001/default-workspace

00:06 +150: /Users/leeyi/project/imboy.pub/imboyapp/test/organization/ent_ux02_target_size_overflow_test.dart: 治理页：320×568 目标尺寸渲染无溢出
00:06 +150: /Users/leeyi/project/imboy.pub/imboyapp/test/organization/organization_manage_page_widget_test.dart: 角色裁剪：既非管理者也不拥有工作区时全只读
*** Request ***
uri: http://127.0.0.1:9800/api/v1/organizations/900
method: GET
responseType: ResponseType.json
followRedirects: true
persistentConnection: true
connectTimeout: 0:01:00.000000
sendTimeout: 0:01:00.000000
receiveTimeout: 0:01:00.000000
transformTimeout: null
receiveDataWhenStatusError: true
extra: {}

*** Response ***
uri: http://127.0.0.1:9800/api/v1/organizations/900

*** Request ***
uri: http://127.0.0.1:9800/api/v1/workspaces/mine?page=1&size=100
method: GET
responseType: ResponseType.json
followRedirects: true
persistentConnection: true
connectTimeout: 0:01:00.000000
sendTimeout: 0:01:00.000000
receiveTimeout: 0:01:00.000000
transformTimeout: null
receiveDataWhenStatusError: true
extra: {}

*** Response ***
uri: http://127.0.0.1:9800/api/v1/workspaces/mine?page=1&size=100

*** Request ***
uri: http://127.0.0.1:9800/api/v1/organizations/900/default-workspace
method: GET
responseType: ResponseType.json
followRedirects: true
persistentConnection: true
connectTimeout: 0:01:00.000000
sendTimeout: 0:01:00.000000
receiveTimeout: 0:01:00.000000
transformTimeout: null
receiveDataWhenStatusError: true
extra: {}

*** Response ***
uri: http://127.0.0.1:9800/api/v1/organizations/900/default-workspace

*** Request ***
uri: http://127.0.0.1:9800/api/v1/workspaces/801/groups
method: GET
responseType: ResponseType.json
followRedirects: true
persistentConnection: true
connectTimeout: 0:01:00.000000
sendTimeout: 0:01:00.000000
receiveTimeout: 0:01:00.000000
transformTimeout: null
receiveDataWhenStatusError: true
extra: {}

*** Response ***
uri: http://127.0.0.1:9800/api/v1/workspaces/801/groups

*** Request ***
uri: http://127.0.0.1:9800/api/v1/workspaces/801/channels?paged=1&limit=200&cursor=0
method: GET
responseType: ResponseType.json
followRedirects: true
persistentConnection: true
connectTimeout: 0:01:00.000000
sendTimeout: 0:01:00.000000
receiveTimeout: 0:01:00.000000
transformTimeout: null
receiveDataWhenStatusError: true
extra: {}

*** Response ***
uri: http://127.0.0.1:9800/api/v1/workspaces/801/channels?paged=1&limit=200&cursor=0

*** Request ***
uri: http://127.0.0.1:9800/api/v1/workspaces/801/channels?paged=1&limit=200&cursor=0&status=archived
method: GET
responseType: ResponseType.json
followRedirects: true
persistentConnection: true
connectTimeout: 0:01:00.000000
sendTimeout: 0:01:00.000000
receiveTimeout: 0:01:00.000000
transformTimeout: null
receiveDataWhenStatusError: true
extra: {}

*** Response ***
uri: http://127.0.0.1:9800/api/v1/workspaces/801/channels?paged=1&limit=200&cursor=0&status=archived

00:06 +151: /Users/leeyi/project/imboy.pub/imboyapp/test/organization/ent_ux02_target_size_overflow_test.dart: 治理页：320×568 目标尺寸渲染无溢出
*** Request ***
uri: http://127.0.0.1:9800/api/v1/cs/organizations/7266418340025468951/seat-limit
method: GET
responseType: ResponseType.json
followRedirects: true
persistentConnection: true
connectTimeout: 0:01:00.000000
sendTimeout: 0:01:00.000000
receiveTimeout: 0:01:00.000000
transformTimeout: null
receiveDataWhenStatusError: true
extra: {}

*** Response ***
uri: http://127.0.0.1:9800/api/v1/cs/organizations/7266418340025468951/seat-limit

handleResponse_response /api/v1/cs/organizations/7266418340025468951/seat-limit : true ; 
00:06 +152: /Users/leeyi/project/imboy.pub/imboyapp/test/organization/organization_leave_widget_test.dart: 负责人显示交接提示、不调用退出接口
00:06 +152: /Users/leeyi/project/imboy.pub/imboyapp/test/organization/organization_manage_page_widget_test.dart: WS Owner（非组织管理者）：只看到自己拥有的工作区，且无组织级动作
*** Request ***
uri: http://127.0.0.1:9800/api/v1/organizations/900
method: GET
responseType: ResponseType.json
followRedirects: true
persistentConnection: true
connectTimeout: 0:01:00.000000
sendTimeout: 0:01:00.000000
receiveTimeout: 0:01:00.000000
transformTimeout: null
receiveDataWhenStatusError: true
extra: {}

*** Response ***
uri: http://127.0.0.1:9800/api/v1/organizations/900

*** Request ***
uri: http://127.0.0.1:9800/api/v1/workspaces/mine?page=1&size=100
method: GET
responseType: ResponseType.json
followRedirects: true
persistentConnection: true
connectTimeout: 0:01:00.000000
sendTimeout: 0:01:00.000000
receiveTimeout: 0:01:00.000000
transformTimeout: null
receiveDataWhenStatusError: true
extra: {}

*** Response ***
uri: http://127.0.0.1:9800/api/v1/workspaces/mine?page=1&size=100

*** Request ***
uri: http://127.0.0.1:9800/api/v1/organizations/900/default-workspace
method: GET
responseType: ResponseType.json
followRedirects: true
persistentConnection: true
connectTimeout: 0:01:00.000000
sendTimeout: 0:01:00.000000
receiveTimeout: 0:01:00.000000
transformTimeout: null
receiveDataWhenStatusError: true
extra: {}

00:06 +152: /Users/leeyi/project/imboy.pub/imboyapp/test/organization/ent_ux02_target_size_overflow_test.dart: 治理页：44pt 触达（输入控件高度合同）
*** Request ***
uri: http://127.0.0.1:9800/api/v1/cs/organizations/7266418340025468951/seat-limit
method: GET
responseType: ResponseType.json
followRedirects: true
persistentConnection: true
connectTimeout: 0:01:00.000000
sendTimeout: 0:01:00.000000
receiveTimeout: 0:01:00.000000
transformTimeout: null
00:06 +152: /Users/leeyi/project/imboy.pub/imboyapp/test/organization/organization_manage_page_widget_test.dart: WS Owner（非组织管理者）：只看到自己拥有的工作区，且无组织级动作
*** Response ***
uri: http://127.0.0.1:9800/api/v1/organizations/900/default-workspace
00:06 +152: /Users/leeyi/project/imboy.pub/imboyapp/test/organization/ent_ux02_target_size_overflow_test.dart: 治理页：44pt 触达（输入控件高度合同）
receiveDataWhenStatusError: true
extra: {}

00:06 +152: /Users/leeyi/project/imboy.pub/imboyapp/test/organization/organization_manage_page_widget_test.dart: WS Owner（非组织管理者）：只看到自己拥有的工作区，且无组织级动作

*** Request ***
uri: http://127.0.0.1:9800/api/v1/workspaces/801/groups
method: GET
responseType: ResponseType.json
followRedirects: true
persistentConnection: true
connectTimeout: 0:01:00.000000
sendTimeout: 0:01:00.000000
receiveTimeout: 0:01:00.000000
transformTimeout: null
receiveDataWhenStatusError: true
extra: {}

*** Response ***
uri: http://127.0.0.1:9800/api/v1/workspaces/801/groups

*** Request ***
uri: http://127.0.0.1:9800/api/v1/workspaces/801/channels?paged=1&limit=200&cursor=0
method: GET
responseType: ResponseType.json
followRedirects: true
persistentConnection: true
connectTimeout: 0:01:00.000000
sendTimeout: 0:01:00.000000
receiveTimeout: 0:01:00.000000
transformTimeout: null
receiveDataWhenStatusError: true
extra: {}

*** Response ***
uri: http://127.0.0.1:9800/api/v1/workspaces/801/channels?paged=1&limit=200&cursor=0

00:06 +152: /Users/leeyi/project/imboy.pub/imboyapp/test/organization/ent_ux02_target_size_overflow_test.dart: 治理页：44pt 触达（输入控件高度合同）
*** Response ***
uri: http://127.0.0.1:9800/api/v1/cs/organizations/7266418340025468951/seat-limit

00:06 +152: /Users/leeyi/project/imboy.pub/imboyapp/test/organization/organization_manage_page_widget_test.dart: WS Owner（非组织管理者）：只看到自己拥有的工作区，且无组织级动作
*** Request ***
uri: http://127.0.0.1:9800/api/v1/workspaces/801/channels?paged=1&limit=200&cursor=0&status=archived
method: GET
responseType: ResponseType.json
followRedirects: true
persistentConnection: true
connectTimeout: 0:01:00.000000
sendTimeout: 0:01:00.000000
receiveTimeout: 0:01:00.000000
transformTimeout: null
receiveDataWhenStatusError: true
extra: {}

*** Response ***
uri: http://127.0.0.1:9800/api/v1/workspaces/801/channels?paged=1&limit=200&cursor=0&status=archived

00:06 +152: /Users/leeyi/project/imboy.pub/imboyapp/test/organization/ent_ux02_target_size_overflow_test.dart: 治理页：44pt 触达（输入控件高度合同）
*** Request ***
uri: http://127.0.0.1:9800/api/v1/cs/organizations/7266418340025468951/seats
method: GET
responseType: ResponseType.json
followRedirects: true
persistentConnection: true
connectTimeout: 0:01:00.000000
sendTimeout: 0:01:00.000000
receiveTimeout: 0:01:00.000000
transformTimeout: null
receiveDataWhenStatusError: true
extra: {}

*** Response ***
uri: http://127.0.0.1:9800/api/v1/cs/organizations/7266418340025468951/seats

00:07 +153: /Users/leeyi/project/imboy.pub/imboyapp/test/organization/organization_leave_widget_test.dart: 负责人显示交接提示、不调用退出接口
00:07 +153: /Users/leeyi/project/imboy.pub/imboyapp/test/organization/organization_manage_page_widget_test.dart: owner：工作区只列本企业项，个人域/别家企业都不出现
*** Request ***
uri: http://127.0.0.1:9800/api/v1/organizations/900
method: GET
responseType: ResponseType.json
followRedirects: true
persistentConnection: true
connectTimeout: 0:01:00.000000
sendTimeout: 0:01:00.000000
receiveTimeout: 0:01:00.000000
transformTimeout: null
receiveDataWhenStatusError: true
extra: {}

*** Response ***
uri: http://127.0.0.1:9800/api/v1/organizations/900

*** Request ***
uri: http://127.0.0.1:9800/api/v1/workspaces/mine?page=1&size=100
method: GET
responseType: ResponseType.json
followRedirects: true
persistentConnection: true
connectTimeout: 0:01:00.000000
sendTimeout: 0:01:00.000000
receiveTimeout: 0:01:00.000000
transformTimeout: null
receiveDataWhenStatusError: true
extra: {}

*** Response ***
uri: http://127.0.0.1:9800/api/v1/workspaces/mine?page=1&size=100

*** Request ***
uri: http://127.0.0.1:9800/api/v1/organizations/900/default-workspace
method: GET
responseType: ResponseType.json
followRedirects: true
persistentConnection: true
connectTimeout: 0:01:00.000000
sendTimeout: 0:01:00.000000
receiveTimeout: 0:01:00.000000
transformTimeout: null
receiveDataWhenStatusError: true
extra: {}

*** Response ***
uri: http://127.0.0.1:9800/api/v1/organizations/900/default-workspace

*** Request ***
uri: http://127.0.0.1:9800/api/v1/workspaces/801/groups
method: GET
responseType: ResponseType.json
followRedirects: true
persistentConnection: true
connectTimeout: 0:01:00.000000
sendTimeout: 0:01:00.000000
receiveTimeout: 0:01:00.000000
transformTimeout: null
receiveDataWhenStatusError: true
extra: {}

*** Response ***
uri: http://127.0.0.1:9800/api/v1/workspaces/801/groups

*** Request ***
uri: http://127.0.0.1:9800/api/v1/workspaces/801/channels?paged=1&limit=200&cursor=0
method: GET
responseType: ResponseType.json
followRedirects: true
persistentConnection: true
connectTimeout: 0:01:00.000000
sendTimeout: 0:01:00.000000
receiveTimeout: 0:01:00.000000
transformTimeout: null
receiveDataWhenStatusError: true
extra: {}

*** Response ***
uri: http://127.0.0.1:9800/api/v1/workspaces/801/channels?paged=1&limit=200&cursor=0

*** Request ***
uri: http://127.0.0.1:9800/api/v1/workspaces/801/channels?paged=1&limit=200&cursor=0&status=archived
method: GET
responseType: ResponseType.json
followRedirects: true
persistentConnection: true
connectTimeout: 0:01:00.000000
sendTimeout: 0:01:00.000000
receiveTimeout: 0:01:00.000000
transformTimeout: null
receiveDataWhenStatusError: true
extra: {}

*** Response ***
uri: http://127.0.0.1:9800/api/v1/workspaces/801/channels?paged=1&limit=200&cursor=0&status=archived

00:07 +154: /Users/leeyi/project/imboy.pub/imboyapp/test/organization/organization_leave_widget_test.dart: 负责人显示交接提示、不调用退出接口
00:07 +154: /Users/leeyi/project/imboy.pub/imboyapp/test/organization/organization_manage_page_widget_test.dart: 群与频道区块渲染，且有可点击的解散/归档动作
*** Request ***
uri: http://127.0.0.1:9800/api/v1/organizations/900
method: GET
responseType: ResponseType.json
followRedirects: true
persistentConnection: true
connectTimeout: 0:01:00.000000
sendTimeout: 0:01:00.000000
receiveTimeout: 0:01:00.000000
transformTimeout: null
receiveDataWhenStatusError: true
extra: {}

*** Response ***
uri: http://127.0.0.1:9800/api/v1/organizations/900

*** Request ***
uri: http://127.0.0.1:9800/api/v1/workspaces/mine?page=1&size=100
method: GET
responseType: ResponseType.json
followRedirects: true
persistentConnection: true
connectTimeout: 0:01:00.000000
sendTimeout: 0:01:00.000000
receiveTimeout: 0:01:00.000000
transformTimeout: null
receiveDataWhenStatusError: true
extra: {}

*** Response ***
uri: http://127.0.0.1:9800/api/v1/workspaces/mine?page=1&size=100

*** Request ***
uri: http://127.0.0.1:9800/api/v1/organizations/900/default-workspace
method: GET
responseType: ResponseType.json
followRedirects: true
persistentConnection: true
connectTimeout: 0:01:00.000000
sendTimeout: 0:01:00.000000
receiveTimeout: 0:01:00.000000
transformTimeout: null
receiveDataWhenStatusError: true
extra: {}

*** Response ***
uri: http://127.0.0.1:9800/api/v1/organizations/900/default-workspace

*** Request ***
uri: http://127.0.0.1:9800/api/v1/workspaces/801/groups
method: GET
responseType: ResponseType.json
followRedirects: true
persistentConnection: true
connectTimeout: 0:01:00.000000
sendTimeout: 0:01:00.000000
receiveTimeout: 0:01:00.000000
transformTimeout: null
receiveDataWhenStatusError: true
extra: {}

*** Response ***
uri: http://127.0.0.1:9800/api/v1/workspaces/801/groups

*** Request ***
uri: http://127.0.0.1:9800/api/v1/workspaces/801/channels?paged=1&limit=200&cursor=0
method: GET
responseType: ResponseType.json
followRedirects: true
persistentConnection: true
connectTimeout: 0:01:00.000000
sendTimeout: 0:01:00.000000
receiveTimeout: 0:01:00.000000
transformTimeout: null
receiveDataWhenStatusError: true
extra: {}

*** Response ***
uri: http://127.0.0.1:9800/api/v1/workspaces/801/channels?paged=1&limit=200&cursor=0

*** Request ***
uri: http://127.0.0.1:9800/api/v1/workspaces/801/channels?paged=1&limit=200&cursor=0&status=archived
method: GET
responseType: ResponseType.json
followRedirects: true
persistentConnection: true
connectTimeout: 0:01:00.000000
sendTimeout: 0:01:00.000000
receiveTimeout: 0:01:00.000000
transformTimeout: null
receiveDataWhenStatusError: true
extra: {}

*** Response ***
uri: http://127.0.0.1:9800/api/v1/workspaces/801/channels?paged=1&limit=200&cursor=0&status=archived

00:07 +155: /Users/leeyi/project/imboy.pub/imboyapp/test/organization/organization_leave_widget_test.dart: 负责人显示交接提示、不调用退出接口
00:07 +156: /Users/leeyi/project/imboy.pub/imboyapp/test/organization/organization_leave_widget_test.dart: 负责人显示交接提示、不调用退出接口
00:07 +156: /Users/leeyi/project/imboy.pub/imboyapp/test/organization/organization_manage_page_widget_test.dart: 归档可见性：archived 集合才有恢复入口
*** Request ***
uri: http://127.0.0.1:9800/api/v1/organizations/900
method: GET
responseType: ResponseType.json
followRedirects: true
persistentConnection: true
connectTimeout: 0:01:00.000000
sendTimeout: 0:01:00.000000
receiveTimeout: 0:01:00.000000
transformTimeout: null
receiveDataWhenStatusError: true
extra: {}

*** Response ***
uri: http://127.0.0.1:9800/api/v1/organizations/900

*** Request ***
uri: http://127.0.0.1:9800/api/v1/workspaces/mine?page=1&size=100
method: GET
responseType: ResponseType.json
followRedirects: true
persistentConnection: true
connectTimeout: 0:01:00.000000
sendTimeout: 0:01:00.000000
receiveTimeout: 0:01:00.000000
transformTimeout: null
receiveDataWhenStatusError: true
extra: {}

*** Response ***
uri: http://127.0.0.1:9800/api/v1/workspaces/mine?page=1&size=100

*** Request ***
uri: http://127.0.0.1:9800/api/v1/organizations/900/default-workspace
method: GET
responseType: ResponseType.json
followRedirects: true
persistentConnection: true
connectTimeout: 0:01:00.000000
sendTimeout: 0:01:00.000000
receiveTimeout: 0:01:00.000000
transformTimeout: null
receiveDataWhenStatusError: true
extra: {}

*** Response ***
uri: http://127.0.0.1:9800/api/v1/organizations/900/default-workspace

*** Request ***
uri: http://127.0.0.1:9800/api/v1/workspaces/801/groups
method: GET
responseType: ResponseType.json
followRedirects: true
persistentConnection: true
connectTimeout: 0:01:00.000000
sendTimeout: 0:01:00.000000
receiveTimeout: 0:01:00.000000
transformTimeout: null
receiveDataWhenStatusError: true
extra: {}

*** Response ***
uri: http://127.0.0.1:9800/api/v1/workspaces/801/groups

*** Request ***
uri: http://127.0.0.1:9800/api/v1/workspaces/801/channels?paged=1&limit=200&cursor=0
method: GET
responseType: ResponseType.json
followRedirects: true
persistentConnection: true
connectTimeout: 0:01:00.000000
sendTimeout: 0:01:00.000000
receiveTimeout: 0:01:00.000000
transformTimeout: null
receiveDataWhenStatusError: true
extra: {}

*** Response ***
uri: http://127.0.0.1:9800/api/v1/workspaces/801/channels?paged=1&limit=200&cursor=0

*** Request ***
uri: http://127.0.0.1:9800/api/v1/workspaces/801/channels?paged=1&limit=200&cursor=0&status=archived
method: GET
responseType: ResponseType.json
followRedirects: true
persistentConnection: true
connectTimeout: 0:01:00.000000
sendTimeout: 0:01:00.000000
receiveTimeout: 0:01:00.000000
transformTimeout: null
receiveDataWhenStatusError: true
extra: {}

*** Response ***
uri: http://127.0.0.1:9800/api/v1/workspaces/801/channels?paged=1&limit=200&cursor=0&status=archived

00:07 +157: /Users/leeyi/project/imboy.pub/imboyapp/test/organization/org_workspace_members_page_widget_test.dart: WS Owner：邀请入口 + 成员行菜单（改角色/转让/移除）
*** Request ***
uri: http://127.0.0.1:9800/api/v1/workspaces/801
method: GET
responseType: ResponseType.json
followRedirects: true
persistentConnection: true
connectTimeout: 0:01:00.000000
sendTimeout: 0:01:00.000000
receiveTimeout: 0:01:00.000000
transformTimeout: null
receiveDataWhenStatusError: true
extra: {}

*** Response ***
uri: http://127.0.0.1:9800/api/v1/workspaces/801

*** Request ***
uri: http://127.0.0.1:9800/api/v1/workspaces/801/members?page=1&size=100
method: GET
responseType: ResponseType.json
followRedirects: true
persistentConnection: true
connectTimeout: 0:01:00.000000
sendTimeout: 0:01:00.000000
receiveTimeout: 0:01:00.000000
transformTimeout: null
receiveDataWhenStatusError: true
extra: {}

*** Response ***
uri: http://127.0.0.1:9800/api/v1/workspaces/801/members?page=1&size=100

00:07 +158: /Users/leeyi/project/imboy.pub/imboyapp/test/organization/org_workspace_members_page_widget_test.dart: WS Owner：邀请入口 + 成员行菜单（改角色/转让/移除）
00:07 +158: /Users/leeyi/project/imboy.pub/imboyapp/test/organization/organization_manage_page_widget_test.dart: 危险操作：二次确认弹窗取消则不产生任何请求
*** Request ***
uri: http://127.0.0.1:9800/api/v1/organizations/900
method: GET
responseType: ResponseType.json
followRedirects: true
persistentConnection: true
connectTimeout: 0:01:00.000000
sendTimeout: 0:01:00.000000
receiveTimeout: 0:01:00.000000
transformTimeout: null
receiveDataWhenStatusError: true
extra: {}

*** Response ***
uri: http://127.0.0.1:9800/api/v1/organizations/900

*** Request ***
uri: http://127.0.0.1:9800/api/v1/workspaces/mine?page=1&size=100
method: GET
responseType: ResponseType.json
followRedirects: true
persistentConnection: true
connectTimeout: 0:01:00.000000
sendTimeout: 0:01:00.000000
receiveTimeout: 0:01:00.000000
transformTimeout: null
receiveDataWhenStatusError: true
extra: {}

*** Response ***
uri: http://127.0.0.1:9800/api/v1/workspaces/mine?page=1&size=100

*** Request ***
uri: http://127.0.0.1:9800/api/v1/organizations/900/default-workspace
method: GET
responseType: ResponseType.json
followRedirects: true
persistentConnection: true
connectTimeout: 0:01:00.000000
sendTimeout: 0:01:00.000000
receiveTimeout: 0:01:00.000000
transformTimeout: null
receiveDataWhenStatusError: true
extra: {}

*** Response ***
uri: http://127.0.0.1:9800/api/v1/organizations/900/default-workspace

*** Request ***
uri: http://127.0.0.1:9800/api/v1/workspaces/801/groups
method: GET
responseType: ResponseType.json
followRedirects: true
persistentConnection: true
connectTimeout: 0:01:00.000000
sendTimeout: 0:01:00.000000
receiveTimeout: 0:01:00.000000
transformTimeout: null
receiveDataWhenStatusError: true
extra: {}

*** Response ***
uri: http://127.0.0.1:9800/api/v1/workspaces/801/groups

*** Request ***
uri: http://127.0.0.1:9800/api/v1/workspaces/801/channels?paged=1&limit=200&cursor=0
method: GET
responseType: ResponseType.json
followRedirects: true
persistentConnection: true
connectTimeout: 0:01:00.000000
sendTimeout: 0:01:00.000000
receiveTimeout: 0:01:00.000000
transformTimeout: null
receiveDataWhenStatusError: true
extra: {}

*** Response ***
uri: http://127.0.0.1:9800/api/v1/workspaces/801/channels?paged=1&limit=200&cursor=0

*** Request ***
uri: http://127.0.0.1:9800/api/v1/workspaces/801/channels?paged=1&limit=200&cursor=0&status=archived
method: GET
responseType: ResponseType.json
followRedirects: true
persistentConnection: true
connectTimeout: 0:01:00.000000
sendTimeout: 0:01:00.000000
receiveTimeout: 0:01:00.000000
transformTimeout: null
receiveDataWhenStatusError: true
extra: {}

*** Response ***
uri: http://127.0.0.1:9800/api/v1/workspaces/801/channels?paged=1&limit=200&cursor=0&status=archived

00:07 +159: /Users/leeyi/project/imboy.pub/imboyapp/test/organization/org_workspace_members_page_widget_test.dart: WS Owner：邀请入口 + 成员行菜单（改角色/转让/移除）
00:07 +159: /Users/leeyi/project/imboy.pub/imboyapp/test/organization/organization_manage_page_widget_test.dart: 归档失败：透出服务端文案（引导先设替代工作区）
*** Request ***
uri: http://127.0.0.1:9800/api/v1/organizations/900
method: GET
responseType: ResponseType.json
followRedirects: true
persistentConnection: true
connectTimeout: 0:01:00.000000
sendTimeout: 0:01:00.000000
receiveTimeout: 0:01:00.000000
transformTimeout: null
receiveDataWhenStatusError: true
extra: {}

*** Response ***
uri: http://127.0.0.1:9800/api/v1/organizations/900

*** Request ***
uri: http://127.0.0.1:9800/api/v1/workspaces/mine?page=1&size=100
method: GET
responseType: ResponseType.json
followRedirects: true
persistentConnection: true
connectTimeout: 0:01:00.000000
sendTimeout: 0:01:00.000000
receiveTimeout: 0:01:00.000000
transformTimeout: null
receiveDataWhenStatusError: true
extra: {}

*** Response ***
uri: http://127.0.0.1:9800/api/v1/workspaces/mine?page=1&size=100

*** Request ***
uri: http://127.0.0.1:9800/api/v1/organizations/900/default-workspace
method: GET
responseType: ResponseType.json
followRedirects: true
persistentConnection: true
connectTimeout: 0:01:00.000000
sendTimeout: 0:01:00.000000
receiveTimeout: 0:01:00.000000
transformTimeout: null
receiveDataWhenStatusError: true
extra: {}

*** Response ***
uri: http://127.0.0.1:9800/api/v1/organizations/900/default-workspace

*** Request ***
uri: http://127.0.0.1:9800/api/v1/workspaces/801/groups
method: GET
responseType: ResponseType.json
followRedirects: true
persistentConnection: true
connectTimeout: 0:01:00.000000
sendTimeout: 0:01:00.000000
receiveTimeout: 0:01:00.000000
transformTimeout: null
receiveDataWhenStatusError: true
extra: {}

*** Response ***
uri: http://127.0.0.1:9800/api/v1/workspaces/801/groups

*** Request ***
uri: http://127.0.0.1:9800/api/v1/workspaces/801/channels?paged=1&limit=200&cursor=0
method: GET
responseType: ResponseType.json
followRedirects: true
persistentConnection: true
connectTimeout: 0:01:00.000000
sendTimeout: 0:01:00.000000
receiveTimeout: 0:01:00.000000
transformTimeout: null
receiveDataWhenStatusError: true
extra: {}

*** Response ***
uri: http://127.0.0.1:9800/api/v1/workspaces/801/channels?paged=1&limit=200&cursor=0

*** Request ***
uri: http://127.0.0.1:9800/api/v1/workspaces/801/channels?paged=1&limit=200&cursor=0&status=archived
method: GET
responseType: ResponseType.json
followRedirects: true
persistentConnection: true
connectTimeout: 0:01:00.000000
sendTimeout: 0:01:00.000000
receiveTimeout: 0:01:00.000000
transformTimeout: null
receiveDataWhenStatusError: true
extra: {}

*** Response ***
uri: http://127.0.0.1:9800/api/v1/workspaces/801/channels?paged=1&limit=200&cursor=0&status=archived

00:07 +160: /Users/leeyi/project/imboy.pub/imboyapp/test/organization/organization_member_detail_page_widget_test.dart: 有权 Workspace 渲染 + 角色/账号/加入时间 + IM 资料次级入口
00:07 +160: /Users/leeyi/project/imboy.pub/imboyapp/test/organization/organization_manage_page_widget_test.dart: 归档失败：透出服务端文案（引导先设替代工作区）
*** Request ***
uri: http://127.0.0.1:9800/api/v1/workspaces/801/archive
method: POST
responseType: ResponseType.json
followRedirects: true
persistentConnection: true
connectTimeout: 0:01:00.000000
sendTimeout: 0:01:00.000000
receiveTimeout: 0:01:00.000000
transformTimeout: null
receiveDataWhenStatusError: true
extra: {}

*** Response ***
uri: http://127.0.0.1:9800/api/v1/workspaces/801/archive

00:07 +160: /Users/leeyi/project/imboy.pub/imboyapp/test/organization/org_workspace_members_page_widget_test.dart: 非 Owner：只读（无邀请、无菜单、有只读提示）
*** Request ***
uri: http://127.0.0.1:9800/api/v1/workspaces/801
method: GET
responseType: ResponseType.json
followRedirects: true
persistentConnection: true
connectTimeout: 0:01:00.000000
sendTimeout: 0:01:00.000000
receiveTimeout: 0:01:00.000000
transformTimeout: null
receiveDataWhenStatusError: true
extra: {}

00:07 +160: /Users/leeyi/project/imboy.pub/imboyapp/test/organization/organization_manage_page_widget_test.dart: 归档失败：透出服务端文案（引导先设替代工作区）
handleResponse_response /api/v1/workspaces/801/archive : false {"code":403,"msg":"默认工作区未指定替代，禁止归档"}; 
00:07 +160: /Users/leeyi/project/imboy.pub/imboyapp/test/organization/org_workspace_members_page_widget_test.dart: 非 Owner：只读（无邀请、无菜单、有只读提示）
*** Response ***
uri: http://127.0.0.1:9800/api/v1/workspaces/801

*** Request ***
uri: http://127.0.0.1:9800/api/v1/workspaces/801/members?page=1&size=100
method: GET
responseType: ResponseType.json
followRedirects: true
persistentConnection: true
connectTimeout: 0:01:00.000000
sendTimeout: 0:01:00.000000
receiveTimeout: 0:01:00.000000
transformTimeout: null
receiveDataWhenStatusError: true
extra: {}

*** Response ***
00:07 +160: /Users/leeyi/project/imboy.pub/imboyapp/test/organization/organization_member_detail_page_widget_test.dart: 有权 Workspace 渲染 + 角色/账号/加入时间 + IM 资料次级入口
*** Request ***
00:07 +160: /Users/leeyi/project/imboy.pub/imboyapp/test/organization/org_workspace_members_page_widget_test.dart: 非 Owner：只读（无邀请、无菜单、有只读提示）
uri: http://127.0.0.1:9800/api/v1/workspaces/801/members?page=1&size=100

00:07 +160: /Users/leeyi/project/imboy.pub/imboyapp/test/organization/organization_member_detail_page_widget_test.dart: 有权 Workspace 渲染 + 角色/账号/加入时间 + IM 资料次级入口
uri: http://127.0.0.1:9800/api/v1/organizations/7001/members/42/workspaces
method: GET
responseType: ResponseType.json
followRedirects: true
persistentConnection: true
connectTimeout: 0:01:00.000000
sendTimeout: 0:01:00.000000
receiveTimeout: 0:01:00.000000
transformTimeout: null
receiveDataWhenStatusError: true
extra: {}

00:07 +160: /Users/leeyi/project/imboy.pub/imboyapp/test/organization/human_directory_api_contract_test.dart: departments 成功样本：TSID 无损 / cursor 透传 / has_more
*** Request ***
uri: http://127.0.0.1:9800/api/v1/organizations/114261015899932683/directory/departments?limit=50
method: GET
responseType: ResponseType.json
followRedirects: true
persistentConnection: true
connectTimeout: 0:01:00.000000
sendTimeout: 0:01:00.000000
receiveTimeout: 0:01:00.000000
transformTimeout: null
receiveDataWhenStatusError: true
extra: {}

00:07 +160: /Users/leeyi/project/imboy.pub/imboyapp/test/organization/organization_member_detail_page_widget_test.dart: 有权 Workspace 渲染 + 角色/账号/加入时间 + IM 资料次级入口
*** Response ***
uri: http://127.0.0.1:9800/api/v1/organizations/7001/members/42/workspaces

00:07 +161: /Users/leeyi/project/imboy.pub/imboyapp/test/organization/organization_member_detail_page_widget_test.dart: 有权 Workspace 渲染 + 角色/账号/加入时间 + IM 资料次级入口
00:07 +161: /Users/leeyi/project/imboy.pub/imboyapp/test/organization/human_directory_api_contract_test.dart: departments 成功样本：TSID 无损 / cursor 透传 / has_more
*** Response ***
uri: http://127.0.0.1:9800/api/v1/organizations/114261015899932683/directory/departments?limit=50

00:07 +162: /Users/leeyi/project/imboy.pub/imboyapp/test/organization/organization_member_detail_page_widget_test.dart: 有权 Workspace 渲染 + 角色/账号/加入时间 + IM 资料次级入口
00:07 +162: /Users/leeyi/project/imboy.pub/imboyapp/test/organization/human_directory_api_contract_test.dart: departments 空样本：list 空 / cursor null / has_more false
*** Request ***
uri: http://127.0.0.1:9800/api/v1/organizations/114261015899932683/directory/departments
method: GET
responseType: ResponseType.json
followRedirects: true
persistentConnection: true
connectTimeout: 0:01:00.000000
sendTimeout: 0:01:00.000000
receiveTimeout: 0:01:00.000000
transformTimeout: null
receiveDataWhenStatusError: true
extra: {}

00:07 +163: /Users/leeyi/project/imboy.pub/imboyapp/test/organization/organization_member_detail_page_widget_test.dart: 有权 Workspace 渲染 + 角色/账号/加入时间 + IM 资料次级入口
00:07 +163: /Users/leeyi/project/imboy.pub/imboyapp/test/organization/human_directory_api_contract_test.dart: departments 空样本：list 空 / cursor null / has_more false
*** Response ***
uri: http://127.0.0.1:9800/api/v1/organizations/114261015899932683/directory/departments

00:07 +164: /Users/leeyi/project/imboy.pub/imboyapp/test/organization/organization_member_detail_page_widget_test.dart: 有权 Workspace 渲染 + 角色/账号/加入时间 + IM 资料次级入口
00:07 +164: /Users/leeyi/project/imboy.pub/imboyapp/test/organization/human_directory_api_contract_test.dart: departments parent_id + cursor + limit 查询参数透传
*** Request ***
uri: http://127.0.0.1:9800/api/v1/organizations/114261015899932683/directory/departments?parent_id=114261015899932690&cursor=opaque-cursor-v2&limit=25
method: GET
responseType: ResponseType.json
followRedirects: true
persistentConnection: true
connectTimeout: 0:01:00.000000
sendTimeout: 0:01:00.000000
receiveTimeout: 0:01:00.000000
transformTimeout: null
receiveDataWhenStatusError: true
extra: {}
00:07 +164: /Users/leeyi/project/imboy.pub/imboyapp/test/organization/org_workspace_members_page_widget_test.dart: 写后读：移除成功后重读服务端事实（1002 行消失）
*** Request ***
uri: http://127.0.0.1:9800/api/v1/workspaces/801
method: GET
responseType: ResponseType.json
followRedirects: true
persistentConnection: true
connectTimeout: 0:01:00.000000
00:07 +164: /Users/leeyi/project/imboy.pub/imboyapp/test/organization/human_directory_api_contract_test.dart: departments parent_id + cursor + limit 查询参数透传

00:07 +164: /Users/leeyi/project/imboy.pub/imboyapp/test/organization/org_workspace_members_page_widget_test.dart: 写后读：移除成功后重读服务端事实（1002 行消失）
sendTimeout: 0:01:00.000000
receiveTimeout: 0:01:00.000000
transformTimeout: null
receiveDataWhenStatusError: true
extra: {}

*** Response ***
uri: http://127.0.0.1:9800/api/v1/workspaces/801

00:07 +164: /Users/leeyi/project/imboy.pub/imboyapp/test/organization/human_directory_api_contract_test.dart: departments parent_id + cursor + limit 查询参数透传
*** Response ***
uri: http://127.0.0.1:9800/api/v1/organizations/114261015899932683/directory/departments?parent_id=114261015899932690&cursor=opaque-cursor-v2&limit=25

00:07 +165: /Users/leeyi/project/imboy.pub/imboyapp/test/organization/organization_member_detail_page_widget_test.dart: 有权 Workspace 渲染 + 角色/账号/加入时间 + IM 资料次级入口
00:07 +165: /Users/leeyi/project/imboy.pub/imboyapp/test/organization/org_workspace_members_page_widget_test.dart: 写后读：移除成功后重读服务端事实（1002 行消失）
*** Request ***
uri: http://127.0.0.1:9800/api/v1/workspaces/801/members?page=1&size=100
method: GET
responseType: ResponseType.json
followRedirects: true
persistentConnection: true
connectTimeout: 0:01:00.000000
sendTimeout: 0:01:00.000000
receiveTimeout: 0:01:00.000000
transformTimeout: null
receiveDataWhenStatusError: true
extra: {}

*** Response ***
uri: http://127.0.0.1:9800/api/v1/workspaces/801/members?page=1&size=100

00:07 +165: /Users/leeyi/project/imboy.pub/imboyapp/test/organization/human_directory_api_contract_test.dart: members 本级成员样本：department_ids 升序保持 / avatar 反斜杠转义还原
*** Request ***
uri: http://127.0.0.1:9800/api/v1/organizations/114261015899932683/directory/members?department_id=114261015899932688
method: GET
responseType: ResponseType.json
followRedirects: true
persistentConnection: true
connectTimeout: 0:01:00.000000
sendTimeout: 0:01:00.000000
receiveTimeout: 0:01:00.000000
transformTimeout: null
receiveDataWhenStatusError: true
extra: {}

*** Response ***
uri: http://127.0.0.1:9800/api/v1/organizations/114261015899932683/directory/members?department_id=114261015899932688

00:07 +166: /Users/leeyi/project/imboy.pub/imboyapp/test/organization/organization_member_detail_page_widget_test.dart: 有权 Workspace 渲染 + 角色/账号/加入时间 + IM 资料次级入口
00:07 +166: /Users/leeyi/project/imboy.pub/imboyapp/test/organization/human_directory_api_contract_test.dart: members 根成员样本（department_id 缺省）：avatar 绝对 URL 原样
*** Request ***
uri: http://127.0.0.1:9800/api/v1/organizations/114261015899932683/directory/members
method: GET
responseType: ResponseType.json
followRedirects: true
persistentConnection: true
connectTimeout: 0:01:00.000000
sendTimeout: 0:01:00.000000
receiveTimeout: 0:01:00.000000
transformTimeout: null
receiveDataWhenStatusError: true
extra: {}

00:07 +166: /Users/leeyi/project/imboy.pub/imboyapp/test/organization/organization_manage_page_widget_test.dart: loading 态先于成功态出现
*** Request ***
uri: http://127.0.0.1:9800/api/v1/organizations/900
method: GET
responseType: ResponseType.json
followRedirects: true
persistentConnection: true
connectTimeout: 0:01:00.000000
sendTimeout: 0:01:00.000000
receiveTimeout: 0:01:00.000000
transformTimeout: null
receiveDataWhenStatusError: true
extra: {}

*** Response ***
uri: http://127.0.0.1:9800/api/v1/organizations/900

00:07 +166: /Users/leeyi/project/imboy.pub/imboyapp/test/organization/human_directory_api_contract_test.dart: members 根成员样本（department_id 缺省）：avatar 绝对 URL 原样
*** Response ***
uri: http://127.0.0.1:9800/api/v1/organizations/114261015899932683/directory/members

00:07 +166: /Users/leeyi/project/imboy.pub/imboyapp/test/organization/organization_manage_page_widget_test.dart: loading 态先于成功态出现
*** Request ***
uri: http://127.0.0.1:9800/api/v1/workspaces/mine?page=1&size=100
method: GET
responseType: ResponseType.json
followRedirects: true
persistentConnection: true
connectTimeout: 0:01:00.000000
sendTimeout: 0:01:00.000000
receiveTimeout: 0:01:00.000000
transformTimeout: null
receiveDataWhenStatusError: true
extra: {}

00:07 +167: /Users/leeyi/project/imboy.pub/imboyapp/test/organization/organization_member_detail_page_widget_test.dart: 有权 Workspace 渲染 + 角色/账号/加入时间 + IM 资料次级入口
00:07 +167: /Users/leeyi/project/imboy.pub/imboyapp/test/organization/organization_manage_page_widget_test.dart: loading 态先于成功态出现
*** Response ***
uri: http://127.0.0.1:9800/api/v1/workspaces/mine?page=1&size=100

*** Request ***
uri: http://127.0.0.1:9800/api/v1/organizations/900/default-workspace
method: GET
responseType: ResponseType.json
followRedirects: true
persistentConnection: true
connectTimeout: 0:01:00.000000
sendTimeout: 0:01:00.000000
receiveTimeout: 0:01:00.000000
transformTimeout: null
receiveDataWhenStatusError: true
extra: {}

*** Response ***
uri: http://127.0.0.1:9800/api/v1/organizations/900/default-workspace

*** Request ***
uri: http://127.0.0.1:9800/api/v1/workspaces/801/groups
method: GET
responseType: ResponseType.json
followRedirects: true
persistentConnection: true
connectTimeout: 0:01:00.000000
sendTimeout: 0:01:00.000000
receiveTimeout: 0:01:00.000000
transformTimeout: null
receiveDataWhenStatusError: true
extra: {}
00:07 +167: /Users/leeyi/project/imboy.pub/imboyapp/test/organization/human_directory_api_contract_test.dart: members 空样本
*** Request ***
uri: http://127.0.0.1:9800/api/v1/organizations/114261015899932683/directory/members
method: GET
responseType: ResponseType.json
followRedirects: true
persistentConnection: true
connectTimeout: 0:01:00.000000
sendTimeout: 0:01:00.000000
receiveTimeout: 0:01:00.000000
transformTimeout: null
receiveDataWhenStatusError: true
00:07 +167: /Users/leeyi/project/imboy.pub/imboyapp/test/organization/organization_manage_page_widget_test.dart: loading 态先于成功态出现

00:07 +167: /Users/leeyi/project/imboy.pub/imboyapp/test/organization/human_directory_api_contract_test.dart: members 空样本
extra: {}

00:07 +167: /Users/leeyi/project/imboy.pub/imboyapp/test/organization/organization_manage_page_widget_test.dart: loading 态先于成功态出现
*** Response ***
uri: http://127.0.0.1:9800/api/v1/workspaces/801/groups

*** Request ***
uri: http://127.0.0.1:9800/api/v1/workspaces/801/channels?paged=1&limit=200&cursor=0
method: GET
responseType: ResponseType.json
followRedirects: true
persistentConnection: true
connectTimeout: 0:01:00.000000
sendTimeout: 0:01:00.000000
receiveTimeout: 0:01:00.000000
transformTimeout: null
receiveDataWhenStatusError: true
extra: {}

00:07 +167: /Users/leeyi/project/imboy.pub/imboyapp/test/organization/human_directory_api_contract_test.dart: members 空样本
*** Response ***
uri: http://127.0.0.1:9800/api/v1/organizations/114261015899932683/directory/members

00:07 +167: /Users/leeyi/project/imboy.pub/imboyapp/test/organization/organization_manage_page_widget_test.dart: loading 态先于成功态出现
*** Response ***
uri: http://127.0.0.1:9800/api/v1/workspaces/801/channels?paged=1&limit=200&cursor=0

00:07 +168: /Users/leeyi/project/imboy.pub/imboyapp/test/organization/organization_member_detail_page_widget_test.dart: 有权 Workspace 渲染 + 角色/账号/加入时间 + IM 资料次级入口
00:07 +168: /Users/leeyi/project/imboy.pub/imboyapp/test/organization/organization_manage_page_widget_test.dart: loading 态先于成功态出现
*** Request ***
uri: http://127.0.0.1:9800/api/v1/workspaces/801/channels?paged=1&limit=200&cursor=0&status=archived
method: GET
responseType: ResponseType.json
followRedirects: true
persistentConnection: true
connectTimeout: 0:01:00.000000
sendTimeout: 0:01:00.000000
receiveTimeout: 0:01:00.000000
transformTimeout: null
receiveDataWhenStatusError: true
extra: {}

*** Response ***
uri: http://127.0.0.1:9800/api/v1/workspaces/801/channels?paged=1&limit=200&cursor=0&status=archived

00:07 +168: /Users/leeyi/project/imboy.pub/imboyapp/test/organization/human_directory_api_contract_test.dart: me 成功样本：organization_id + 我的部门列表
*** Request ***
uri: http://127.0.0.1:9800/api/v1/organizations/114261015899932683/directory/me
method: GET
responseType: ResponseType.json
followRedirects: true
persistentConnection: true
connectTimeout: 0:01:00.000000
sendTimeout: 0:01:00.000000
receiveTimeout: 0:01:00.000000
transformTimeout: null
receiveDataWhenStatusError: true
extra: {}

*** Response ***
uri: http://127.0.0.1:9800/api/v1/organizations/114261015899932683/directory/me

00:07 +169: /Users/leeyi/project/imboy.pub/imboyapp/test/organization/organization_member_detail_page_widget_test.dart: 有权 Workspace 渲染 + 角色/账号/加入时间 + IM 资料次级入口
00:07 +169: /Users/leeyi/project/imboy.pub/imboyapp/test/organization/human_directory_api_contract_test.dart: me 空样本：无部门返回空数组，不报错
*** Request ***
uri: http://127.0.0.1:9800/api/v1/organizations/114261015899932683/directory/me
method: GET
responseType: ResponseType.json
followRedirects: true
persistentConnection: true
connectTimeout: 0:01:00.000000
sendTimeout: 0:01:00.000000
receiveTimeout: 0:01:00.000000
transformTimeout: null
receiveDataWhenStatusError: true
extra: {}

*** Response ***
uri: http://127.0.0.1:9800/api/v1/organizations/114261015899932683/directory/me

00:07 +170: /Users/leeyi/project/imboy.pub/imboyapp/test/organization/organization_member_detail_page_widget_test.dart: 有权 Workspace 渲染 + 角色/账号/加入时间 + IM 资料次级入口
00:07 +170: /Users/leeyi/project/imboy.pub/imboyapp/test/organization/human_directory_api_contract_test.dart: search 混排样本：departments 在前 + type 判型 + cursor 透传
*** Request ***
uri: http://127.0.0.1:9800/api/v1/organizations/114261015899932683/directory/search?q=orgdir99932672&cursor=page-2-opaque
method: GET
responseType: ResponseType.json
followRedirects: true
persistentConnection: true
connectTimeout: 0:01:00.000000
sendTimeout: 0:01:00.000000
receiveTimeout: 0:01:00.000000
transformTimeout: null
receiveDataWhenStatusError: true
extra: {}

*** Response ***
uri: http://127.0.0.1:9800/api/v1/organizations/114261015899932683/directory/search?q=orgdir99932672&cursor=page-2-opaque

00:07 +171: /Users/leeyi/project/imboy.pub/imboyapp/test/organization/organization_member_detail_page_widget_test.dart: 有权 Workspace 渲染 + 角色/账号/加入时间 + IM 资料次级入口
00:07 +171: /Users/leeyi/project/imboy.pub/imboyapp/test/organization/human_directory_api_contract_test.dart: search member 型混排行判型
*** Request ***
uri: http://127.0.0.1:9800/api/v1/organizations/114261015899932683/directory/search?q=%E5%BC%A0%E4%B8%89
method: GET
responseType: ResponseType.json
followRedirects: true
persistentConnection: true
connectTimeout: 0:01:00.000000
sendTimeout: 0:01:00.000000
receiveTimeout: 0:01:00.000000
transformTimeout: null
receiveDataWhenStatusError: true
extra: {}

*** Response ***
uri: http://127.0.0.1:9800/api/v1/organizations/114261015899932683/directory/search?q=%E5%BC%A0%E4%B8%89

00:07 +172: /Users/leeyi/project/imboy.pub/imboyapp/test/organization/organization_member_detail_page_widget_test.dart: 有权 Workspace 渲染 + 角色/账号/加入时间 + IM 资料次级入口
00:07 +172: /Users/leeyi/project/imboy.pub/imboyapp/test/organization/human_directory_api_contract_test.dart: search 空样本
*** Request ***
uri: http://127.0.0.1:9800/api/v1/organizations/114261015899932683/directory/search?q=%E4%B8%8D%E5%AD%98%E5%9C%A8
method: GET
responseType: ResponseType.json
followRedirects: true
persistentConnection: true
connectTimeout: 0:01:00.000000
sendTimeout: 0:01:00.000000
receiveTimeout: 0:01:00.000000
transformTimeout: null
receiveDataWhenStatusError: true
extra: {}

*** Response ***
uri: http://127.0.0.1:9800/api/v1/organizations/114261015899932683/directory/search?q=%E4%B8%8D%E5%AD%98%E5%9C%A8

00:07 +173: /Users/leeyi/project/imboy.pub/imboyapp/test/organization/organization_member_detail_page_widget_test.dart: 有权 Workspace 渲染 + 角色/账号/加入时间 + IM 资料次级入口
00:07 +173: /Users/leeyi/project/imboy.pub/imboyapp/test/organization/human_directory_api_contract_test.dart: 错误信封：{"error":{code,message}} → HTTP 状态一比一 400 invalid_request（cursor malformed/tampered/foreign/expired）
*** Request ***
uri: http://127.0.0.1:9800/api/v1/organizations/114261015899932683/directory/departments?cursor=bad-cursor
method: GET
responseType: ResponseType.json
followRedirects: true
persistentConnection: true
connectTimeout: 0:01:00.000000
sendTimeout: 0:01:00.000000
receiveTimeout: 0:01:00.000000
transformTimeout: null
receiveDataWhenStatusError: true
extra: {}

*** Response ***
uri: http://127.0.0.1:9800/api/v1/organizations/114261015899932683/directory/departments?cursor=bad-cursor

handleResponse_response /api/v1/organizations/114261015899932683/directory/departments : false {"error":{"code":"invalid_request","message":"invalid request"}}; 
00:07 +174: /Users/leeyi/project/imboy.pub/imboyapp/test/organization/organization_member_detail_page_widget_test.dart: 有权 Workspace 渲染 + 角色/账号/加入时间 + IM 资料次级入口
00:07 +174: /Users/leeyi/project/imboy.pub/imboyapp/test/organization/human_directory_api_contract_test.dart: 错误信封：{"error":{code,message}} → HTTP 状态一比一 403 insufficient_scope（非成员/removed/suspended）
*** Request ***
uri: http://127.0.0.1:9800/api/v1/organizations/114261015899932683/directory/members
method: GET
responseType: ResponseType.json
followRedirects: true
persistentConnection: true
connectTimeout: 0:01:00.000000
sendTimeout: 0:01:00.000000
receiveTimeout: 0:01:00.000000
transformTimeout: null
receiveDataWhenStatusError: true
extra: {}

*** Response ***
uri: http://127.0.0.1:9800/api/v1/organizations/114261015899932683/directory/members

handleResponse_response /api/v1/organizations/114261015899932683/directory/members : false {"error":{"code":"insufficient_scope","message":"insufficient scope"}}; 
00:07 +175: /Users/leeyi/project/imboy.pub/imboyapp/test/organization/organization_member_detail_page_widget_test.dart: 有权 Workspace 渲染 + 角色/账号/加入时间 + IM 资料次级入口
00:07 +176: /Users/leeyi/project/imboy.pub/imboyapp/test/organization/organization_member_detail_page_widget_test.dart: 有权 Workspace 渲染 + 角色/账号/加入时间 + IM 资料次级入口
00:07 +176: /Users/leeyi/project/imboy.pub/imboyapp/test/organization/human_directory_api_contract_test.dart: 错误信封：{"error":{code,message}} → HTTP 状态一比一 404 resource_not_found（org 不存在）
*** Request ***
uri: http://127.0.0.1:9800/api/v1/organizations/114261015899932683/directory/me
method: GET
responseType: ResponseType.json
followRedirects: true
persistentConnection: true
connectTimeout: 0:01:00.000000
sendTimeout: 0:01:00.000000
receiveTimeout: 0:01:00.000000
transformTimeout: null
receiveDataWhenStatusError: true
extra: {}

*** Response ***
uri: http://127.0.0.1:9800/api/v1/organizations/114261015899932683/directory/me

handleResponse_response /api/v1/organizations/114261015899932683/directory/me : false {"error":{"code":"resource_not_found","message":"resource not found"}}; 
00:07 +177: /Users/leeyi/project/imboy.pub/imboyapp/test/organization/organization_member_detail_page_widget_test.dart: 有权 Workspace 渲染 + 角色/账号/加入时间 + IM 资料次级入口
00:07 +177: /Users/leeyi/project/imboy.pub/imboyapp/test/organization/human_directory_api_contract_test.dart: 治理投影一致性（ENT-APP-05） add/remove 部门成员 → directory member_count 与事实同步
*** Request ***
uri: http://127.0.0.1:9800/api/v1/organizations/114261015899932683/directory/departments
method: GET
responseType: ResponseType.json
followRedirects: true
persistentConnection: true
connectTimeout: 0:01:00.000000
sendTimeout: 0:01:00.000000
receiveTimeout: 0:01:00.000000
transformTimeout: null
receiveDataWhenStatusError: true
extra: {}

*** Response ***
uri: http://127.0.0.1:9800/api/v1/organizations/114261015899932683/directory/departments

*** Request ***
uri: http://127.0.0.1:9800/api/v1/organizations/114261015899932683/departments/5/members
method: POST
responseType: ResponseType.json
followRedirects: true
persistentConnection: true
connectTimeout: 0:01:00.000000
sendTimeout: 0:01:00.000000
receiveTimeout: 0:01:00.000000
transformTimeout: null
receiveDataWhenStatusError: true
extra: {}

*** Response ***
uri: http://127.0.0.1:9800/api/v1/organizations/114261015899932683/departments/5/members

*** Request ***
uri: http://127.0.0.1:9800/api/v1/organizations/114261015899932683/directory/departments
method: GET
responseType: ResponseType.json
followRedirects: true
persistentConnection: true
connectTimeout: 0:01:00.000000
sendTimeout: 0:01:00.000000
receiveTimeout: 0:01:00.000000
transformTimeout: null
receiveDataWhenStatusError: true
extra: {}

*** Response ***
uri: http://127.0.0.1:9800/api/v1/organizations/114261015899932683/directory/departments

*** Request ***
uri: http://127.0.0.1:9800/api/v1/organizations/114261015899932683/departments/5/members/1001
method: DELETE
responseType: ResponseType.json
followRedirects: true
persistentConnection: true
connectTimeout: 0:01:00.000000
sendTimeout: 0:01:00.000000
receiveTimeout: 0:01:00.000000
transformTimeout: null
receiveDataWhenStatusError: true
extra: {}

*** Response ***
uri: http://127.0.0.1:9800/api/v1/organizations/114261015899932683/departments/5/members/1001

*** Request ***
uri: http://127.0.0.1:9800/api/v1/organizations/114261015899932683/directory/departments
method: GET
responseType: ResponseType.json
followRedirects: true
persistentConnection: true
connectTimeout: 0:01:00.000000
sendTimeout: 0:01:00.000000
receiveTimeout: 0:01:00.000000
transformTimeout: null
receiveDataWhenStatusError: true
extra: {}

*** Response ***
uri: http://127.0.0.1:9800/api/v1/organizations/114261015899932683/directory/departments

00:07 +178: /Users/leeyi/project/imboy.pub/imboyapp/test/organization/organization_member_detail_page_widget_test.dart: 有权 Workspace 渲染 + 角色/账号/加入时间 + IM 资料次级入口
00:07 +178: /Users/leeyi/project/imboy.pub/imboyapp/test/organization/human_directory_api_contract_test.dart: 治理投影一致性（ENT-APP-05） add/remove 部门成员 → directory members 的 department_ids 同步
*** Request ***
uri: http://127.0.0.1:9800/api/v1/organizations/114261015899932683/directory/members
method: GET
responseType: ResponseType.json
followRedirects: true
persistentConnection: true
connectTimeout: 0:01:00.000000
sendTimeout: 0:01:00.000000
receiveTimeout: 0:01:00.000000
transformTimeout: null
receiveDataWhenStatusError: true
extra: {}

*** Response ***
uri: http://127.0.0.1:9800/api/v1/organizations/114261015899932683/directory/members

*** Request ***
uri: http://127.0.0.1:9800/api/v1/organizations/114261015899932683/departments/5/members
method: POST
responseType: ResponseType.json
followRedirects: true
persistentConnection: true
connectTimeout: 0:01:00.000000
sendTimeout: 0:01:00.000000
receiveTimeout: 0:01:00.000000
transformTimeout: null
receiveDataWhenStatusError: true
extra: {}

*** Response ***
uri: http://127.0.0.1:9800/api/v1/organizations/114261015899932683/departments/5/members

*** Request ***
uri: http://127.0.0.1:9800/api/v1/organizations/114261015899932683/directory/members
method: GET
responseType: ResponseType.json
followRedirects: true
persistentConnection: true
connectTimeout: 0:01:00.000000
sendTimeout: 0:01:00.000000
receiveTimeout: 0:01:00.000000
transformTimeout: null
receiveDataWhenStatusError: true
extra: {}

*** Response ***
uri: http://127.0.0.1:9800/api/v1/organizations/114261015899932683/directory/members

*** Request ***
uri: http://127.0.0.1:9800/api/v1/organizations/114261015899932683/departments/5/members/1001
method: DELETE
responseType: ResponseType.json
followRedirects: true
persistentConnection: true
connectTimeout: 0:01:00.000000
sendTimeout: 0:01:00.000000
receiveTimeout: 0:01:00.000000
transformTimeout: null
receiveDataWhenStatusError: true
extra: {}

*** Response ***
uri: http://127.0.0.1:9800/api/v1/organizations/114261015899932683/departments/5/members/1001

*** Request ***
uri: http://127.0.0.1:9800/api/v1/organizations/114261015899932683/directory/members
method: GET
responseType: ResponseType.json
followRedirects: true
persistentConnection: true
connectTimeout: 0:01:00.000000
sendTimeout: 0:01:00.000000
receiveTimeout: 0:01:00.000000
transformTimeout: null
receiveDataWhenStatusError: true
extra: {}

*** Response ***
uri: http://127.0.0.1:9800/api/v1/organizations/114261015899932683/directory/members

00:07 +179: /Users/leeyi/project/imboy.pub/imboyapp/test/organization/organization_member_detail_page_widget_test.dart: 有权 Workspace 渲染 + 角色/账号/加入时间 + IM 资料次级入口
00:07 +180: /Users/leeyi/project/imboy.pub/imboyapp/test/organization/org_workspace_members_page_widget_test.dart: 写后读：移除成功后重读服务端事实（1002 行消失）
*** Request ***
uri: http://127.0.0.1:9800/api/v1/workspaces/801/members/remove
method: POST
responseType: ResponseType.json
followRedirects: true
persistentConnection: true
connectTimeout: 0:01:00.000000
sendTimeout: 0:01:00.000000
receiveTimeout: 0:01:00.000000
transformTimeout: null
receiveDataWhenStatusError: true
extra: {}

*** Response ***
uri: http://127.0.0.1:9800/api/v1/workspaces/801/members/remove

*** Request ***
uri: http://127.0.0.1:9800/api/v1/workspaces/801
method: GET
responseType: ResponseType.json
followRedirects: true
persistentConnection: true
connectTimeout: 0:01:00.000000
sendTimeout: 0:01:00.000000
receiveTimeout: 0:01:00.000000
transformTimeout: null
receiveDataWhenStatusError: true
extra: {}

*** Response ***
uri: http://127.0.0.1:9800/api/v1/workspaces/801

*** Request ***
uri: http://127.0.0.1:9800/api/v1/workspaces/801/members?page=1&size=100
method: GET
responseType: ResponseType.json
followRedirects: true
persistentConnection: true
connectTimeout: 0:01:00.000000
sendTimeout: 0:01:00.000000
receiveTimeout: 0:01:00.000000
transformTimeout: null
receiveDataWhenStatusError: true
extra: {}

*** Response ***
uri: http://127.0.0.1:9800/api/v1/workspaces/801/members?page=1&size=100

00:07 +180: /Users/leeyi/project/imboy.pub/imboyapp/test/organization/organization_member_detail_page_widget_test.dart: 普通成员视角（无治理面投影）：角色标注受限但工作区仍可见
*** Request ***
uri: http://127.0.0.1:9800/api/v1/organizations/7001/members/42/workspaces
method: GET
responseType: ResponseType.json
followRedirects: true
persistentConnection: true
connectTimeout: 0:01:00.000000
sendTimeout: 0:01:00.000000
receiveTimeout: 0:01:00.000000
transformTimeout: null
receiveDataWhenStatusError: true
extra: {}

*** Response ***
uri: http://127.0.0.1:9800/api/v1/organizations/7001/members/42/workspaces

00:07 +181: /Users/leeyi/project/imboy.pub/imboyapp/test/organization/organization_member_detail_page_widget_test.dart: 普通成员视角（无治理面投影）：角色标注受限但工作区仍可见
00:07 +181: /Users/leeyi/project/imboy.pub/imboyapp/test/organization/org_workspace_members_page_widget_test.dart: 冲突透出：移除被 409 拒绝时原样透出服务端文案
*** Request ***
uri: http://127.0.0.1:9800/api/v1/workspaces/801
method: GET
responseType: ResponseType.json
followRedirects: true
persistentConnection: true
connectTimeout: 0:01:00.000000
sendTimeout: 0:01:00.000000
receiveTimeout: 0:01:00.000000
transformTimeout: null
receiveDataWhenStatusError: true
extra: {}

*** Response ***
uri: http://127.0.0.1:9800/api/v1/workspaces/801

*** Request ***
uri: http://127.0.0.1:9800/api/v1/workspaces/801/members?page=1&size=100
method: GET
responseType: ResponseType.json
followRedirects: true
persistentConnection: true
connectTimeout: 0:01:00.000000
sendTimeout: 0:01:00.000000
receiveTimeout: 0:01:00.000000
transformTimeout: null
receiveDataWhenStatusError: true
extra: {}

*** Response ***
uri: http://127.0.0.1:9800/api/v1/workspaces/801/members?page=1&size=100

00:07 +181: /Users/leeyi/project/imboy.pub/imboyapp/test/organization/organization_member_detail_page_widget_test.dart: 普通成员视角（无治理面投影）：角色标注受限但工作区仍可见
*** Request ***
uri: http://127.0.0.1:9800/api/v1/organizations/7001/members/42/workspaces
method: GET
responseType: ResponseType.json
followRedirects: true
persistentConnection: true
connectTimeout: 0:01:00.000000
sendTimeout: 0:01:00.000000
receiveTimeout: 0:01:00.000000
transformTimeout: null
receiveDataWhenStatusError: true
extra: {}

*** Response ***
uri: http://127.0.0.1:9800/api/v1/organizations/7001/members/42/workspaces

00:07 +182: /Users/leeyi/project/imboy.pub/imboyapp/test/organization/org_workspace_members_page_widget_test.dart: 冲突透出：移除被 409 拒绝时原样透出服务端文案
00:08 +182: /Users/leeyi/project/imboy.pub/imboyapp/test/organization/organization_member_detail_page_widget_test.dart: 空态：该成员在本企业内暂无工作区
*** Request ***
uri: http://127.0.0.1:9800/api/v1/organizations/7001/members/42/workspaces
method: GET
responseType: ResponseType.json
followRedirects: true
persistentConnection: true
connectTimeout: 0:01:00.000000
sendTimeout: 0:01:00.000000
receiveTimeout: 0:01:00.000000
transformTimeout: null
receiveDataWhenStatusError: true
extra: {}

*** Response ***
uri: http://127.0.0.1:9800/api/v1/organizations/7001/members/42/workspaces

00:08 +183: /Users/leeyi/project/imboy.pub/imboyapp/test/organization/org_workspace_members_page_widget_test.dart: 冲突透出：移除被 409 拒绝时原样透出服务端文案
*** Request ***
uri: http://127.0.0.1:9800/api/v1/workspaces/801/members/remove
method: POST
responseType: ResponseType.json
followRedirects: true
persistentConnection: true
connectTimeout: 0:01:00.000000
sendTimeout: 0:01:00.000000
receiveTimeout: 0:01:00.000000
transformTimeout: null
receiveDataWhenStatusError: true
extra: {}

*** Response ***
uri: http://127.0.0.1:9800/api/v1/workspaces/801/members/remove

handleResponse_response /api/v1/workspaces/801/members/remove : false {"code":409,"msg":"对方仍是 2 个项目的 Owner：P1、P2"}; 
*** Request ***
uri: http://127.0.0.1:9800/api/v1/workspaces/801
method: GET
responseType: ResponseType.json
followRedirects: true
persistentConnection: true
connectTimeout: 0:01:00.000000
sendTimeout: 0:01:00.000000
receiveTimeout: 0:01:00.000000
transformTimeout: null
receiveDataWhenStatusError: true
extra: {}

*** Response ***
uri: http://127.0.0.1:9800/api/v1/workspaces/801

*** Request ***
uri: http://127.0.0.1:9800/api/v1/workspaces/801/members?page=1&size=100
method: GET
responseType: ResponseType.json
followRedirects: true
persistentConnection: true
connectTimeout: 0:01:00.000000
sendTimeout: 0:01:00.000000
receiveTimeout: 0:01:00.000000
transformTimeout: null
receiveDataWhenStatusError: true
extra: {}

*** Response ***
uri: http://127.0.0.1:9800/api/v1/workspaces/801/members?page=1&size=100

00:08 +183: /Users/leeyi/project/imboy.pub/imboyapp/test/organization/organization_member_detail_page_widget_test.dart: 失败态：给重试入口，重试成功后渲染列表
*** Request ***
uri: http://127.0.0.1:9800/api/v1/organizations/7001/members/42/workspaces
method: GET
responseType: ResponseType.json
followRedirects: true
persistentConnection: true
connectTimeout: 0:01:00.000000
sendTimeout: 0:01:00.000000
receiveTimeout: 0:01:00.000000
transformTimeout: null
receiveDataWhenStatusError: true
extra: {}

*** Response ***
uri: http://127.0.0.1:9800/api/v1/organizations/7001/members/42/workspaces

handleResponse_response /api/v1/organizations/7001/members/42/workspaces : false {"code":500,"msg":"查询失败，请稍后重试"}; 
*** Request ***
uri: http://127.0.0.1:9800/api/v1/organizations/7001/members/42/workspaces
method: GET
responseType: ResponseType.json
followRedirects: true
persistentConnection: true
connectTimeout: 0:01:00.000000
sendTimeout: 0:01:00.000000
receiveTimeout: 0:01:00.000000
transformTimeout: null
receiveDataWhenStatusError: true
extra: {}

*** Response ***
uri: http://127.0.0.1:9800/api/v1/organizations/7001/members/42/workspaces

00:08 +184: /Users/leeyi/project/imboy.pub/imboyapp/test/organization/organization_member_detail_page_widget_test.dart: 失败态：给重试入口，重试成功后渲染列表
00:08 +185: /Users/leeyi/project/imboy.pub/imboyapp/test/organization/org_workspace_members_page_widget_test.dart: 权限终态：detail 403 → 无权查看（无重试）
*** Request ***
uri: http://127.0.0.1:9800/api/v1/workspaces/801
method: GET
responseType: ResponseType.json
followRedirects: true
persistentConnection: true
connectTimeout: 0:01:00.000000
sendTimeout: 0:01:00.000000
receiveTimeout: 0:01:00.000000
transformTimeout: null
receiveDataWhenStatusError: true
extra: {}

*** Response ***
uri: http://127.0.0.1:9800/api/v1/workspaces/801

handleResponse_response /api/v1/workspaces/801 : false {"code":403,"msg":"forbidden"}; 
00:08 +186: /Users/leeyi/project/imboy.pub/imboyapp/test/organization/org_workspace_members_page_widget_test.dart: 四态：loading 先于成功
*** Request ***
uri: http://127.0.0.1:9800/api/v1/workspaces/801
method: GET
responseType: ResponseType.json
followRedirects: true
persistentConnection: true
connectTimeout: 0:01:00.000000
sendTimeout: 0:01:00.000000
receiveTimeout: 0:01:00.000000
transformTimeout: null
receiveDataWhenStatusError: true
extra: {}

*** Response ***
uri: http://127.0.0.1:9800/api/v1/workspaces/801

*** Request ***
uri: http://127.0.0.1:9800/api/v1/workspaces/801/members?page=1&size=100
method: GET
responseType: ResponseType.json
followRedirects: true
persistentConnection: true
connectTimeout: 0:01:00.000000
sendTimeout: 0:01:00.000000
receiveTimeout: 0:01:00.000000
transformTimeout: null
receiveDataWhenStatusError: true
extra: {}

*** Response ***
uri: http://127.0.0.1:9800/api/v1/workspaces/801/members?page=1&size=100

00:08 +187: /Users/leeyi/project/imboy.pub/imboyapp/test/organization/org_workspace_members_page_widget_test.dart: 深链：邀请入口落到既有邀请向导路由
*** Request ***
uri: http://127.0.0.1:9800/api/v1/workspaces/801
method: GET
responseType: ResponseType.json
followRedirects: true
persistentConnection: true
connectTimeout: 0:01:00.000000
sendTimeout: 0:01:00.000000
receiveTimeout: 0:01:00.000000
transformTimeout: null
receiveDataWhenStatusError: true
extra: {}

*** Response ***
uri: http://127.0.0.1:9800/api/v1/workspaces/801

*** Request ***
uri: http://127.0.0.1:9800/api/v1/workspaces/801/members?page=1&size=100
method: GET
responseType: ResponseType.json
followRedirects: true
persistentConnection: true
connectTimeout: 0:01:00.000000
sendTimeout: 0:01:00.000000
receiveTimeout: 0:01:00.000000
transformTimeout: null
receiveDataWhenStatusError: true
extra: {}

*** Response ***
uri: http://127.0.0.1:9800/api/v1/workspaces/801/members?page=1&size=100

00:08 +188: /Users/leeyi/project/imboy.pub/imboyapp/test/organization/organization_home_page_widget_test.dart: 迟到的旧刷新成功不得覆盖新组织列表及缓存
*** Request ***
uri: http://127.0.0.1:9800/api/v1/organizations/mine?page=1&size=100
method: GET
responseType: ResponseType.json
followRedirects: true
persistentConnection: true
connectTimeout: 0:01:00.000000
sendTimeout: 0:01:00.000000
receiveTimeout: 0:01:00.000000
transformTimeout: null
receiveDataWhenStatusError: true
extra: {}

*** Request ***
uri: http://127.0.0.1:9800/api/v1/organizations/mine?page=1&size=100
method: GET
responseType: ResponseType.json
followRedirects: true
persistentConnection: true
connectTimeout: 0:01:00.000000
sendTimeout: 0:01:00.000000
receiveTimeout: 0:01:00.000000
transformTimeout: null
receiveDataWhenStatusError: true
extra: {}

*** Response ***
uri: http://127.0.0.1:9800/api/v1/organizations/mine?page=1&size=100

*** Request ***
uri: http://127.0.0.1:9800/api/v1/organizations/invitations/mine?limit=20&status=pending
method: GET
responseType: ResponseType.json
followRedirects: true
persistentConnection: true
connectTimeout: 0:01:00.000000
sendTimeout: 0:01:00.000000
receiveTimeout: 0:01:00.000000
transformTimeout: null
receiveDataWhenStatusError: true
extra: {}

*** Response ***
uri: http://127.0.0.1:9800/api/v1/organizations/invitations/mine?limit=20&status=pending

[HttpTransformer] payload type drift: expected Map, got List<dynamic> uri=/api/v1/organizations/invitations/mine
*** Response ***
uri: http://127.0.0.1:9800/api/v1/organizations/mine?page=1&size=100

00:08 +189: /Users/leeyi/project/imboy.pub/imboyapp/test/organization/ux_matrix/organization_pages_ux_matrix_test.dart: OrganizationHomePage：viewport/textScale/dark 矩阵（无 danger 入口 → N/A）
00:08 +189: /Users/leeyi/project/imboy.pub/imboyapp/test/organization/organization_home_page_widget_test.dart: 迟到的旧刷新失败不得覆盖新组织列表及缓存
*** Request ***
uri: http://127.0.0.1:9800/api/v1/organizations/mine?page=1&size=100
method: GET
responseType: ResponseType.json
followRedirects: true
persistentConnection: true
connectTimeout: 0:01:00.000000
sendTimeout: 0:01:00.000000
receiveTimeout: 0:01:00.000000
transformTimeout: null
receiveDataWhenStatusError: true
extra: {}

*** Request ***
uri: http://127.0.0.1:9800/api/v1/organizations/mine?page=1&size=100
method: GET
responseType: ResponseType.json
followRedirects: true
persistentConnection: true
connectTimeout: 0:01:00.000000
sendTimeout: 0:01:00.000000
receiveTimeout: 0:01:00.000000
transformTimeout: null
receiveDataWhenStatusError: true
extra: {}

*** Response ***
uri: http://127.0.0.1:9800/api/v1/organizations/mine?page=1&size=100

*** Request ***
uri: http://127.0.0.1:9800/api/v1/organizations/invitations/mine?limit=20&status=pending
method: GET
responseType: ResponseType.json
followRedirects: true
persistentConnection: true
connectTimeout: 0:01:00.000000
sendTimeout: 0:01:00.000000
receiveTimeout: 0:01:00.000000
transformTimeout: null
receiveDataWhenStatusError: true
extra: {}

*** Response ***
uri: http://127.0.0.1:9800/api/v1/organizations/invitations/mine?limit=20&status=pending

[HttpTransformer] payload type drift: expected Map, got List<dynamic> uri=/api/v1/organizations/invitations/mine
*** DioException ***:
uri: http://127.0.0.1:9800/api/v1/organizations/mine?page=1&size=100
DioException [unknown]: null
Error: Bad state: synthetic stale failure

00:08 +190: /Users/leeyi/project/imboy.pub/imboyapp/test/organization/ux_matrix/organization_pages_ux_matrix_test.dart: OrganizationHomePage：viewport/textScale/dark 矩阵（无 danger 入口 → N/A）
00:08 +190: /Users/leeyi/project/imboy.pub/imboyapp/test/organization/organization_home_page_widget_test.dart: 旧邀请角标成功响应不得覆盖更新的计数
*** Request ***
uri: http://127.0.0.1:9800/api/v1/organizations/mine?page=1&size=100
method: GET
responseType: ResponseType.json
followRedirects: true
persistentConnection: true
connectTimeout: 0:01:00.000000
sendTimeout: 0:01:00.000000
receiveTimeout: 0:01:00.000000
transformTimeout: null
receiveDataWhenStatusError: true
extra: {}

*** Response ***
uri: http://127.0.0.1:9800/api/v1/organizations/mine?page=1&size=100

*** Request ***
uri: http://127.0.0.1:9800/api/v1/organizations/invitations/mine?limit=20&status=pending
method: GET
responseType: ResponseType.json
followRedirects: true
persistentConnection: true
connectTimeout: 0:01:00.000000
sendTimeout: 0:01:00.000000
receiveTimeout: 0:01:00.000000
transformTimeout: null
receiveDataWhenStatusError: true
extra: {}

*** Request ***
uri: http://127.0.0.1:9800/api/v1/organizations/mine?page=1&size=100
method: GET
responseType: ResponseType.json
followRedirects: true
persistentConnection: true
connectTimeout: 0:01:00.000000
sendTimeout: 0:01:00.000000
receiveTimeout: 0:01:00.000000
transformTimeout: null
receiveDataWhenStatusError: true
extra: {}

*** Response ***
uri: http://127.0.0.1:9800/api/v1/organizations/mine?page=1&size=100

*** Request ***
uri: http://127.0.0.1:9800/api/v1/organizations/invitations/mine?limit=20&status=pending
method: GET
responseType: ResponseType.json
followRedirects: true
persistentConnection: true
connectTimeout: 0:01:00.000000
sendTimeout: 0:01:00.000000
receiveTimeout: 0:01:00.000000
transformTimeout: null
receiveDataWhenStatusError: true
extra: {}

*** Response ***
uri: http://127.0.0.1:9800/api/v1/organizations/invitations/mine?limit=20&status=pending

*** Response ***
uri: http://127.0.0.1:9800/api/v1/organizations/invitations/mine?limit=20&status=pending

00:08 +191: /Users/leeyi/project/imboy.pub/imboyapp/test/organization/ux_matrix/organization_pages_ux_matrix_test.dart: OrganizationHomePage：viewport/textScale/dark 矩阵（无 danger 入口 → N/A）
00:08 +191: /Users/leeyi/project/imboy.pub/imboyapp/test/organization/organization_home_page_widget_test.dart: 旧邀请角标失败响应不得覆盖更新的计数
*** Request ***
uri: http://127.0.0.1:9800/api/v1/organizations/mine?page=1&size=100
method: GET
responseType: ResponseType.json
followRedirects: true
persistentConnection: true
connectTimeout: 0:01:00.000000
sendTimeout: 0:01:00.000000
receiveTimeout: 0:01:00.000000
transformTimeout: null
receiveDataWhenStatusError: true
extra: {}

*** Response ***
uri: http://127.0.0.1:9800/api/v1/organizations/mine?page=1&size=100

*** Request ***
uri: http://127.0.0.1:9800/api/v1/organizations/invitations/mine?limit=20&status=pending
method: GET
responseType: ResponseType.json
followRedirects: true
persistentConnection: true
connectTimeout: 0:01:00.000000
sendTimeout: 0:01:00.000000
receiveTimeout: 0:01:00.000000
transformTimeout: null
receiveDataWhenStatusError: true
extra: {}

*** Request ***
uri: http://127.0.0.1:9800/api/v1/organizations/mine?page=1&size=100
method: GET
responseType: ResponseType.json
followRedirects: true
persistentConnection: true
connectTimeout: 0:01:00.000000
sendTimeout: 0:01:00.000000
receiveTimeout: 0:01:00.000000
transformTimeout: null
receiveDataWhenStatusError: true
extra: {}

*** Response ***
uri: http://127.0.0.1:9800/api/v1/organizations/mine?page=1&size=100

*** Request ***
uri: http://127.0.0.1:9800/api/v1/organizations/invitations/mine?limit=20&status=pending
method: GET
responseType: ResponseType.json
followRedirects: true
persistentConnection: true
connectTimeout: 0:01:00.000000
sendTimeout: 0:01:00.000000
receiveTimeout: 0:01:00.000000
transformTimeout: null
receiveDataWhenStatusError: true
extra: {}

*** Response ***
uri: http://127.0.0.1:9800/api/v1/organizations/invitations/mine?limit=20&status=pending

*** DioException ***:
uri: http://127.0.0.1:9800/api/v1/organizations/invitations/mine?limit=20&status=pending
DioException [unknown]: null
Error: Bad state: synthetic stale badge failure

00:08 +192: /Users/leeyi/project/imboy.pub/imboyapp/test/organization/ux_matrix/organization_pages_ux_matrix_test.dart: OrganizationHomePage：viewport/textScale/dark 矩阵（无 danger 入口 → N/A）
00:08 +192: /Users/leeyi/project/imboy.pub/imboyapp/test/organization/organization_home_page_widget_test.dart: 空态：未加入任何组织时展示引导文案
*** Request ***
uri: http://127.0.0.1:9800/api/v1/organizations/mine?page=1&size=100
method: GET
responseType: ResponseType.json
followRedirects: true
persistentConnection: true
connectTimeout: 0:01:00.000000
sendTimeout: 0:01:00.000000
receiveTimeout: 0:01:00.000000
transformTimeout: null
receiveDataWhenStatusError: true
extra: {}

*** Response ***
uri: http://127.0.0.1:9800/api/v1/organizations/mine?page=1&size=100

*** Request ***
uri: http://127.0.0.1:9800/api/v1/organizations/invitations/mine?limit=20&status=pending
method: GET
responseType: ResponseType.json
followRedirects: true
persistentConnection: true
connectTimeout: 0:01:00.000000
sendTimeout: 0:01:00.000000
receiveTimeout: 0:01:00.000000
transformTimeout: null
receiveDataWhenStatusError: true
extra: {}

*** Response ***
uri: http://127.0.0.1:9800/api/v1/organizations/invitations/mine?limit=20&status=pending

00:08 +193: /Users/leeyi/project/imboy.pub/imboyapp/test/organization/ux_matrix/organization_pages_ux_matrix_test.dart: OrganizationHomePage：viewport/textScale/dark 矩阵（无 danger 入口 → N/A）
00:08 +193: /Users/leeyi/project/imboy.pub/imboyapp/test/organization/organization_home_page_widget_test.dart: 列表：archived 组织打标 + 成员角色展示
*** Request ***
uri: http://127.0.0.1:9800/api/v1/organizations/mine?page=1&size=100
method: GET
responseType: ResponseType.json
followRedirects: true
persistentConnection: true
connectTimeout: 0:01:00.000000
sendTimeout: 0:01:00.000000
receiveTimeout: 0:01:00.000000
transformTimeout: null
receiveDataWhenStatusError: true
extra: {}

*** Response ***
uri: http://127.0.0.1:9800/api/v1/organizations/mine?page=1&size=100

*** Request ***
uri: http://127.0.0.1:9800/api/v1/organizations/invitations/mine?limit=20&status=pending
method: GET
responseType: ResponseType.json
followRedirects: true
persistentConnection: true
connectTimeout: 0:01:00.000000
sendTimeout: 0:01:00.000000
receiveTimeout: 0:01:00.000000
transformTimeout: null
receiveDataWhenStatusError: true
extra: {}

*** Response ***
uri: http://127.0.0.1:9800/api/v1/organizations/invitations/mine?limit=20&status=pending

00:08 +194: /Users/leeyi/project/imboy.pub/imboyapp/test/organization/ux_matrix/organization_pages_ux_matrix_test.dart: OrganizationHomePage：viewport/textScale/dark 矩阵（无 danger 入口 → N/A）
00:08 +194: /Users/leeyi/project/imboy.pub/imboyapp/test/organization/organization_home_page_widget_test.dart: error 态：服务端 500 展示失败与重试入口
*** Request ***
uri: http://127.0.0.1:9800/api/v1/organizations/mine?page=1&size=100
method: GET
responseType: ResponseType.json
followRedirects: true
persistentConnection: true
connectTimeout: 0:01:00.000000
sendTimeout: 0:01:00.000000
receiveTimeout: 0:01:00.000000
transformTimeout: null
receiveDataWhenStatusError: true
extra: {}

*** Response ***
uri: http://127.0.0.1:9800/api/v1/organizations/mine?page=1&size=100

handleResponse_response /api/v1/organizations/mine : false {"code":500,"msg":"boom"}; 
*** Request ***
uri: http://127.0.0.1:9800/api/v1/organizations/invitations/mine?limit=20&status=pending
method: GET
responseType: ResponseType.json
followRedirects: true
persistentConnection: true
connectTimeout: 0:01:00.000000
sendTimeout: 0:01:00.000000
receiveTimeout: 0:01:00.000000
transformTimeout: null
receiveDataWhenStatusError: true
extra: {}

*** Response ***
uri: http://127.0.0.1:9800/api/v1/organizations/invitations/mine?limit=20&status=pending

handleResponse_response /api/v1/organizations/invitations/mine : false {"code":500,"msg":"boom"}; 
00:08 +195: /Users/leeyi/project/imboy.pub/imboyapp/test/organization/ux_matrix/organization_pages_ux_matrix_test.dart: OrganizationHomePage：viewport/textScale/dark 矩阵（无 danger 入口 → N/A）
00:09 +195: /Users/leeyi/project/imboy.pub/imboyapp/test/organization/organization_tools_page_widget_test.dart: 只列本企业已授权资源：个人域/别家企业不出现
*** Request ***
uri: http://127.0.0.1:9800/api/v1/organizations/900
method: GET
responseType: ResponseType.json
followRedirects: true
persistentConnection: true
connectTimeout: 0:01:00.000000
sendTimeout: 0:01:00.000000
receiveTimeout: 0:01:00.000000
transformTimeout: null
receiveDataWhenStatusError: true
extra: {}

*** Response ***
uri: http://127.0.0.1:9800/api/v1/organizations/900

*** Request ***
uri: http://127.0.0.1:9800/api/v1/workspaces/mine?page=1&size=100
method: GET
responseType: ResponseType.json
followRedirects: true
persistentConnection: true
connectTimeout: 0:01:00.000000
sendTimeout: 0:01:00.000000
receiveTimeout: 0:01:00.000000
transformTimeout: null
receiveDataWhenStatusError: true
extra: {}

*** Response ***
uri: http://127.0.0.1:9800/api/v1/workspaces/mine?page=1&size=100

00:09 +195: /Users/leeyi/project/imboy.pub/imboyapp/test/organization/ux_matrix/organization_pages_ux_matrix_test.dart: OrganizationHomePage：viewport/textScale/dark 矩阵（无 danger 入口 → N/A）
*** Request ***
uri: http://127.0.0.1:9800/api/v1/organizations/mine?page=1&size=100
method: GET
responseType: ResponseType.json
followRedirects: true
persistentConnection: true
connectTimeout: 0:01:00.000000
sendTimeout: 0:01:00.000000
receiveTimeout: 0:01:00.000000
transformTimeout: null
receiveDataWhenStatusError: true
extra: {}

*** Response ***
uri: http://127.0.0.1:9800/api/v1/organizations/mine?page=1&size=100

*** Request ***
uri: http://127.0.0.1:9800/api/v1/organizations/invitations/mine?limit=20&status=pending
method: GET
responseType: ResponseType.json
followRedirects: true
persistentConnection: true
connectTimeout: 0:01:00.000000
sendTimeout: 0:01:00.000000
receiveTimeout: 0:01:00.000000
transformTimeout: null
receiveDataWhenStatusError: true
extra: {}

*** Response ***
uri: http://127.0.0.1:9800/api/v1/organizations/invitations/mine?limit=20&status=pending

00:09 +195: /Users/leeyi/project/imboy.pub/imboyapp/test/organization/organization_tools_page_widget_test.dart: 只列本企业已授权资源：个人域/别家企业不出现
*** Request ***
uri: http://127.0.0.1:9800/api/v1/workspaces/801/projects?page=1&size=50
method: GET
responseType: ResponseType.json
followRedirects: true
persistentConnection: true
connectTimeout: 0:01:00.000000
sendTimeout: 0:01:00.000000
receiveTimeout: 0:01:00.000000
transformTimeout: null
receiveDataWhenStatusError: true
extra: {}

*** Request ***
uri: http://127.0.0.1:9800/api/v1/workspaces/802/projects?page=1&size=50
method: GET
responseType: ResponseType.json
followRedirects: true
persistentConnection: true
connectTimeout: 0:01:00.000000
sendTimeout: 0:01:00.000000
receiveTimeout: 0:01:00.000000
transformTimeout: null
receiveDataWhenStatusError: true
extra: {}

*** Response ***
uri: http://127.0.0.1:9800/api/v1/workspaces/801/projects?page=1&size=50

*** Response ***
uri: http://127.0.0.1:9800/api/v1/workspaces/802/projects?page=1&size=50

00:09 +196: /Users/leeyi/project/imboy.pub/imboyapp/test/organization/ux_matrix/organization_pages_ux_matrix_test.dart: OrganizationHomePage：viewport/textScale/dark 矩阵（无 danger 入口 → N/A）
00:09 +196: /Users/leeyi/project/imboy.pub/imboyapp/test/organization/organization_tools_page_widget_test.dart: 深链：项目行落到既有项目详情路由
*** Request ***
uri: http://127.0.0.1:9800/api/v1/organizations/900
method: GET
responseType: ResponseType.json
followRedirects: true
persistentConnection: true
connectTimeout: 0:01:00.000000
sendTimeout: 0:01:00.000000
receiveTimeout: 0:01:00.000000
transformTimeout: null
receiveDataWhenStatusError: true
extra: {}

*** Response ***
uri: http://127.0.0.1:9800/api/v1/organizations/900

*** Request ***
uri: http://127.0.0.1:9800/api/v1/workspaces/mine?page=1&size=100
method: GET
responseType: ResponseType.json
followRedirects: true
persistentConnection: true
connectTimeout: 0:01:00.000000
sendTimeout: 0:01:00.000000
receiveTimeout: 0:01:00.000000
transformTimeout: null
receiveDataWhenStatusError: true
extra: {}

*** Response ***
uri: http://127.0.0.1:9800/api/v1/workspaces/mine?page=1&size=100

*** Request ***
uri: http://127.0.0.1:9800/api/v1/workspaces/801/projects?page=1&size=50
method: GET
responseType: ResponseType.json
followRedirects: true
persistentConnection: true
connectTimeout: 0:01:00.000000
sendTimeout: 0:01:00.000000
receiveTimeout: 0:01:00.000000
transformTimeout: null
receiveDataWhenStatusError: true
extra: {}

*** Request ***
uri: http://127.0.0.1:9800/api/v1/workspaces/802/projects?page=1&size=50
method: GET
responseType: ResponseType.json
followRedirects: true
persistentConnection: true
connectTimeout: 0:01:00.000000
sendTimeout: 0:01:00.000000
receiveTimeout: 0:01:00.000000
transformTimeout: null
receiveDataWhenStatusError: true
extra: {}

*** Response ***
uri: http://127.0.0.1:9800/api/v1/workspaces/801/projects?page=1&size=50

*** Response ***
uri: http://127.0.0.1:9800/api/v1/workspaces/802/projects?page=1&size=50

00:09 +197: /Users/leeyi/project/imboy.pub/imboyapp/test/organization/ux_matrix/organization_pages_ux_matrix_test.dart: OrganizationHomePage：viewport/textScale/dark 矩阵（无 danger 入口 → N/A）
00:09 +197: /Users/leeyi/project/imboy.pub/imboyapp/test/organization/organization_tools_page_widget_test.dart: 诚实降级：某工作区 projects 403 → 错误行 + 重试，不隐藏
*** Request ***
uri: http://127.0.0.1:9800/api/v1/organizations/900
method: GET
responseType: ResponseType.json
followRedirects: true
persistentConnection: true
connectTimeout: 0:01:00.000000
sendTimeout: 0:01:00.000000
receiveTimeout: 0:01:00.000000
transformTimeout: null
receiveDataWhenStatusError: true
extra: {}

*** Response ***
uri: http://127.0.0.1:9800/api/v1/organizations/900

*** Request ***
uri: http://127.0.0.1:9800/api/v1/workspaces/mine?page=1&size=100
method: GET
responseType: ResponseType.json
followRedirects: true
persistentConnection: true
connectTimeout: 0:01:00.000000
sendTimeout: 0:01:00.000000
receiveTimeout: 0:01:00.000000
transformTimeout: null
receiveDataWhenStatusError: true
extra: {}

*** Response ***
uri: http://127.0.0.1:9800/api/v1/workspaces/mine?page=1&size=100

*** Request ***
uri: http://127.0.0.1:9800/api/v1/workspaces/801/projects?page=1&size=50
method: GET
responseType: ResponseType.json
followRedirects: true
persistentConnection: true
connectTimeout: 0:01:00.000000
sendTimeout: 0:01:00.000000
receiveTimeout: 0:01:00.000000
transformTimeout: null
receiveDataWhenStatusError: true
extra: {}

*** Request ***
uri: http://127.0.0.1:9800/api/v1/workspaces/802/projects?page=1&size=50
method: GET
responseType: ResponseType.json
followRedirects: true
persistentConnection: true
connectTimeout: 0:01:00.000000
sendTimeout: 0:01:00.000000
receiveTimeout: 0:01:00.000000
transformTimeout: null
receiveDataWhenStatusError: true
extra: {}

*** Response ***
uri: http://127.0.0.1:9800/api/v1/workspaces/801/projects?page=1&size=50

*** Response ***
uri: http://127.0.0.1:9800/api/v1/workspaces/802/projects?page=1&size=50

handleResponse_response /api/v1/workspaces/802/projects : false {"code":403,"msg":"非工作区成员"}; 
*** Request ***
uri: http://127.0.0.1:9800/api/v1/workspaces/802/projects?page=1&size=50
method: GET
responseType: ResponseType.json
followRedirects: true
persistentConnection: true
connectTimeout: 0:01:00.000000
sendTimeout: 0:01:00.000000
receiveTimeout: 0:01:00.000000
transformTimeout: null
receiveDataWhenStatusError: true
extra: {}

*** Response ***
uri: http://127.0.0.1:9800/api/v1/workspaces/802/projects?page=1&size=50

handleResponse_response /api/v1/workspaces/802/projects : false {"code":403,"msg":"非工作区成员"}; 
*** Request ***
uri: http://127.0.0.1:9800/api/v1/workspaces/802/projects?page=1&size=50
method: GET
responseType: ResponseType.json
followRedirects: true
persistentConnection: true
connectTimeout: 0:01:00.000000
sendTimeout: 0:01:00.000000
receiveTimeout: 0:01:00.000000
transformTimeout: null
receiveDataWhenStatusError: true
extra: {}

*** Response ***
uri: http://127.0.0.1:9800/api/v1/workspaces/802/projects?page=1&size=50

handleResponse_response /api/v1/workspaces/802/projects : false {"code":403,"msg":"非工作区成员"}; 
*** Request ***
uri: http://127.0.0.1:9800/api/v1/workspaces/802/projects?page=1&size=50
method: GET
responseType: ResponseType.json
followRedirects: true
persistentConnection: true
connectTimeout: 0:01:00.000000
sendTimeout: 0:01:00.000000
receiveTimeout: 0:01:00.000000
transformTimeout: null
receiveDataWhenStatusError: true
extra: {}

*** Response ***
uri: http://127.0.0.1:9800/api/v1/workspaces/802/projects?page=1&size=50

handleResponse_response /api/v1/workspaces/802/projects : false {"code":403,"msg":"非工作区成员"}; 
00:09 +198: /Users/leeyi/project/imboy.pub/imboyapp/test/organization/ux_matrix/organization_pages_ux_matrix_test.dart: OrganizationHomePage：viewport/textScale/dark 矩阵（无 danger 入口 → N/A）
00:09 +199: /Users/leeyi/project/imboy.pub/imboyapp/test/organization/ux_matrix/organization_pages_ux_matrix_test.dart: OrganizationHomePage：viewport/textScale/dark 矩阵（无 danger 入口 → N/A）
00:09 +199: /Users/leeyi/project/imboy.pub/imboyapp/test/organization/organization_tools_page_widget_test.dart: 诚实降级：某工作区 projects 403 → 错误行 + 重试，不隐藏
*** Request ***
uri: http://127.0.0.1:9800/api/v1/workspaces/802/projects?page=1&size=50
method: GET
responseType: ResponseType.json
followRedirects: true
persistentConnection: true
connectTimeout: 0:01:00.000000
sendTimeout: 0:01:00.000000
receiveTimeout: 0:01:00.000000
transformTimeout: null
receiveDataWhenStatusError: true
extra: {}

*** Response ***
uri: http://127.0.0.1:9800/api/v1/workspaces/802/projects?page=1&size=50

handleResponse_response /api/v1/workspaces/802/projects : false {"code":403,"msg":"非工作区成员"}; 
00:09 +200: /Users/leeyi/project/imboy.pub/imboyapp/test/organization/ux_matrix/organization_pages_ux_matrix_test.dart: OrganizationHomePage：viewport/textScale/dark 矩阵（无 danger 入口 → N/A）
00:09 +200: /Users/leeyi/project/imboy.pub/imboyapp/test/organization/organization_tools_page_widget_test.dart: 诚实降级：某工作区 projects 403 → 错误行 + 重试，不隐藏
*** Request ***
uri: http://127.0.0.1:9800/api/v1/workspaces/802/projects?page=1&size=50
method: GET
responseType: ResponseType.json
followRedirects: true
persistentConnection: true
connectTimeout: 0:01:00.000000
sendTimeout: 0:01:00.000000
receiveTimeout: 0:01:00.000000
transformTimeout: null
receiveDataWhenStatusError: true
extra: {}

*** Response ***
uri: http://127.0.0.1:9800/api/v1/workspaces/802/projects?page=1&size=50

handleResponse_response /api/v1/workspaces/802/projects : false {"code":403,"msg":"非工作区成员"}; 
*** Request ***
uri: http://127.0.0.1:9800/api/v1/workspaces/802/projects?page=1&size=50
method: GET
responseType: ResponseType.json
followRedirects: true
persistentConnection: true
connectTimeout: 0:01:00.000000
sendTimeout: 0:01:00.000000
receiveTimeout: 0:01:00.000000
transformTimeout: null
receiveDataWhenStatusError: true
extra: {}

*** Response ***
uri: http://127.0.0.1:9800/api/v1/workspaces/802/projects?page=1&size=50

handleResponse_response /api/v1/workspaces/802/projects : false {"code":403,"msg":"非工作区成员"}; 
*** Request ***
uri: http://127.0.0.1:9800/api/v1/workspaces/802/projects?page=1&size=50
method: GET
responseType: ResponseType.json
followRedirects: true
persistentConnection: true
connectTimeout: 0:01:00.000000
sendTimeout: 0:01:00.000000
receiveTimeout: 0:01:00.000000
transformTimeout: null
receiveDataWhenStatusError: true
extra: {}

*** Response ***
uri: http://127.0.0.1:9800/api/v1/workspaces/802/projects?page=1&size=50

handleResponse_response /api/v1/workspaces/802/projects : false {"code":403,"msg":"非工作区成员"}; 
*** Request ***
uri: http://127.0.0.1:9800/api/v1/workspaces/802/projects?page=1&size=50
method: GET
responseType: ResponseType.json
followRedirects: true
persistentConnection: true
connectTimeout: 0:01:00.000000
sendTimeout: 0:01:00.000000
receiveTimeout: 0:01:00.000000
transformTimeout: null
receiveDataWhenStatusError: true
extra: {}

*** Response ***
uri: http://127.0.0.1:9800/api/v1/workspaces/802/projects?page=1&size=50

handleResponse_response /api/v1/workspaces/802/projects : false {"code":403,"msg":"非工作区成员"}; 
*** Request ***
uri: http://127.0.0.1:9800/api/v1/workspaces/802/projects?page=1&size=50
method: GET
responseType: ResponseType.json
followRedirects: true
persistentConnection: true
connectTimeout: 0:01:00.000000
sendTimeout: 0:01:00.000000
receiveTimeout: 0:01:00.000000
transformTimeout: null
receiveDataWhenStatusError: true
extra: {}

*** Response ***
uri: http://127.0.0.1:9800/api/v1/workspaces/802/projects?page=1&size=50

handleResponse_response /api/v1/workspaces/802/projects : false {"code":403,"msg":"非工作区成员"}; 
*** Request ***
uri: http://127.0.0.1:9800/api/v1/workspaces/802/projects?page=1&size=50
method: GET
responseType: ResponseType.json
followRedirects: true
persistentConnection: true
connectTimeout: 0:01:00.000000
sendTimeout: 0:01:00.000000
receiveTimeout: 0:01:00.000000
transformTimeout: null
receiveDataWhenStatusError: true
extra: {}

*** Response ***
uri: http://127.0.0.1:9800/api/v1/workspaces/802/projects?page=1&size=50

handleResponse_response /api/v1/workspaces/802/projects : false {"code":403,"msg":"非工作区成员"}; 
00:09 +201: /Users/leeyi/project/imboy.pub/imboyapp/test/organization/ux_matrix/organization_pages_ux_matrix_test.dart: OrganizationHomePage：viewport/textScale/dark 矩阵（无 danger 入口 → N/A）
00:09 +201: /Users/leeyi/project/imboy.pub/imboyapp/test/organization/organization_tools_page_widget_test.dart: 权限终态：org detail 403 → 无权查看（无重试）
*** Request ***
uri: http://127.0.0.1:9800/api/v1/organizations/900
method: GET
responseType: ResponseType.json
followRedirects: true
persistentConnection: true
connectTimeout: 0:01:00.000000
sendTimeout: 0:01:00.000000
receiveTimeout: 0:01:00.000000
transformTimeout: null
receiveDataWhenStatusError: true
extra: {}

*** Response ***
uri: http://127.0.0.1:9800/api/v1/organizations/900

handleResponse_response /api/v1/organizations/900 : false {"code":403,"msg":"forbidden"}; 
00:09 +202: /Users/leeyi/project/imboy.pub/imboyapp/test/organization/ux_matrix/organization_pages_ux_matrix_test.dart: OrganizationHomePage：viewport/textScale/dark 矩阵（无 danger 入口 → N/A）
00:09 +202: /Users/leeyi/project/imboy.pub/imboyapp/test/organization/organization_tools_page_widget_test.dart: 切 Org 原子重建：新 org 参数下重新读服务端，旧企业资源不残留
*** Request ***
uri: http://127.0.0.1:9800/api/v1/organizations/900
method: GET
responseType: ResponseType.json
followRedirects: true
persistentConnection: true
connectTimeout: 0:01:00.000000
sendTimeout: 0:01:00.000000
receiveTimeout: 0:01:00.000000
transformTimeout: null
receiveDataWhenStatusError: true
extra: {}

*** Response ***
uri: http://127.0.0.1:9800/api/v1/organizations/900

*** Request ***
uri: http://127.0.0.1:9800/api/v1/workspaces/mine?page=1&size=100
method: GET
responseType: ResponseType.json
followRedirects: true
persistentConnection: true
connectTimeout: 0:01:00.000000
sendTimeout: 0:01:00.000000
receiveTimeout: 0:01:00.000000
transformTimeout: null
receiveDataWhenStatusError: true
extra: {}

*** Response ***
uri: http://127.0.0.1:9800/api/v1/workspaces/mine?page=1&size=100

*** Request ***
uri: http://127.0.0.1:9800/api/v1/workspaces/801/projects?page=1&size=50
method: GET
responseType: ResponseType.json
followRedirects: true
persistentConnection: true
connectTimeout: 0:01:00.000000
sendTimeout: 0:01:00.000000
receiveTimeout: 0:01:00.000000
transformTimeout: null
receiveDataWhenStatusError: true
extra: {}

*** Request ***
uri: http://127.0.0.1:9800/api/v1/workspaces/802/projects?page=1&size=50
method: GET
responseType: ResponseType.json
followRedirects: true
persistentConnection: true
connectTimeout: 0:01:00.000000
sendTimeout: 0:01:00.000000
receiveTimeout: 0:01:00.000000
transformTimeout: null
receiveDataWhenStatusError: true
extra: {}

00:09 +203: /Users/leeyi/project/imboy.pub/imboyapp/test/organization/ux_matrix/organization_pages_ux_matrix_test.dart: OrganizationHomePage：viewport/textScale/dark 矩阵（无 danger 入口 → N/A）
00:09 +203: /Users/leeyi/project/imboy.pub/imboyapp/test/organization/organization_tools_page_widget_test.dart: 切 Org 原子重建：新 org 参数下重新读服务端，旧企业资源不残留
*** Response ***
uri: http://127.0.0.1:9800/api/v1/workspaces/801/projects?page=1&size=50

*** Response ***
uri: http://127.0.0.1:9800/api/v1/workspaces/802/projects?page=1&size=50

*** Request ***
uri: http://127.0.0.1:9800/api/v1/organizations/901
method: GET
responseType: ResponseType.json
followRedirects: true
persistentConnection: true
connectTimeout: 0:01:00.000000
sendTimeout: 0:01:00.000000
receiveTimeout: 0:01:00.000000
transformTimeout: null
receiveDataWhenStatusError: true
extra: {}

*** Response ***
uri: http://127.0.0.1:9800/api/v1/organizations/901

*** Request ***
uri: http://127.0.0.1:9800/api/v1/workspaces/mine?page=1&size=100
method: GET
responseType: ResponseType.json
followRedirects: true
persistentConnection: true
connectTimeout: 0:01:00.000000
sendTimeout: 0:01:00.000000
receiveTimeout: 0:01:00.000000
transformTimeout: null
receiveDataWhenStatusError: true
extra: {}

*** Response ***
uri: http://127.0.0.1:9800/api/v1/workspaces/mine?page=1&size=100

*** Request ***
uri: http://127.0.0.1:9800/api/v1/workspaces/801/projects?page=1&size=50
method: GET
responseType: ResponseType.json
followRedirects: true
persistentConnection: true
connectTimeout: 0:01:00.000000
sendTimeout: 0:01:00.000000
receiveTimeout: 0:01:00.000000
transformTimeout: null
receiveDataWhenStatusError: true
extra: {}

*** Request ***
uri: http://127.0.0.1:9800/api/v1/workspaces/802/projects?page=1&size=50
method: GET
responseType: ResponseType.json
followRedirects: true
persistentConnection: true
connectTimeout: 0:01:00.000000
sendTimeout: 0:01:00.000000
receiveTimeout: 0:01:00.000000
transformTimeout: null
receiveDataWhenStatusError: true
extra: {}

*** Response ***
uri: http://127.0.0.1:9800/api/v1/workspaces/801/projects?page=1&size=50

*** Response ***
uri: http://127.0.0.1:9800/api/v1/workspaces/802/projects?page=1&size=50

00:09 +204: /Users/leeyi/project/imboy.pub/imboyapp/test/organization/ux_matrix/organization_pages_ux_matrix_test.dart: OrganizationHomePage：viewport/textScale/dark 矩阵（无 danger 入口 → N/A）
00:09 +205: /Users/leeyi/project/imboy.pub/imboyapp/test/organization/ux_matrix/organization_pages_ux_matrix_test.dart: OrganizationHomePage：viewport/textScale/dark 矩阵（无 danger 入口 → N/A）
00:09 +205: /Users/leeyi/project/imboy.pub/imboyapp/test/organization/organization_tools_page_widget_test.dart: 空态：本企业没有已加入的工作区
*** Request ***
uri: http://127.0.0.1:9800/api/v1/organizations/900
method: GET
responseType: ResponseType.json
followRedirects: true
persistentConnection: true
connectTimeout: 0:01:00.000000
sendTimeout: 0:01:00.000000
receiveTimeout: 0:01:00.000000
transformTimeout: null
receiveDataWhenStatusError: true
extra: {}

*** Response ***
uri: http://127.0.0.1:9800/api/v1/organizations/900

*** Request ***
uri: http://127.0.0.1:9800/api/v1/workspaces/mine?page=1&size=100
method: GET
responseType: ResponseType.json
followRedirects: true
persistentConnection: true
connectTimeout: 0:01:00.000000
sendTimeout: 0:01:00.000000
receiveTimeout: 0:01:00.000000
transformTimeout: null
receiveDataWhenStatusError: true
extra: {}

*** Response ***
uri: http://127.0.0.1:9800/api/v1/workspaces/mine?page=1&size=100

00:09 +206: /Users/leeyi/project/imboy.pub/imboyapp/test/organization/ux_matrix/organization_pages_ux_matrix_test.dart: OrganizationHomePage：viewport/textScale/dark 矩阵（无 danger 入口 → N/A）
00:09 +207: /Users/leeyi/project/imboy.pub/imboyapp/test/organization/ux_matrix/organization_pages_ux_matrix_test.dart: OrganizationHomePage：viewport/textScale/dark 矩阵（无 danger 入口 → N/A）
00:10 +207: /Users/leeyi/project/imboy.pub/imboyapp/test/organization/organization_api_contract_test.dart: 组织本体 mine：GET 分页 + 信封解析（TSID 无损转 string）
*** Request ***
uri: http://127.0.0.1:9800/api/v1/organizations/mine?page=2&size=10
method: GET
responseType: ResponseType.json
followRedirects: true
persistentConnection: true
connectTimeout: 0:01:00.000000
sendTimeout: 0:01:00.000000
receiveTimeout: 0:01:00.000000
transformTimeout: null
receiveDataWhenStatusError: true
extra: {}

*** Response ***
uri: http://127.0.0.1:9800/api/v1/organizations/mine?page=2&size=10

00:10 +208: /Users/leeyi/project/imboy.pub/imboyapp/test/organization/ux_matrix/organization_pages_ux_matrix_test.dart: OrganizationHomePage：viewport/textScale/dark 矩阵（无 danger 入口 → N/A）
00:10 +208: /Users/leeyi/project/imboy.pub/imboyapp/test/organization/organization_api_contract_test.dart: 组织本体 create：POST 名称
*** Request ***
uri: http://127.0.0.1:9800/api/v1/organizations
method: POST
responseType: ResponseType.json
followRedirects: true
persistentConnection: true
connectTimeout: 0:01:00.000000
sendTimeout: 0:01:00.000000
receiveTimeout: 0:01:00.000000
transformTimeout: null
receiveDataWhenStatusError: true
extra: {}

*** Response ***
uri: http://127.0.0.1:9800/api/v1/organizations

00:10 +209: /Users/leeyi/project/imboy.pub/imboyapp/test/organization/ux_matrix/organization_pages_ux_matrix_test.dart: OrganizationHomePage：viewport/textScale/dark 矩阵（无 danger 入口 → N/A）
00:10 +209: /Users/leeyi/project/imboy.pub/imboyapp/test/organization/organization_api_contract_test.dart: 组织本体 archive / restore：POST 子路径
*** Request ***
uri: http://127.0.0.1:9800/api/v1/organizations/7266418340025468930/archive
method: POST
responseType: ResponseType.json
followRedirects: true
persistentConnection: true
connectTimeout: 0:01:00.000000
sendTimeout: 0:01:00.000000
receiveTimeout: 0:01:00.000000
transformTimeout: null
receiveDataWhenStatusError: true
extra: {}

*** Response ***
uri: http://127.0.0.1:9800/api/v1/organizations/7266418340025468930/archive

*** Request ***
uri: http://127.0.0.1:9800/api/v1/organizations/7266418340025468930/restore
method: POST
responseType: ResponseType.json
followRedirects: true
persistentConnection: true
connectTimeout: 0:01:00.000000
sendTimeout: 0:01:00.000000
receiveTimeout: 0:01:00.000000
transformTimeout: null
receiveDataWhenStatusError: true
extra: {}

*** Response ***
uri: http://127.0.0.1:9800/api/v1/organizations/7266418340025468930/restore

00:10 +210: /Users/leeyi/project/imboy.pub/imboyapp/test/organization/ux_matrix/organization_pages_ux_matrix_test.dart: OrganizationHomePage：viewport/textScale/dark 矩阵（无 danger 入口 → N/A）
00:10 +210: /Users/leeyi/project/imboy.pub/imboyapp/test/organization/organization_api_contract_test.dart: C11：邀请只走 v2 面，legacy direct-add 不存在 createInvitation：POST /invitations 且带 user_id；一次性 token 透传
*** Request ***
uri: http://127.0.0.1:9800/api/v1/organizations/7266418340025468930/invitations
method: POST
responseType: ResponseType.json
followRedirects: true
persistentConnection: true
connectTimeout: 0:01:00.000000
sendTimeout: 0:01:00.000000
receiveTimeout: 0:01:00.000000
transformTimeout: null
receiveDataWhenStatusError: true
extra: {}

*** Response ***
uri: http://127.0.0.1:9800/api/v1/organizations/7266418340025468930/invitations

00:10 +211: /Users/leeyi/project/imboy.pub/imboyapp/test/organization/ux_matrix/organization_pages_ux_matrix_test.dart: OrganizationHomePage：viewport/textScale/dark 矩阵（无 danger 入口 → N/A）
00:10 +211: /Users/leeyi/project/imboy.pub/imboyapp/test/organization/organization_api_contract_test.dart: C11：邀请只走 v2 面，legacy direct-add 不存在 acceptInvitation：POST /accept 且带 token
*** Request ***
uri: http://127.0.0.1:9800/api/v1/organizations/7266418340025468930/invitations/accept
method: POST
responseType: ResponseType.json
followRedirects: true
persistentConnection: true
connectTimeout: 0:01:00.000000
sendTimeout: 0:01:00.000000
receiveTimeout: 0:01:00.000000
transformTimeout: null
receiveDataWhenStatusError: true
extra: {}

*** Response ***
uri: http://127.0.0.1:9800/api/v1/organizations/7266418340025468930/invitations/accept

00:10 +212: /Users/leeyi/project/imboy.pub/imboyapp/test/organization/ux_matrix/organization_pages_ux_matrix_test.dart: OrganizationHomePage：viewport/textScale/dark 矩阵（无 danger 入口 → N/A）
00:10 +212: /Users/leeyi/project/imboy.pub/imboyapp/test/organization/organization_api_contract_test.dart: C11：邀请只走 v2 面，legacy direct-add 不存在 acceptInvitation：免口令（缺省 token）→ 空 body（P0 定向邀请直达）
*** Request ***
uri: http://127.0.0.1:9800/api/v1/organizations/7266418340025468930/invitations/accept
method: POST
responseType: ResponseType.json
followRedirects: true
persistentConnection: true
connectTimeout: 0:01:00.000000
sendTimeout: 0:01:00.000000
receiveTimeout: 0:01:00.000000
transformTimeout: null
receiveDataWhenStatusError: true
extra: {}

*** Response ***
uri: http://127.0.0.1:9800/api/v1/organizations/7266418340025468930/invitations/accept

00:10 +213: /Users/leeyi/project/imboy.pub/imboyapp/test/organization/ux_matrix/organization_pages_ux_matrix_test.dart: OrganizationHomePage：viewport/textScale/dark 矩阵（无 danger 入口 → N/A）
00:10 +213: /Users/leeyi/project/imboy.pub/imboyapp/test/organization/organization_api_contract_test.dart: C11：邀请只走 v2 面，legacy direct-add 不存在 reject / revoke：invitation_id 子路径 POST
*** Request ***
uri: http://127.0.0.1:9800/api/v1/organizations/7266418340025468930/invitations/910000020/reject
method: POST
responseType: ResponseType.json
followRedirects: true
persistentConnection: true
connectTimeout: 0:01:00.000000
sendTimeout: 0:01:00.000000
receiveTimeout: 0:01:00.000000
transformTimeout: null
receiveDataWhenStatusError: true
extra: {}

*** Response ***
uri: http://127.0.0.1:9800/api/v1/organizations/7266418340025468930/invitations/910000020/reject

*** Request ***
uri: http://127.0.0.1:9800/api/v1/organizations/7266418340025468930/invitations/910000020/revoke
method: POST
responseType: ResponseType.json
followRedirects: true
persistentConnection: true
connectTimeout: 0:01:00.000000
sendTimeout: 0:01:00.000000
receiveTimeout: 0:01:00.000000
transformTimeout: null
receiveDataWhenStatusError: true
extra: {}

*** Response ***
uri: http://127.0.0.1:9800/api/v1/organizations/7266418340025468930/invitations/910000020/revoke

00:10 +214: /Users/leeyi/project/imboy.pub/imboyapp/test/organization/ux_matrix/organization_pages_ux_matrix_test.dart: OrganizationHomePage：viewport/textScale/dark 矩阵（无 danger 入口 → N/A）
00:10 +214: /Users/leeyi/project/imboy.pub/imboyapp/test/organization/organization_api_contract_test.dart: C11：邀请只走 v2 面，legacy direct-add 不存在 myInvitations / orgInvitations：GET 列表（status/limit 透传）
*** Request ***
uri: http://127.0.0.1:9800/api/v1/organizations/invitations/mine?limit=5&status=pending
method: GET
responseType: ResponseType.json
followRedirects: true
persistentConnection: true
connectTimeout: 0:01:00.000000
sendTimeout: 0:01:00.000000
receiveTimeout: 0:01:00.000000
transformTimeout: null
receiveDataWhenStatusError: true
extra: {}

*** Response ***
uri: http://127.0.0.1:9800/api/v1/organizations/invitations/mine?limit=5&status=pending

*** Request ***
uri: http://127.0.0.1:9800/api/v1/organizations/7266418340025468930/invitations?limit=20
method: GET
responseType: ResponseType.json
followRedirects: true
persistentConnection: true
connectTimeout: 0:01:00.000000
sendTimeout: 0:01:00.000000
receiveTimeout: 0:01:00.000000
transformTimeout: null
receiveDataWhenStatusError: true
extra: {}

*** Response ***
uri: http://127.0.0.1:9800/api/v1/organizations/7266418340025468930/invitations?limit=20

00:10 +215: /Users/leeyi/project/imboy.pub/imboyapp/test/organization/ux_matrix/organization_pages_ux_matrix_test.dart: OrganizationHomePage：viewport/textScale/dark 矩阵（无 danger 入口 → N/A）
00:10 +215: /Users/leeyi/project/imboy.pub/imboyapp/test/organization/organization_api_contract_test.dart: 成员治理（403 权限态是普通成员的预期结果） members：GET 分页
*** Request ***
uri: http://127.0.0.1:9800/api/v1/organizations/7266418340025468930/members?page=1&size=10
method: GET
responseType: ResponseType.json
followRedirects: true
persistentConnection: true
connectTimeout: 0:01:00.000000
sendTimeout: 0:01:00.000000
receiveTimeout: 0:01:00.000000
transformTimeout: null
receiveDataWhenStatusError: true
extra: {}

*** Response ***
uri: http://127.0.0.1:9800/api/v1/organizations/7266418340025468930/members?page=1&size=10

00:10 +216: /Users/leeyi/project/imboy.pub/imboyapp/test/organization/ux_matrix/organization_pages_ux_matrix_test.dart: OrganizationHomePage：viewport/textScale/dark 矩阵（无 danger 入口 → N/A）
00:10 +216: /Users/leeyi/project/imboy.pub/imboyapp/test/organization/organization_api_contract_test.dart: 成员治理（403 权限态是普通成员的预期结果） changeRole：PUT role；removeMember：DELETE
*** Request ***
uri: http://127.0.0.1:9800/api/v1/organizations/7266418340025468930/members/1002/role
method: PUT
responseType: ResponseType.json
followRedirects: true
persistentConnection: true
connectTimeout: 0:01:00.000000
sendTimeout: 0:01:00.000000
receiveTimeout: 0:01:00.000000
transformTimeout: null
receiveDataWhenStatusError: true
extra: {}

*** Response ***
uri: http://127.0.0.1:9800/api/v1/organizations/7266418340025468930/members/1002/role

*** Request ***
uri: http://127.0.0.1:9800/api/v1/organizations/7266418340025468930/members/1002
method: DELETE
responseType: ResponseType.json
followRedirects: true
persistentConnection: true
connectTimeout: 0:01:00.000000
sendTimeout: 0:01:00.000000
receiveTimeout: 0:01:00.000000
transformTimeout: null
receiveDataWhenStatusError: true
extra: {}

*** Response ***
uri: http://127.0.0.1:9800/api/v1/organizations/7266418340025468930/members/1002

00:10 +217: /Users/leeyi/project/imboy.pub/imboyapp/test/organization/ux_matrix/organization_pages_ux_matrix_test.dart: OrganizationHomePage：viewport/textScale/dark 矩阵（无 danger 入口 → N/A）
00:10 +217: /Users/leeyi/project/imboy.pub/imboyapp/test/organization/organization_api_contract_test.dart: 成员治理（403 权限态是普通成员的预期结果） transferOwner：POST transfer_owner 且带 user_id
*** Request ***
uri: http://127.0.0.1:9800/api/v1/organizations/7266418340025468930/members/transfer_owner
method: POST
responseType: ResponseType.json
followRedirects: true
persistentConnection: true
connectTimeout: 0:01:00.000000
sendTimeout: 0:01:00.000000
receiveTimeout: 0:01:00.000000
transformTimeout: null
receiveDataWhenStatusError: true
extra: {}

*** Response ***
uri: http://127.0.0.1:9800/api/v1/organizations/7266418340025468930/members/transfer_owner

00:10 +218: /Users/leeyi/project/imboy.pub/imboyapp/test/organization/ux_matrix/organization_pages_ux_matrix_test.dart: OrganizationHomePage：viewport/textScale/dark 矩阵（无 danger 入口 → N/A）
00:10 +218: /Users/leeyi/project/imboy.pub/imboyapp/test/organization/organization_api_contract_test.dart: 成员治理（403 权限态是普通成员的预期结果） ENT-APP-04 suspend：POST 子路径 + 响应解析为 suspended 成员行
*** Request ***
uri: http://127.0.0.1:9800/api/v1/organizations/7266418340025468930/members/1002/suspend
method: POST
responseType: ResponseType.json
followRedirects: true
persistentConnection: true
connectTimeout: 0:01:00.000000
sendTimeout: 0:01:00.000000
receiveTimeout: 0:01:00.000000
transformTimeout: null
receiveDataWhenStatusError: true
extra: {}

*** Response ***
uri: http://127.0.0.1:9800/api/v1/organizations/7266418340025468930/members/1002/suspend

00:10 +219: /Users/leeyi/project/imboy.pub/imboyapp/test/organization/ux_matrix/organization_pages_ux_matrix_test.dart: OrganizationHomePage：viewport/textScale/dark 矩阵（无 danger 入口 → N/A）
00:10 +219: /Users/leeyi/project/imboy.pub/imboyapp/test/organization/organization_api_contract_test.dart: 成员治理（403 权限态是普通成员的预期结果） ENT-APP-04 restore：POST 子路径 + 响应解析为 active 成员行
*** Request ***
uri: http://127.0.0.1:9800/api/v1/organizations/7266418340025468930/members/1002/restore
method: POST
responseType: ResponseType.json
followRedirects: true
persistentConnection: true
connectTimeout: 0:01:00.000000
sendTimeout: 0:01:00.000000
receiveTimeout: 0:01:00.000000
transformTimeout: null
receiveDataWhenStatusError: true
extra: {}

*** Response ***
uri: http://127.0.0.1:9800/api/v1/organizations/7266418340025468930/members/1002/restore

00:10 +220: /Users/leeyi/project/imboy.pub/imboyapp/test/organization/ux_matrix/organization_pages_ux_matrix_test.dart: OrganizationHomePage：viewport/textScale/dark 矩阵（无 danger 入口 → N/A）
00:10 +220: /Users/leeyi/project/imboy.pub/imboyapp/test/organization/organization_api_contract_test.dart: 成员治理（403 权限态是普通成员的预期结果） ENT-APP-04 offboard：POST 子路径 + 响应解析为 removed 终态行
*** Request ***
uri: http://127.0.0.1:9800/api/v1/organizations/7266418340025468930/members/1002/offboard
method: POST
responseType: ResponseType.json
followRedirects: true
persistentConnection: true
connectTimeout: 0:01:00.000000
sendTimeout: 0:01:00.000000
receiveTimeout: 0:01:00.000000
transformTimeout: null
receiveDataWhenStatusError: true
extra: {}

*** Response ***
uri: http://127.0.0.1:9800/api/v1/organizations/7266418340025468930/members/1002/offboard

00:10 +221: /Users/leeyi/project/imboy.pub/imboyapp/test/organization/ux_matrix/organization_pages_ux_matrix_test.dart: OrganizationHomePage：viewport/textScale/dark 矩阵（无 danger 入口 → N/A）
00:10 +221: /Users/leeyi/project/imboy.pub/imboyapp/test/organization/organization_api_contract_test.dart: 成员治理（403 权限态是普通成员的预期结果） ENT-APP-04 主 Owner suspend 被拒：409 → isConflict（EB-D07）
*** Request ***
uri: http://127.0.0.1:9800/api/v1/organizations/7266418340025468930/members/1001/suspend
method: POST
responseType: ResponseType.json
followRedirects: true
persistentConnection: true
connectTimeout: 0:01:00.000000
sendTimeout: 0:01:00.000000
receiveTimeout: 0:01:00.000000
transformTimeout: null
receiveDataWhenStatusError: true
extra: {}

*** Response ***
uri: http://127.0.0.1:9800/api/v1/organizations/7266418340025468930/members/1001/suspend

handleResponse_response /api/v1/organizations/7266418340025468930/members/1001/suspend : false {"code":409,"msg":"主 Owner 不能被暂停，请先转移 Owner"}; 
00:10 +222: /Users/leeyi/project/imboy.pub/imboyapp/test/organization/ux_matrix/organization_pages_ux_matrix_test.dart: OrganizationHomePage：viewport/textScale/dark 矩阵（无 danger 入口 → N/A）
00:10 +222: /Users/leeyi/project/imboy.pub/imboyapp/test/organization/organization_api_contract_test.dart: 成员治理（403 权限态是普通成员的预期结果） 普通成员拉列表 403 → isForbidden
*** Request ***
uri: http://127.0.0.1:9800/api/v1/organizations/7266418340025468930/members?page=1&size=10
method: GET
responseType: ResponseType.json
followRedirects: true
persistentConnection: true
connectTimeout: 0:01:00.000000
sendTimeout: 0:01:00.000000
receiveTimeout: 0:01:00.000000
transformTimeout: null
receiveDataWhenStatusError: true
extra: {}

*** Response ***
uri: http://127.0.0.1:9800/api/v1/organizations/7266418340025468930/members?page=1&size=10

handleResponse_response /api/v1/organizations/7266418340025468930/members : false {"code":403,"msg":"无权访问"}; 
00:10 +223: /Users/leeyi/project/imboy.pub/imboyapp/test/organization/ux_matrix/organization_pages_ux_matrix_test.dart: OrganizationHomePage：viewport/textScale/dark 矩阵（无 danger 入口 → N/A）
00:10 +223: /Users/leeyi/project/imboy.pub/imboyapp/test/organization/organization_api_contract_test.dart: 部门（ORG-04） departments：GET 列表（status 可选）
*** Request ***
uri: http://127.0.0.1:9800/api/v1/organizations/7266418340025468930/departments?status=active
method: GET
responseType: ResponseType.json
followRedirects: true
persistentConnection: true
connectTimeout: 0:01:00.000000
sendTimeout: 0:01:00.000000
receiveTimeout: 0:01:00.000000
transformTimeout: null
receiveDataWhenStatusError: true
extra: {}

*** Response ***
uri: http://127.0.0.1:9800/api/v1/organizations/7266418340025468930/departments?status=active

00:10 +224: /Users/leeyi/project/imboy.pub/imboyapp/test/organization/ux_matrix/organization_pages_ux_matrix_test.dart: OrganizationHomePage：viewport/textScale/dark 矩阵（无 danger 入口 → N/A）
00:10 +224: /Users/leeyi/project/imboy.pub/imboyapp/test/organization/organization_api_contract_test.dart: 部门（ORG-04） createDepartment：POST；moveDepartment：键名 parent_id（null=根）
*** Request ***
uri: http://127.0.0.1:9800/api/v1/organizations/7266418340025468930/departments
method: POST
responseType: ResponseType.json
followRedirects: true
persistentConnection: true
connectTimeout: 0:01:00.000000
sendTimeout: 0:01:00.000000
receiveTimeout: 0:01:00.000000
transformTimeout: null
receiveDataWhenStatusError: true
extra: {}

*** Response ***
uri: http://127.0.0.1:9800/api/v1/organizations/7266418340025468930/departments

*** Request ***
uri: http://127.0.0.1:9800/api/v1/organizations/7266418340025468930/departments/5/move
method: POST
responseType: ResponseType.json
followRedirects: true
persistentConnection: true
connectTimeout: 0:01:00.000000
sendTimeout: 0:01:00.000000
receiveTimeout: 0:01:00.000000
transformTimeout: null
receiveDataWhenStatusError: true
extra: {}

*** Response ***
uri: http://127.0.0.1:9800/api/v1/organizations/7266418340025468930/departments/5/move

00:10 +225: /Users/leeyi/project/imboy.pub/imboyapp/test/organization/ux_matrix/organization_pages_ux_matrix_test.dart: OrganizationHomePage：viewport/textScale/dark 矩阵（无 danger 入口 → N/A）
00:10 +225: /Users/leeyi/project/imboy.pub/imboyapp/test/organization/organization_api_contract_test.dart: 部门（ORG-04） departmentDetail：扁平 dept 行 + members
*** Request ***
uri: http://127.0.0.1:9800/api/v1/organizations/7266418340025468930/departments/5
method: GET
responseType: ResponseType.json
followRedirects: true
persistentConnection: true
connectTimeout: 0:01:00.000000
sendTimeout: 0:01:00.000000
receiveTimeout: 0:01:00.000000
transformTimeout: null
receiveDataWhenStatusError: true
extra: {}

*** Response ***
uri: http://127.0.0.1:9800/api/v1/organizations/7266418340025468930/departments/5

00:10 +226: /Users/leeyi/project/imboy.pub/imboyapp/test/organization/ux_matrix/organization_pages_ux_matrix_test.dart: OrganizationHomePage：viewport/textScale/dark 矩阵（无 danger 入口 → N/A）
00:10 +226: /Users/leeyi/project/imboy.pub/imboyapp/test/organization/organization_api_contract_test.dart: 部门（ORG-04） ENT-APP-05 removeDepartmentMember：DELETE item 路由
*** Request ***
uri: http://127.0.0.1:9800/api/v1/organizations/7266418340025468930/departments/5/members/1002
method: DELETE
responseType: ResponseType.json
followRedirects: true
persistentConnection: true
connectTimeout: 0:01:00.000000
sendTimeout: 0:01:00.000000
receiveTimeout: 0:01:00.000000
transformTimeout: null
receiveDataWhenStatusError: true
extra: {}

*** Response ***
uri: http://127.0.0.1:9800/api/v1/organizations/7266418340025468930/departments/5/members/1002

00:10 +227: /Users/leeyi/project/imboy.pub/imboyapp/test/organization/ux_matrix/organization_pages_ux_matrix_test.dart: OrganizationHomePage：viewport/textScale/dark 矩阵（无 danger 入口 → N/A）
00:10 +227: /Users/leeyi/project/imboy.pub/imboyapp/test/organization/organization_api_contract_test.dart: 部门（ORG-04） ENT-APP-05 setDepartmentAdmin：PUT admin 路由（true/false 同端点）
*** Request ***
uri: http://127.0.0.1:9800/api/v1/organizations/7266418340025468930/departments/5/members/1002/admin
method: PUT
responseType: ResponseType.json
followRedirects: true
persistentConnection: true
connectTimeout: 0:01:00.000000
sendTimeout: 0:01:00.000000
receiveTimeout: 0:01:00.000000
transformTimeout: null
receiveDataWhenStatusError: true
extra: {}

*** Response ***
uri: http://127.0.0.1:9800/api/v1/organizations/7266418340025468930/departments/5/members/1002/admin

*** Request ***
uri: http://127.0.0.1:9800/api/v1/organizations/7266418340025468930/departments/5/members/1002/admin
method: PUT
responseType: ResponseType.json
followRedirects: true
persistentConnection: true
connectTimeout: 0:01:00.000000
sendTimeout: 0:01:00.000000
receiveTimeout: 0:01:00.000000
transformTimeout: null
receiveDataWhenStatusError: true
extra: {}

*** Response ***
uri: http://127.0.0.1:9800/api/v1/organizations/7266418340025468930/departments/5/members/1002/admin

00:10 +228: /Users/leeyi/project/imboy.pub/imboyapp/test/organization/ux_matrix/organization_pages_ux_matrix_test.dart: OrganizationHomePage：viewport/textScale/dark 矩阵（无 danger 入口 → N/A）
00:10 +228: /Users/leeyi/project/imboy.pub/imboyapp/test/organization/organization_api_contract_test.dart: 部门（ORG-04） ENT-APP-05 rename/move 携带 expected_version（CAS 接通）
*** Request ***
uri: http://127.0.0.1:9800/api/v1/organizations/7266418340025468930/departments/5
method: PATCH
responseType: ResponseType.json
followRedirects: true
persistentConnection: true
connectTimeout: 0:01:00.000000
sendTimeout: 0:01:00.000000
receiveTimeout: 0:01:00.000000
transformTimeout: null
receiveDataWhenStatusError: true
extra: {}

*** Response ***
uri: http://127.0.0.1:9800/api/v1/organizations/7266418340025468930/departments/5

*** Request ***
uri: http://127.0.0.1:9800/api/v1/organizations/7266418340025468930/departments/5/move
method: POST
responseType: ResponseType.json
followRedirects: true
persistentConnection: true
connectTimeout: 0:01:00.000000
sendTimeout: 0:01:00.000000
receiveTimeout: 0:01:00.000000
transformTimeout: null
receiveDataWhenStatusError: true
extra: {}

*** Response ***
uri: http://127.0.0.1:9800/api/v1/organizations/7266418340025468930/departments/5/move

00:10 +229: /Users/leeyi/project/imboy.pub/imboyapp/test/organization/ux_matrix/organization_pages_ux_matrix_test.dart: OrganizationHomePage：viewport/textScale/dark 矩阵（无 danger 入口 → N/A）
00:10 +229: /Users/leeyi/project/imboy.pub/imboyapp/test/organization/organization_api_contract_test.dart: 部门（ORG-04） ENT-APP-05 移到自身/子孙：409 cycle → isConflict（错误态透传）
*** Request ***
uri: http://127.0.0.1:9800/api/v1/organizations/7266418340025468930/departments/5/move
method: POST
responseType: ResponseType.json
followRedirects: true
persistentConnection: true
connectTimeout: 0:01:00.000000
sendTimeout: 0:01:00.000000
receiveTimeout: 0:01:00.000000
transformTimeout: null
receiveDataWhenStatusError: true
extra: {}

*** Response ***
uri: http://127.0.0.1:9800/api/v1/organizations/7266418340025468930/departments/5/move

handleResponse_response /api/v1/organizations/7266418340025468930/departments/5/move : false {"code":409,"msg":"部门层级禁止成环"}; 
00:10 +230: /Users/leeyi/project/imboy.pub/imboyapp/test/organization/ux_matrix/organization_pages_ux_matrix_test.dart: OrganizationHomePage：viewport/textScale/dark 矩阵（无 danger 入口 → N/A）
00:10 +230: /Users/leeyi/project/imboy.pub/imboyapp/test/organization/organization_api_contract_test.dart: 部门（ORG-04） ENT-APP-05 旧 version CAS 不符：409 conflict → isConflict（刷新重试）
*** Request ***
uri: http://127.0.0.1:9800/api/v1/organizations/7266418340025468930/departments/5
method: PATCH
responseType: ResponseType.json
followRedirects: true
persistentConnection: true
connectTimeout: 0:01:00.000000
sendTimeout: 0:01:00.000000
receiveTimeout: 0:01:00.000000
transformTimeout: null
receiveDataWhenStatusError: true
extra: {}

*** Response ***
uri: http://127.0.0.1:9800/api/v1/organizations/7266418340025468930/departments/5

handleResponse_response /api/v1/organizations/7266418340025468930/departments/5 : false {"code":409,"msg":"部门已被并发修改，请刷新版本后重试"}; 
00:10 +231: /Users/leeyi/project/imboy.pub/imboyapp/test/organization/ux_matrix/organization_pages_ux_matrix_test.dart: OrganizationHomePage：viewport/textScale/dark 矩阵（无 danger 入口 → N/A）
00:10 +231: /Users/leeyi/project/imboy.pub/imboyapp/test/organization/organization_api_contract_test.dart: 部门（ORG-04） ENT-APP-05 非授权者治理成员：403 actor_not_permitted → isForbidden
*** Request ***
uri: http://127.0.0.1:9800/api/v1/organizations/7266418340025468930/departments/5/members/1002
method: DELETE
responseType: ResponseType.json
followRedirects: true
persistentConnection: true
connectTimeout: 0:01:00.000000
sendTimeout: 0:01:00.000000
receiveTimeout: 0:01:00.000000
transformTimeout: null
receiveDataWhenStatusError: true
extra: {}

*** Response ***
uri: http://127.0.0.1:9800/api/v1/organizations/7266418340025468930/departments/5/members/1002

handleResponse_response /api/v1/organizations/7266418340025468930/departments/5/members/1002 : false {"code":403,"msg":"无权执行该部门操作"}; 
*** Request ***
uri: http://127.0.0.1:9800/api/v1/organizations/7266418340025468930/departments/5/members/1002/admin
method: PUT
responseType: ResponseType.json
followRedirects: true
persistentConnection: true
connectTimeout: 0:01:00.000000
sendTimeout: 0:01:00.000000
receiveTimeout: 0:01:00.000000
transformTimeout: null
receiveDataWhenStatusError: true
extra: {}

*** Response ***
uri: http://127.0.0.1:9800/api/v1/organizations/7266418340025468930/departments/5/members/1002/admin

handleResponse_response /api/v1/organizations/7266418340025468930/departments/5/members/1002/admin : false {"code":403,"msg":"无权执行该部门操作"}; 
00:10 +232: /Users/leeyi/project/imboy.pub/imboyapp/test/organization/ux_matrix/organization_pages_ux_matrix_test.dart: OrganizationHomePage：viewport/textScale/dark 矩阵（无 danger 入口 → N/A）
00:10 +232: /Users/leeyi/project/imboy.pub/imboyapp/test/organization/organization_api_contract_test.dart: C05 默认 Workspace 指针 + C17 预检 defaultWorkspace：null 出站 → isSet false
*** Request ***
uri: http://127.0.0.1:9800/api/v1/organizations/7266418340025468930/default-workspace
method: GET
responseType: ResponseType.json
followRedirects: true
persistentConnection: true
connectTimeout: 0:01:00.000000
sendTimeout: 0:01:00.000000
receiveTimeout: 0:01:00.000000
transformTimeout: null
receiveDataWhenStatusError: true
extra: {}

*** Response ***
uri: http://127.0.0.1:9800/api/v1/organizations/7266418340025468930/default-workspace

00:10 +233: /Users/leeyi/project/imboy.pub/imboyapp/test/organization/ux_matrix/organization_pages_ux_matrix_test.dart: OrganizationHomePage：viewport/textScale/dark 矩阵（无 danger 入口 → N/A）
00:10 +233: /Users/leeyi/project/imboy.pub/imboyapp/test/organization/organization_api_contract_test.dart: C05 默认 Workspace 指针 + C17 预检 setDefaultWorkspace / clearDefaultWorkspace
*** Request ***
uri: http://127.0.0.1:9800/api/v1/organizations/7266418340025468930/default-workspace
method: POST
responseType: ResponseType.json
followRedirects: true
persistentConnection: true
connectTimeout: 0:01:00.000000
sendTimeout: 0:01:00.000000
receiveTimeout: 0:01:00.000000
transformTimeout: null
receiveDataWhenStatusError: true
extra: {}

*** Response ***
uri: http://127.0.0.1:9800/api/v1/organizations/7266418340025468930/default-workspace

*** Request ***
uri: http://127.0.0.1:9800/api/v1/organizations/7266418340025468930/default-workspace
method: DELETE
responseType: ResponseType.json
followRedirects: true
persistentConnection: true
connectTimeout: 0:01:00.000000
sendTimeout: 0:01:00.000000
receiveTimeout: 0:01:00.000000
transformTimeout: null
receiveDataWhenStatusError: true
extra: {}

*** Response ***
uri: http://127.0.0.1:9800/api/v1/organizations/7266418340025468930/default-workspace

00:10 +234: /Users/leeyi/project/imboy.pub/imboyapp/test/organization/ux_matrix/organization_pages_ux_matrix_test.dart: OrganizationHomePage：viewport/textScale/dark 矩阵（无 danger 入口 → N/A）
00:10 +234: /Users/leeyi/project/imboy.pub/imboyapp/test/organization/organization_api_contract_test.dart: C05 默认 Workspace 指针 + C17 预检 deletionPreflight：payload 解析；503 = 事实不可用即拒
*** Request ***
uri: http://127.0.0.1:9800/api/v1/organizations/deletion-preflight
method: GET
responseType: ResponseType.json
followRedirects: true
persistentConnection: true
connectTimeout: 0:01:00.000000
sendTimeout: 0:01:00.000000
receiveTimeout: 0:01:00.000000
transformTimeout: null
receiveDataWhenStatusError: true
extra: {}

*** Response ***
uri: http://127.0.0.1:9800/api/v1/organizations/deletion-preflight

*** Request ***
uri: http://127.0.0.1:9800/api/v1/organizations/deletion-preflight
method: GET
responseType: ResponseType.json
followRedirects: true
persistentConnection: true
connectTimeout: 0:01:00.000000
sendTimeout: 0:01:00.000000
receiveTimeout: 0:01:00.000000
transformTimeout: null
receiveDataWhenStatusError: true
extra: {}

*** Response ***
uri: http://127.0.0.1:9800/api/v1/organizations/deletion-preflight

handleResponse_response /api/v1/organizations/deletion-preflight : false {"code":503,"msg":"DEPENDENCY_FACTS_UNAVAILABLE"}; 
00:10 +235: /Users/leeyi/project/imboy.pub/imboyapp/test/organization/ux_matrix/organization_pages_ux_matrix_test.dart: OrganizationHomePage：viewport/textScale/dark 矩阵（无 danger 入口 → N/A）
00:10 +235: /Users/leeyi/project/imboy.pub/imboyapp/test/organization/organization_members_page_widget_test.dart: owner 不可被非法治理：动作单只有说明行，无任何治理入口
*** Request ***
uri: http://127.0.0.1:9800/api/v1/organizations/7301/members?page=1&size=10
method: GET
responseType: ResponseType.json
followRedirects: true
persistentConnection: true
connectTimeout: 0:01:00.000000
sendTimeout: 0:01:00.000000
receiveTimeout: 0:01:00.000000
transformTimeout: null
receiveDataWhenStatusError: true
extra: {}

*** Response ***
uri: http://127.0.0.1:9800/api/v1/organizations/7301/members?page=1&size=10

00:10 +236: /Users/leeyi/project/imboy.pub/imboyapp/test/organization/ux_matrix/organization_pages_ux_matrix_test.dart: OrganizationHomePage：viewport/textScale/dark 矩阵（无 danger 入口 → N/A）
00:10 +236: /Users/leeyi/project/imboy.pub/imboyapp/test/organization/organization_members_page_widget_test.dart: Owner 移交需确认，成功刷新角色并收回再次移交入口
*** Request ***
uri: http://127.0.0.1:9800/api/v1/organizations/7301/members?page=1&size=10
method: GET
responseType: ResponseType.json
followRedirects: true
persistentConnection: true
connectTimeout: 0:01:00.000000
sendTimeout: 0:01:00.000000
receiveTimeout: 0:01:00.000000
transformTimeout: null
receiveDataWhenStatusError: true
extra: {}

*** Response ***
uri: http://127.0.0.1:9800/api/v1/organizations/7301/members?page=1&size=10

*** Request ***
uri: http://127.0.0.1:9800/api/v1/organizations/7301/members/transfer_owner
method: POST
responseType: ResponseType.json
followRedirects: true
persistentConnection: true
connectTimeout: 0:01:00.000000
sendTimeout: 0:01:00.000000
receiveTimeout: 0:01:00.000000
transformTimeout: null
receiveDataWhenStatusError: true
extra: {}

*** Response ***
uri: http://127.0.0.1:9800/api/v1/organizations/7301/members/transfer_owner

*** Request ***
uri: http://127.0.0.1:9800/api/v1/organizations/7301/members?page=1&size=10
method: GET
responseType: ResponseType.json
followRedirects: true
persistentConnection: true
connectTimeout: 0:01:00.000000
sendTimeout: 0:01:00.000000
receiveTimeout: 0:01:00.000000
transformTimeout: null
receiveDataWhenStatusError: true
extra: {}

*** Response ***
uri: http://127.0.0.1:9800/api/v1/organizations/7301/members?page=1&size=10

00:10 +237: /Users/leeyi/project/imboy.pub/imboyapp/test/organization/ux_matrix/organization_pages_ux_matrix_test.dart: OrganizationHomePage：viewport/textScale/dark 矩阵（无 danger 入口 → N/A）
00:10 +237: /Users/leeyi/project/imboy.pub/imboyapp/test/organization/organization_members_page_widget_test.dart: suspend：确认 → POST → 成员从列表消失（立即失去可见性）
*** Request ***
uri: http://127.0.0.1:9800/api/v1/organizations/7301/members?page=1&size=10
method: GET
responseType: ResponseType.json
followRedirects: true
persistentConnection: true
connectTimeout: 0:01:00.000000
sendTimeout: 0:01:00.000000
receiveTimeout: 0:01:00.000000
transformTimeout: null
receiveDataWhenStatusError: true
extra: {}

*** Response ***
uri: http://127.0.0.1:9800/api/v1/organizations/7301/members?page=1&size=10

*** Request ***
uri: http://127.0.0.1:9800/api/v1/organizations/7301/members/1002/suspend
method: POST
responseType: ResponseType.json
followRedirects: true
persistentConnection: true
connectTimeout: 0:01:00.000000
sendTimeout: 0:01:00.000000
receiveTimeout: 0:01:00.000000
transformTimeout: null
receiveDataWhenStatusError: true
extra: {}

*** Response ***
uri: http://127.0.0.1:9800/api/v1/organizations/7301/members/1002/suspend

*** Request ***
uri: http://127.0.0.1:9800/api/v1/organizations/7301/members?page=1&size=10
method: GET
responseType: ResponseType.json
followRedirects: true
persistentConnection: true
connectTimeout: 0:01:00.000000
sendTimeout: 0:01:00.000000
receiveTimeout: 0:01:00.000000
transformTimeout: null
receiveDataWhenStatusError: true
extra: {}

*** Response ***
uri: http://127.0.0.1:9800/api/v1/organizations/7301/members?page=1&size=10

00:10 +238: /Users/leeyi/project/imboy.pub/imboyapp/test/organization/ux_matrix/organization_pages_ux_matrix_test.dart: OrganizationHomePage：viewport/textScale/dark 矩阵（无 danger 入口 → N/A）
00:10 +238: /Users/leeyi/project/imboy.pub/imboyapp/test/organization/organization_members_page_widget_test.dart: suspended 行：restore 入口 → POST → 回到列表（恢复可见）
*** Request ***
uri: http://127.0.0.1:9800/api/v1/organizations/7301/members?page=1&size=10
method: GET
responseType: ResponseType.json
followRedirects: true
persistentConnection: true
connectTimeout: 0:01:00.000000
sendTimeout: 0:01:00.000000
receiveTimeout: 0:01:00.000000
transformTimeout: null
receiveDataWhenStatusError: true
extra: {}

*** Response ***
uri: http://127.0.0.1:9800/api/v1/organizations/7301/members?page=1&size=10

*** Request ***
uri: http://127.0.0.1:9800/api/v1/organizations/7301/members/1002/restore
method: POST
responseType: ResponseType.json
followRedirects: true
persistentConnection: true
connectTimeout: 0:01:00.000000
sendTimeout: 0:01:00.000000
receiveTimeout: 0:01:00.000000
transformTimeout: null
receiveDataWhenStatusError: true
extra: {}

*** Response ***
uri: http://127.0.0.1:9800/api/v1/organizations/7301/members/1002/restore

*** Request ***
uri: http://127.0.0.1:9800/api/v1/organizations/7301/members?page=1&size=10
method: GET
responseType: ResponseType.json
followRedirects: true
persistentConnection: true
connectTimeout: 0:01:00.000000
sendTimeout: 0:01:00.000000
receiveTimeout: 0:01:00.000000
transformTimeout: null
receiveDataWhenStatusError: true
extra: {}

*** Response ***
uri: http://127.0.0.1:9800/api/v1/organizations/7301/members?page=1&size=10

00:11 +239: /Users/leeyi/project/imboy.pub/imboyapp/test/organization/ux_matrix/organization_pages_ux_matrix_test.dart: OrganizationHomePage：viewport/textScale/dark 矩阵（无 danger 入口 → N/A）
00:11 +239: /Users/leeyi/project/imboy.pub/imboyapp/test/organization/organization_members_page_widget_test.dart: offboard：确认 → POST → 成员消失（removed 终态）
*** Request ***
uri: http://127.0.0.1:9800/api/v1/organizations/7301/members?page=1&size=10
method: GET
responseType: ResponseType.json
followRedirects: true
persistentConnection: true
connectTimeout: 0:01:00.000000
sendTimeout: 0:01:00.000000
receiveTimeout: 0:01:00.000000
transformTimeout: null
receiveDataWhenStatusError: true
extra: {}

*** Response ***
uri: http://127.0.0.1:9800/api/v1/organizations/7301/members?page=1&size=10

*** Request ***
uri: http://127.0.0.1:9800/api/v1/organizations/7301/members/1002/offboard
method: POST
responseType: ResponseType.json
followRedirects: true
persistentConnection: true
connectTimeout: 0:01:00.000000
sendTimeout: 0:01:00.000000
receiveTimeout: 0:01:00.000000
transformTimeout: null
receiveDataWhenStatusError: true
extra: {}

*** Response ***
uri: http://127.0.0.1:9800/api/v1/organizations/7301/members/1002/offboard

*** Request ***
uri: http://127.0.0.1:9800/api/v1/organizations/7301/members?page=1&size=10
method: GET
responseType: ResponseType.json
followRedirects: true
persistentConnection: true
connectTimeout: 0:01:00.000000
sendTimeout: 0:01:00.000000
receiveTimeout: 0:01:00.000000
transformTimeout: null
receiveDataWhenStatusError: true
extra: {}

*** Response ***
uri: http://127.0.0.1:9800/api/v1/organizations/7301/members?page=1&size=10

00:11 +240: /Users/leeyi/project/imboy.pub/imboyapp/test/organization/ux_matrix/organization_pages_ux_matrix_test.dart: OrganizationHomePage：viewport/textScale/dark 矩阵（无 danger 入口 → N/A）
00:11 +240: /Users/leeyi/project/imboy.pub/imboyapp/test/organization/organization_members_page_widget_test.dart: 命令失败不假成功：500 → SnackBar 错误态 + 成员保留
*** Request ***
uri: http://127.0.0.1:9800/api/v1/organizations/7301/members?page=1&size=10
method: GET
responseType: ResponseType.json
followRedirects: true
persistentConnection: true
connectTimeout: 0:01:00.000000
sendTimeout: 0:01:00.000000
receiveTimeout: 0:01:00.000000
transformTimeout: null
receiveDataWhenStatusError: true
extra: {}

*** Response ***
uri: http://127.0.0.1:9800/api/v1/organizations/7301/members?page=1&size=10

*** Request ***
uri: http://127.0.0.1:9800/api/v1/organizations/7301/members/1002/suspend
method: POST
responseType: ResponseType.json
followRedirects: true
persistentConnection: true
connectTimeout: 0:01:00.000000
sendTimeout: 0:01:00.000000
receiveTimeout: 0:01:00.000000
transformTimeout: null
receiveDataWhenStatusError: true
extra: {}

*** Response ***
uri: http://127.0.0.1:9800/api/v1/organizations/7301/members/1002/suspend

*** Request ***
uri: http://127.0.0.1:9800/api/v1/organizations/7301/members?page=1&size=10
method: GET
responseType: ResponseType.json
followRedirects: true
persistentConnection: true
connectTimeout: 0:01:00.000000
sendTimeout: 0:01:00.000000
receiveTimeout: 0:01:00.000000
transformTimeout: null
receiveDataWhenStatusError: true
extra: {}

*** Response ***
uri: http://127.0.0.1:9800/api/v1/organizations/7301/members?page=1&size=10

00:11 +241: /Users/leeyi/project/imboy.pub/imboyapp/test/organization/ux_matrix/organization_pages_ux_matrix_test.dart: OrganizationHomePage：viewport/textScale/dark 矩阵（无 danger 入口 → N/A）
00:11 +241: /Users/leeyi/project/imboy.pub/imboyapp/test/organization/organization_members_page_widget_test.dart: 查看详情：动作单 → 成员详情页（真路由跳转）
*** Request ***
uri: http://127.0.0.1:9800/api/v1/organizations/7301/members?page=1&size=10
method: GET
responseType: ResponseType.json
followRedirects: true
persistentConnection: true
connectTimeout: 0:01:00.000000
sendTimeout: 0:01:00.000000
receiveTimeout: 0:01:00.000000
transformTimeout: null
receiveDataWhenStatusError: true
extra: {}

*** Response ***
uri: http://127.0.0.1:9800/api/v1/organizations/7301/members?page=1&size=10

*** Request ***
uri: http://127.0.0.1:9800/api/v1/organizations/7301/members/1002/workspaces
method: GET
responseType: ResponseType.json
followRedirects: true
persistentConnection: true
connectTimeout: 0:01:00.000000
sendTimeout: 0:01:00.000000
receiveTimeout: 0:01:00.000000
transformTimeout: null
receiveDataWhenStatusError: true
extra: {}

*** Response ***
uri: http://127.0.0.1:9800/api/v1/organizations/7301/members/1002/workspaces

00:11 +242: /Users/leeyi/project/imboy.pub/imboyapp/test/organization/ux_matrix/organization_pages_ux_matrix_test.dart: OrganizationHomePage：viewport/textScale/dark 矩阵（无 danger 入口 → N/A）
00:11 +242: /Users/leeyi/project/imboy.pub/imboyapp/test/organization/organization_detail_hub_widget_test.dart: owner 聚合渲染：企业头 + 五域入口 + 管理员区 + danger
*** Request ***
uri: http://127.0.0.1:9800/api/v1/organizations/7266418340025468901
method: GET
responseType: ResponseType.json
followRedirects: true
persistentConnection: true
connectTimeout: 0:01:00.000000
sendTimeout: 0:01:00.000000
receiveTimeout: 0:01:00.000000
transformTimeout: null
receiveDataWhenStatusError: true
extra: {}

*** Response ***
uri: http://127.0.0.1:9800/api/v1/organizations/7266418340025468901

*** Request ***
uri: http://127.0.0.1:9800/api/v1/organizations/7266418340025468901/default-workspace
method: GET
responseType: ResponseType.json
followRedirects: true
persistentConnection: true
connectTimeout: 0:01:00.000000
sendTimeout: 0:01:00.000000
receiveTimeout: 0:01:00.000000
transformTimeout: null
receiveDataWhenStatusError: true
extra: {}

*** Response ***
uri: http://127.0.0.1:9800/api/v1/organizations/7266418340025468901/default-workspace

00:11 +242: /Users/leeyi/project/imboy.pub/imboyapp/test/organization/organization_departments_page_widget_test.dart: 移动按名称选择父部门，隐藏自身子孙与归档目标
*** Request ***
uri: http://127.0.0.1:9800/api/v1/organizations/7301/departments
method: GET
responseType: ResponseType.json
followRedirects: true
persistentConnection: true
connectTimeout: 0:01:00.000000
sendTimeout: 0:01:00.000000
receiveTimeout: 0:01:00.000000
transformTimeout: null
receiveDataWhenStatusError: true
extra: {}

*** Response ***
uri: http://127.0.0.1:9800/api/v1/organizations/7301/departments

00:11 +243: /Users/leeyi/project/imboy.pub/imboyapp/test/organization/organization_detail_hub_widget_test.dart: owner 聚合渲染：企业头 + 五域入口 + 管理员区 + danger
00:11 +243: /Users/leeyi/project/imboy.pub/imboyapp/test/organization/organization_departments_page_widget_test.dart: 移动按名称选择父部门，隐藏自身子孙与归档目标
*** Request ***
uri: http://127.0.0.1:9800/api/v1/organizations/7301/departments/100/move
method: POST
responseType: ResponseType.json
followRedirects: true
persistentConnection: true
connectTimeout: 0:01:00.000000
sendTimeout: 0:01:00.000000
receiveTimeout: 0:01:00.000000
transformTimeout: null
receiveDataWhenStatusError: true
extra: {}

*** Response ***
uri: http://127.0.0.1:9800/api/v1/organizations/7301/departments/100/move

*** Request ***
uri: http://127.0.0.1:9800/api/v1/organizations/7301/departments
method: GET
responseType: ResponseType.json
followRedirects: true
persistentConnection: true
connectTimeout: 0:01:00.000000
sendTimeout: 0:01:00.000000
receiveTimeout: 0:01:00.000000
transformTimeout: null
receiveDataWhenStatusError: true
extra: {}

*** Response ***
uri: http://127.0.0.1:9800/api/v1/organizations/7301/departments

00:11 +244: /Users/leeyi/project/imboy.pub/imboyapp/test/organization/organization_detail_hub_widget_test.dart: owner 聚合渲染：企业头 + 五域入口 + 管理员区 + danger
00:11 +244: /Users/leeyi/project/imboy.pub/imboyapp/test/organization/organization_departments_page_widget_test.dart: 选择器打开后层级改变，服务端仍拒绝成环并刷新
*** Request ***
uri: http://127.0.0.1:9800/api/v1/organizations/7301/departments
method: GET
responseType: ResponseType.json
followRedirects: true
persistentConnection: true
connectTimeout: 0:01:00.000000
sendTimeout: 0:01:00.000000
receiveTimeout: 0:01:00.000000
transformTimeout: null
receiveDataWhenStatusError: true
extra: {}

*** Response ***
uri: http://127.0.0.1:9800/api/v1/organizations/7301/departments

*** Request ***
uri: http://127.0.0.1:9800/api/v1/organizations/7301/departments/100/move
method: POST
responseType: ResponseType.json
followRedirects: true
persistentConnection: true
connectTimeout: 0:01:00.000000
sendTimeout: 0:01:00.000000
receiveTimeout: 0:01:00.000000
transformTimeout: null
receiveDataWhenStatusError: true
extra: {}

*** Response ***
uri: http://127.0.0.1:9800/api/v1/organizations/7301/departments/100/move

handleResponse_response /api/v1/organizations/7301/departments/100/move : false {"code":409,"msg":"部门层级禁止成环"}; 
*** Request ***
uri: http://127.0.0.1:9800/api/v1/organizations/7301/departments
method: GET
responseType: ResponseType.json
followRedirects: true
persistentConnection: true
connectTimeout: 0:01:00.000000
sendTimeout: 0:01:00.000000
receiveTimeout: 0:01:00.000000
transformTimeout: null
receiveDataWhenStatusError: true
extra: {}

*** Response ***
uri: http://127.0.0.1:9800/api/v1/organizations/7301/departments

00:11 +245: /Users/leeyi/project/imboy.pub/imboyapp/test/organization/ux_matrix/organization_pages_ux_matrix_test.dart: OrganizationMembersPage：矩阵 + 移除成员 danger 确认弹层
00:11 +246: /Users/leeyi/project/imboy.pub/imboyapp/test/organization/ux_matrix/organization_pages_ux_matrix_test.dart: OrganizationMembersPage：矩阵 + 移除成员 danger 确认弹层
00:11 +246: /Users/leeyi/project/imboy.pub/imboyapp/test/organization/organization_detail_hub_widget_test.dart: member 权限分层：管理员动作整区隐藏，五域与只读动作保留
*** Request ***
uri: http://127.0.0.1:9800/api/v1/organizations/7266418340025468901
method: GET
responseType: ResponseType.json
followRedirects: true
persistentConnection: true
connectTimeout: 0:01:00.000000
sendTimeout: 0:01:00.000000
receiveTimeout: 0:01:00.000000
transformTimeout: null
receiveDataWhenStatusError: true
extra: {}

*** Response ***
uri: http://127.0.0.1:9800/api/v1/organizations/7266418340025468901

*** Request ***
uri: http://127.0.0.1:9800/api/v1/organizations/7266418340025468901/default-workspace
method: GET
responseType: ResponseType.json
followRedirects: true
persistentConnection: true
connectTimeout: 0:01:00.000000
sendTimeout: 0:01:00.000000
receiveTimeout: 0:01:00.000000
transformTimeout: null
receiveDataWhenStatusError: true
extra: {}

*** Response ***
uri: http://127.0.0.1:9800/api/v1/organizations/7266418340025468901/default-workspace

00:11 +246: /Users/leeyi/project/imboy.pub/imboyapp/test/organization/organization_departments_page_widget_test.dart: 完整 journey：create root/child → rename → move 至根目录 → 成员 add/set·unset·remove admin → archive
*** Request ***
uri: http://127.0.0.1:9800/api/v1/organizations/7301/departments
method: GET
responseType: ResponseType.json
followRedirects: true
persistentConnection: true
connectTimeout: 0:01:00.000000
sendTimeout: 0:01:00.000000
receiveTimeout: 0:01:00.000000
transformTimeout: null
receiveDataWhenStatusError: true
extra: {}

*** Response ***
uri: http://127.0.0.1:9800/api/v1/organizations/7301/departments

00:11 +246: /Users/leeyi/project/imboy.pub/imboyapp/test/organization/ux_matrix/organization_pages_ux_matrix_test.dart: OrganizationMembersPage：矩阵 + 移除成员 danger 确认弹层
*** Request ***
uri: http://127.0.0.1:9800/api/v1/organizations/7266418340025468901/members?page=1&size=10
method: GET
responseType: ResponseType.json
followRedirects: true
persistentConnection: true
connectTimeout: 0:01:00.000000
sendTimeout: 0:01:00.000000
receiveTimeout: 0:01:00.000000
transformTimeout: null
receiveDataWhenStatusError: true
extra: {}

*** Response ***
uri: http://127.0.0.1:9800/api/v1/organizations/7266418340025468901/members?page=1&size=10

00:12 +246: /Users/leeyi/project/imboy.pub/imboyapp/test/organization/organization_departments_page_widget_test.dart: 完整 journey：create root/child → rename → move 至根目录 → 成员 add/set·unset·remove admin → archive
*** Request ***
uri: http://127.0.0.1:9800/api/v1/organizations/7301/departments
method: POST
responseType: ResponseType.json
followRedirects: true
persistentConnection: true
connectTimeout: 0:01:00.000000
sendTimeout: 0:01:00.000000
receiveTimeout: 0:01:00.000000
transformTimeout: null
receiveDataWhenStatusError: true
extra: {}

*** Response ***
uri: http://127.0.0.1:9800/api/v1/organizations/7301/departments

*** Request ***
uri: http://127.0.0.1:9800/api/v1/organizations/7301/departments
method: GET
responseType: ResponseType.json
followRedirects: true
persistentConnection: true
connectTimeout: 0:01:00.000000
sendTimeout: 0:01:00.000000
receiveTimeout: 0:01:00.000000
transformTimeout: null
receiveDataWhenStatusError: true
extra: {}

*** Response ***
uri: http://127.0.0.1:9800/api/v1/organizations/7301/departments

*** Request ***
uri: http://127.0.0.1:9800/api/v1/organizations/7301/departments
method: POST
responseType: ResponseType.json
followRedirects: true
persistentConnection: true
connectTimeout: 0:01:00.000000
sendTimeout: 0:01:00.000000
receiveTimeout: 0:01:00.000000
transformTimeout: null
receiveDataWhenStatusError: true
extra: {}

*** Response ***
uri: http://127.0.0.1:9800/api/v1/organizations/7301/departments

*** Request ***
uri: http://127.0.0.1:9800/api/v1/organizations/7301/departments
method: GET
responseType: ResponseType.json
followRedirects: true
persistentConnection: true
connectTimeout: 0:01:00.000000
sendTimeout: 0:01:00.000000
receiveTimeout: 0:01:00.000000
transformTimeout: null
receiveDataWhenStatusError: true
extra: {}

*** Response ***
uri: http://127.0.0.1:9800/api/v1/organizations/7301/departments

*** Request ***
uri: http://127.0.0.1:9800/api/v1/organizations/7301/departments/101
method: PATCH
responseType: ResponseType.json
followRedirects: true
persistentConnection: true
connectTimeout: 0:01:00.000000
sendTimeout: 0:01:00.000000
receiveTimeout: 0:01:00.000000
transformTimeout: null
receiveDataWhenStatusError: true
extra: {}

*** Response ***
uri: http://127.0.0.1:9800/api/v1/organizations/7301/departments/101

*** Request ***
uri: http://127.0.0.1:9800/api/v1/organizations/7301/departments
method: GET
responseType: ResponseType.json
followRedirects: true
persistentConnection: true
connectTimeout: 0:01:00.000000
sendTimeout: 0:01:00.000000
receiveTimeout: 0:01:00.000000
transformTimeout: null
receiveDataWhenStatusError: true
extra: {}

*** Response ***
uri: http://127.0.0.1:9800/api/v1/organizations/7301/departments

*** Request ***
uri: http://127.0.0.1:9800/api/v1/organizations/7301/departments/101/move
method: POST
responseType: ResponseType.json
followRedirects: true
persistentConnection: true
connectTimeout: 0:01:00.000000
sendTimeout: 0:01:00.000000
receiveTimeout: 0:01:00.000000
transformTimeout: null
receiveDataWhenStatusError: true
extra: {}

*** Response ***
uri: http://127.0.0.1:9800/api/v1/organizations/7301/departments/101/move

*** Request ***
uri: http://127.0.0.1:9800/api/v1/organizations/7301/departments
method: GET
responseType: ResponseType.json
followRedirects: true
persistentConnection: true
connectTimeout: 0:01:00.000000
sendTimeout: 0:01:00.000000
receiveTimeout: 0:01:00.000000
transformTimeout: null
receiveDataWhenStatusError: true
extra: {}

*** Response ***
uri: http://127.0.0.1:9800/api/v1/organizations/7301/departments

*** Request ***
uri: http://127.0.0.1:9800/api/v1/organizations/7301/departments/101/members
method: POST
responseType: ResponseType.json
followRedirects: true
persistentConnection: true
connectTimeout: 0:01:00.000000
sendTimeout: 0:01:00.000000
receiveTimeout: 0:01:00.000000
transformTimeout: null
receiveDataWhenStatusError: true
extra: {}

*** Response ***
uri: http://127.0.0.1:9800/api/v1/organizations/7301/departments/101/members

*** Request ***
uri: http://127.0.0.1:9800/api/v1/organizations/7301/departments
method: GET
responseType: ResponseType.json
followRedirects: true
persistentConnection: true
connectTimeout: 0:01:00.000000
sendTimeout: 0:01:00.000000
receiveTimeout: 0:01:00.000000
transformTimeout: null
receiveDataWhenStatusError: true
extra: {}

*** Response ***
uri: http://127.0.0.1:9800/api/v1/organizations/7301/departments

00:12 +247: /Users/leeyi/project/imboy.pub/imboyapp/test/organization/ux_matrix/organization_pages_ux_matrix_test.dart: OrganizationMembersPage：矩阵 + 移除成员 danger 确认弹层
00:12 +247: /Users/leeyi/project/imboy.pub/imboyapp/test/organization/organization_departments_page_widget_test.dart: 完整 journey：create root/child → rename → move 至根目录 → 成员 add/set·unset·remove admin → archive
*** Request ***
uri: http://127.0.0.1:9800/api/v1/organizations/7301/departments/101
method: GET
responseType: ResponseType.json
followRedirects: true
persistentConnection: true
connectTimeout: 0:01:00.000000
sendTimeout: 0:01:00.000000
receiveTimeout: 0:01:00.000000
transformTimeout: null
receiveDataWhenStatusError: true
extra: {}

*** Response ***
uri: http://127.0.0.1:9800/api/v1/organizations/7301/departments/101

*** Request ***
uri: http://127.0.0.1:9800/api/v1/organizations/7301/departments/101/members/2001/admin
method: PUT
responseType: ResponseType.json
followRedirects: true
persistentConnection: true
connectTimeout: 0:01:00.000000
sendTimeout: 0:01:00.000000
receiveTimeout: 0:01:00.000000
transformTimeout: null
receiveDataWhenStatusError: true
extra: {}

*** Response ***
uri: http://127.0.0.1:9800/api/v1/organizations/7301/departments/101/members/2001/admin

*** Request ***
uri: http://127.0.0.1:9800/api/v1/organizations/7301/departments/101
method: GET
responseType: ResponseType.json
followRedirects: true
persistentConnection: true
connectTimeout: 0:01:00.000000
sendTimeout: 0:01:00.000000
receiveTimeout: 0:01:00.000000
transformTimeout: null
receiveDataWhenStatusError: true
extra: {}

*** Response ***
uri: http://127.0.0.1:9800/api/v1/organizations/7301/departments/101

*** Request ***
uri: http://127.0.0.1:9800/api/v1/organizations/7301/departments
method: GET
responseType: ResponseType.json
followRedirects: true
persistentConnection: true
connectTimeout: 0:01:00.000000
sendTimeout: 0:01:00.000000
receiveTimeout: 0:01:00.000000
transformTimeout: null
receiveDataWhenStatusError: true
extra: {}

*** Response ***
uri: http://127.0.0.1:9800/api/v1/organizations/7301/departments

*** Request ***
uri: http://127.0.0.1:9800/api/v1/organizations/7301/departments/101/members/2001/admin
method: PUT
responseType: ResponseType.json
followRedirects: true
persistentConnection: true
connectTimeout: 0:01:00.000000
sendTimeout: 0:01:00.000000
receiveTimeout: 0:01:00.000000
transformTimeout: null
receiveDataWhenStatusError: true
extra: {}

*** Response ***
uri: http://127.0.0.1:9800/api/v1/organizations/7301/departments/101/members/2001/admin

*** Request ***
uri: http://127.0.0.1:9800/api/v1/organizations/7301/departments/101
method: GET
responseType: ResponseType.json
followRedirects: true
persistentConnection: true
connectTimeout: 0:01:00.000000
sendTimeout: 0:01:00.000000
receiveTimeout: 0:01:00.000000
transformTimeout: null
receiveDataWhenStatusError: true
extra: {}

*** Response ***
uri: http://127.0.0.1:9800/api/v1/organizations/7301/departments/101

*** Request ***
uri: http://127.0.0.1:9800/api/v1/organizations/7301/departments
method: GET
responseType: ResponseType.json
followRedirects: true
persistentConnection: true
connectTimeout: 0:01:00.000000
sendTimeout: 0:01:00.000000
receiveTimeout: 0:01:00.000000
transformTimeout: null
receiveDataWhenStatusError: true
extra: {}

*** Response ***
uri: http://127.0.0.1:9800/api/v1/organizations/7301/departments

*** Request ***
uri: http://127.0.0.1:9800/api/v1/organizations/7301/departments/101/members/2001
method: DELETE
responseType: ResponseType.json
followRedirects: true
persistentConnection: true
connectTimeout: 0:01:00.000000
sendTimeout: 0:01:00.000000
receiveTimeout: 0:01:00.000000
transformTimeout: null
receiveDataWhenStatusError: true
extra: {}

*** Response ***
uri: http://127.0.0.1:9800/api/v1/organizations/7301/departments/101/members/2001

*** Request ***
uri: http://127.0.0.1:9800/api/v1/organizations/7301/departments/101
method: GET
responseType: ResponseType.json
followRedirects: true
persistentConnection: true
connectTimeout: 0:01:00.000000
sendTimeout: 0:01:00.000000
receiveTimeout: 0:01:00.000000
transformTimeout: null
receiveDataWhenStatusError: true
extra: {}

*** Response ***
uri: http://127.0.0.1:9800/api/v1/organizations/7301/departments/101

*** Request ***
uri: http://127.0.0.1:9800/api/v1/organizations/7301/departments
method: GET
responseType: ResponseType.json
followRedirects: true
persistentConnection: true
connectTimeout: 0:01:00.000000
sendTimeout: 0:01:00.000000
receiveTimeout: 0:01:00.000000
transformTimeout: null
receiveDataWhenStatusError: true
extra: {}

*** Response ***
uri: http://127.0.0.1:9800/api/v1/organizations/7301/departments

*** Request ***
uri: http://127.0.0.1:9800/api/v1/organizations/7301/departments/101/archive
method: POST
responseType: ResponseType.json
followRedirects: true
persistentConnection: true
connectTimeout: 0:01:00.000000
sendTimeout: 0:01:00.000000
receiveTimeout: 0:01:00.000000
transformTimeout: null
receiveDataWhenStatusError: true
extra: {}

*** Response ***
uri: http://127.0.0.1:9800/api/v1/organizations/7301/departments/101/archive

*** Request ***
uri: http://127.0.0.1:9800/api/v1/organizations/7301/departments
method: GET
responseType: ResponseType.json
followRedirects: true
persistentConnection: true
connectTimeout: 0:01:00.000000
sendTimeout: 0:01:00.000000
receiveTimeout: 0:01:00.000000
transformTimeout: null
receiveDataWhenStatusError: true
extra: {}

*** Response ***
uri: http://127.0.0.1:9800/api/v1/organizations/7301/departments

00:12 +248: /Users/leeyi/project/imboy.pub/imboyapp/test/organization/ux_matrix/organization_pages_ux_matrix_test.dart: OrganizationMembersPage：矩阵 + 移除成员 danger 确认弹层
00:12 +248: /Users/leeyi/project/imboy.pub/imboyapp/test/organization/organization_departments_page_widget_test.dart: 旧 version CAS：rename 409 conflict → 提示 + 刷新最新树
*** Request ***
uri: http://127.0.0.1:9800/api/v1/organizations/7301/departments
method: GET
responseType: ResponseType.json
followRedirects: true
persistentConnection: true
connectTimeout: 0:01:00.000000
sendTimeout: 0:01:00.000000
receiveTimeout: 0:01:00.000000
transformTimeout: null
receiveDataWhenStatusError: true
extra: {}

*** Response ***
uri: http://127.0.0.1:9800/api/v1/organizations/7301/departments

*** Request ***
uri: http://127.0.0.1:9800/api/v1/organizations/7301/departments/100
method: PATCH
responseType: ResponseType.json
followRedirects: true
persistentConnection: true
connectTimeout: 0:01:00.000000
sendTimeout: 0:01:00.000000
receiveTimeout: 0:01:00.000000
transformTimeout: null
receiveDataWhenStatusError: true
extra: {}

*** Response ***
uri: http://127.0.0.1:9800/api/v1/organizations/7301/departments/100

handleResponse_response /api/v1/organizations/7301/departments/100 : false {"code":409,"msg":"部门已被并发修改，请刷新版本后重试"}; 
*** Request ***
uri: http://127.0.0.1:9800/api/v1/organizations/7301/departments
method: GET
responseType: ResponseType.json
followRedirects: true
persistentConnection: true
connectTimeout: 0:01:00.000000
sendTimeout: 0:01:00.000000
receiveTimeout: 0:01:00.000000
transformTimeout: null
receiveDataWhenStatusError: true
extra: {}

*** Response ***
uri: http://127.0.0.1:9800/api/v1/organizations/7301/departments

00:12 +249: /Users/leeyi/project/imboy.pub/imboyapp/test/organization/ux_matrix/organization_pages_ux_matrix_test.dart: OrganizationMembersPage：矩阵 + 移除成员 danger 确认弹层
00:12 +249: /Users/leeyi/project/imboy.pub/imboyapp/test/organization/organization_departments_page_widget_test.dart: PermissionGate 分层：member 无任何治理入口（列表只读可见）
*** Request ***
uri: http://127.0.0.1:9800/api/v1/organizations/7301/departments
method: GET
responseType: ResponseType.json
followRedirects: true
persistentConnection: true
connectTimeout: 0:01:00.000000
sendTimeout: 0:01:00.000000
receiveTimeout: 0:01:00.000000
transformTimeout: null
receiveDataWhenStatusError: true
extra: {}

*** Response ***
uri: http://127.0.0.1:9800/api/v1/organizations/7301/departments

*** Request ***
uri: http://127.0.0.1:9800/api/v1/organizations/7301/departments/100
method: GET
responseType: ResponseType.json
followRedirects: true
persistentConnection: true
connectTimeout: 0:01:00.000000
sendTimeout: 0:01:00.000000
receiveTimeout: 0:01:00.000000
transformTimeout: null
receiveDataWhenStatusError: true
extra: {}

*** Response ***
uri: http://127.0.0.1:9800/api/v1/organizations/7301/departments/100

00:12 +250: /Users/leeyi/project/imboy.pub/imboyapp/test/organization/ux_matrix/organization_pages_ux_matrix_test.dart: OrganizationMembersPage：矩阵 + 移除成员 danger 确认弹层
00:12 +250: /Users/leeyi/project/imboy.pub/imboyapp/test/organization/organization_departments_page_widget_test.dart: 部门局部 admin：org member 但本部门 is_admin → 治理入口可见
*** Request ***
uri: http://127.0.0.1:9800/api/v1/organizations/7301/departments
method: GET
responseType: ResponseType.json
followRedirects: true
persistentConnection: true
connectTimeout: 0:01:00.000000
sendTimeout: 0:01:00.000000
receiveTimeout: 0:01:00.000000
transformTimeout: null
receiveDataWhenStatusError: true
extra: {}

*** Response ***
uri: http://127.0.0.1:9800/api/v1/organizations/7301/departments

*** Request ***
uri: http://127.0.0.1:9800/api/v1/organizations/7301/departments/100
method: GET
responseType: ResponseType.json
followRedirects: true
persistentConnection: true
connectTimeout: 0:01:00.000000
sendTimeout: 0:01:00.000000
receiveTimeout: 0:01:00.000000
transformTimeout: null
receiveDataWhenStatusError: true
extra: {}

*** Response ***
uri: http://127.0.0.1:9800/api/v1/organizations/7301/departments/100

00:12 +251: /Users/leeyi/project/imboy.pub/imboyapp/test/organization/ux_matrix/organization_pages_ux_matrix_test.dart: OrganizationMembersPage：矩阵 + 移除成员 danger 确认弹层
00:12 +251: /Users/leeyi/project/imboy.pub/imboyapp/test/organization/organization_detail_hub_widget_test.dart: 四态-loading：首帧渲染加载指示器
*** Request ***
uri: http://127.0.0.1:9800/api/v1/organizations/7266418340025468901
method: GET
responseType: ResponseType.json
followRedirects: true
persistentConnection: true
connectTimeout: 0:01:00.000000
sendTimeout: 0:01:00.000000
receiveTimeout: 0:01:00.000000
transformTimeout: null
receiveDataWhenStatusError: true
extra: {}

*** Response ***
uri: http://127.0.0.1:9800/api/v1/organizations/7266418340025468901

*** Request ***
uri: http://127.0.0.1:9800/api/v1/organizations/7266418340025468901/default-workspace
method: GET
responseType: ResponseType.json
followRedirects: true
persistentConnection: true
connectTimeout: 0:01:00.000000
sendTimeout: 0:01:00.000000
receiveTimeout: 0:01:00.000000
transformTimeout: null
receiveDataWhenStatusError: true
extra: {}

*** Response ***
uri: http://127.0.0.1:9800/api/v1/organizations/7266418340025468901/default-workspace

00:12 +252: /Users/leeyi/project/imboy.pub/imboyapp/test/organization/ux_matrix/organization_pages_ux_matrix_test.dart: OrganizationMembersPage：矩阵 + 移除成员 danger 确认弹层
00:12 +252: /Users/leeyi/project/imboy.pub/imboyapp/test/organization/organization_detail_hub_widget_test.dart: 四态-error：500 透传 wire message 并给重试入口
*** Request ***
uri: http://127.0.0.1:9800/api/v1/organizations/7266418340025468901
method: GET
responseType: ResponseType.json
followRedirects: true
persistentConnection: true
connectTimeout: 0:01:00.000000
sendTimeout: 0:01:00.000000
receiveTimeout: 0:01:00.000000
transformTimeout: null
receiveDataWhenStatusError: true
extra: {}

*** Response ***
uri: http://127.0.0.1:9800/api/v1/organizations/7266418340025468901

handleResponse_response /api/v1/organizations/7266418340025468901 : false {"code":500,"msg":"boom"}; 
00:12 +253: /Users/leeyi/project/imboy.pub/imboyapp/test/organization/ux_matrix/organization_pages_ux_matrix_test.dart: OrganizationMembersPage：矩阵 + 移除成员 danger 确认弹层
00:12 +253: /Users/leeyi/project/imboy.pub/imboyapp/test/organization/organization_detail_hub_widget_test.dart: 四态-permission：403 为权限终态，不渲染重试
*** Request ***
uri: http://127.0.0.1:9800/api/v1/organizations/7266418340025468901
method: GET
responseType: ResponseType.json
followRedirects: true
persistentConnection: true
connectTimeout: 0:01:00.000000
sendTimeout: 0:01:00.000000
receiveTimeout: 0:01:00.000000
transformTimeout: null
receiveDataWhenStatusError: true
extra: {}

*** Response ***
uri: http://127.0.0.1:9800/api/v1/organizations/7266418340025468901

handleResponse_response /api/v1/organizations/7266418340025468901 : false {"code":403,"msg":"forbidden"}; 
00:12 +254: /Users/leeyi/project/imboy.pub/imboyapp/test/organization/ux_matrix/organization_pages_ux_matrix_test.dart: OrganizationMembersPage：矩阵 + 移除成员 danger 确认弹层
00:12 +255: /Users/leeyi/project/imboy.pub/imboyapp/test/organization/ux_matrix/organization_pages_ux_matrix_test.dart: OrganizationMembersPage：矩阵 + 移除成员 danger 确认弹层
00:12 +255: /Users/leeyi/project/imboy.pub/imboyapp/test/organization/organization_detail_hub_widget_test.dart: 导航：五域入口全部落到既有路由
*** Request ***
uri: http://127.0.0.1:9800/api/v1/organizations/7266418340025468901
method: GET
responseType: ResponseType.json
followRedirects: true
persistentConnection: true
connectTimeout: 0:01:00.000000
sendTimeout: 0:01:00.000000
receiveTimeout: 0:01:00.000000
transformTimeout: null
receiveDataWhenStatusError: true
extra: {}

*** Response ***
uri: http://127.0.0.1:9800/api/v1/organizations/7266418340025468901

*** Request ***
uri: http://127.0.0.1:9800/api/v1/organizations/7266418340025468901/default-workspace
method: GET
responseType: ResponseType.json
followRedirects: true
persistentConnection: true
connectTimeout: 0:01:00.000000
sendTimeout: 0:01:00.000000
receiveTimeout: 0:01:00.000000
transformTimeout: null
receiveDataWhenStatusError: true
extra: {}

*** Response ***
uri: http://127.0.0.1:9800/api/v1/organizations/7266418340025468901/default-workspace

00:13 +255: /Users/leeyi/project/imboy.pub/imboyapp/test/unit_test/service/e2ee/inbound_ack_ordering_test.dart: action 处理成功后才发送 transport ACK
🔍 [RETRY_SCAN] 开始扫描失败消息...
📥 [processMessage] type=C2C, msgId=action-success-001, from=unknown, to=unknown
🔄 处理action消息: action=future-compatible-action, msgId=action-success-001, type=C2C
⚠️ [handleActionMessage] 未知的action类型: future-compatible-action
✅ [ACK_MANAGER] AckManager initialized
📤 [ACK_MANAGER] 发送ACK: msgId=action-success-001, type=C2C, retryCount=0
🧹 [QUEUE] 启动定期清理 Timer
✅ [ACK_MANAGER] ACK发送成功: msgId=action-success-001, retryCount=0
📊 [RETRY_SCAN] 扫描完成: 发现 0 条失败消息，添加 0 条到重试队列
🗑️ [ACK_MANAGER] 已取消所有 Timer
00:13 +256: /Users/leeyi/project/imboy.pub/imboyapp/test/organization/ux_matrix/organization_pages_ux_matrix_test.dart: OrganizationMembersPage：矩阵 + 移除成员 danger 确认弹层
00:13 +256: /Users/leeyi/project/imboy.pub/imboyapp/test/unit_test/service/e2ee/inbound_ack_ordering_test.dart: action 持久化失败不得发送 transport ACK
📥 [processMessage] type=C2C, msgId=action-failure-001, from=peer-1, to=unknown
🔄 处理action消息: action=message_reaction, msgId=action-failure-001, type=C2C
❌ [_handleReactionAction] 处理消息表情失败: StateError
❌ [handleActionMessage] 处理action消息异常: action=message_reaction, error=StateError
✅ [ACK_MANAGER] AckManager initialized
🗑️ [ACK_MANAGER] 已取消所有 Timer
00:13 +257: /Users/leeyi/project/imboy.pub/imboyapp/test/organization/ux_matrix/organization_pages_ux_matrix_test.dart: OrganizationMembersPage：矩阵 + 移除成员 danger 确认弹层
00:14 +257: /Users/leeyi/project/imboy.pub/imboyapp/test/unit_test/service/e2ee/group_revocation_semantics_test.dart: AC-17 场景1：撤销与发送/分发并发 → 下一条消息 rotate 且旧设备出局 stale 后发送必须 rotate，被踢设备不在新 room key，旧 inbound 解不开新密文
*** Request ***
uri: http://127.0.0.1:9800/api/v1/e2ee/group_history_grant?gid=9201&session_id=bM2w5rkEdevVnnraYttSxlrNc6XQb8oudNV8W8qAWes
method: GET
responseType: ResponseType.json
followRedirects: true
persistentConnection: true
connectTimeout: 0:01:00.000000
sendTimeout: 0:01:00.000000
receiveTimeout: 0:01:00.000000
transformTimeout: null
receiveDataWhenStatusError: true
extra: {}

*** Response ***
uri: http://127.0.0.1:9800/api/v1/e2ee/group_history_grant?gid=9201&session_id=bM2w5rkEdevVnnraYttSxlrNc6XQb8oudNV8W8qAWes

[group_session] history grant unavailable scope=9201 error=BadRequestException
[group_session] rotate scope=9201 session=bM2w5rkEdevVnnraYttSxlrNc6XQb8oudNV8W8qAWes devices=3
*** Request ***
uri: http://127.0.0.1:9800/api/v1/e2ee/group_history_grant?gid=9201&session_id=oHoPvGhRrziIjBuiCJsA5KSQLEirD1xwy2ZBUsM7Qys
method: GET
responseType: ResponseType.json
followRedirects: true
persistentConnection: true
connectTimeout: 0:01:00.000000
sendTimeout: 0:01:00.000000
receiveTimeout: 0:01:00.000000
transformTimeout: null
receiveDataWhenStatusError: true
extra: {}

*** Response ***
uri: http://127.0.0.1:9800/api/v1/e2ee/group_history_grant?gid=9201&session_id=oHoPvGhRrziIjBuiCJsA5KSQLEirD1xwy2ZBUsM7Qys

[group_session] history grant unavailable scope=9201 error=BadRequestException
[group_session] rotate scope=9201 session=oHoPvGhRrziIjBuiCJsA5KSQLEirD1xwy2ZBUsM7Qys devices=2
00:14 +258: /Users/leeyi/project/imboy.pub/imboyapp/test/organization/ux_matrix/organization_pages_ux_matrix_test.dart: OrganizationMembersPage：矩阵 + 移除成员 danger 确认弹层
00:14 +258: /Users/leeyi/project/imboy.pub/imboyapp/test/unit_test/service/e2ee/group_revocation_semantics_test.dart: AC-17 场景2：漏 S2C → 策略兜底后下一次发送前强制校验并 rotate 漏收 leave 时不误 rotate（缓存内），markGroupStale 兜底后强刷快照 rotate
*** Request ***
uri: http://127.0.0.1:9800/api/v1/e2ee/group_history_grant?gid=9202&session_id=XxQVQfGhvYCWZHM%2B31Z%2F0iGQldVP%2BZDSkgppdVeN%2FRI
method: GET
responseType: ResponseType.json
followRedirects: true
persistentConnection: true
connectTimeout: 0:01:00.000000
sendTimeout: 0:01:00.000000
receiveTimeout: 0:01:00.000000
transformTimeout: null
receiveDataWhenStatusError: true
extra: {}

*** Response ***
uri: http://127.0.0.1:9800/api/v1/e2ee/group_history_grant?gid=9202&session_id=XxQVQfGhvYCWZHM%2B31Z%2F0iGQldVP%2BZDSkgppdVeN%2FRI

[group_session] history grant unavailable scope=9202 error=BadRequestException
[group_session] rotate scope=9202 session=XxQVQfGhvYCWZHM+31Z/0iGQldVP+ZDSkgppdVeN/RI devices=3
*** Request ***
uri: http://127.0.0.1:9800/api/v1/e2ee/group_history_grant?gid=9202&session_id=MQMBk64wjFSVZm%2FPugjTxW0S1qnBJNlBc2H1I4thyvA
method: GET
responseType: ResponseType.json
followRedirects: true
persistentConnection: true
connectTimeout: 0:01:00.000000
sendTimeout: 0:01:00.000000
receiveTimeout: 0:01:00.000000
transformTimeout: null
receiveDataWhenStatusError: true
extra: {}

*** Response ***
uri: http://127.0.0.1:9800/api/v1/e2ee/group_history_grant?gid=9202&session_id=MQMBk64wjFSVZm%2FPugjTxW0S1qnBJNlBc2H1I4thyvA

[group_session] history grant unavailable scope=9202 error=BadRequestException
[group_session] rotate scope=9202 session=MQMBk64wjFSVZm/PugjTxW0S1qnBJNlBc2H1I4thyvA devices=2
00:14 +259: /Users/leeyi/project/imboy.pub/imboyapp/test/organization/ux_matrix/organization_pages_ux_matrix_test.dart: OrganizationMembersPage：矩阵 + 移除成员 danger 确认弹层
00:14 +259: /Users/leeyi/project/imboy.pub/imboyapp/test/unit_test/service/e2ee/group_revocation_semantics_test.dart: AC-17 场景3：离线旧会话 → 本地旧 room key 不得解密轮换后消息 无新 key fail-closed + 旧 inbound 被拒 + 恢复授权区间不放行撤销后消息
*** Request ***
uri: http://127.0.0.1:9800/api/v1/e2ee/group_history_grant?gid=9203&session_id=fO0jBA09aXLWg31JDUFFg%2BdgA8HQCMQzbOrsgLkPbJk
method: GET
responseType: ResponseType.json
followRedirects: true
persistentConnection: true
connectTimeout: 0:01:00.000000
sendTimeout: 0:01:00.000000
receiveTimeout: 0:01:00.000000
transformTimeout: null
receiveDataWhenStatusError: true
extra: {}

*** Response ***
uri: http://127.0.0.1:9800/api/v1/e2ee/group_history_grant?gid=9203&session_id=fO0jBA09aXLWg31JDUFFg%2BdgA8HQCMQzbOrsgLkPbJk

[group_session] history grant unavailable scope=9203 error=BadRequestException
[group_session] rotate scope=9203 session=fO0jBA09aXLWg31JDUFFg+dgA8HQCMQzbOrsgLkPbJk devices=3
*** Request ***
uri: http://127.0.0.1:9800/api/v1/e2ee/group_history_grant?gid=9203&session_id=ZPz4J96JzetcieA%2F%2FqvKH%2FKRbF4ilJTxYTlybyqdfaU
method: GET
responseType: ResponseType.json
followRedirects: true
persistentConnection: true
connectTimeout: 0:01:00.000000
sendTimeout: 0:01:00.000000
receiveTimeout: 0:01:00.000000
transformTimeout: null
receiveDataWhenStatusError: true
extra: {}

*** Response ***
uri: http://127.0.0.1:9800/api/v1/e2ee/group_history_grant?gid=9203&session_id=ZPz4J96JzetcieA%2F%2FqvKH%2FKRbF4ilJTxYTlybyqdfaU

[group_session] history grant unavailable scope=9203 error=BadRequestException
[group_session] rotate scope=9203 session=ZPz4J96JzetcieA//qvKH/KRbF4ilJTxYTlybyqdfaU devices=2
00:14 +260: /Users/leeyi/project/imboy.pub/imboyapp/test/organization/ux_matrix/organization_pages_ux_matrix_test.dart: OrganizationMembersPage：矩阵 + 移除成员 danger 确认弹层
00:14 +260: /Users/leeyi/project/imboy.pub/imboyapp/test/unit_test/service/e2ee/group_revocation_semantics_test.dart: AC-17 场景4：重连后旧 recipient → 误投 room key 必须过权威 grant 验证 grant denied 时拒存 room key，被踢设备重连后仍无法解密
[group_session] history grant unavailable scope=9204 error=StateError
[38;5;196m┌───────────────────────────────────────────────────────────────────────────────────────────────────────────────────────[0m
[38;5;196m│ #0   AppLogger.error (package:imboy/service/app_logger.dart:115:18)[0m
[38;5;196m│ #1   GroupSessionService.handleRoomKeyMessage (package:imboy/service/group_session_service.dart:523:21)[0m
[38;5;196m├┄┄┄┄┄┄┄┄┄┄┄┄┄┄┄┄┄┄┄┄┄┄┄┄┄┄┄┄┄┄┄┄┄┄┄┄┄┄┄┄┄┄┄┄┄┄┄┄┄┄┄┄┄┄┄┄┄┄┄┄┄┄┄┄┄┄┄┄┄┄┄┄┄┄┄┄┄┄┄┄┄┄┄┄┄┄┄┄┄┄┄┄┄┄┄┄┄┄┄┄┄┄┄┄┄┄┄┄┄┄┄┄┄┄┄┄┄┄┄[0m
[38;5;196m│ ⛔ [group_session] 权威 grant 验证失败，拒存群 room key scope=9204 session=0wwPmHAmT7oc9d9sXa8R5wp4H10Th7g4u2cuvimX8t8[0m
[38;5;196m└───────────────────────────────────────────────────────────────────────────────────────────────────────────────────────[0m
00:14 +261: /Users/leeyi/project/imboy.pub/imboyapp/test/organization/ux_matrix/organization_pages_ux_matrix_test.dart: OrganizationMembersPage：矩阵 + 移除成员 danger 确认弹层
00:14 +261: /Users/leeyi/project/imboy.pub/imboyapp/test/unit_test/service/e2ee/group_revocation_semantics_test.dart: AC-17 场景4：重连后旧 recipient → 误投 room key 必须过权威 grant 验证 合法成员 grant 通过时 room key 正常落地（对照组，不误伤）
[group_session] 收到 room key scope=9205 session=9sSvGlksBtRO0gPP5eqzFKdbgBdI9VouCEkGjkquD/w
00:14 +262: /Users/leeyi/project/imboy.pub/imboyapp/test/organization/ux_matrix/organization_pages_ux_matrix_test.dart: OrganizationMembersPage：矩阵 + 移除成员 danger 确认弹层
00:14 +263: /Users/leeyi/project/imboy.pub/imboyapp/test/organization/ux_matrix/organization_pages_ux_matrix_test.dart: OrganizationMembersPage：矩阵 + 移除成员 danger 确认弹层
00:14 +263: /Users/leeyi/project/imboy.pub/imboyapp/test/unit_test/service/e2ee/group_revocation_semantics_test.dart: AC-17 C2G 固定套件门（C07 enforcePeerSupportsRequired scope:c2g） 任一设备无 Olm 身份（旧端仅 RSA）→ 拒发 + 计数，不降级
[group_session][AC-17] C2G 套件门拒发：设备不支持 Megolm 套件 gid=9207 did=legacy_did uid=1002
00:14 +264: /Users/leeyi/project/imboy.pub/imboyapp/test/organization/ux_matrix/organization_pages_ux_matrix_test.dart: OrganizationMembersPage：矩阵 + 移除成员 danger 确认弹层
00:14 +264: /Users/leeyi/project/imboy.pub/imboyapp/test/unit_test/service/e2ee/group_revocation_semantics_test.dart: AC-17 C2G 固定套件门（C07 enforcePeerSupportsRequired scope:c2g） 服务端能力列表查询失败（空表语义）→ 全部设备视为不支持 → 拒发
[group_session][AC-17] C2G 套件门拒发：设备不支持 Megolm 套件 gid=9208 did=did_a uid=1001
00:14 +265: /Users/leeyi/project/imboy.pub/imboyapp/test/organization/ux_matrix/organization_pages_ux_matrix_test.dart: OrganizationMembersPage：矩阵 + 移除成员 danger 确认弹层
00:14 +265: /Users/leeyi/project/imboy.pub/imboyapp/test/unit_test/service/e2ee/group_revocation_semantics_test.dart: AC-17 C2G 固定套件门（C07 enforcePeerSupportsRequired scope:c2g） 设备归属未知（didToUid 无映射）→ fail-closed 拒发，不猜测
[group_session][AC-17] C2G 套件门拒发：设备归属未知 gid=9209 did=orphan_did（能力未知 = 不支持，不猜测）
00:14 +266: /Users/leeyi/project/imboy.pub/imboyapp/test/organization/ux_matrix/organization_pages_ux_matrix_test.dart: OrganizationMembersPage：矩阵 + 移除成员 danger 确认弹层
00:14 +267: /Users/leeyi/project/imboy.pub/imboyapp/test/organization/ux_matrix/organization_pages_ux_matrix_test.dart: OrganizationMembersPage：矩阵 + 移除成员 danger 确认弹层
00:14 +267: /Users/leeyi/project/imboy.pub/imboyapp/test/unit_test/service/e2ee/group_revocation_semantics_test.dart: AC-17 C2G 固定套件门（C07 enforcePeerSupportsRequired scope:c2g） 发送链集成：群成员设备不支持 Megolm → encryptGroupMessage 显式失败
[group_session][AC-17] C2G 套件门拒发：设备不支持 Megolm 套件 gid=9211 did=legacy_did uid=uid_legacy_did
00:14 +268: /Users/leeyi/project/imboy.pub/imboyapp/test/organization/ux_matrix/organization_pages_ux_matrix_test.dart: OrganizationMembersPage：矩阵 + 移除成员 danger 确认弹层
00:14 +268: /Users/leeyi/project/imboy.pub/imboyapp/test/unit_test/service/e2ee/group_revocation_semantics_test.dart: AC-18 伪造负例：room key / grant 篡改全部拒绝 伪造 session_id（payload 声明与密钥实际 session 不一致）→ 丢弃
[38;5;196m┌───────────────────────────────────────────────────────────────────────────────────────────────────────────────────────[0m
[38;5;196m│ #0   AppLogger.error (package:imboy/service/app_logger.dart:115:18)[0m
[38;5;196m│ #1   GroupSessionService.handleRoomKeyMessage (package:imboy/service/group_session_service.dart:507:19)[0m
[38;5;196m├┄┄┄┄┄┄┄┄┄┄┄┄┄┄┄┄┄┄┄┄┄┄┄┄┄┄┄┄┄┄┄┄┄┄┄┄┄┄┄┄┄┄┄┄┄┄┄┄┄┄┄┄┄┄┄┄┄┄┄┄┄┄┄┄┄┄┄┄┄┄┄┄┄┄┄┄┄┄┄┄┄┄┄┄┄┄┄┄┄┄┄┄┄┄┄┄┄┄┄┄┄┄┄┄┄┄┄┄┄┄┄┄┄┄┄┄┄┄┄[0m
[38;5;196m│ ⛔ [group_session] session_id 不匹配，丢弃 scope=9212[0m
[38;5;196m└───────────────────────────────────────────────────────────────────────────────────────────────────────────────────────[0m
00:14 +269: /Users/leeyi/project/imboy.pub/imboyapp/test/organization/ux_matrix/organization_pages_ux_matrix_test.dart: OrganizationMembersPage：矩阵 + 移除成员 danger 确认弹层
00:14 +270: /Users/leeyi/project/imboy.pub/imboyapp/test/organization/ux_matrix/organization_pages_ux_matrix_test.dart: OrganizationMembersPage：矩阵 + 移除成员 danger 确认弹层
00:14 +271: /Users/leeyi/project/imboy.pub/imboyapp/test/organization/ux_matrix/organization_pages_ux_matrix_test.dart: OrganizationMembersPage：矩阵 + 移除成员 danger 确认弹层
00:14 +272: /Users/leeyi/project/imboy.pub/imboyapp/test/organization/ux_matrix/organization_pages_ux_matrix_test.dart: OrganizationMembersPage：矩阵 + 移除成员 danger 确认弹层
00:14 +273: /Users/leeyi/project/imboy.pub/imboyapp/test/organization/ux_matrix/organization_pages_ux_matrix_test.dart: OrganizationMembersPage：矩阵 + 移除成员 danger 确认弹层
00:14 +274: /Users/leeyi/project/imboy.pub/imboyapp/test/organization/ux_matrix/organization_pages_ux_matrix_test.dart: OrganizationMembersPage：矩阵 + 移除成员 danger 确认弹层
00:14 +275: /Users/leeyi/project/imboy.pub/imboyapp/test/organization/ux_matrix/organization_pages_ux_matrix_test.dart: OrganizationMembersPage：矩阵 + 移除成员 danger 确认弹层
00:14 +276: /Users/leeyi/project/imboy.pub/imboyapp/test/organization/ux_matrix/organization_pages_ux_matrix_test.dart: OrganizationMembersPage：矩阵 + 移除成员 danger 确认弹层
00:14 +277: /Users/leeyi/project/imboy.pub/imboyapp/test/organization/ux_matrix/organization_pages_ux_matrix_test.dart: OrganizationMembersPage：矩阵 + 移除成员 danger 确认弹层
00:14 +278: /Users/leeyi/project/imboy.pub/imboyapp/test/organization/ux_matrix/organization_pages_ux_matrix_test.dart: OrganizationMembersPage：矩阵 + 移除成员 danger 确认弹层
00:14 +279: /Users/leeyi/project/imboy.pub/imboyapp/test/organization/ux_matrix/organization_pages_ux_matrix_test.dart: OrganizationMembersPage：矩阵 + 移除成员 danger 确认弹层
00:14 +280: /Users/leeyi/project/imboy.pub/imboyapp/test/organization/ux_matrix/organization_pages_ux_matrix_test.dart: OrganizationMembersPage：矩阵 + 移除成员 danger 确认弹层
00:14 +281: /Users/leeyi/project/imboy.pub/imboyapp/test/organization/ux_matrix/organization_pages_ux_matrix_test.dart: OrganizationMembersPage：矩阵 + 移除成员 danger 确认弹层
00:14 +282: /Users/leeyi/project/imboy.pub/imboyapp/test/organization/ux_matrix/organization_pages_ux_matrix_test.dart: OrganizationMembersPage：矩阵 + 移除成员 danger 确认弹层
00:14 +283: /Users/leeyi/project/imboy.pub/imboyapp/test/organization/ux_matrix/organization_pages_ux_matrix_test.dart: OrganizationMembersPage：矩阵 + 移除成员 danger 确认弹层
00:14 +284: /Users/leeyi/project/imboy.pub/imboyapp/test/organization/ux_matrix/organization_pages_ux_matrix_test.dart: OrganizationMembersPage：矩阵 + 移除成员 danger 确认弹层
00:14 +285: /Users/leeyi/project/imboy.pub/imboyapp/test/organization/ux_matrix/organization_pages_ux_matrix_test.dart: OrganizationMembersPage：矩阵 + 移除成员 danger 确认弹层
00:14 +286: /Users/leeyi/project/imboy.pub/imboyapp/test/organization/ux_matrix/organization_pages_ux_matrix_test.dart: OrganizationMembersPage：矩阵 + 移除成员 danger 确认弹层
00:14 +287: /Users/leeyi/project/imboy.pub/imboyapp/test/organization/ux_matrix/organization_pages_ux_matrix_test.dart: OrganizationMembersPage：矩阵 + 移除成员 danger 确认弹层
00:14 +288: /Users/leeyi/project/imboy.pub/imboyapp/test/organization/ux_matrix/organization_pages_ux_matrix_test.dart: OrganizationMembersPage：矩阵 + 移除成员 danger 确认弹层
00:14 +289: /Users/leeyi/project/imboy.pub/imboyapp/test/organization/ux_matrix/organization_pages_ux_matrix_test.dart: OrganizationMembersPage：矩阵 + 移除成员 danger 确认弹层
00:14 +290: /Users/leeyi/project/imboy.pub/imboyapp/test/organization/ux_matrix/organization_pages_ux_matrix_test.dart: OrganizationMembersPage：矩阵 + 移除成员 danger 确认弹层
00:14 +291: /Users/leeyi/project/imboy.pub/imboyapp/test/organization/ux_matrix/organization_pages_ux_matrix_test.dart: OrganizationMembersPage：矩阵 + 移除成员 danger 确认弹层
00:14 +292: /Users/leeyi/project/imboy.pub/imboyapp/test/organization/ux_matrix/organization_pages_ux_matrix_test.dart: OrganizationMembersPage：矩阵 + 移除成员 danger 确认弹层
00:14 +293: /Users/leeyi/project/imboy.pub/imboyapp/test/organization/ux_matrix/organization_pages_ux_matrix_test.dart: OrganizationMembersPage：矩阵 + 移除成员 danger 确认弹层
00:15 +294: /Users/leeyi/project/imboy.pub/imboyapp/test/organization/ux_matrix/organization_pages_ux_matrix_test.dart: OrganizationMembersPage：矩阵 + 移除成员 danger 确认弹层
00:15 +295: /Users/leeyi/project/imboy.pub/imboyapp/test/organization/ux_matrix/organization_pages_ux_matrix_test.dart: OrganizationMembersPage：矩阵 + 移除成员 danger 确认弹层
00:15 +296: /Users/leeyi/project/imboy.pub/imboyapp/test/organization/ux_matrix/organization_pages_ux_matrix_test.dart: OrganizationMembersPage：矩阵 + 移除成员 danger 确认弹层
00:15 +297: /Users/leeyi/project/imboy.pub/imboyapp/test/organization/ux_matrix/organization_pages_ux_matrix_test.dart: OrganizationMembersPage：矩阵 + 移除成员 danger 确认弹层
00:15 +298: /Users/leeyi/project/imboy.pub/imboyapp/test/organization/ux_matrix/organization_pages_ux_matrix_test.dart: OrganizationMembersPage：矩阵 + 移除成员 danger 确认弹层
00:15 +299: /Users/leeyi/project/imboy.pub/imboyapp/test/organization/ux_matrix/organization_pages_ux_matrix_test.dart: OrganizationMembersPage：矩阵 + 移除成员 danger 确认弹层
00:15 +300: /Users/leeyi/project/imboy.pub/imboyapp/test/organization/ux_matrix/organization_pages_ux_matrix_test.dart: OrganizationMembersPage：矩阵 + 移除成员 danger 确认弹层
00:15 +301: /Users/leeyi/project/imboy.pub/imboyapp/test/organization/ux_matrix/organization_pages_ux_matrix_test.dart: OrganizationMembersPage：矩阵 + 移除成员 danger 确认弹层
00:15 +302: /Users/leeyi/project/imboy.pub/imboyapp/test/organization/organization_detail_hub_widget_test.dart: 导航：五域入口全部落到既有路由
00:15 +303: /Users/leeyi/project/imboy.pub/imboyapp/test/organization/organization_detail_hub_widget_test.dart: 导航：五域入口全部落到既有路由
00:15 +303: /Users/leeyi/project/imboy.pub/imboyapp/test/unit_test/service/e2ee/v3_receive_path_e2e_test.dart: PFv3 接收侧接线 已完成同帧可幂等确认，同 ID 篡改密文必须拒绝
*** sqflite warning ***

You are changing sqflite default factory.
Be aware of the potential side effects. Any library using sqflite
will have this factory as the default for all operations.

*** sqflite warning ***

00:15 +304: /Users/leeyi/project/imboy.pub/imboyapp/test/organization/organization_detail_hub_widget_test.dart: 导航：五域入口全部落到既有路由
00:15 +304: /Users/leeyi/project/imboy.pub/imboyapp/test/unit_test/service/e2ee/v3_receive_path_e2e_test.dart: PFv3 接收侧接线 非 v3 信封必须返回 null，交回 v1/v2 路径处理
*** sqflite warning ***

You are changing sqflite default factory.
Be aware of the potential side effects. Any library using sqflite
will have this factory as the default for all operations.

*** sqflite warning ***

00:15 +305: /Users/leeyi/project/imboy.pub/imboyapp/test/organization/organization_detail_hub_widget_test.dart: 导航：五域入口全部落到既有路由
00:15 +305: /Users/leeyi/project/imboy.pub/imboyapp/test/unit_test/service/e2ee/v3_receive_path_e2e_test.dart: PFv3 接收侧接线 无 e2ee 的明文消息必须返回 null
*** sqflite warning ***

You are changing sqflite default factory.
Be aware of the potential side effects. Any library using sqflite
will have this factory as the default for all operations.

*** sqflite warning ***

00:15 +306: /Users/leeyi/project/imboy.pub/imboyapp/test/organization/organization_detail_hub_widget_test.dart: 导航：五域入口全部落到既有路由
00:15 +306: /Users/leeyi/project/imboy.pub/imboyapp/test/unit_test/service/e2ee/v3_receive_path_e2e_test.dart: PFv3 接收侧接线 v3 信封损坏时必须返回失败分类，而不是 null 或静默丢弃
*** sqflite warning ***

You are changing sqflite default factory.
Be aware of the potential side effects. Any library using sqflite
will have this factory as the default for all operations.

*** sqflite warning ***

00:15 +307: /Users/leeyi/project/imboy.pub/imboyapp/test/organization/organization_detail_hub_widget_test.dart: 导航：五域入口全部落到既有路由
00:15 +307: /Users/leeyi/project/imboy.pub/imboyapp/test/unit_test/service/e2ee/v3_receive_path_e2e_test.dart: PFv3 接收侧接线 C2G Megolm v2 扁平 metadata 必须走 Megolm 入站路由
*** sqflite warning ***

You are changing sqflite default factory.
Be aware of the potential side effects. Any library using sqflite
will have this factory as the default for all operations.

*** sqflite warning ***

00:15 +308: /Users/leeyi/project/imboy.pub/imboyapp/test/organization/organization_detail_hub_widget_test.dart: 导航：五域入口全部落到既有路由
00:15 +308: /Users/leeyi/project/imboy.pub/imboyapp/test/unit_test/service/e2ee/v3_receive_path_e2e_test.dart: PFv3 失败行自愈重试 含 _e2ee_raw 的 v3 失败行重试必须解出明文（修复前恒跳过）
*** sqflite warning ***

You are changing sqflite default factory.
Be aware of the potential side effects. Any library using sqflite
will have this factory as the default for all operations.

*** sqflite warning ***

✅ [E2EE] v3 重试解密成功
00:15 +309: /Users/leeyi/project/imboy.pub/imboyapp/test/organization/organization_detail_hub_widget_test.dart: 导航：五域入口全部落到既有路由
00:15 +309: /Users/leeyi/project/imboy.pub/imboyapp/test/unit_test/service/e2ee/v3_receive_path_e2e_test.dart: PFv3 失败行自愈重试 密文损坏时 v3 重试必须保持失败占位（幂等失败语义）
*** sqflite warning ***

You are changing sqflite default factory.
Be aware of the potential side effects. Any library using sqflite
will have this factory as the default for all operations.

*** sqflite warning ***

❌ [E2EE] v3 重试解密失败
00:15 +310: /Users/leeyi/project/imboy.pub/imboyapp/test/organization/organization_detail_hub_widget_test.dart: 导航：五域入口全部落到既有路由
00:15 +310: /Users/leeyi/project/imboy.pub/imboyapp/test/organization/ux_matrix/organization_pages_ux_matrix_test.dart: OrganizationDepartmentsPage：矩阵（danger 入口在部门详情层 → N/A）
*** Request ***
uri: http://127.0.0.1:9800/api/v1/organizations/7266418340025468901/departments
method: GET
responseType: ResponseType.json
followRedirects: true
persistentConnection: true
connectTimeout: 0:01:00.000000
sendTimeout: 0:01:00.000000
receiveTimeout: 0:01:00.000000
transformTimeout: null
receiveDataWhenStatusError: true
extra: {}

*** Response ***
uri: http://127.0.0.1:9800/api/v1/organizations/7266418340025468901/departments

00:16 +310: /Users/leeyi/project/imboy.pub/imboyapp/test/organization/organization_detail_hub_widget_test.dart: 导航：五域入口全部落到既有路由
00:16 +311: /Users/leeyi/project/imboy.pub/imboyapp/test/organization/organization_detail_hub_widget_test.dart: 导航：五域入口全部落到既有路由
00:16 +311: /Users/leeyi/project/imboy.pub/imboyapp/test/unit_test/service/e2ee/protected_frame_v3_roundtrip_test.dart: ProtectedFrameV3 roundtrip 篡改 header_hash → _e2ee_failed
*** sqflite warning ***

You are changing sqflite default factory.
Be aware of the potential side effects. Any library using sqflite
will have this factory as the default for all operations.

*** sqflite warning ***

00:16 +312: /Users/leeyi/project/imboy.pub/imboyapp/test/organization/organization_detail_hub_widget_test.dart: 导航：五域入口全部落到既有路由
00:16 +313: /Users/leeyi/project/imboy.pub/imboyapp/test/organization/organization_detail_hub_widget_test.dart: 导航：五域入口全部落到既有路由
00:16 +313: /Users/leeyi/project/imboy.pub/imboyapp/test/unit_test/service/e2ee/protected_frame_v3_roundtrip_test.dart: ProtectedFrameV3 roundtrip 篡改 ciphertext → _e2ee_failed（inner_frame 解析失败）
*** sqflite warning ***

You are changing sqflite default factory.
Be aware of the potential side effects. Any library using sqflite
will have this factory as the default for all operations.

*** sqflite warning ***

00:16 +314: /Users/leeyi/project/imboy.pub/imboyapp/test/organization/organization_detail_hub_widget_test.dart: 导航：五域入口全部落到既有路由
00:16 +314: /Users/leeyi/project/imboy.pub/imboyapp/test/unit_test/service/e2ee/protected_frame_v3_roundtrip_test.dart: ProtectedFrameV3 roundtrip meta_version != 3 走旧路径（不进入 v3）
*** sqflite warning ***

You are changing sqflite default factory.
Be aware of the potential side effects. Any library using sqflite
will have this factory as the default for all operations.

*** sqflite warning ***

00:16 +315: /Users/leeyi/project/imboy.pub/imboyapp/test/organization/organization_detail_hub_widget_test.dart: 导航：五域入口全部落到既有路由
00:16 +316: /Users/leeyi/project/imboy.pub/imboyapp/test/organization/organization_detail_hub_widget_test.dart: 导航：五域入口全部落到既有路由
00:16 +317: /Users/leeyi/project/imboy.pub/imboyapp/test/organization/organization_detail_hub_widget_test.dart: 导航：五域入口全部落到既有路由
00:16 +317: /Users/leeyi/project/imboy.pub/imboyapp/test/unit_test/service/e2ee/protected_frame_v3_roundtrip_test.dart: ProtectedFrameV3 roundtrip 非加密消息（e2ee=null）直接透传
*** sqflite warning ***

You are changing sqflite default factory.
Be aware of the potential side effects. Any library using sqflite
will have this factory as the default for all operations.

*** sqflite warning ***

00:16 +318: /Users/leeyi/project/imboy.pub/imboyapp/test/organization/organization_detail_hub_widget_test.dart: 导航：五域入口全部落到既有路由
00:16 +318: /Users/leeyi/project/imboy.pub/imboyapp/test/unit_test/service/e2ee/protected_frame_v3_roundtrip_test.dart: ProtectedFrameV3 roundtrip E2EE-012 Context Binding Guard (Systematic Tampering) 篡改 transport id -> 拒绝
*** sqflite warning ***

You are changing sqflite default factory.
Be aware of the potential side effects. Any library using sqflite
will have this factory as the default for all operations.

*** sqflite warning ***

00:16 +319: /Users/leeyi/project/imboy.pub/imboyapp/test/organization/organization_detail_hub_widget_test.dart: 导航：五域入口全部落到既有路由
00:16 +320: /Users/leeyi/project/imboy.pub/imboyapp/test/organization/organization_detail_hub_widget_test.dart: 导航：五域入口全部落到既有路由
00:16 +320: /Users/leeyi/project/imboy.pub/imboyapp/test/unit_test/service/e2ee/protected_frame_v3_roundtrip_test.dart: ProtectedFrameV3 roundtrip E2EE-012 Context Binding Guard (Systematic Tampering) 篡改 transport from -> 拒绝
*** sqflite warning ***

You are changing sqflite default factory.
Be aware of the potential side effects. Any library using sqflite
will have this factory as the default for all operations.

*** sqflite warning ***

00:16 +321: /Users/leeyi/project/imboy.pub/imboyapp/test/organization/organization_detail_hub_widget_test.dart: 导航：五域入口全部落到既有路由
00:16 +321: /Users/leeyi/project/imboy.pub/imboyapp/test/unit_test/service/e2ee/protected_frame_v3_roundtrip_test.dart: ProtectedFrameV3 roundtrip E2EE-012 Context Binding Guard (Systematic Tampering) 篡改 transport to -> 拒绝
*** sqflite warning ***

You are changing sqflite default factory.
Be aware of the potential side effects. Any library using sqflite
will have this factory as the default for all operations.

*** sqflite warning ***

00:16 +322: /Users/leeyi/project/imboy.pub/imboyapp/test/organization/organization_detail_hub_widget_test.dart: 导航：五域入口全部落到既有路由
00:16 +322: /Users/leeyi/project/imboy.pub/imboyapp/test/unit_test/service/e2ee/protected_frame_v3_roundtrip_test.dart: ProtectedFrameV3 roundtrip E2EE-012 Context Binding Guard (Systematic Tampering) 篡改 transport type -> 拒绝
*** sqflite warning ***

You are changing sqflite default factory.
Be aware of the potential side effects. Any library using sqflite
will have this factory as the default for all operations.

*** sqflite warning ***

00:16 +323: /Users/leeyi/project/imboy.pub/imboyapp/test/organization/organization_detail_hub_widget_test.dart: 导航：五域入口全部落到既有路由
00:16 +324: /Users/leeyi/project/imboy.pub/imboyapp/test/organization/organization_detail_hub_widget_test.dart: 导航：五域入口全部落到既有路由
00:16 +324: /Users/leeyi/project/imboy.pub/imboyapp/test/unit_test/service/e2ee/protected_frame_v3_roundtrip_test.dart: ProtectedFrameV3 roundtrip E2EE-012 Context Binding Guard (Systematic Tampering) 篡改 transport msg_type -> 拒绝
*** sqflite warning ***

You are changing sqflite default factory.
Be aware of the potential side effects. Any library using sqflite
will have this factory as the default for all operations.

*** sqflite warning ***

00:16 +325: /Users/leeyi/project/imboy.pub/imboyapp/test/organization/organization_detail_hub_widget_test.dart: 导航：五域入口全部落到既有路由
00:16 +326: /Users/leeyi/project/imboy.pub/imboyapp/test/organization/organization_detail_hub_widget_test.dart: 导航：五域入口全部落到既有路由
00:16 +327: /Users/leeyi/project/imboy.pub/imboyapp/test/organization/organization_detail_hub_widget_test.dart: 导航：五域入口全部落到既有路由
00:16 +327: /Users/leeyi/project/imboy.pub/imboyapp/test/unit_test/service/e2ee/protected_frame_v3_roundtrip_test.dart: ProtectedFrameV3 roundtrip E2EE-012 Context Binding Guard (Systematic Tampering) 篡改 transport sender_did -> 拒绝
*** sqflite warning ***

You are changing sqflite default factory.
Be aware of the potential side effects. Any library using sqflite
will have this factory as the default for all operations.

*** sqflite warning ***

00:16 +328: /Users/leeyi/project/imboy.pub/imboyapp/test/organization/organization_detail_hub_widget_test.dart: 导航：五域入口全部落到既有路由
00:16 +329: /Users/leeyi/project/imboy.pub/imboyapp/test/organization/organization_detail_hub_widget_test.dart: 导航：五域入口全部落到既有路由
00:16 +330: /Users/leeyi/project/imboy.pub/imboyapp/test/organization/organization_detail_hub_widget_test.dart: 导航：五域入口全部落到既有路由
00:16 +330: /Users/leeyi/project/imboy.pub/imboyapp/test/unit_test/service/e2ee/protected_frame_v3_roundtrip_test.dart: ProtectedFrameV3 roundtrip E2EE-012 Context Binding Guard (Systematic Tampering) 篡改 transport session_id -> 拒绝
*** sqflite warning ***

You are changing sqflite default factory.
Be aware of the potential side effects. Any library using sqflite
will have this factory as the default for all operations.

*** sqflite warning ***

00:16 +331: /Users/leeyi/project/imboy.pub/imboyapp/test/organization/organization_detail_hub_widget_test.dart: 导航：五域入口全部落到既有路由
00:16 +332: /Users/leeyi/project/imboy.pub/imboyapp/test/organization/organization_detail_hub_widget_test.dart: 导航：五域入口全部落到既有路由
00:16 +333: /Users/leeyi/project/imboy.pub/imboyapp/test/organization/organization_detail_hub_widget_test.dart: 导航：五域入口全部落到既有路由
00:16 +334: /Users/leeyi/project/imboy.pub/imboyapp/test/organization/organization_detail_hub_widget_test.dart: 导航：五域入口全部落到既有路由
00:16 +335: /Users/leeyi/project/imboy.pub/imboyapp/test/organization/organization_detail_hub_widget_test.dart: 导航：五域入口全部落到既有路由
00:16 +336: /Users/leeyi/project/imboy.pub/imboyapp/test/organization/organization_detail_hub_widget_test.dart: 导航：五域入口全部落到既有路由
00:16 +337: /Users/leeyi/project/imboy.pub/imboyapp/test/organization/organization_detail_hub_widget_test.dart: 导航：五域入口全部落到既有路由
00:16 +338: /Users/leeyi/project/imboy.pub/imboyapp/test/organization/organization_detail_hub_widget_test.dart: 导航：五域入口全部落到既有路由
00:16 +339: /Users/leeyi/project/imboy.pub/imboyapp/test/organization/organization_detail_hub_widget_test.dart: 导航：五域入口全部落到既有路由
00:16 +340: /Users/leeyi/project/imboy.pub/imboyapp/test/organization/organization_detail_hub_widget_test.dart: 导航：五域入口全部落到既有路由
00:16 +341: /Users/leeyi/project/imboy.pub/imboyapp/test/organization/organization_detail_hub_widget_test.dart: 导航：五域入口全部落到既有路由
00:16 +342: /Users/leeyi/project/imboy.pub/imboyapp/test/organization/organization_detail_hub_widget_test.dart: 导航：五域入口全部落到既有路由
00:16 +343: /Users/leeyi/project/imboy.pub/imboyapp/test/organization/organization_detail_hub_widget_test.dart: 导航：五域入口全部落到既有路由
00:16 +344: /Users/leeyi/project/imboy.pub/imboyapp/test/organization/organization_detail_hub_widget_test.dart: 导航：五域入口全部落到既有路由
00:16 +345: /Users/leeyi/project/imboy.pub/imboyapp/test/organization/organization_detail_hub_widget_test.dart: 导航：五域入口全部落到既有路由
00:16 +346: /Users/leeyi/project/imboy.pub/imboyapp/test/organization/organization_detail_hub_widget_test.dart: 导航：五域入口全部落到既有路由
00:16 +347: /Users/leeyi/project/imboy.pub/imboyapp/test/organization/organization_detail_hub_widget_test.dart: 导航：五域入口全部落到既有路由
00:16 +348: /Users/leeyi/project/imboy.pub/imboyapp/test/organization/organization_detail_hub_widget_test.dart: 导航：五域入口全部落到既有路由
00:16 +349: /Users/leeyi/project/imboy.pub/imboyapp/test/organization/organization_detail_hub_widget_test.dart: 导航：五域入口全部落到既有路由
00:16 +350: /Users/leeyi/project/imboy.pub/imboyapp/test/organization/organization_detail_hub_widget_test.dart: 导航：五域入口全部落到既有路由
00:16 +351: /Users/leeyi/project/imboy.pub/imboyapp/test/organization/organization_detail_hub_widget_test.dart: 导航：五域入口全部落到既有路由
00:17 +352: /Users/leeyi/project/imboy.pub/imboyapp/test/organization/organization_detail_hub_widget_test.dart: 导航：五域入口全部落到既有路由
00:17 +352: /Users/leeyi/project/imboy.pub/imboyapp/test/unit_test/service/e2ee/fan_out_per_device_test.dart: S2.2 fan-out 接收侧 devices 缺失 → fail-closed（fan_out_missing_devices）
*** sqflite warning ***

You are changing sqflite default factory.
Be aware of the potential side effects. Any library using sqflite
will have this factory as the default for all operations.

*** sqflite warning ***

00:17 +353: /Users/leeyi/project/imboy.pub/imboyapp/test/organization/organization_detail_hub_widget_test.dart: 导航：五域入口全部落到既有路由
00:17 +353: /Users/leeyi/project/imboy.pub/imboyapp/test/unit_test/service/e2ee/fan_out_per_device_test.dart: S2.2 fan-out 接收侧 本设备无信封 → fail-closed（no_device_envelope）
*** sqflite warning ***

You are changing sqflite default factory.
Be aware of the potential side effects. Any library using sqflite
will have this factory as the default for all operations.

*** sqflite warning ***

00:17 +354: /Users/leeyi/project/imboy.pub/imboyapp/test/organization/organization_detail_hub_widget_test.dart: 导航：五域入口全部落到既有路由
00:17 +354: /Users/leeyi/project/imboy.pub/imboyapp/test/unit_test/service/e2ee/fan_out_per_device_test.dart: S2.2 fan-out 接收侧 篡改本设备信封 → _e2ee_failed（不影响 fail-closed 语义）
*** sqflite warning ***

You are changing sqflite default factory.
Be aware of the potential side effects. Any library using sqflite
will have this factory as the default for all operations.

*** sqflite warning ***

00:17 +355: /Users/leeyi/project/imboy.pub/imboyapp/test/organization/organization_detail_hub_widget_test.dart: 导航：五域入口全部落到既有路由
00:17 +355: /Users/leeyi/project/imboy.pub/imboyapp/test/unit_test/service/e2ee/fan_out_per_device_test.dart: S2.2 fan-out 线格式契约 多设备信封结构完整：每个设备独立 header_hash + ciphertext
*** sqflite warning ***

You are changing sqflite default factory.
Be aware of the potential side effects. Any library using sqflite
will have this factory as the default for all operations.

*** sqflite warning ***

00:17 +356: /Users/leeyi/project/imboy.pub/imboyapp/test/organization/organization_detail_hub_widget_test.dart: 导航：五域入口全部落到既有路由
00:17 +356: /Users/leeyi/project/imboy.pub/imboyapp/test/unit_test/service/e2ee/fan_out_per_device_test.dart: S2.2 fan-out 线格式契约 外层 e2ee 元数据格式正确
*** sqflite warning ***

You are changing sqflite default factory.
Be aware of the potential side effects. Any library using sqflite
will have this factory as the default for all operations.

*** sqflite warning ***

00:17 +357: /Users/leeyi/project/imboy.pub/imboyapp/test/organization/organization_detail_hub_widget_test.dart: 导航：五域入口全部落到既有路由
00:17 +357: /Users/leeyi/project/imboy.pub/imboyapp/test/unit_test/service/e2ee/mutation_matrix_test.dart: E2EE-024 Mutation Matrix Tests Systematic Mutation Matrix yields 100% Rejection Rate
[e2ee] v3 协议解密异常: FormatException
00:17 +358: /Users/leeyi/project/imboy.pub/imboyapp/test/organization/organization_detail_hub_widget_test.dart: 导航：五域入口全部落到既有路由
00:17 +358: /Users/leeyi/project/imboy.pub/imboyapp/test/unit_test/service/e2ee/safety_number_device_set_trust_test.dart: AC-15 设备集合异常检测（刷新 + 告警，不崩溃不静默） 对端新增设备 → newDevice 事件 + 密钥缓存被刷新
E2EE: 已清除用户 200 的公钥缓存
[SafetyNumber][AC-15] new remote devices: peer=200 added={b-new}
00:17 +359: /Users/leeyi/project/imboy.pub/imboyapp/test/organization/organization_detail_hub_widget_test.dart: 导航：五域入口全部落到既有路由
00:17 +359: /Users/leeyi/project/imboy.pub/imboyapp/test/unit_test/service/e2ee/safety_number_device_set_trust_test.dart: AC-15 设备集合异常检测（刷新 + 告警，不崩溃不静默） 负例：对端新增/换设备 → 聚合码变化 → 旧「已验证」不沿用（需重验）
E2EE: 已清除用户 200 的公钥缓存
[SafetyNumber][AC-15] missing remote devices: peer=200 removed={b-new}
E2EE: 已清除用户 200 的公钥缓存
[SafetyNumber][AC-15] new remote devices: peer=200 added={b-new}
00:17 +360: /Users/leeyi/project/imboy.pub/imboyapp/test/organization/organization_detail_hub_widget_test.dart: 导航：五域入口全部落到既有路由
00:17 +360: /Users/leeyi/project/imboy.pub/imboyapp/test/unit_test/service/e2ee/safety_number_device_set_trust_test.dart: AC-15 设备集合异常检测（刷新 + 告警，不崩溃不静默） 负例：对端设备换钥（同设备 ID、新 identity）→ 聚合码变化 → 旧验证同样失效
E2EE: 已清除用户 200 的公钥缓存
[SafetyNumber][AC-15] missing remote devices: peer=200 removed={b-new}
00:17 +361: /Users/leeyi/project/imboy.pub/imboyapp/test/organization/organization_detail_hub_widget_test.dart: 导航：五域入口全部落到既有路由
00:17 +361: /Users/leeyi/project/imboy.pub/imboyapp/test/unit_test/service/e2ee/safety_number_device_set_trust_test.dart: AC-15 设备集合异常检测（刷新 + 告警，不崩溃不静默） 对端设备消失（遗漏）→ missingDevice 事件
E2EE: 已清除用户 200 的公钥缓存
[SafetyNumber][AC-15] missing remote devices: peer=200 removed={b-2}
00:17 +362: /Users/leeyi/project/imboy.pub/imboyapp/test/organization/organization_detail_hub_widget_test.dart: 导航：五域入口全部落到既有路由
00:17 +362: /Users/leeyi/project/imboy.pub/imboyapp/test/unit_test/service/e2ee/safety_number_device_set_trust_test.dart: AC-15 设备集合异常检测（刷新 + 告警，不崩溃不静默） 集合无变化 → 不产生事件（基线记录幂等）
E2EE: 已清除用户 200 的公钥缓存
[SafetyNumber][AC-15] new remote devices: peer=200 added={b-2}
00:17 +363: /Users/leeyi/project/imboy.pub/imboyapp/test/organization/organization_detail_hub_widget_test.dart: 导航：五域入口全部落到既有路由
00:17 +364: /Users/leeyi/project/imboy.pub/imboyapp/test/organization/organization_detail_hub_widget_test.dart: 导航：五域入口全部落到既有路由
00:17 +364: /Users/leeyi/project/imboy.pub/imboyapp/test/unit_test/service/e2ee/safety_number_device_set_trust_test.dart: AC-15 信任标记生命周期 invalidateTrust 清除标记 + 广播失效事件（换钥 → 需重验，非静默沿用）
[SafetyNumber][AC-15] trust invalidated: peer=200 reason=peer_key_changed
00:17 +365: /Users/leeyi/project/imboy.pub/imboyapp/test/organization/organization_detail_hub_widget_test.dart: 导航：五域入口全部落到既有路由
00:17 +366: /Users/leeyi/project/imboy.pub/imboyapp/test/organization/organization_detail_hub_widget_test.dart: 导航：五域入口全部落到既有路由
00:17 +366: /Users/leeyi/project/imboy.pub/imboyapp/test/unit_test/service/e2ee/safety_number_device_set_trust_test.dart: AC-15 换钥联动：bootstrap 常驻订阅 → 信任失效 E2EEPeerKeyChangedEvent（S2C e2ee_key_changed）触发 invalidateTrust
[SafetyNumber][AC-15] trust invalidated: peer=200 reason=peer_key_changed
00:17 +367: /Users/leeyi/project/imboy.pub/imboyapp/test/organization/organization_detail_hub_widget_test.dart: 导航：五域入口全部落到既有路由
00:17 +367: /Users/leeyi/project/imboy.pub/imboyapp/test/unit_test/service/e2ee/safety_number_device_set_trust_test.dart: AC-15 换钥联动：bootstrap 常驻订阅 → 信任失效 E2EETrustChangedEvent 撤销（revoked）触发 invalidateTrust
[SafetyNumber][AC-15] trust invalidated: peer=200 reason=trust_revoked
00:17 +368: /Users/leeyi/project/imboy.pub/imboyapp/test/organization/organization_detail_hub_widget_test.dart: 导航：五域入口全部落到既有路由
00:17 +369: /Users/leeyi/project/imboy.pub/imboyapp/test/organization/organization_detail_hub_widget_test.dart: 导航：五域入口全部落到既有路由
00:18 +370: /Users/leeyi/project/imboy.pub/imboyapp/test/organization/organization_detail_hub_widget_test.dart: 导航：五域入口全部落到既有路由
00:18 +371: /Users/leeyi/project/imboy.pub/imboyapp/test/organization/organization_detail_hub_widget_test.dart: 导航：五域入口全部落到既有路由
00:18 +372: /Users/leeyi/project/imboy.pub/imboyapp/test/organization/organization_detail_hub_widget_test.dart: 导航：五域入口全部落到既有路由
00:18 +373: /Users/leeyi/project/imboy.pub/imboyapp/test/organization/organization_detail_hub_widget_test.dart: 导航：五域入口全部落到既有路由
00:18 +374: /Users/leeyi/project/imboy.pub/imboyapp/test/organization/organization_detail_hub_widget_test.dart: 导航：五域入口全部落到既有路由
00:18 +375: /Users/leeyi/project/imboy.pub/imboyapp/test/organization/organization_detail_hub_widget_test.dart: 导航：五域入口全部落到既有路由
00:18 +376: /Users/leeyi/project/imboy.pub/imboyapp/test/organization/organization_detail_hub_widget_test.dart: 导航：五域入口全部落到既有路由
00:18 +377: /Users/leeyi/project/imboy.pub/imboyapp/test/organization/organization_detail_hub_widget_test.dart: 导航：五域入口全部落到既有路由
00:18 +378: /Users/leeyi/project/imboy.pub/imboyapp/test/organization/organization_detail_hub_widget_test.dart: 导航：五域入口全部落到既有路由
00:18 +379: /Users/leeyi/project/imboy.pub/imboyapp/test/organization/organization_detail_hub_widget_test.dart: 导航：五域入口全部落到既有路由
00:18 +380: /Users/leeyi/project/imboy.pub/imboyapp/test/organization/organization_detail_hub_widget_test.dart: 导航：五域入口全部落到既有路由
00:18 +381: /Users/leeyi/project/imboy.pub/imboyapp/test/organization/organization_detail_hub_widget_test.dart: 导航：五域入口全部落到既有路由
00:18 +382: /Users/leeyi/project/imboy.pub/imboyapp/test/organization/organization_detail_hub_widget_test.dart: 导航：五域入口全部落到既有路由
00:18 +383: /Users/leeyi/project/imboy.pub/imboyapp/test/organization/organization_detail_hub_widget_test.dart: 导航：五域入口全部落到既有路由
00:18 +384: /Users/leeyi/project/imboy.pub/imboyapp/test/organization/organization_detail_hub_widget_test.dart: 导航：五域入口全部落到既有路由
00:18 +385: /Users/leeyi/project/imboy.pub/imboyapp/test/organization/organization_detail_hub_widget_test.dart: 导航：五域入口全部落到既有路由
00:18 +386: /Users/leeyi/project/imboy.pub/imboyapp/test/organization/organization_detail_hub_widget_test.dart: 导航：五域入口全部落到既有路由
00:18 +387: /Users/leeyi/project/imboy.pub/imboyapp/test/organization/organization_detail_hub_widget_test.dart: 导航：五域入口全部落到既有路由
00:18 +388: /Users/leeyi/project/imboy.pub/imboyapp/test/organization/organization_detail_hub_widget_test.dart: 导航：五域入口全部落到既有路由
00:18 +389: /Users/leeyi/project/imboy.pub/imboyapp/test/organization/organization_detail_hub_widget_test.dart: 导航：五域入口全部落到既有路由
00:18 +390: /Users/leeyi/project/imboy.pub/imboyapp/test/organization/organization_detail_hub_widget_test.dart: 导航：五域入口全部落到既有路由
00:18 +390: /Users/leeyi/project/imboy.pub/imboyapp/test/unit_test/service/e2ee/production_session_ref_wiring_test.dart: E2EE-025 session_ref 契约 RC-01b header.session_ref 非空且等于 protocol_metadata.session_id
*** sqflite warning ***

You are changing sqflite default factory.
Be aware of the potential side effects. Any library using sqflite
will have this factory as the default for all operations.

*** sqflite warning ***

00:18 +391: /Users/leeyi/project/imboy.pub/imboyapp/test/organization/ux_matrix/organization_pages_ux_matrix_test.dart: OrganizationDetailPage：矩阵 + 归档组织 danger 确认弹层
00:18 +392: /Users/leeyi/project/imboy.pub/imboyapp/test/organization/ux_matrix/organization_pages_ux_matrix_test.dart: OrganizationDetailPage：矩阵 + 归档组织 danger 确认弹层
00:18 +392: /Users/leeyi/project/imboy.pub/imboyapp/test/unit_test/service/e2ee/production_session_ref_wiring_test.dart: E2EE-012/024 复核：其余 context binding 项的生产后果 header.message_id 与外层 payload.id 不等 → context_mismatch_id
*** sqflite warning ***

You are changing sqflite default factory.
Be aware of the potential side effects. Any library using sqflite
will have this factory as the default for all operations.

*** sqflite warning ***

00:18 +393: /Users/leeyi/project/imboy.pub/imboyapp/test/organization/ux_matrix/organization_pages_ux_matrix_test.dart: OrganizationDetailPage：矩阵 + 归档组织 danger 确认弹层
00:18 +393: /Users/leeyi/project/imboy.pub/imboyapp/test/unit_test/service/e2ee/production_session_ref_wiring_test.dart: E2EE-012/024 复核：其余 context binding 项的生产后果 header.message_type 恒 text 而外层是 image → context_mismatch_msg_type
*** sqflite warning ***

You are changing sqflite default factory.
Be aware of the potential side effects. Any library using sqflite
will have this factory as the default for all operations.

*** sqflite warning ***

00:18 +393: /Users/leeyi/project/imboy.pub/imboyapp/test/organization/organization_detail_hub_widget_test.dart: 导航：管理员区入口落到既有治理路由
*** Request ***
uri: http://127.0.0.1:9800/api/v1/organizations/7266418340025468901
method: GET
responseType: ResponseType.json
followRedirects: true
persistentConnection: true
connectTimeout: 0:01:00.000000
sendTimeout: 0:01:00.000000
receiveTimeout: 0:01:00.000000
transformTimeout: null
receiveDataWhenStatusError: true
extra: {}

*** Response ***
uri: http://127.0.0.1:9800/api/v1/organizations/7266418340025468901

*** Request ***
uri: http://127.0.0.1:9800/api/v1/organizations/7266418340025468901/default-workspace
method: GET
responseType: ResponseType.json
followRedirects: true
persistentConnection: true
connectTimeout: 0:01:00.000000
sendTimeout: 0:01:00.000000
receiveTimeout: 0:01:00.000000
transformTimeout: null
receiveDataWhenStatusError: true
extra: {}

*** Response ***
uri: http://127.0.0.1:9800/api/v1/organizations/7266418340025468901/default-workspace

00:18 +394: /Users/leeyi/project/imboy.pub/imboyapp/test/organization/ux_matrix/organization_pages_ux_matrix_test.dart: OrganizationDetailPage：矩阵 + 归档组织 danger 确认弹层
00:18 +394: /Users/leeyi/project/imboy.pub/imboyapp/test/unit_test/service/e2ee/production_session_ref_wiring_test.dart: E2EE-012/024 复核：正向可用性门（修复后必须绿） 业务 id 与外层一致时必须被接受（message_id 不再自造）
*** sqflite warning ***

You are changing sqflite default factory.
Be aware of the potential side effects. Any library using sqflite
will have this factory as the default for all operations.

*** sqflite warning ***

00:18 +395: /Users/leeyi/project/imboy.pub/imboyapp/test/organization/ux_matrix/organization_pages_ux_matrix_test.dart: OrganizationDetailPage：矩阵 + 归档组织 danger 确认弹层
00:18 +395: /Users/leeyi/project/imboy.pub/imboyapp/test/unit_test/service/e2ee/production_session_ref_wiring_test.dart: E2EE-012/024 复核：正向可用性门（修复后必须绿） 非文本消息（image/video/audio/file）与外层一致时必须被接受
*** sqflite warning ***

You are changing sqflite default factory.
Be aware of the potential side effects. Any library using sqflite
will have this factory as the default for all operations.

*** sqflite warning ***

00:18 +396: /Users/leeyi/project/imboy.pub/imboyapp/test/organization/ux_matrix/organization_pages_ux_matrix_test.dart: OrganizationDetailPage：矩阵 + 归档组织 danger 确认弹层
00:18 +396: /Users/leeyi/project/imboy.pub/imboyapp/test/unit_test/service/e2ee/production_session_ref_wiring_test.dart: E2EE-025 选项 C 接收侧语义 RC-02 首条合法消息必须被接受（counter=0 不得被误判 replay）
*** sqflite warning ***

You are changing sqflite default factory.
Be aware of the potential side effects. Any library using sqflite
will have this factory as the default for all operations.

*** sqflite warning ***

00:18 +397: /Users/leeyi/project/imboy.pub/imboyapp/test/organization/ux_matrix/organization_pages_ux_matrix_test.dart: OrganizationDetailPage：矩阵 + 归档组织 danger 确认弹层
00:18 +397: /Users/leeyi/project/imboy.pub/imboyapp/test/unit_test/service/e2ee/production_session_ref_wiring_test.dart: E2EE-025 选项 C 接收侧语义 RC-04 同一会话内 counter 恒 0 的多条消息全部可读，0 误判 replay
*** sqflite warning ***

You are changing sqflite default factory.
Be aware of the potential side effects. Any library using sqflite
will have this factory as the default for all operations.

*** sqflite warning ***

00:18 +397: /Users/leeyi/project/imboy.pub/imboyapp/test/organization/ux_matrix/organization_pages_ux_matrix_test.dart: OrganizationDetailPage：矩阵 + 归档组织 danger 确认弹层
*** Request ***
uri: http://127.0.0.1:9800/api/v1/organizations/7266418340025468901
method: GET
responseType: ResponseType.json
followRedirects: true
persistentConnection: true
connectTimeout: 0:01:00.000000
sendTimeout: 0:01:00.000000
receiveTimeout: 0:01:00.000000
transformTimeout: null
receiveDataWhenStatusError: true
extra: {}

*** Response ***
uri: http://127.0.0.1:9800/api/v1/organizations/7266418340025468901

*** Request ***
uri: http://127.0.0.1:9800/api/v1/organizations/7266418340025468901/default-workspace
method: GET
responseType: ResponseType.json
followRedirects: true
persistentConnection: true
connectTimeout: 0:01:00.000000
sendTimeout: 0:01:00.000000
receiveTimeout: 0:01:00.000000
transformTimeout: null
receiveDataWhenStatusError: true
extra: {}

*** Response ***
uri: http://127.0.0.1:9800/api/v1/organizations/7266418340025468901/default-workspace

00:18 +398: /Users/leeyi/project/imboy.pub/imboyapp/test/organization/ux_matrix/organization_pages_ux_matrix_test.dart: OrganizationDetailPage：矩阵 + 归档组织 danger 确认弹层
00:18 +398: /Users/leeyi/project/imboy.pub/imboyapp/test/unit_test/service/e2ee/production_session_ref_wiring_test.dart: E2EE-025 选项 C 接收侧语义 RC-04b 递减的 epoch_or_counter 不得被判 replay
*** sqflite warning ***

You are changing sqflite default factory.
Be aware of the potential side effects. Any library using sqflite
will have this factory as the default for all operations.

*** sqflite warning ***

00:18 +399: /Users/leeyi/project/imboy.pub/imboyapp/test/organization/ux_matrix/organization_pages_ux_matrix_test.dart: OrganizationDetailPage：矩阵 + 归档组织 danger 确认弹层
00:19 +400: /Users/leeyi/project/imboy.pub/imboyapp/test/organization/ux_matrix/organization_pages_ux_matrix_test.dart: OrganizationDetailPage：矩阵 + 归档组织 danger 确认弹层
00:19 +401: /Users/leeyi/project/imboy.pub/imboyapp/test/organization/ux_matrix/organization_pages_ux_matrix_test.dart: OrganizationDetailPage：矩阵 + 归档组织 danger 确认弹层
00:19 +402: /Users/leeyi/project/imboy.pub/imboyapp/test/organization/ux_matrix/organization_pages_ux_matrix_test.dart: OrganizationDetailPage：矩阵 + 归档组织 danger 确认弹层
00:19 +403: /Users/leeyi/project/imboy.pub/imboyapp/test/organization/ux_matrix/organization_pages_ux_matrix_test.dart: OrganizationDetailPage：矩阵 + 归档组织 danger 确认弹层
00:19 +404: /Users/leeyi/project/imboy.pub/imboyapp/test/organization/ux_matrix/organization_pages_ux_matrix_test.dart: OrganizationDetailPage：矩阵 + 归档组织 danger 确认弹层
00:19 +405: /Users/leeyi/project/imboy.pub/imboyapp/test/organization/ux_matrix/organization_pages_ux_matrix_test.dart: OrganizationDetailPage：矩阵 + 归档组织 danger 确认弹层
00:19 +406: /Users/leeyi/project/imboy.pub/imboyapp/test/organization/ux_matrix/organization_pages_ux_matrix_test.dart: OrganizationDetailPage：矩阵 + 归档组织 danger 确认弹层
00:19 +407: /Users/leeyi/project/imboy.pub/imboyapp/test/organization/ux_matrix/organization_pages_ux_matrix_test.dart: OrganizationDetailPage：矩阵 + 归档组织 danger 确认弹层
00:19 +408: /Users/leeyi/project/imboy.pub/imboyapp/test/organization/ux_matrix/organization_pages_ux_matrix_test.dart: OrganizationDetailPage：矩阵 + 归档组织 danger 确认弹层
00:19 +409: /Users/leeyi/project/imboy.pub/imboyapp/test/organization/ux_matrix/organization_pages_ux_matrix_test.dart: OrganizationDetailPage：矩阵 + 归档组织 danger 确认弹层
00:19 +410: /Users/leeyi/project/imboy.pub/imboyapp/test/organization/ux_matrix/organization_pages_ux_matrix_test.dart: OrganizationDetailPage：矩阵 + 归档组织 danger 确认弹层
00:19 +411: /Users/leeyi/project/imboy.pub/imboyapp/test/organization/ux_matrix/organization_pages_ux_matrix_test.dart: OrganizationDetailPage：矩阵 + 归档组织 danger 确认弹层
00:19 +412: /Users/leeyi/project/imboy.pub/imboyapp/test/organization/ux_matrix/organization_pages_ux_matrix_test.dart: OrganizationDetailPage：矩阵 + 归档组织 danger 确认弹层
00:19 +413: /Users/leeyi/project/imboy.pub/imboyapp/test/organization/ux_matrix/organization_pages_ux_matrix_test.dart: OrganizationDetailPage：矩阵 + 归档组织 danger 确认弹层
00:19 +414: /Users/leeyi/project/imboy.pub/imboyapp/test/organization/ux_matrix/organization_pages_ux_matrix_test.dart: OrganizationDetailPage：矩阵 + 归档组织 danger 确认弹层
00:19 +415: /Users/leeyi/project/imboy.pub/imboyapp/test/organization/ux_matrix/organization_pages_ux_matrix_test.dart: OrganizationDetailPage：矩阵 + 归档组织 danger 确认弹层
00:19 +416: /Users/leeyi/project/imboy.pub/imboyapp/test/organization/ux_matrix/organization_pages_ux_matrix_test.dart: OrganizationDetailPage：矩阵 + 归档组织 danger 确认弹层
00:19 +417: /Users/leeyi/project/imboy.pub/imboyapp/test/organization/ux_matrix/organization_pages_ux_matrix_test.dart: OrganizationDetailPage：矩阵 + 归档组织 danger 确认弹层
00:19 +418: /Users/leeyi/project/imboy.pub/imboyapp/test/organization/ux_matrix/organization_pages_ux_matrix_test.dart: OrganizationDetailPage：矩阵 + 归档组织 danger 确认弹层
00:19 +419: /Users/leeyi/project/imboy.pub/imboyapp/test/organization/ux_matrix/organization_pages_ux_matrix_test.dart: OrganizationDetailPage：矩阵 + 归档组织 danger 确认弹层
00:19 +420: /Users/leeyi/project/imboy.pub/imboyapp/test/organization/ux_matrix/organization_pages_ux_matrix_test.dart: OrganizationDetailPage：矩阵 + 归档组织 danger 确认弹层
00:19 +421: /Users/leeyi/project/imboy.pub/imboyapp/test/organization/ux_matrix/organization_pages_ux_matrix_test.dart: OrganizationDetailPage：矩阵 + 归档组织 danger 确认弹层
00:19 +422: /Users/leeyi/project/imboy.pub/imboyapp/test/organization/ux_matrix/organization_pages_ux_matrix_test.dart: OrganizationDetailPage：矩阵 + 归档组织 danger 确认弹层
00:19 +423: /Users/leeyi/project/imboy.pub/imboyapp/test/organization/ux_matrix/organization_pages_ux_matrix_test.dart: OrganizationDetailPage：矩阵 + 归档组织 danger 确认弹层
00:19 +424: /Users/leeyi/project/imboy.pub/imboyapp/test/organization/ux_matrix/organization_pages_ux_matrix_test.dart: OrganizationDetailPage：矩阵 + 归档组织 danger 确认弹层
00:19 +425: /Users/leeyi/project/imboy.pub/imboyapp/test/organization/ux_matrix/organization_pages_ux_matrix_test.dart: OrganizationDetailPage：矩阵 + 归档组织 danger 确认弹层
00:19 +426: /Users/leeyi/project/imboy.pub/imboyapp/test/organization/ux_matrix/organization_pages_ux_matrix_test.dart: OrganizationDetailPage：矩阵 + 归档组织 danger 确认弹层
00:19 +427: /Users/leeyi/project/imboy.pub/imboyapp/test/organization/ux_matrix/organization_pages_ux_matrix_test.dart: OrganizationDetailPage：矩阵 + 归档组织 danger 确认弹层
00:19 +428: /Users/leeyi/project/imboy.pub/imboyapp/test/organization/ux_matrix/organization_pages_ux_matrix_test.dart: OrganizationDetailPage：矩阵 + 归档组织 danger 确认弹层
00:19 +429: /Users/leeyi/project/imboy.pub/imboyapp/test/organization/ux_matrix/organization_pages_ux_matrix_test.dart: OrganizationDetailPage：矩阵 + 归档组织 danger 确认弹层
00:19 +430: /Users/leeyi/project/imboy.pub/imboyapp/test/organization/ux_matrix/organization_pages_ux_matrix_test.dart: OrganizationDetailPage：矩阵 + 归档组织 danger 确认弹层
00:19 +431: /Users/leeyi/project/imboy.pub/imboyapp/test/organization/ux_matrix/organization_pages_ux_matrix_test.dart: OrganizationDetailPage：矩阵 + 归档组织 danger 确认弹层
00:19 +432: /Users/leeyi/project/imboy.pub/imboyapp/test/organization/ux_matrix/organization_pages_ux_matrix_test.dart: OrganizationDetailPage：矩阵 + 归档组织 danger 确认弹层
00:19 +433: /Users/leeyi/project/imboy.pub/imboyapp/test/organization/ux_matrix/organization_pages_ux_matrix_test.dart: OrganizationDetailPage：矩阵 + 归档组织 danger 确认弹层
00:19 +434: /Users/leeyi/project/imboy.pub/imboyapp/test/organization/ux_matrix/organization_pages_ux_matrix_test.dart: OrganizationDetailPage：矩阵 + 归档组织 danger 确认弹层
00:19 +435: /Users/leeyi/project/imboy.pub/imboyapp/test/organization/ux_matrix/organization_pages_ux_matrix_test.dart: OrganizationDetailPage：矩阵 + 归档组织 danger 确认弹层
00:20 +436: /Users/leeyi/project/imboy.pub/imboyapp/test/organization/ux_matrix/organization_pages_ux_matrix_test.dart: OrganizationDetailPage：矩阵 + 归档组织 danger 确认弹层
00:20 +437: /Users/leeyi/project/imboy.pub/imboyapp/test/organization/ux_matrix/organization_pages_ux_matrix_test.dart: OrganizationDetailPage：矩阵 + 归档组织 danger 确认弹层
00:20 +438: /Users/leeyi/project/imboy.pub/imboyapp/test/organization/ux_matrix/organization_pages_ux_matrix_test.dart: OrganizationDetailPage：矩阵 + 归档组织 danger 确认弹层
00:20 +439: /Users/leeyi/project/imboy.pub/imboyapp/test/organization/ux_matrix/organization_pages_ux_matrix_test.dart: OrganizationDetailPage：矩阵 + 归档组织 danger 确认弹层
00:20 +440: /Users/leeyi/project/imboy.pub/imboyapp/test/organization/ux_matrix/organization_pages_ux_matrix_test.dart: OrganizationDetailPage：矩阵 + 归档组织 danger 确认弹层
00:20 +441: /Users/leeyi/project/imboy.pub/imboyapp/test/organization/ux_matrix/organization_pages_ux_matrix_test.dart: OrganizationDetailPage：矩阵 + 归档组织 danger 确认弹层
00:20 +442: /Users/leeyi/project/imboy.pub/imboyapp/test/organization/ux_matrix/organization_pages_ux_matrix_test.dart: OrganizationDetailPage：矩阵 + 归档组织 danger 确认弹层
00:20 +443: /Users/leeyi/project/imboy.pub/imboyapp/test/organization/ux_matrix/organization_pages_ux_matrix_test.dart: OrganizationDetailPage：矩阵 + 归档组织 danger 确认弹层
00:20 +444: /Users/leeyi/project/imboy.pub/imboyapp/test/organization/ux_matrix/organization_pages_ux_matrix_test.dart: OrganizationDetailPage：矩阵 + 归档组织 danger 确认弹层
00:20 +445: /Users/leeyi/project/imboy.pub/imboyapp/test/organization/ux_matrix/organization_pages_ux_matrix_test.dart: OrganizationDetailPage：矩阵 + 归档组织 danger 确认弹层
00:20 +446: /Users/leeyi/project/imboy.pub/imboyapp/test/organization/ux_matrix/organization_pages_ux_matrix_test.dart: OrganizationDetailPage：矩阵 + 归档组织 danger 确认弹层
00:20 +447: /Users/leeyi/project/imboy.pub/imboyapp/test/organization/ux_matrix/organization_pages_ux_matrix_test.dart: OrganizationDetailPage：矩阵 + 归档组织 danger 确认弹层
00:20 +448: /Users/leeyi/project/imboy.pub/imboyapp/test/organization/ux_matrix/organization_pages_ux_matrix_test.dart: OrganizationDetailPage：矩阵 + 归档组织 danger 确认弹层
00:20 +448: /Users/leeyi/project/imboy.pub/imboyapp/test/unit_test/service/e2ee/decrypt_error_taxonomy_test.dart: v3 接收侧错误分类（ADR 15 §5） CryptoStore 提交故障必须可识别为可重试，不得压成 decrypt_error
*** sqflite warning ***

You are changing sqflite default factory.
Be aware of the potential side effects. Any library using sqflite
will have this factory as the default for all operations.

*** sqflite warning ***

00:20 +449: /Users/leeyi/project/imboy.pub/imboyapp/test/organization/ux_matrix/organization_pages_ux_matrix_test.dart: OrganizationDetailPage：矩阵 + 归档组织 danger 确认弹层
00:20 +449: /Users/leeyi/project/imboy.pub/imboyapp/test/unit_test/service/e2ee/decrypt_error_taxonomy_test.dart: v3 接收侧错误分类（ADR 15 §5） 真实解密失败仍归类为 decrypt_error（分类不过度细化）
*** sqflite warning ***

You are changing sqflite default factory.
Be aware of the potential side effects. Any library using sqflite
will have this factory as the default for all operations.

*** sqflite warning ***

[e2ee] v3 协议解密异常: E2eeDecryptException
00:20 +450: /Users/leeyi/project/imboy.pub/imboyapp/test/organization/ux_matrix/organization_pages_ux_matrix_test.dart: OrganizationDetailPage：矩阵 + 归档组织 danger 确认弹层
00:20 +450: /Users/leeyi/project/imboy.pub/imboyapp/test/unit_test/service/e2ee/decrypt_error_taxonomy_test.dart: v3 接收侧错误分类（ADR 15 §5） 错误分类不得泄漏秘密细节
*** sqflite warning ***

You are changing sqflite default factory.
Be aware of the potential side effects. Any library using sqflite
will have this factory as the default for all operations.

*** sqflite warning ***

[e2ee] v3 协议解密异常: _Exception
00:20 +451: /Users/leeyi/project/imboy.pub/imboyapp/test/organization/ux_matrix/organization_pages_ux_matrix_test.dart: OrganizationDetailPage：矩阵 + 归档组织 danger 确认弹层
00:21 +451: /Users/leeyi/project/imboy.pub/imboyapp/test/unit_test/service/e2ee/c2c_fanout_suite_policy_wiring_test.dart: AC-06 生产调用链：encryptPayload 经过固定套件门卫 对端存在不支持 Olm 的活跃设备 → 显式 FixedSuiteIncompatibleException，且不落任何 outbox 密文
[38;5;196m┌───────────────────────────────────────────────────────────────────────────────────────────────────────────────────────[0m
[38;5;196m│ #0   AppLogger.error (package:imboy/service/app_logger.dart:115:18)[0m
[38;5;196m│ #1   SqliteService.query (package:imboy/service/sqlite.dart:894:17)[0m
[38;5;196m├┄┄┄┄┄┄┄┄┄┄┄┄┄┄┄┄┄┄┄┄┄┄┄┄┄┄┄┄┄┄┄┄┄┄┄┄┄┄┄┄┄┄┄┄┄┄┄┄┄┄┄┄┄┄┄┄┄┄┄┄┄┄┄┄┄┄┄┄┄┄┄┄┄┄┄┄┄┄┄┄┄┄┄┄┄┄┄┄┄┄┄┄┄┄┄┄┄┄┄┄┄┄┄┄┄┄┄┄┄┄┄┄┄┄┄┄┄┄┄[0m
[38;5;196m│ ⛔ SQL query error: table=contact, error=SqfliteFfiException(sqlite_error: 1, , SqliteException(1): while preparing statement, no such table: contact, SQL logic error (code 1)[0m
[38;5;196m│ ⛔   Causing statement: SELECT peer_id, nickname, avatar, account, status, remark, tag, region, sign, source, gender, is_friend, is_from, category_id, account_type, last_seen_at, updated_at FROM contact WHERE user_id = ? and peer_id = ?}) DatabaseException(SqliteException(1): while preparing statement, no such table: contact, SQL logic error (code 1)[0m
[38;5;196m│ ⛔   Causing statement: SELECT peer_id, nickname, avatar, account, status, remark, tag, region, sign, source, gender, is_friend, is_from, category_id, account_type, last_seen_at, updated_at FROM contact WHERE user_id = ? and peer_id = ?) sql 'SELECT peer_id, nickname, avatar, account, status, remark, tag, region, sign, source, gender, is_friend, is_from, category_id, account_type, last_seen_at, updated_at FROM contact WHERE user_id = ? and peer_id = ?' args [100, 200] {details: {database: {path: :memory:, id: 1, readOnly: false, singleInstance: false}}}[0m
[38;5;196m└───────────────────────────────────────────────────────────────────────────────────────────────────────────────────────[0m
00:21 +452: /Users/leeyi/project/imboy.pub/imboyapp/test/organization/ux_matrix/organization_pages_ux_matrix_test.dart: OrganizationDetailPage：矩阵 + 归档组织 danger 确认弹层
00:21 +453: /Users/leeyi/project/imboy.pub/imboyapp/test/organization/ux_matrix/organization_pages_ux_matrix_test.dart: OrganizationDetailPage：矩阵 + 归档组织 danger 确认弹层
00:21 +454: /Users/leeyi/project/imboy.pub/imboyapp/test/organization/ux_matrix/organization_pages_ux_matrix_test.dart: OrganizationDetailPage：矩阵 + 归档组织 danger 确认弹层
00:21 +455: /Users/leeyi/project/imboy.pub/imboyapp/test/organization/ux_matrix/organization_pages_ux_matrix_test.dart: OrganizationDetailPage：矩阵 + 归档组织 danger 确认弹层
00:21 +455: /Users/leeyi/project/imboy.pub/imboyapp/test/unit_test/service/e2ee/c2c_fanout_suite_policy_wiring_test.dart: AC-06 门卫单元语义（fail-closed 细节）  幽灵设备（Olm 列表有、fan-out 集合没有）→ 告警事件而非崩溃
[E2EE][AC-15] ghost devices detected: peer=200 ghost={b-ghost} fanout={b-1}
00:21 +456: /Users/leeyi/project/imboy.pub/imboyapp/test/organization/ux_matrix/organization_pages_ux_matrix_test.dart: OrganizationDetailPage：矩阵 + 归档组织 danger 确认弹层
00:21 +457: /Users/leeyi/project/imboy.pub/imboyapp/test/organization/ux_matrix/organization_pages_ux_matrix_test.dart: OrganizationDetailPage：矩阵 + 归档组织 danger 确认弹层
00:21 +458: /Users/leeyi/project/imboy.pub/imboyapp/test/organization/ux_matrix/organization_pages_ux_matrix_test.dart: OrganizationDetailPage：矩阵 + 归档组织 danger 确认弹层
00:21 +459: /Users/leeyi/project/imboy.pub/imboyapp/test/organization/ux_matrix/organization_pages_ux_matrix_test.dart: OrganizationDetailPage：矩阵 + 归档组织 danger 确认弹层
00:21 +460: /Users/leeyi/project/imboy.pub/imboyapp/test/organization/ux_matrix/organization_pages_ux_matrix_test.dart: OrganizationDetailPage：矩阵 + 归档组织 danger 确认弹层
00:21 +461: /Users/leeyi/project/imboy.pub/imboyapp/test/organization/ux_matrix/organization_pages_ux_matrix_test.dart: OrganizationDetailPage：矩阵 + 归档组织 danger 确认弹层
00:21 +462: /Users/leeyi/project/imboy.pub/imboyapp/test/organization/ux_matrix/organization_pages_ux_matrix_test.dart: OrganizationDetailPage：矩阵 + 归档组织 danger 确认弹层
00:21 +463: /Users/leeyi/project/imboy.pub/imboyapp/test/organization/ux_matrix/organization_pages_ux_matrix_test.dart: OrganizationDetailPage：矩阵 + 归档组织 danger 确认弹层
00:21 +464: /Users/leeyi/project/imboy.pub/imboyapp/test/organization/ux_matrix/organization_pages_ux_matrix_test.dart: OrganizationDetailPage：矩阵 + 归档组织 danger 确认弹层
00:21 +465: /Users/leeyi/project/imboy.pub/imboyapp/test/organization/ux_matrix/organization_pages_ux_matrix_test.dart: OrganizationDetailPage：矩阵 + 归档组织 danger 确认弹层
00:21 +466: /Users/leeyi/project/imboy.pub/imboyapp/test/organization/ux_matrix/organization_pages_ux_matrix_test.dart: OrganizationDetailPage：矩阵 + 归档组织 danger 确认弹层
00:21 +467: /Users/leeyi/project/imboy.pub/imboyapp/test/organization/ux_matrix/organization_pages_ux_matrix_test.dart: OrganizationDetailPage：矩阵 + 归档组织 danger 确认弹层
00:21 +468: /Users/leeyi/project/imboy.pub/imboyapp/test/organization/ux_matrix/organization_pages_ux_matrix_test.dart: OrganizationDetailPage：矩阵 + 归档组织 danger 确认弹层
00:21 +468: /Users/leeyi/project/imboy.pub/imboyapp/test/organization/organization_detail_hub_widget_test.dart: archived：入口区/管理员区不渲染，restore 入口保留
*** Request ***
uri: http://127.0.0.1:9800/api/v1/organizations/7266418340025468901
method: GET
responseType: ResponseType.json
followRedirects: true
persistentConnection: true
connectTimeout: 0:01:00.000000
sendTimeout: 0:01:00.000000
receiveTimeout: 0:01:00.000000
transformTimeout: null
receiveDataWhenStatusError: true
extra: {}

*** Response ***
uri: http://127.0.0.1:9800/api/v1/organizations/7266418340025468901

*** Request ***
uri: http://127.0.0.1:9800/api/v1/organizations/7266418340025468901/default-workspace
method: GET
responseType: ResponseType.json
followRedirects: true
persistentConnection: true
connectTimeout: 0:01:00.000000
sendTimeout: 0:01:00.000000
receiveTimeout: 0:01:00.000000
transformTimeout: null
receiveDataWhenStatusError: true
extra: {}

*** Response ***
uri: http://127.0.0.1:9800/api/v1/organizations/7266418340025468901/default-workspace

00:21 +469: /Users/leeyi/project/imboy.pub/imboyapp/test/organization/organization_detail_hub_widget_test.dart: archived：入口区/管理员区不渲染，restore 入口保留
00:22 +470: /Users/leeyi/project/imboy.pub/imboyapp/test/organization/organization_detail_hub_widget_test.dart: archived：入口区/管理员区不渲染，restore 入口保留
00:22 +471: /Users/leeyi/project/imboy.pub/imboyapp/test/organization/organization_detail_hub_widget_test.dart: archived：入口区/管理员区不渲染，restore 入口保留
00:22 +472: /Users/leeyi/project/imboy.pub/imboyapp/test/organization/organization_detail_hub_widget_test.dart: archived：入口区/管理员区不渲染，restore 入口保留
00:22 +473: /Users/leeyi/project/imboy.pub/imboyapp/test/organization/organization_detail_hub_widget_test.dart: archived：入口区/管理员区不渲染，restore 入口保留
00:22 +474: /Users/leeyi/project/imboy.pub/imboyapp/test/unit_test/service/e2ee/fallback_forget_characterization_test.dart: (setUpAll)
00:22 +474: /Users/leeyi/project/imboy.pub/imboyapp/test/unit_test/service/e2ee/fallback_forget_characterization_test.dart: forgetFallbackKey 的实际语义 对照组：全新账号（无 fallback key）→ 返回 false
00:22 +475: /Users/leeyi/project/imboy.pub/imboyapp/test/unit_test/service/e2ee/fallback_forget_characterization_test.dart: forgetFallbackKey 的实际语义 只有一把（从未轮换）→ 返回 false，且**该 key 仍可解密**
00:22 +476: /Users/leeyi/project/imboy.pub/imboyapp/test/unit_test/service/e2ee/fallback_forget_characterization_test.dart: forgetFallbackKey 的实际语义 轮换过一次 → 返回 true；丢的是**上一把**，当前那把保留
00:22 +477: /Users/leeyi/project/imboy.pub/imboyapp/test/unit_test/service/e2ee/fallback_forget_characterization_test.dart: 留存期：轮换本身就会挤掉"上上把" 连续轮换两次后，第一把已不可用（最多只保留 current + previous）
00:22 +478: /Users/leeyi/project/imboy.pub/imboyapp/test/unit_test/service/e2ee/fallback_forget_characterization_test.dart: (tearDownAll)
00:22 +478: /Users/leeyi/project/imboy.pub/imboyapp/test/unit_test/service/e2ee/attachment_encryptor_test.dart: 1. 拍板值 chunk_size 默认 1 MiB
00:22 +479: /Users/leeyi/project/imboy.pub/imboyapp/test/unit_test/service/e2ee/attachment_encryptor_test.dart: 1. 拍板值 100MB 上限下块数 ≤ 100（拍板时的依据）
00:22 +480: /Users/leeyi/project/imboy.pub/imboyapp/test/unit_test/service/e2ee/attachment_encryptor_test.dart: 1. 拍板值 随机密钥/nonce 长度正确且不恒定
00:22 +481: /Users/leeyi/project/imboy.pub/imboyapp/test/unit_test/service/e2ee/attachment_encryptor_test.dart: 2. 正向可用性：封装后必须能原样开封 各种长度往返（含空、单块、跨块、恰好整除）
00:22 +482: /Users/leeyi/project/imboy.pub/imboyapp/test/unit_test/service/e2ee/attachment_encryptor_test.dart: 2. 正向可用性：封装后必须能原样开封 默认 1 MiB 分块下的大文件往返（跨 3 块）
00:23 +483: /Users/leeyi/project/imboy.pub/imboyapp/test/unit_test/service/e2ee/attachment_encryptor_test.dart: 2. 正向可用性：封装后必须能原样开封 默认 1 MiB 分块下的大文件往返（跨 3 块）
00:23 +484: /Users/leeyi/project/imboy.pub/imboyapp/test/unit_test/service/e2ee/attachment_encryptor_test.dart: 2. 正向可用性：封装后必须能原样开封 默认 1 MiB 分块下的大文件往返（跨 3 块）
00:23 +485: /Users/leeyi/project/imboy.pub/imboyapp/test/unit_test/service/e2ee/attachment_encryptor_test.dart: 2. 正向可用性：封装后必须能原样开封 默认 1 MiB 分块下的大文件往返（跨 3 块）
00:23 +486: /Users/leeyi/project/imboy.pub/imboyapp/test/unit_test/service/e2ee/attachment_encryptor_test.dart: 2. 正向可用性：封装后必须能原样开封 默认 1 MiB 分块下的大文件往返（跨 3 块）
00:23 +487: /Users/leeyi/project/imboy.pub/imboyapp/test/unit_test/service/e2ee/attachment_encryptor_test.dart: 2. 正向可用性：封装后必须能原样开封 默认 1 MiB 分块下的大文件往返（跨 3 块）
00:23 +488: /Users/leeyi/project/imboy.pub/imboyapp/test/unit_test/service/e2ee/attachment_encryptor_test.dart: 2. 正向可用性：封装后必须能原样开封 默认 1 MiB 分块下的大文件往返（跨 3 块）
00:24 +489: /Users/leeyi/project/imboy.pub/imboyapp/test/unit_test/service/e2ee/attachment_encryptor_test.dart: 2. 正向可用性：封装后必须能原样开封 默认 1 MiB 分块下的大文件往返（跨 3 块）
00:24 +490: /Users/leeyi/project/imboy.pub/imboyapp/test/unit_test/service/e2ee/attachment_encryptor_test.dart: 2. 正向可用性：封装后必须能原样开封 默认 1 MiB 分块下的大文件往返（跨 3 块）
00:24 +491: /Users/leeyi/project/imboy.pub/imboyapp/test/unit_test/service/e2ee/attachment_encryptor_test.dart: 2. 正向可用性：封装后必须能原样开封 默认 1 MiB 分块下的大文件往返（跨 3 块）
00:24 +492: /Users/leeyi/project/imboy.pub/imboyapp/test/unit_test/service/e2ee/attachment_encryptor_test.dart: 2. 正向可用性：封装后必须能原样开封 默认 1 MiB 分块下的大文件往返（跨 3 块）
00:24 +493: /Users/leeyi/project/imboy.pub/imboyapp/test/unit_test/service/e2ee/attachment_encryptor_test.dart: 2. 正向可用性：封装后必须能原样开封 默认 1 MiB 分块下的大文件往返（跨 3 块）
00:24 +494: /Users/leeyi/project/imboy.pub/imboyapp/test/unit_test/service/e2ee/attachment_encryptor_test.dart: 2. 正向可用性：封装后必须能原样开封 默认 1 MiB 分块下的大文件往返（跨 3 块）
00:24 +495: /Users/leeyi/project/imboy.pub/imboyapp/test/unit_test/service/e2ee/attachment_encryptor_test.dart: 2. 正向可用性：封装后必须能原样开封 默认 1 MiB 分块下的大文件往返（跨 3 块）
00:24 +496: /Users/leeyi/project/imboy.pub/imboyapp/test/unit_test/service/e2ee/attachment_encryptor_test.dart: 2. 正向可用性：封装后必须能原样开封 默认 1 MiB 分块下的大文件往返（跨 3 块）
00:24 +497: /Users/leeyi/project/imboy.pub/imboyapp/test/unit_test/service/e2ee/attachment_encryptor_test.dart: 2. 正向可用性：封装后必须能原样开封 默认 1 MiB 分块下的大文件往返（跨 3 块）
00:24 +498: /Users/leeyi/project/imboy.pub/imboyapp/test/unit_test/service/e2ee/attachment_encryptor_test.dart: 2. 正向可用性：封装后必须能原样开封 默认 1 MiB 分块下的大文件往返（跨 3 块）
00:24 +499: /Users/leeyi/project/imboy.pub/imboyapp/test/unit_test/service/e2ee/attachment_encryptor_test.dart: 2. 正向可用性：封装后必须能原样开封 默认 1 MiB 分块下的大文件往返（跨 3 块）
00:24 +500: /Users/leeyi/project/imboy.pub/imboyapp/test/unit_test/service/e2ee/attachment_encryptor_test.dart: 2. 正向可用性：封装后必须能原样开封 默认 1 MiB 分块下的大文件往返（跨 3 块）
00:24 +501: /Users/leeyi/project/imboy.pub/imboyapp/test/unit_test/service/e2ee/attachment_encryptor_test.dart: 2. 正向可用性：封装后必须能原样开封 默认 1 MiB 分块下的大文件往返（跨 3 块）
00:24 +502: /Users/leeyi/project/imboy.pub/imboyapp/test/unit_test/service/e2ee/attachment_encryptor_test.dart: 2. 正向可用性：封装后必须能原样开封 默认 1 MiB 分块下的大文件往返（跨 3 块）
00:24 +503: /Users/leeyi/project/imboy.pub/imboyapp/test/unit_test/service/e2ee/attachment_encryptor_test.dart: 2. 正向可用性：封装后必须能原样开封 默认 1 MiB 分块下的大文件往返（跨 3 块）
00:24 +504: /Users/leeyi/project/imboy.pub/imboyapp/test/unit_test/service/e2ee/attachment_encryptor_test.dart: 2. 正向可用性：封装后必须能原样开封 默认 1 MiB 分块下的大文件往返（跨 3 块）
00:24 +505: /Users/leeyi/project/imboy.pub/imboyapp/test/unit_test/service/e2ee/attachment_encryptor_test.dart: 2. 正向可用性：封装后必须能原样开封 默认 1 MiB 分块下的大文件往返（跨 3 块）
00:24 +506: /Users/leeyi/project/imboy.pub/imboyapp/test/unit_test/service/e2ee/attachment_encryptor_test.dart: 2. 正向可用性：封装后必须能原样开封 默认 1 MiB 分块下的大文件往返（跨 3 块）
00:24 +507: /Users/leeyi/project/imboy.pub/imboyapp/test/unit_test/service/e2ee/attachment_encryptor_test.dart: 2. 正向可用性：封装后必须能原样开封 默认 1 MiB 分块下的大文件往返（跨 3 块）
00:24 +508: /Users/leeyi/project/imboy.pub/imboyapp/test/unit_test/service/e2ee/attachment_encryptor_test.dart: 2. 正向可用性：封装后必须能原样开封 默认 1 MiB 分块下的大文件往返（跨 3 块）
00:24 +509: /Users/leeyi/project/imboy.pub/imboyapp/test/unit_test/service/e2ee/attachment_encryptor_test.dart: 2. 正向可用性：封装后必须能原样开封 默认 1 MiB 分块下的大文件往返（跨 3 块）
00:24 +510: /Users/leeyi/project/imboy.pub/imboyapp/test/unit_test/service/e2ee/attachment_encryptor_test.dart: 2. 正向可用性：封装后必须能原样开封 默认 1 MiB 分块下的大文件往返（跨 3 块）
00:24 +511: /Users/leeyi/project/imboy.pub/imboyapp/test/unit_test/service/e2ee/attachment_encryptor_test.dart: 2. 正向可用性：封装后必须能原样开封 默认 1 MiB 分块下的大文件往返（跨 3 块）
00:24 +512: /Users/leeyi/project/imboy.pub/imboyapp/test/unit_test/service/e2ee/attachment_encryptor_test.dart: 2. 正向可用性：封装后必须能原样开封 默认 1 MiB 分块下的大文件往返（跨 3 块）
00:24 +513: /Users/leeyi/project/imboy.pub/imboyapp/test/unit_test/service/e2ee/attachment_encryptor_test.dart: 2. 正向可用性：封装后必须能原样开封 默认 1 MiB 分块下的大文件往返（跨 3 块）
00:24 +514: /Users/leeyi/project/imboy.pub/imboyapp/test/unit_test/service/e2ee/attachment_encryptor_test.dart: 2. 正向可用性：封装后必须能原样开封 默认 1 MiB 分块下的大文件往返（跨 3 块）
00:24 +515: /Users/leeyi/project/imboy.pub/imboyapp/test/unit_test/service/e2ee/attachment_encryptor_test.dart: 2. 正向可用性：封装后必须能原样开封 默认 1 MiB 分块下的大文件往返（跨 3 块）
00:24 +516: /Users/leeyi/project/imboy.pub/imboyapp/test/unit_test/service/e2ee/attachment_encryptor_test.dart: 2. 正向可用性：封装后必须能原样开封 默认 1 MiB 分块下的大文件往返（跨 3 块）
00:24 +517: /Users/leeyi/project/imboy.pub/imboyapp/test/unit_test/service/e2ee/attachment_encryptor_test.dart: 2. 正向可用性：封装后必须能原样开封 默认 1 MiB 分块下的大文件往返（跨 3 块）
00:24 +518: /Users/leeyi/project/imboy.pub/imboyapp/test/unit_test/service/e2ee/attachment_encryptor_test.dart: 2. 正向可用性：封装后必须能原样开封 默认 1 MiB 分块下的大文件往返（跨 3 块）
00:24 +519: /Users/leeyi/project/imboy.pub/imboyapp/test/unit_test/service/e2ee/attachment_encryptor_test.dart: 2. 正向可用性：封装后必须能原样开封 默认 1 MiB 分块下的大文件往返（跨 3 块）
00:24 +520: /Users/leeyi/project/imboy.pub/imboyapp/test/unit_test/service/e2ee/attachment_encryptor_test.dart: 2. 正向可用性：封装后必须能原样开封 默认 1 MiB 分块下的大文件往返（跨 3 块）
00:24 +521: /Users/leeyi/project/imboy.pub/imboyapp/test/unit_test/service/e2ee/attachment_encryptor_test.dart: 2. 正向可用性：封装后必须能原样开封 默认 1 MiB 分块下的大文件往返（跨 3 块）
00:24 +522: /Users/leeyi/project/imboy.pub/imboyapp/test/unit_test/service/e2ee/attachment_encryptor_test.dart: 2. 正向可用性：封装后必须能原样开封 默认 1 MiB 分块下的大文件往返（跨 3 块）
00:24 +523: /Users/leeyi/project/imboy.pub/imboyapp/test/unit_test/service/e2ee/attachment_encryptor_test.dart: 2. 正向可用性：封装后必须能原样开封 默认 1 MiB 分块下的大文件往返（跨 3 块）
00:24 +524: /Users/leeyi/project/imboy.pub/imboyapp/test/unit_test/service/e2ee/attachment_encryptor_test.dart: 2. 正向可用性：封装后必须能原样开封 默认 1 MiB 分块下的大文件往返（跨 3 块）
00:24 +525: /Users/leeyi/project/imboy.pub/imboyapp/test/unit_test/service/e2ee/attachment_encryptor_test.dart: 2. 正向可用性：封装后必须能原样开封 默认 1 MiB 分块下的大文件往返（跨 3 块）
00:24 +526: /Users/leeyi/project/imboy.pub/imboyapp/test/unit_test/service/e2ee/attachment_encryptor_test.dart: 2. 正向可用性：封装后必须能原样开封 默认 1 MiB 分块下的大文件往返（跨 3 块）
00:24 +527: /Users/leeyi/project/imboy.pub/imboyapp/test/unit_test/service/e2ee/attachment_encryptor_test.dart: 2. 正向可用性：封装后必须能原样开封 默认 1 MiB 分块下的大文件往返（跨 3 块）
00:24 +528: /Users/leeyi/project/imboy.pub/imboyapp/test/unit_test/service/e2ee/attachment_encryptor_test.dart: 2. 正向可用性：封装后必须能原样开封 默认 1 MiB 分块下的大文件往返（跨 3 块）
00:24 +529: /Users/leeyi/project/imboy.pub/imboyapp/test/unit_test/service/e2ee/attachment_encryptor_test.dart: 2. 正向可用性：封装后必须能原样开封 默认 1 MiB 分块下的大文件往返（跨 3 块）
00:24 +530: /Users/leeyi/project/imboy.pub/imboyapp/test/unit_test/service/e2ee/attachment_encryptor_test.dart: 2. 正向可用性：封装后必须能原样开封 默认 1 MiB 分块下的大文件往返（跨 3 块）
00:24 +531: /Users/leeyi/project/imboy.pub/imboyapp/test/unit_test/service/e2ee/attachment_encryptor_test.dart: 2. 正向可用性：封装后必须能原样开封 默认 1 MiB 分块下的大文件往返（跨 3 块）
00:24 +532: /Users/leeyi/project/imboy.pub/imboyapp/test/unit_test/service/e2ee/attachment_encryptor_test.dart: 2. 正向可用性：封装后必须能原样开封 默认 1 MiB 分块下的大文件往返（跨 3 块）
00:24 +533: /Users/leeyi/project/imboy.pub/imboyapp/test/unit_test/service/e2ee/attachment_encryptor_test.dart: 2. 正向可用性：封装后必须能原样开封 默认 1 MiB 分块下的大文件往返（跨 3 块）
00:24 +534: /Users/leeyi/project/imboy.pub/imboyapp/test/unit_test/service/e2ee/attachment_encryptor_test.dart: 2. 正向可用性：封装后必须能原样开封 默认 1 MiB 分块下的大文件往返（跨 3 块）
00:24 +535: /Users/leeyi/project/imboy.pub/imboyapp/test/unit_test/service/e2ee/attachment_encryptor_test.dart: 2. 正向可用性：封装后必须能原样开封 默认 1 MiB 分块下的大文件往返（跨 3 块）
00:25 +536: /Users/leeyi/project/imboy.pub/imboyapp/test/unit_test/service/e2ee/attachment_encryptor_test.dart: 2. 正向可用性：封装后必须能原样开封 默认 1 MiB 分块下的大文件往返（跨 3 块）
00:25 +537: /Users/leeyi/project/imboy.pub/imboyapp/test/unit_test/service/e2ee/attachment_encryptor_test.dart: 2. 正向可用性：封装后必须能原样开封 默认 1 MiB 分块下的大文件往返（跨 3 块）
00:25 +538: /Users/leeyi/project/imboy.pub/imboyapp/test/unit_test/service/e2ee/attachment_encryptor_test.dart: 2. 正向可用性：封装后必须能原样开封 默认 1 MiB 分块下的大文件往返（跨 3 块）
00:25 +539: /Users/leeyi/project/imboy.pub/imboyapp/test/unit_test/service/e2ee/attachment_encryptor_test.dart: 2. 正向可用性：封装后必须能原样开封 默认 1 MiB 分块下的大文件往返（跨 3 块）
00:25 +540: /Users/leeyi/project/imboy.pub/imboyapp/test/unit_test/service/e2ee/attachment_encryptor_test.dart: 2. 正向可用性：封装后必须能原样开封 默认 1 MiB 分块下的大文件往返（跨 3 块）
00:25 +541: /Users/leeyi/project/imboy.pub/imboyapp/test/unit_test/service/e2ee/attachment_encryptor_test.dart: 2. 正向可用性：封装后必须能原样开封 默认 1 MiB 分块下的大文件往返（跨 3 块）
00:25 +542: /Users/leeyi/project/imboy.pub/imboyapp/test/unit_test/service/e2ee/attachment_encryptor_test.dart: 2. 正向可用性：封装后必须能原样开封 默认 1 MiB 分块下的大文件往返（跨 3 块）
00:25 +543: /Users/leeyi/project/imboy.pub/imboyapp/test/unit_test/service/e2ee/attachment_encryptor_test.dart: 2. 正向可用性：封装后必须能原样开封 默认 1 MiB 分块下的大文件往返（跨 3 块）
00:25 +544: /Users/leeyi/project/imboy.pub/imboyapp/test/unit_test/service/e2ee/attachment_encryptor_test.dart: 2. 正向可用性：封装后必须能原样开封 默认 1 MiB 分块下的大文件往返（跨 3 块）
00:25 +545: /Users/leeyi/project/imboy.pub/imboyapp/test/unit_test/service/e2ee/attachment_encryptor_test.dart: 2. 正向可用性：封装后必须能原样开封 默认 1 MiB 分块下的大文件往返（跨 3 块）
00:25 +546: /Users/leeyi/project/imboy.pub/imboyapp/test/unit_test/service/e2ee/attachment_encryptor_test.dart: 2. 正向可用性：封装后必须能原样开封 默认 1 MiB 分块下的大文件往返（跨 3 块）
00:25 +547: /Users/leeyi/project/imboy.pub/imboyapp/test/unit_test/service/e2ee/attachment_encryptor_test.dart: 2. 正向可用性：封装后必须能原样开封 默认 1 MiB 分块下的大文件往返（跨 3 块）
00:25 +548: /Users/leeyi/project/imboy.pub/imboyapp/test/unit_test/service/e2ee/attachment_encryptor_test.dart: 2. 正向可用性：封装后必须能原样开封 默认 1 MiB 分块下的大文件往返（跨 3 块）
00:25 +549: /Users/leeyi/project/imboy.pub/imboyapp/test/unit_test/service/e2ee/attachment_encryptor_test.dart: 2. 正向可用性：封装后必须能原样开封 默认 1 MiB 分块下的大文件往返（跨 3 块）
00:25 +550: /Users/leeyi/project/imboy.pub/imboyapp/test/unit_test/service/e2ee/megolm_backup_section_test.dart: pack/unpack 导出前按 session 刷新服务端有限授权快照
00:25 +551: /Users/leeyi/project/imboy.pub/imboyapp/test/unit_test/service/e2ee/megolm_backup_section_test.dart: pack/unpack 导出前按 session 刷新服务端有限授权快照
00:25 +552: /Users/leeyi/project/imboy.pub/imboyapp/test/unit_test/service/e2ee/megolm_backup_section_test.dart: pack/unpack 导出前按 session 刷新服务端有限授权快照
00:25 +553: /Users/leeyi/project/imboy.pub/imboyapp/test/unit_test/service/e2ee/megolm_backup_section_test.dart: pack/unpack 导出前按 session 刷新服务端有限授权快照
00:25 +554: /Users/leeyi/project/imboy.pub/imboyapp/test/unit_test/service/e2ee/megolm_backup_section_test.dart: pack/unpack 导出前按 session 刷新服务端有限授权快照
00:25 +555: /Users/leeyi/project/imboy.pub/imboyapp/test/unit_test/service/e2ee/megolm_backup_section_test.dart: pack/unpack 导出前按 session 刷新服务端有限授权快照
00:25 +556: /Users/leeyi/project/imboy.pub/imboyapp/test/unit_test/service/e2ee/megolm_backup_section_test.dart: pack/unpack 导出前按 session 刷新服务端有限授权快照
00:25 +557: /Users/leeyi/project/imboy.pub/imboyapp/test/unit_test/service/e2ee/megolm_backup_section_test.dart: pack/unpack 导出前按 session 刷新服务端有限授权快照
00:25 +558: /Users/leeyi/project/imboy.pub/imboyapp/test/unit_test/service/e2ee/megolm_backup_section_test.dart: pack/unpack 导出前按 session 刷新服务端有限授权快照
00:25 +559: /Users/leeyi/project/imboy.pub/imboyapp/test/unit_test/service/e2ee/megolm_backup_section_test.dart: pack/unpack 导出前按 session 刷新服务端有限授权快照
00:25 +560: /Users/leeyi/project/imboy.pub/imboyapp/test/unit_test/service/e2ee/megolm_backup_section_test.dart: pack/unpack 导出前按 session 刷新服务端有限授权快照
00:25 +561: /Users/leeyi/project/imboy.pub/imboyapp/test/unit_test/service/e2ee/megolm_backup_section_test.dart: pack/unpack 导出前按 session 刷新服务端有限授权快照
00:25 +562: /Users/leeyi/project/imboy.pub/imboyapp/test/unit_test/service/e2ee/megolm_backup_section_test.dart: pack/unpack 导出前按 session 刷新服务端有限授权快照
00:25 +563: /Users/leeyi/project/imboy.pub/imboyapp/test/unit_test/service/e2ee/megolm_backup_section_test.dart: pack/unpack 导出前按 session 刷新服务端有限授权快照
00:25 +564: /Users/leeyi/project/imboy.pub/imboyapp/test/unit_test/service/e2ee/megolm_backup_section_test.dart: pack/unpack 导出前按 session 刷新服务端有限授权快照
00:25 +565: /Users/leeyi/project/imboy.pub/imboyapp/test/unit_test/service/e2ee/megolm_backup_section_test.dart: pack/unpack 导出前按 session 刷新服务端有限授权快照
00:25 +566: /Users/leeyi/project/imboy.pub/imboyapp/test/unit_test/service/e2ee/megolm_backup_section_test.dart: pack/unpack 导出前按 session 刷新服务端有限授权快照
00:25 +567: /Users/leeyi/project/imboy.pub/imboyapp/test/unit_test/service/e2ee/megolm_backup_section_test.dart: pack/unpack 导出前按 session 刷新服务端有限授权快照
00:25 +568: /Users/leeyi/project/imboy.pub/imboyapp/test/unit_test/service/e2ee/megolm_backup_section_test.dart: pack/unpack 导出前按 session 刷新服务端有限授权快照
00:25 +569: /Users/leeyi/project/imboy.pub/imboyapp/test/unit_test/service/e2ee/megolm_backup_section_test.dart: pack/unpack 导出前按 session 刷新服务端有限授权快照
00:25 +570: /Users/leeyi/project/imboy.pub/imboyapp/test/unit_test/service/e2ee/megolm_backup_section_test.dart: pack/unpack 导出前按 session 刷新服务端有限授权快照
00:25 +571: /Users/leeyi/project/imboy.pub/imboyapp/test/unit_test/service/e2ee/megolm_backup_section_test.dart: pack/unpack 导出前按 session 刷新服务端有限授权快照
00:25 +572: /Users/leeyi/project/imboy.pub/imboyapp/test/unit_test/service/e2ee/megolm_backup_section_test.dart: pack/unpack 导出前按 session 刷新服务端有限授权快照
00:25 +573: /Users/leeyi/project/imboy.pub/imboyapp/test/unit_test/service/e2ee/megolm_backup_section_test.dart: pack/unpack 导出前按 session 刷新服务端有限授权快照
00:25 +574: /Users/leeyi/project/imboy.pub/imboyapp/test/unit_test/service/e2ee/megolm_backup_section_test.dart: pack/unpack 导出前按 session 刷新服务端有限授权快照
00:25 +575: /Users/leeyi/project/imboy.pub/imboyapp/test/unit_test/service/e2ee/megolm_backup_section_test.dart: pack/unpack 导出前按 session 刷新服务端有限授权快照
00:25 +576: /Users/leeyi/project/imboy.pub/imboyapp/test/unit_test/service/e2ee/megolm_backup_section_test.dart: pack/unpack 导出前按 session 刷新服务端有限授权快照
00:25 +577: /Users/leeyi/project/imboy.pub/imboyapp/test/unit_test/service/e2ee/megolm_backup_section_test.dart: pack/unpack 导出前按 session 刷新服务端有限授权快照
00:25 +578: /Users/leeyi/project/imboy.pub/imboyapp/test/unit_test/service/e2ee/megolm_backup_section_test.dart: pack/unpack 导出前按 session 刷新服务端有限授权快照
00:25 +579: /Users/leeyi/project/imboy.pub/imboyapp/test/unit_test/service/e2ee/megolm_backup_section_test.dart: pack/unpack 导出前按 session 刷新服务端有限授权快照
00:26 +580: /Users/leeyi/project/imboy.pub/imboyapp/test/unit_test/service/e2ee/megolm_backup_section_test.dart: pack/unpack 导出前按 session 刷新服务端有限授权快照
00:26 +581: /Users/leeyi/project/imboy.pub/imboyapp/test/unit_test/service/e2ee/megolm_backup_section_test.dart: pack/unpack 导出前按 session 刷新服务端有限授权快照
00:26 +582: /Users/leeyi/project/imboy.pub/imboyapp/test/unit_test/service/e2ee/megolm_backup_section_test.dart: pack/unpack 导出前按 session 刷新服务端有限授权快照
00:26 +583: /Users/leeyi/project/imboy.pub/imboyapp/test/unit_test/service/e2ee/megolm_backup_section_test.dart: pack/unpack 导出前按 session 刷新服务端有限授权快照
00:26 +584: /Users/leeyi/project/imboy.pub/imboyapp/test/unit_test/service/e2ee/megolm_backup_section_test.dart: pack/unpack 导出前按 session 刷新服务端有限授权快照
00:26 +585: /Users/leeyi/project/imboy.pub/imboyapp/test/unit_test/service/e2ee/megolm_backup_section_test.dart: pack/unpack 导出前按 session 刷新服务端有限授权快照
00:26 +586: /Users/leeyi/project/imboy.pub/imboyapp/test/unit_test/service/e2ee/megolm_backup_section_test.dart: pack/unpack 导出前按 session 刷新服务端有限授权快照
00:26 +587: /Users/leeyi/project/imboy.pub/imboyapp/test/unit_test/service/e2ee/megolm_backup_section_test.dart: pack/unpack 导出前按 session 刷新服务端有限授权快照
00:26 +588: /Users/leeyi/project/imboy.pub/imboyapp/test/unit_test/service/e2ee/megolm_backup_section_test.dart: pack/unpack 导出前按 session 刷新服务端有限授权快照
00:26 +589: /Users/leeyi/project/imboy.pub/imboyapp/test/unit_test/service/e2ee/megolm_backup_section_test.dart: pack/unpack 导出前按 session 刷新服务端有限授权快照
00:26 +590: /Users/leeyi/project/imboy.pub/imboyapp/test/unit_test/service/e2ee/megolm_backup_section_test.dart: pack/unpack 导出前按 session 刷新服务端有限授权快照
00:26 +591: /Users/leeyi/project/imboy.pub/imboyapp/test/unit_test/service/e2ee/megolm_backup_section_test.dart: pack/unpack 导出前按 session 刷新服务端有限授权快照
00:26 +592: /Users/leeyi/project/imboy.pub/imboyapp/test/unit_test/service/e2ee/megolm_backup_section_test.dart: pack/unpack 导出前按 session 刷新服务端有限授权快照
00:26 +593: /Users/leeyi/project/imboy.pub/imboyapp/test/unit_test/service/e2ee/megolm_backup_section_test.dart: pack/unpack 导出前按 session 刷新服务端有限授权快照
00:26 +594: /Users/leeyi/project/imboy.pub/imboyapp/test/unit_test/service/e2ee/megolm_backup_section_test.dart: pack/unpack 导出前按 session 刷新服务端有限授权快照
00:26 +594: /Users/leeyi/project/imboy.pub/imboyapp/test/unit_test/service/e2ee/fallback_rotation_wiring_test.dart: 从未记录过轮换时刻 → 必须轮换并上报
[olm] fallback key rotated
00:26 +595: /Users/leeyi/project/imboy.pub/imboyapp/test/unit_test/service/e2ee/megolm_backup_section_test.dart: pack/unpack 导出前按 session 刷新服务端有限授权快照
00:26 +595: /Users/leeyi/project/imboy.pub/imboyapp/test/unit_test/service/e2ee/fallback_rotation_wiring_test.dart: 对照组：刚轮换过 → 不得再次上报
[olm] fallback key rotated
00:26 +596: /Users/leeyi/project/imboy.pub/imboyapp/test/unit_test/service/e2ee/megolm_backup_section_test.dart: pack/unpack 导出前按 session 刷新服务端有限授权快照
00:26 +596: /Users/leeyi/project/imboy.pub/imboyapp/test/unit_test/service/e2ee/fallback_rotation_wiring_test.dart: 时刻过期 → 再次轮换，且 keyId 与上一次不同
[olm] fallback key rotated
[olm] fallback key rotated
00:26 +597: /Users/leeyi/project/imboy.pub/imboyapp/test/unit_test/service/e2ee/megolm_backup_section_test.dart: pack/unpack 导出前按 session 刷新服务端有限授权快照
00:27 +598: /Users/leeyi/project/imboy.pub/imboyapp/test/unit_test/service/e2ee/megolm_backup_section_test.dart: pack/unpack 导出前按 session 刷新服务端有限授权快照
00:27 +598: /Users/leeyi/project/imboy.pub/imboyapp/test/unit_test/service/e2ee/decrypt_on_read_v3_gap_test.dart: decrypt-on-read 路径的 v3 缺口（实证） 对照组：同一行数据经 decryptInboundV3 必须可读
*** sqflite warning ***

You are changing sqflite default factory.
Be aware of the potential side effects. Any library using sqflite
will have this factory as the default for all operations.

*** sqflite warning ***

00:27 +599: /Users/leeyi/project/imboy.pub/imboyapp/test/unit_test/service/e2ee/megolm_backup_section_test.dart: pack/unpack 导出前按 session 刷新服务端有限授权快照
00:27 +599: /Users/leeyi/project/imboy.pub/imboyapp/test/unit_test/service/e2ee/decrypt_on_read_v3_gap_test.dart: 读时拒绝畸形信封且日志不暴露消息标识与原始原因
*** sqflite warning ***

You are changing sqflite default factory.
Be aware of the potential side effects. Any library using sqflite
will have this factory as the default for all operations.

*** sqflite warning ***

📊 [E2EE_METRICS] decrypt failure: envelope_invalid total=1
00:27 +600: /Users/leeyi/project/imboy.pub/imboyapp/test/unit_test/service/e2ee/megolm_backup_section_test.dart: pack/unpack 导出前按 session 刷新服务端有限授权快照
00:27 +600: /Users/leeyi/project/imboy.pub/imboyapp/test/unit_test/service/e2ee/decrypt_on_read_v3_gap_test.dart: decrypt-on-read v3 正向可用性（生产入口 toTypeMessage） v3 离线行经 toTypeMessage 能读出明文
*** sqflite warning ***

You are changing sqflite default factory.
Be aware of the potential side effects. Any library using sqflite
will have this factory as the default for all operations.

*** sqflite warning ***

✅ toTypeMessage: v3 解密成功
✅ [MessageTypeNormalizer] 有效类型: text
00:27 +601: /Users/leeyi/project/imboy.pub/imboyapp/test/unit_test/service/e2ee/megolm_backup_section_test.dart: pack/unpack 导出前按 session 刷新服务端有限授权快照
00:27 +601: /Users/leeyi/project/imboy.pub/imboyapp/test/unit_test/service/e2ee/decrypt_on_read_v3_gap_test.dart: decrypt-on-read v3 正向可用性（生产入口 toTypeMessage） 缺 sender_did 的旧行必须 fail-closed 且不得暴露密文
*** sqflite warning ***

You are changing sqflite default factory.
Be aware of the potential side effects. Any library using sqflite
will have this factory as the default for all operations.

*** sqflite warning ***

⚠️ toTypeMessage: v3 解密失败，reason=context_mismatch_sender_did
📊 [E2EE_METRICS] decrypt failure: context_mismatch_sender_did total=1
00:27 +602: /Users/leeyi/project/imboy.pub/imboyapp/test/unit_test/service/e2ee/megolm_backup_section_test.dart: pack/unpack 导出前按 session 刷新服务端有限授权快照
00:27 +602: /Users/leeyi/project/imboy.pub/imboyapp/test/unit_test/service/e2ee/decrypt_on_read_v3_gap_test.dart: decrypt-on-read 路径接线状态（结构级） toTypeMessage 必须先经 decryptInboundV3 分流，再回落 v1/v2
*** sqflite warning ***

You are changing sqflite default factory.
Be aware of the potential side effects. Any library using sqflite
will have this factory as the default for all operations.

*** sqflite warning ***

00:27 +603: /Users/leeyi/project/imboy.pub/imboyapp/test/unit_test/service/e2ee/megolm_backup_section_test.dart: pack/unpack 导出前按 session 刷新服务端有限授权快照
00:27 +604: /Users/leeyi/project/imboy.pub/imboyapp/test/unit_test/service/e2ee/megolm_backup_section_test.dart: pack/unpack 导出前按 session 刷新服务端有限授权快照
00:27 +605: /Users/leeyi/project/imboy.pub/imboyapp/test/unit_test/service/e2ee/megolm_backup_section_test.dart: pack/unpack 导出前按 session 刷新服务端有限授权快照
00:27 +606: /Users/leeyi/project/imboy.pub/imboyapp/test/unit_test/service/e2ee/megolm_backup_section_test.dart: pack/unpack 导出前按 session 刷新服务端有限授权快照
00:27 +607: /Users/leeyi/project/imboy.pub/imboyapp/test/unit_test/service/e2ee/megolm_backup_section_test.dart: pack/unpack 导出前按 session 刷新服务端有限授权快照
00:27 +608: /Users/leeyi/project/imboy.pub/imboyapp/test/unit_test/service/e2ee/megolm_backup_section_test.dart: pack/unpack 导出前按 session 刷新服务端有限授权快照
00:27 +609: /Users/leeyi/project/imboy.pub/imboyapp/test/unit_test/service/e2ee/megolm_backup_section_test.dart: pack/unpack 导出前按 session 刷新服务端有限授权快照
00:27 +610: /Users/leeyi/project/imboy.pub/imboyapp/test/unit_test/service/e2ee/megolm_backup_section_test.dart: pack/unpack 导出前按 session 刷新服务端有限授权快照
00:27 +611: /Users/leeyi/project/imboy.pub/imboyapp/test/unit_test/service/e2ee/megolm_backup_section_test.dart: pack/unpack 导出前按 session 刷新服务端有限授权快照
00:27 +612: /Users/leeyi/project/imboy.pub/imboyapp/test/unit_test/service/e2ee/megolm_backup_section_test.dart: pack/unpack 导出前按 session 刷新服务端有限授权快照
00:27 +613: /Users/leeyi/project/imboy.pub/imboyapp/test/unit_test/service/e2ee/megolm_backup_section_test.dart: pack/unpack 导出前按 session 刷新服务端有限授权快照
00:27 +614: /Users/leeyi/project/imboy.pub/imboyapp/test/unit_test/service/e2ee/megolm_backup_section_test.dart: pack/unpack 导出前按 session 刷新服务端有限授权快照
00:27 +615: /Users/leeyi/project/imboy.pub/imboyapp/test/unit_test/service/e2ee/megolm_backup_section_test.dart: pack/unpack 导出前按 session 刷新服务端有限授权快照
00:27 +616: /Users/leeyi/project/imboy.pub/imboyapp/test/unit_test/service/e2ee/megolm_backup_section_test.dart: pack/unpack 导出前按 session 刷新服务端有限授权快照
00:27 +617: /Users/leeyi/project/imboy.pub/imboyapp/test/unit_test/service/e2ee/megolm_backup_section_test.dart: pack/unpack 导出前按 session 刷新服务端有限授权快照
00:27 +618: /Users/leeyi/project/imboy.pub/imboyapp/test/unit_test/service/e2ee/megolm_backup_section_test.dart: pack/unpack 导出前按 session 刷新服务端有限授权快照
00:27 +619: /Users/leeyi/project/imboy.pub/imboyapp/test/unit_test/service/e2ee/megolm_backup_section_test.dart: pack/unpack 导出前按 session 刷新服务端有限授权快照
00:27 +620: /Users/leeyi/project/imboy.pub/imboyapp/test/unit_test/service/e2ee/megolm_backup_section_test.dart: pack/unpack 导出前按 session 刷新服务端有限授权快照
00:27 +621: /Users/leeyi/project/imboy.pub/imboyapp/test/unit_test/service/e2ee/megolm_backup_section_test.dart: pack/unpack 导出前按 session 刷新服务端有限授权快照
00:27 +622: /Users/leeyi/project/imboy.pub/imboyapp/test/unit_test/service/e2ee/megolm_backup_section_test.dart: pack/unpack 导出前按 session 刷新服务端有限授权快照
00:27 +623: /Users/leeyi/project/imboy.pub/imboyapp/test/unit_test/service/e2ee/megolm_backup_section_test.dart: pack/unpack 导出前按 session 刷新服务端有限授权快照
00:27 +624: /Users/leeyi/project/imboy.pub/imboyapp/test/unit_test/service/e2ee/megolm_backup_section_test.dart: pack/unpack 导出前按 session 刷新服务端有限授权快照
00:27 +625: /Users/leeyi/project/imboy.pub/imboyapp/test/unit_test/service/e2ee/megolm_backup_section_test.dart: pack/unpack 导出前按 session 刷新服务端有限授权快照
00:27 +626: /Users/leeyi/project/imboy.pub/imboyapp/test/unit_test/service/e2ee/megolm_backup_section_test.dart: pack/unpack 导出前按 session 刷新服务端有限授权快照
00:27 +627: /Users/leeyi/project/imboy.pub/imboyapp/test/unit_test/service/e2ee/megolm_backup_section_test.dart: pack/unpack 导出前按 session 刷新服务端有限授权快照
00:27 +628: /Users/leeyi/project/imboy.pub/imboyapp/test/unit_test/service/e2ee/megolm_backup_section_test.dart: pack/unpack 导出前按 session 刷新服务端有限授权快照
00:27 +629: /Users/leeyi/project/imboy.pub/imboyapp/test/unit_test/service/e2ee/megolm_backup_section_test.dart: pack/unpack 导出前按 session 刷新服务端有限授权快照
00:27 +630: /Users/leeyi/project/imboy.pub/imboyapp/test/unit_test/service/e2ee/megolm_backup_section_test.dart: pack/unpack 导出前按 session 刷新服务端有限授权快照
00:27 +631: /Users/leeyi/project/imboy.pub/imboyapp/test/unit_test/service/e2ee/megolm_backup_section_test.dart: pack/unpack 导出前按 session 刷新服务端有限授权快照
00:28 +632: /Users/leeyi/project/imboy.pub/imboyapp/test/unit_test/service/e2ee/megolm_backup_section_test.dart: pack/unpack 导出前按 session 刷新服务端有限授权快照
00:28 +633: /Users/leeyi/project/imboy.pub/imboyapp/test/unit_test/service/e2ee/megolm_backup_section_test.dart: pack/unpack 导出前按 session 刷新服务端有限授权快照
00:28 +634: /Users/leeyi/project/imboy.pub/imboyapp/test/unit_test/service/e2ee/megolm_backup_section_test.dart: pack/unpack 导出前按 session 刷新服务端有限授权快照
00:28 +635: /Users/leeyi/project/imboy.pub/imboyapp/test/unit_test/service/e2ee/megolm_backup_section_test.dart: pack/unpack 导出前按 session 刷新服务端有限授权快照
00:28 +636: /Users/leeyi/project/imboy.pub/imboyapp/test/unit_test/service/e2ee/megolm_backup_section_test.dart: pack/unpack 导出前按 session 刷新服务端有限授权快照
00:28 +637: /Users/leeyi/project/imboy.pub/imboyapp/test/unit_test/service/e2ee/megolm_backup_section_test.dart: pack/unpack 导出前按 session 刷新服务端有限授权快照
00:28 +638: /Users/leeyi/project/imboy.pub/imboyapp/test/unit_test/service/e2ee/megolm_backup_section_test.dart: pack/unpack 导出前按 session 刷新服务端有限授权快照
00:28 +639: /Users/leeyi/project/imboy.pub/imboyapp/test/unit_test/service/e2ee/megolm_backup_section_test.dart: pack/unpack 导出前按 session 刷新服务端有限授权快照
00:28 +640: /Users/leeyi/project/imboy.pub/imboyapp/test/unit_test/service/e2ee/megolm_backup_section_test.dart: pack/unpack 导出前按 session 刷新服务端有限授权快照
00:28 +641: /Users/leeyi/project/imboy.pub/imboyapp/test/unit_test/service/e2ee/megolm_backup_section_test.dart: pack/unpack 导出前按 session 刷新服务端有限授权快照
00:28 +642: /Users/leeyi/project/imboy.pub/imboyapp/test/unit_test/service/e2ee/megolm_backup_section_test.dart: pack/unpack 导出前按 session 刷新服务端有限授权快照
00:28 +643: /Users/leeyi/project/imboy.pub/imboyapp/test/unit_test/service/e2ee/megolm_backup_section_test.dart: pack/unpack 导出前按 session 刷新服务端有限授权快照
00:28 +644: /Users/leeyi/project/imboy.pub/imboyapp/test/unit_test/service/e2ee/megolm_backup_section_test.dart: pack/unpack 导出前按 session 刷新服务端有限授权快照
00:28 +645: /Users/leeyi/project/imboy.pub/imboyapp/test/unit_test/service/e2ee/megolm_backup_section_test.dart: pack/unpack 导出前按 session 刷新服务端有限授权快照
00:28 +646: /Users/leeyi/project/imboy.pub/imboyapp/test/unit_test/service/e2ee/megolm_backup_section_test.dart: pack/unpack 导出前按 session 刷新服务端有限授权快照
00:28 +647: /Users/leeyi/project/imboy.pub/imboyapp/test/unit_test/service/e2ee/megolm_backup_section_test.dart: pack/unpack 导出前按 session 刷新服务端有限授权快照
00:28 +648: /Users/leeyi/project/imboy.pub/imboyapp/test/unit_test/service/e2ee/megolm_backup_section_test.dart: pack/unpack 导出前按 session 刷新服务端有限授权快照
00:28 +649: /Users/leeyi/project/imboy.pub/imboyapp/test/unit_test/service/e2ee/megolm_backup_section_test.dart: pack/unpack 导出前按 session 刷新服务端有限授权快照
00:28 +650: /Users/leeyi/project/imboy.pub/imboyapp/test/unit_test/service/e2ee/megolm_backup_section_test.dart: pack/unpack 导出前按 session 刷新服务端有限授权快照
00:28 +651: /Users/leeyi/project/imboy.pub/imboyapp/test/unit_test/service/e2ee/megolm_backup_section_test.dart: pack/unpack 导出前按 session 刷新服务端有限授权快照
00:28 +652: /Users/leeyi/project/imboy.pub/imboyapp/test/unit_test/service/e2ee/megolm_backup_section_test.dart: pack/unpack 导出前按 session 刷新服务端有限授权快照
00:28 +653: /Users/leeyi/project/imboy.pub/imboyapp/test/unit_test/service/e2ee/megolm_backup_section_test.dart: pack/unpack 导出前按 session 刷新服务端有限授权快照
00:28 +654: /Users/leeyi/project/imboy.pub/imboyapp/test/unit_test/service/e2ee/megolm_backup_section_test.dart: pack/unpack 导出前按 session 刷新服务端有限授权快照
00:28 +655: /Users/leeyi/project/imboy.pub/imboyapp/test/unit_test/service/e2ee/megolm_backup_section_test.dart: pack/unpack 导出前按 session 刷新服务端有限授权快照
00:28 +656: /Users/leeyi/project/imboy.pub/imboyapp/test/unit_test/service/e2ee/megolm_backup_section_test.dart: pack/unpack 导出前按 session 刷新服务端有限授权快照
00:28 +657: /Users/leeyi/project/imboy.pub/imboyapp/test/unit_test/service/e2ee/megolm_backup_section_test.dart: pack/unpack 导出前按 session 刷新服务端有限授权快照
00:28 +658: /Users/leeyi/project/imboy.pub/imboyapp/test/unit_test/service/e2ee/megolm_backup_section_test.dart: pack/unpack 导出前按 session 刷新服务端有限授权快照
00:28 +659: /Users/leeyi/project/imboy.pub/imboyapp/test/unit_test/service/e2ee/megolm_backup_section_test.dart: pack/unpack 导出前按 session 刷新服务端有限授权快照
00:28 +660: /Users/leeyi/project/imboy.pub/imboyapp/test/unit_test/service/e2ee/megolm_backup_section_test.dart: pack/unpack 导出前按 session 刷新服务端有限授权快照
00:28 +661: /Users/leeyi/project/imboy.pub/imboyapp/test/unit_test/service/e2ee/megolm_backup_section_test.dart: pack/unpack 导出前按 session 刷新服务端有限授权快照
00:28 +662: /Users/leeyi/project/imboy.pub/imboyapp/test/unit_test/service/e2ee/megolm_backup_section_test.dart: pack/unpack 导出前按 session 刷新服务端有限授权快照
00:28 +663: /Users/leeyi/project/imboy.pub/imboyapp/test/unit_test/service/e2ee/megolm_backup_section_test.dart: pack/unpack 导出前按 session 刷新服务端有限授权快照
00:28 +664: /Users/leeyi/project/imboy.pub/imboyapp/test/unit_test/service/e2ee/megolm_backup_section_test.dart: pack/unpack 导出前按 session 刷新服务端有限授权快照
00:28 +665: /Users/leeyi/project/imboy.pub/imboyapp/test/unit_test/service/e2ee/megolm_backup_section_test.dart: pack/unpack 导出前按 session 刷新服务端有限授权快照
00:28 +666: /Users/leeyi/project/imboy.pub/imboyapp/test/unit_test/service/e2ee/megolm_backup_section_test.dart: pack/unpack 导出前按 session 刷新服务端有限授权快照
00:28 +667: /Users/leeyi/project/imboy.pub/imboyapp/test/unit_test/service/e2ee/megolm_backup_section_test.dart: pack/unpack 导出前按 session 刷新服务端有限授权快照
00:28 +668: /Users/leeyi/project/imboy.pub/imboyapp/test/unit_test/service/e2ee/megolm_backup_section_test.dart: pack/unpack 导出前按 session 刷新服务端有限授权快照
00:28 +669: /Users/leeyi/project/imboy.pub/imboyapp/test/unit_test/service/e2ee/megolm_backup_section_test.dart: pack/unpack 导出前按 session 刷新服务端有限授权快照
00:28 +670: /Users/leeyi/project/imboy.pub/imboyapp/test/unit_test/service/e2ee/megolm_backup_section_test.dart: pack/unpack 导出前按 session 刷新服务端有限授权快照
00:28 +671: /Users/leeyi/project/imboy.pub/imboyapp/test/unit_test/service/e2ee/megolm_backup_section_test.dart: pack/unpack 导出前按 session 刷新服务端有限授权快照
00:28 +672: /Users/leeyi/project/imboy.pub/imboyapp/test/unit_test/service/e2ee/megolm_backup_section_test.dart: pack/unpack 导出前按 session 刷新服务端有限授权快照
00:28 +673: /Users/leeyi/project/imboy.pub/imboyapp/test/unit_test/service/e2ee/megolm_backup_section_test.dart: pack/unpack 导出前按 session 刷新服务端有限授权快照
00:28 +674: /Users/leeyi/project/imboy.pub/imboyapp/test/unit_test/service/e2ee/megolm_backup_section_test.dart: pack/unpack 导出前按 session 刷新服务端有限授权快照
00:28 +675: /Users/leeyi/project/imboy.pub/imboyapp/test/unit_test/service/e2ee/megolm_backup_section_test.dart: pack/unpack 导出前按 session 刷新服务端有限授权快照
00:28 +676: /Users/leeyi/project/imboy.pub/imboyapp/test/unit_test/service/e2ee/megolm_backup_section_test.dart: pack/unpack 导出前按 session 刷新服务端有限授权快照
00:28 +677: /Users/leeyi/project/imboy.pub/imboyapp/test/unit_test/service/e2ee/megolm_backup_section_test.dart: pack/unpack 导出前按 session 刷新服务端有限授权快照
00:29 +678: /Users/leeyi/project/imboy.pub/imboyapp/test/unit_test/service/e2ee/megolm_backup_section_test.dart: pack/unpack 导出前按 session 刷新服务端有限授权快照
00:29 +679: /Users/leeyi/project/imboy.pub/imboyapp/test/unit_test/service/e2ee/megolm_backup_section_test.dart: pack/unpack 导出前按 session 刷新服务端有限授权快照
00:29 +680: /Users/leeyi/project/imboy.pub/imboyapp/test/unit_test/service/e2ee/megolm_backup_section_test.dart: pack/unpack 导出前按 session 刷新服务端有限授权快照
00:29 +681: /Users/leeyi/project/imboy.pub/imboyapp/test/unit_test/service/e2ee/megolm_backup_section_test.dart: pack/unpack 导出前按 session 刷新服务端有限授权快照
00:29 +682: /Users/leeyi/project/imboy.pub/imboyapp/test/unit_test/service/e2ee/megolm_backup_section_test.dart: pack/unpack 导出前按 session 刷新服务端有限授权快照
00:29 +683: /Users/leeyi/project/imboy.pub/imboyapp/test/unit_test/service/e2ee/megolm_backup_section_test.dart: pack/unpack 导出前按 session 刷新服务端有限授权快照
00:29 +684: /Users/leeyi/project/imboy.pub/imboyapp/test/unit_test/service/e2ee/megolm_backup_section_test.dart: pack/unpack 导出前按 session 刷新服务端有限授权快照
00:29 +685: /Users/leeyi/project/imboy.pub/imboyapp/test/unit_test/service/e2ee/megolm_backup_section_test.dart: pack/unpack 导出前按 session 刷新服务端有限授权快照
00:29 +686: /Users/leeyi/project/imboy.pub/imboyapp/test/unit_test/service/e2ee/megolm_backup_section_test.dart: pack/unpack 导出前按 session 刷新服务端有限授权快照
00:29 +687: /Users/leeyi/project/imboy.pub/imboyapp/test/unit_test/service/e2ee/megolm_backup_section_test.dart: pack/unpack 导出前按 session 刷新服务端有限授权快照
00:29 +688: /Users/leeyi/project/imboy.pub/imboyapp/test/unit_test/service/e2ee/megolm_backup_section_test.dart: pack/unpack 导出前按 session 刷新服务端有限授权快照
00:29 +689: /Users/leeyi/project/imboy.pub/imboyapp/test/unit_test/service/e2ee/megolm_backup_section_test.dart: pack/unpack 导出前按 session 刷新服务端有限授权快照
00:29 +690: /Users/leeyi/project/imboy.pub/imboyapp/test/unit_test/service/e2ee/megolm_backup_section_test.dart: pack/unpack 导出前按 session 刷新服务端有限授权快照
00:29 +691: /Users/leeyi/project/imboy.pub/imboyapp/test/unit_test/service/e2ee/megolm_backup_section_test.dart: pack/unpack 导出前按 session 刷新服务端有限授权快照
00:29 +692: /Users/leeyi/project/imboy.pub/imboyapp/test/unit_test/service/e2ee/megolm_backup_section_test.dart: pack/unpack 导出前按 session 刷新服务端有限授权快照
00:29 +693: /Users/leeyi/project/imboy.pub/imboyapp/test/unit_test/service/e2ee/megolm_backup_section_test.dart: pack/unpack 导出前按 session 刷新服务端有限授权快照
00:29 +694: /Users/leeyi/project/imboy.pub/imboyapp/test/unit_test/service/e2ee/megolm_backup_section_test.dart: pack/unpack 导出前按 session 刷新服务端有限授权快照
00:29 +695: /Users/leeyi/project/imboy.pub/imboyapp/test/unit_test/service/e2ee/megolm_backup_section_test.dart: pack/unpack 导出前按 session 刷新服务端有限授权快照
00:29 +696: /Users/leeyi/project/imboy.pub/imboyapp/test/unit_test/service/e2ee/megolm_backup_section_test.dart: pack/unpack 导出前按 session 刷新服务端有限授权快照
00:29 +697: /Users/leeyi/project/imboy.pub/imboyapp/test/unit_test/service/e2ee/megolm_backup_section_test.dart: pack/unpack 导出前按 session 刷新服务端有限授权快照
00:29 +698: /Users/leeyi/project/imboy.pub/imboyapp/test/unit_test/service/e2ee/megolm_backup_section_test.dart: pack/unpack 导出前按 session 刷新服务端有限授权快照
00:29 +699: /Users/leeyi/project/imboy.pub/imboyapp/test/unit_test/service/e2ee/megolm_backup_section_test.dart: pack/unpack 导出前按 session 刷新服务端有限授权快照
00:29 +700: /Users/leeyi/project/imboy.pub/imboyapp/test/unit_test/service/e2ee/megolm_backup_section_test.dart: pack/unpack 导出前按 session 刷新服务端有限授权快照
00:29 +701: /Users/leeyi/project/imboy.pub/imboyapp/test/unit_test/service/e2ee/megolm_backup_section_test.dart: pack/unpack 导出前按 session 刷新服务端有限授权快照
00:29 +702: /Users/leeyi/project/imboy.pub/imboyapp/test/unit_test/service/e2ee/megolm_backup_section_test.dart: pack/unpack 导出前按 session 刷新服务端有限授权快照
00:29 +703: /Users/leeyi/project/imboy.pub/imboyapp/test/unit_test/service/e2ee/megolm_backup_section_test.dart: pack/unpack 导出前按 session 刷新服务端有限授权快照
00:29 +704: /Users/leeyi/project/imboy.pub/imboyapp/test/unit_test/service/e2ee/megolm_backup_section_test.dart: pack/unpack 导出前按 session 刷新服务端有限授权快照
00:29 +705: /Users/leeyi/project/imboy.pub/imboyapp/test/unit_test/service/e2ee/megolm_backup_section_test.dart: pack/unpack 导出前按 session 刷新服务端有限授权快照
00:29 +706: /Users/leeyi/project/imboy.pub/imboyapp/test/unit_test/service/e2ee/megolm_backup_section_test.dart: pack/unpack 导出前按 session 刷新服务端有限授权快照
00:29 +707: /Users/leeyi/project/imboy.pub/imboyapp/test/unit_test/service/e2ee/megolm_backup_section_test.dart: pack/unpack 导出前按 session 刷新服务端有限授权快照
00:29 +708: /Users/leeyi/project/imboy.pub/imboyapp/test/unit_test/service/e2ee/megolm_backup_section_test.dart: pack/unpack 导出前按 session 刷新服务端有限授权快照
00:29 +709: /Users/leeyi/project/imboy.pub/imboyapp/test/unit_test/service/e2ee/megolm_backup_section_test.dart: pack/unpack 导出前按 session 刷新服务端有限授权快照
00:29 +710: /Users/leeyi/project/imboy.pub/imboyapp/test/unit_test/service/e2ee/megolm_backup_section_test.dart: pack/unpack 导出前按 session 刷新服务端有限授权快照
00:29 +711: /Users/leeyi/project/imboy.pub/imboyapp/test/unit_test/service/e2ee/megolm_backup_section_test.dart: pack/unpack 导出前按 session 刷新服务端有限授权快照
00:29 +712: /Users/leeyi/project/imboy.pub/imboyapp/test/unit_test/service/e2ee/megolm_backup_section_test.dart: pack/unpack 导出前按 session 刷新服务端有限授权快照
00:29 +713: /Users/leeyi/project/imboy.pub/imboyapp/test/unit_test/service/e2ee/megolm_backup_section_test.dart: pack/unpack 导出前按 session 刷新服务端有限授权快照
00:29 +714: /Users/leeyi/project/imboy.pub/imboyapp/test/unit_test/service/e2ee/megolm_backup_section_test.dart: pack/unpack 导出前按 session 刷新服务端有限授权快照
00:29 +715: /Users/leeyi/project/imboy.pub/imboyapp/test/unit_test/service/e2ee/megolm_backup_section_test.dart: pack/unpack 导出前按 session 刷新服务端有限授权快照
00:29 +716: /Users/leeyi/project/imboy.pub/imboyapp/test/unit_test/service/e2ee/megolm_backup_section_test.dart: pack/unpack 导出前按 session 刷新服务端有限授权快照
00:29 +717: /Users/leeyi/project/imboy.pub/imboyapp/test/unit_test/service/e2ee/megolm_backup_section_test.dart: pack/unpack 导出前按 session 刷新服务端有限授权快照
00:29 +718: /Users/leeyi/project/imboy.pub/imboyapp/test/unit_test/service/e2ee/megolm_backup_section_test.dart: pack/unpack 导出前按 session 刷新服务端有限授权快照
00:29 +719: /Users/leeyi/project/imboy.pub/imboyapp/test/unit_test/service/e2ee/megolm_backup_section_test.dart: pack/unpack 导出前按 session 刷新服务端有限授权快照
00:29 +720: /Users/leeyi/project/imboy.pub/imboyapp/test/unit_test/service/e2ee/megolm_backup_section_test.dart: pack/unpack 导出前按 session 刷新服务端有限授权快照
00:29 +720: /Users/leeyi/project/imboy.pub/imboyapp/test/unit_test/service/e2ee/outbox_read_side_wiring_test.dart: (setUpAll)
🔍 [RETRY_SCAN] 开始扫描失败消息...
[38;5;196m┌───────────────────────────────────────────────────────────────────────────────────────────────────────────────────────[0m
[38;5;196m│ #0   AppLogger.error (package:imboy/service/app_logger.dart:115:18)[0m
[38;5;196m│ #1   SqliteService.query (package:imboy/service/sqlite.dart:894:17)[0m
[38;5;196m├┄┄┄┄┄┄┄┄┄┄┄┄┄┄┄┄┄┄┄┄┄┄┄┄┄┄┄┄┄┄┄┄┄┄┄┄┄┄┄┄┄┄┄┄┄┄┄┄┄┄┄┄┄┄┄┄┄┄┄┄┄┄┄┄┄┄┄┄┄┄┄┄┄┄┄┄┄┄┄┄┄┄┄┄┄┄┄┄┄┄┄┄┄┄┄┄┄┄┄┄┄┄┄┄┄┄┄┄┄┄┄┄┄┄┄┄┄┄┄[0m
[38;5;196m│ ⛔ SQL query error: table=msg_c2g, error=SqfliteFfiException(sqlite_error: 1, , SqliteException(1): while preparing statement, no such table: msg_c2g, SQL logic error (code 1)[0m
[38;5;196m│ ⛔   Causing statement: SELECT auto_id, id, type, from_id, to_id, payload, created_at, is_author, status, conversation_uk3, topic_id, msg_type, "action", e2ee FROM msg_c2g WHERE status IN (?,?) AND is_author=? ORDER BY created_at DESC, auto_id DESC LIMIT 100}) DatabaseException(SqliteException(1): while preparing statement, no such table: msg_c2g, SQL logic error (code 1)[0m
[38;5;196m│ ⛔   Causing statement: SELECT auto_id, id, type, from_id, to_id, payload, created_at, is_author, status, conversation_uk3, topic_id, msg_type, "action", e2ee FROM msg_c2g WHERE status IN (?,?) AND is_author=? ORDER BY created_at DESC, auto_id DESC LIMIT 100) sql 'SELECT auto_id, id, type, from_id, to_id, payload, created_at, is_author, status, conversation_uk3, topic_id, msg_type, "action", e2ee FROM msg_c2g WHERE status IN (?,?) AND is_author=? ORDER BY created_at DESC, auto_id DESC LIMIT 100' args [10, 12, 1] {details: {database: {path: :memory:, id: 1, readOnly: false, singleInstance: false}}}[0m
[38;5;196m└───────────────────────────────────────────────────────────────────────────────────────────────────────────────────────[0m
⚠️ [RETRY_SCAN] 扫描表 c2g 失败: SqfliteFfiException(sqlite_error: 1, , SqliteException(1): while preparing statement, no such table: msg_c2g, SQL logic error (code 1)
  Causing statement: SELECT auto_id, id, type, from_id, to_id, payload, created_at, is_author, status, conversation_uk3, topic_id, msg_type, "action", e2ee FROM msg_c2g WHERE status IN (?,?) AND is_author=? ORDER BY created_at DESC, auto_id DESC LIMIT 100}) DatabaseException(SqliteException(1): while preparing statement, no such table: msg_c2g, SQL logic error (code 1)
  Causing statement: SELECT auto_id, id, type, from_id, to_id, payload, created_at, is_author, status, conversation_uk3, topic_id, msg_type, "action", e2ee FROM msg_c2g WHERE status IN (?,?) AND is_author=? ORDER BY created_at DESC, auto_id DESC LIMIT 100) sql 'SELECT auto_id, id, type, from_id, to_id, payload, created_at, is_author, status, conversation_uk3, topic_id, msg_type, "action", e2ee FROM msg_c2g WHERE status IN (?,?) AND is_author=? ORDER BY created_at DESC, auto_id DESC LIMIT 100' args [10, 12, 1] {details: {database: {path: :memory:, id: 1, readOnly: false, singleInstance: false}}}
[38;5;196m┌───────────────────────────────────────────────────────────────────────────────────────────────────────────────────────[0m
[38;5;196m│ #0   AppLogger.error (package:imboy/service/app_logger.dart:115:18)[0m
[38;5;196m│ #1   SqliteService.query (package:imboy/service/sqlite.dart:894:17)[0m
[38;5;196m├┄┄┄┄┄┄┄┄┄┄┄┄┄┄┄┄┄┄┄┄┄┄┄┄┄┄┄┄┄┄┄┄┄┄┄┄┄┄┄┄┄┄┄┄┄┄┄┄┄┄┄┄┄┄┄┄┄┄┄┄┄┄┄┄┄┄┄┄┄┄┄┄┄┄┄┄┄┄┄┄┄┄┄┄┄┄┄┄┄┄┄┄┄┄┄┄┄┄┄┄┄┄┄┄┄┄┄┄┄┄┄┄┄┄┄┄┄┄┄[0m
[38;5;196m│ ⛔ SQL query error: table=msg_c2s, error=SqfliteFfiException(sqlite_error: 1, , SqliteException(1): while preparing statement, no such table: msg_c2s, SQL logic error (code 1)[0m
[38;5;196m│ ⛔   Causing statement: SELECT auto_id, id, type, from_id, to_id, payload, created_at, is_author, status, conversation_uk3, topic_id, msg_type, "action", e2ee FROM msg_c2s WHERE status IN (?,?) AND is_author=? ORDER BY created_at DESC, auto_id DESC LIMIT 100}) DatabaseException(SqliteException(1): while preparing statement, no such table: msg_c2s, SQL logic error (code 1)[0m
[38;5;196m│ ⛔   Causing statement: SELECT auto_id, id, type, from_id, to_id, payload, created_at, is_author, status, conversation_uk3, topic_id, msg_type, "action", e2ee FROM msg_c2s WHERE status IN (?,?) AND is_author=? ORDER BY created_at DESC, auto_id DESC LIMIT 100) sql 'SELECT auto_id, id, type, from_id, to_id, payload, created_at, is_author, status, conversation_uk3, topic_id, msg_type, "action", e2ee FROM msg_c2s WHERE status IN (?,?) AND is_author=? ORDER BY created_at DESC, auto_id DESC LIMIT 100' args [10, 12, 1] {details: {database: {path: :memory:, id: 1, readOnly: false, singleInstance: false}}}[0m
[38;5;196m└───────────────────────────────────────────────────────────────────────────────────────────────────────────────────────[0m
⚠️ [RETRY_SCAN] 扫描表 c2s 失败: SqfliteFfiException(sqlite_error: 1, , SqliteException(1): while preparing statement, no such table: msg_c2s, SQL logic error (code 1)
  Causing statement: SELECT auto_id, id, type, from_id, to_id, payload, created_at, is_author, status, conversation_uk3, topic_id, msg_type, "action", e2ee FROM msg_c2s WHERE status IN (?,?) AND is_author=? ORDER BY created_at DESC, auto_id DESC LIMIT 100}) DatabaseException(SqliteException(1): while preparing statement, no such table: msg_c2s, SQL logic error (code 1)
  Causing statement: SELECT auto_id, id, type, from_id, to_id, payload, created_at, is_author, status, conversation_uk3, topic_id, msg_type, "action", e2ee FROM msg_c2s WHERE status IN (?,?) AND is_author=? ORDER BY created_at DESC, auto_id DESC LIMIT 100) sql 'SELECT auto_id, id, type, from_id, to_id, payload, created_at, is_author, status, conversation_uk3, topic_id, msg_type, "action", e2ee FROM msg_c2s WHERE status IN (?,?) AND is_author=? ORDER BY created_at DESC, auto_id DESC LIMIT 100' args [10, 12, 1] {details: {database: {path: :memory:, id: 1, readOnly: false, singleInstance: false}}}
📊 [RETRY_SCAN] 扫描完成: 发现 0 条失败消息，添加 0 条到重试队列
00:29 +720: /Users/leeyi/project/imboy.pub/imboyapp/test/unit_test/service/e2ee/megolm_backup_section_test.dart: pack/unpack 导出前按 session 刷新服务端有限授权快照
00:29 +720: /Users/leeyi/project/imboy.pub/imboyapp/test/unit_test/service/e2ee/outbox_read_side_wiring_test.dart: 重发复用已提交信封：e2ee 与落库逐字节一致（不重新加密）
消息加入重试队列: msg-resend-1, type=C2C
message_repo/updateWithConditions msg_c2c ; where: id = ? AND status = ?
message_repo/updateWithConditions msg_c2c ; where: id = ? AND status IN (?, ?, ?)
清除缓存: msg_c2c, 移除了 0 个缓存条目
重试发送消息: msg-resend-1, 第1次重试
消息重试已提交，等待确认: msg-resend-1
⚠️ toTypeMessage: v3 解密失败，reason=no_device_envelope
📊 [E2EE_METRICS] decrypt failure: no_device_envelope total=1
00:29 +721: /Users/leeyi/project/imboy.pub/imboyapp/test/unit_test/service/e2ee/megolm_backup_section_test.dart: pack/unpack 导出前按 session 刷新服务端有限授权快照
00:29 +721: /Users/leeyi/project/imboy.pub/imboyapp/test/unit_test/service/e2ee/outbox_read_side_wiring_test.dart: (setUpAll)
🗑️ [RETRY_QUEUE] 从重试队列移除: messageId=msg-resend-1, reason=SERVER_ACK
00:29 +722: /Users/leeyi/project/imboy.pub/imboyapp/test/unit_test/service/e2ee/megolm_backup_section_test.dart: pack/unpack 导出前按 session 刷新服务端有限授权快照
00:29 +722: /Users/leeyi/project/imboy.pub/imboyapp/test/unit_test/service/e2ee/outbox_read_side_wiring_test.dart: outbox 表缺失时移除事件照样生效（卫生动作不阻断 ACK）
消息加入重试队列: msg-ghost, type=C2C
00:29 +722: /Users/leeyi/project/imboy.pub/imboyapp/test/unit_test/service/e2ee/outbox_read_side_wiring_test.dart: (setUpAll)
消息从重试队列移除: msg-ghost
🗑️ [RETRY_QUEUE] 从重试队列移除: messageId=msg-ghost, reason=SERVER_ACK
⚠️ [RETRY] outbox 确认失败（不影响 ACK）: msg-ghost, SqfliteFfiException(sqlite_error: 1, , SqliteException(1): while preparing statement, no such table: crypto_outbox, SQL logic error (code 1)
  Causing statement: UPDATE crypto_outbox SET status = 'sent', sent_at = ? WHERE id = ?}) DatabaseException(SqliteException(1): while preparing statement, no such table: crypto_outbox, SQL logic error (code 1)
  Causing statement: UPDATE crypto_outbox SET status = 'sent', sent_at = ? WHERE id = ?) sql 'UPDATE crypto_outbox SET status = 'sent', sent_at = ? WHERE id = ?' args [1791050929395, msg-ghost] {details: {database: {path: :memory:, id: 1, readOnly: false, singleInstance: false}}}
00:29 +723: /Users/leeyi/project/imboy.pub/imboyapp/test/unit_test/service/e2ee/megolm_backup_section_test.dart: pack/unpack 导出前按 session 刷新服务端有限授权快照
00:30 +724: /Users/leeyi/project/imboy.pub/imboyapp/test/unit_test/service/e2ee/megolm_backup_section_test.dart: pack/unpack 导出前按 session 刷新服务端有限授权快照
00:30 +725: /Users/leeyi/project/imboy.pub/imboyapp/test/unit_test/service/e2ee/megolm_backup_section_test.dart: pack/unpack 导出前按 session 刷新服务端有限授权快照
00:30 +726: /Users/leeyi/project/imboy.pub/imboyapp/test/unit_test/service/e2ee/megolm_backup_section_test.dart: pack/unpack 导出前按 session 刷新服务端有限授权快照
00:30 +727: /Users/leeyi/project/imboy.pub/imboyapp/test/unit_test/service/e2ee/megolm_backup_section_test.dart: pack/unpack 导出前按 session 刷新服务端有限授权快照
00:30 +728: /Users/leeyi/project/imboy.pub/imboyapp/test/unit_test/service/e2ee/megolm_backup_section_test.dart: pack/unpack 导出前按 session 刷新服务端有限授权快照
00:30 +729: /Users/leeyi/project/imboy.pub/imboyapp/test/unit_test/service/e2ee/megolm_backup_section_test.dart: pack/unpack 导出前按 session 刷新服务端有限授权快照
00:30 +730: /Users/leeyi/project/imboy.pub/imboyapp/test/unit_test/service/e2ee/megolm_backup_section_test.dart: pack/unpack 导出前按 session 刷新服务端有限授权快照
00:30 +731: /Users/leeyi/project/imboy.pub/imboyapp/test/unit_test/service/e2ee/megolm_backup_section_test.dart: pack/unpack 导出前按 session 刷新服务端有限授权快照
00:30 +732: /Users/leeyi/project/imboy.pub/imboyapp/test/unit_test/service/e2ee/megolm_backup_section_test.dart: pack/unpack 导出前按 session 刷新服务端有限授权快照
00:30 +733: /Users/leeyi/project/imboy.pub/imboyapp/test/unit_test/service/e2ee/megolm_backup_section_test.dart: pack/unpack 导出前按 session 刷新服务端有限授权快照
00:30 +734: /Users/leeyi/project/imboy.pub/imboyapp/test/unit_test/service/e2ee/megolm_backup_section_test.dart: pack/unpack 导出前按 session 刷新服务端有限授权快照
00:30 +735: /Users/leeyi/project/imboy.pub/imboyapp/test/unit_test/service/e2ee/megolm_backup_section_test.dart: pack/unpack 导出前按 session 刷新服务端有限授权快照
00:30 +735: /Users/leeyi/project/imboy.pub/imboyapp/test/unit_test/service/e2ee/plain_text_log_test.dart: Plaintext Log Prevention (HOTFIX-01) sendMessage does not log raw message payload containing plain text
📊 [RETRY_SCAN] 扫描完成: 发现 0 条失败消息，添加 0 条到重试队列
00:30 +736: /Users/leeyi/project/imboy.pub/imboyapp/test/unit_test/service/e2ee/megolm_backup_section_test.dart: pack/unpack 导出前按 session 刷新服务端有限授权快照
00:30 +737: /Users/leeyi/project/imboy.pub/imboyapp/test/unit_test/service/e2ee/megolm_backup_section_test.dart: pack/unpack 导出前按 session 刷新服务端有限授权快照
00:30 +738: /Users/leeyi/project/imboy.pub/imboyapp/test/unit_test/service/e2ee/megolm_backup_section_test.dart: pack/unpack 导出前按 session 刷新服务端有限授权快照
00:30 +739: /Users/leeyi/project/imboy.pub/imboyapp/test/unit_test/service/e2ee/megolm_backup_section_test.dart: pack/unpack 导出前按 session 刷新服务端有限授权快照
00:30 +740: /Users/leeyi/project/imboy.pub/imboyapp/test/unit_test/service/e2ee/megolm_backup_section_test.dart: pack/unpack 导出前按 session 刷新服务端有限授权快照
00:30 +741: /Users/leeyi/project/imboy.pub/imboyapp/test/unit_test/service/e2ee/megolm_backup_section_test.dart: pack/unpack 导出前按 session 刷新服务端有限授权快照
00:30 +742: /Users/leeyi/project/imboy.pub/imboyapp/test/unit_test/service/e2ee/megolm_backup_section_test.dart: pack/unpack 导出前按 session 刷新服务端有限授权快照
00:30 +743: /Users/leeyi/project/imboy.pub/imboyapp/test/unit_test/service/e2ee/megolm_backup_section_test.dart: pack/unpack 导出前按 session 刷新服务端有限授权快照
00:30 +744: /Users/leeyi/project/imboy.pub/imboyapp/test/unit_test/service/e2ee/megolm_backup_section_test.dart: pack/unpack 导出前按 session 刷新服务端有限授权快照
00:30 +745: /Users/leeyi/project/imboy.pub/imboyapp/test/unit_test/service/e2ee/megolm_backup_section_test.dart: pack/unpack 导出前按 session 刷新服务端有限授权快照
00:30 +746: /Users/leeyi/project/imboy.pub/imboyapp/test/unit_test/service/e2ee/megolm_backup_section_test.dart: pack/unpack 导出前按 session 刷新服务端有限授权快照
00:30 +747: /Users/leeyi/project/imboy.pub/imboyapp/test/unit_test/service/e2ee/megolm_backup_section_test.dart: pack/unpack 导出前按 session 刷新服务端有限授权快照
00:30 +748: /Users/leeyi/project/imboy.pub/imboyapp/test/unit_test/service/e2ee/megolm_backup_section_test.dart: pack/unpack 导出前按 session 刷新服务端有限授权快照
00:30 +749: /Users/leeyi/project/imboy.pub/imboyapp/test/unit_test/service/e2ee/megolm_backup_section_test.dart: pack/unpack 导出前按 session 刷新服务端有限授权快照
00:30 +750: /Users/leeyi/project/imboy.pub/imboyapp/test/unit_test/service/e2ee/megolm_backup_section_test.dart: pack/unpack 导出前按 session 刷新服务端有限授权快照
00:30 +751: /Users/leeyi/project/imboy.pub/imboyapp/test/unit_test/service/e2ee/megolm_backup_section_test.dart: pack/unpack 导出前按 session 刷新服务端有限授权快照
00:30 +752: /Users/leeyi/project/imboy.pub/imboyapp/test/unit_test/service/e2ee/megolm_backup_section_test.dart: pack/unpack 导出前按 session 刷新服务端有限授权快照
00:30 +753: /Users/leeyi/project/imboy.pub/imboyapp/test/unit_test/service/e2ee/megolm_backup_section_test.dart: pack/unpack 导出前按 session 刷新服务端有限授权快照
00:30 +754: /Users/leeyi/project/imboy.pub/imboyapp/test/unit_test/service/e2ee/megolm_backup_section_test.dart: pack/unpack 导出前按 session 刷新服务端有限授权快照
00:30 +755: /Users/leeyi/project/imboy.pub/imboyapp/test/unit_test/service/e2ee/megolm_backup_section_test.dart: pack/unpack 导出前按 session 刷新服务端有限授权快照
00:30 +756: /Users/leeyi/project/imboy.pub/imboyapp/test/unit_test/service/e2ee/megolm_backup_section_test.dart: pack/unpack 导出前按 session 刷新服务端有限授权快照
00:30 +757: /Users/leeyi/project/imboy.pub/imboyapp/test/unit_test/service/e2ee/megolm_backup_section_test.dart: pack/unpack 导出前按 session 刷新服务端有限授权快照
00:30 +758: /Users/leeyi/project/imboy.pub/imboyapp/test/unit_test/service/e2ee/megolm_backup_section_test.dart: pack/unpack 导出前按 session 刷新服务端有限授权快照
00:30 +759: /Users/leeyi/project/imboy.pub/imboyapp/test/unit_test/service/e2ee/megolm_backup_section_test.dart: pack/unpack 导出前按 session 刷新服务端有限授权快照
00:30 +760: /Users/leeyi/project/imboy.pub/imboyapp/test/unit_test/service/e2ee/megolm_backup_section_test.dart: pack/unpack 导出前按 session 刷新服务端有限授权快照
00:30 +761: /Users/leeyi/project/imboy.pub/imboyapp/test/unit_test/service/e2ee/megolm_backup_section_test.dart: pack/unpack 导出前按 session 刷新服务端有限授权快照
00:30 +762: /Users/leeyi/project/imboy.pub/imboyapp/test/unit_test/service/e2ee/megolm_backup_section_test.dart: pack/unpack 导出前按 session 刷新服务端有限授权快照
00:30 +763: /Users/leeyi/project/imboy.pub/imboyapp/test/unit_test/service/e2ee/megolm_backup_section_test.dart: pack/unpack 导出前按 session 刷新服务端有限授权快照
00:30 +764: /Users/leeyi/project/imboy.pub/imboyapp/test/unit_test/service/e2ee/megolm_backup_section_test.dart: pack/unpack 导出前按 session 刷新服务端有限授权快照
00:30 +765: /Users/leeyi/project/imboy.pub/imboyapp/test/unit_test/service/e2ee/megolm_backup_section_test.dart: pack/unpack 导出前按 session 刷新服务端有限授权快照
00:30 +766: /Users/leeyi/project/imboy.pub/imboyapp/test/unit_test/service/e2ee/megolm_backup_section_test.dart: pack/unpack 导出前按 session 刷新服务端有限授权快照
00:30 +767: /Users/leeyi/project/imboy.pub/imboyapp/test/unit_test/service/e2ee/megolm_backup_section_test.dart: pack/unpack 导出前按 session 刷新服务端有限授权快照
00:30 +768: /Users/leeyi/project/imboy.pub/imboyapp/test/unit_test/service/e2ee/megolm_backup_section_test.dart: pack/unpack 导出前按 session 刷新服务端有限授权快照
00:30 +769: /Users/leeyi/project/imboy.pub/imboyapp/test/unit_test/service/e2ee/megolm_backup_section_test.dart: pack/unpack 导出前按 session 刷新服务端有限授权快照
00:31 +770: /Users/leeyi/project/imboy.pub/imboyapp/test/unit_test/service/e2ee/megolm_backup_section_test.dart: pack/unpack 导出前按 session 刷新服务端有限授权快照
00:31 +771: /Users/leeyi/project/imboy.pub/imboyapp/test/unit_test/service/e2ee/megolm_backup_section_test.dart: pack/unpack 导出前按 session 刷新服务端有限授权快照
00:31 +772: /Users/leeyi/project/imboy.pub/imboyapp/test/unit_test/service/e2ee/megolm_backup_section_test.dart: pack/unpack 导出前按 session 刷新服务端有限授权快照
00:31 +773: /Users/leeyi/project/imboy.pub/imboyapp/test/unit_test/service/e2ee/megolm_backup_section_test.dart: pack/unpack 导出前按 session 刷新服务端有限授权快照
00:31 +774: /Users/leeyi/project/imboy.pub/imboyapp/test/unit_test/service/e2ee/megolm_backup_section_test.dart: pack/unpack 导出前按 session 刷新服务端有限授权快照
00:31 +775: /Users/leeyi/project/imboy.pub/imboyapp/test/unit_test/service/e2ee/megolm_backup_section_test.dart: pack/unpack 导出前按 session 刷新服务端有限授权快照
00:31 +776: /Users/leeyi/project/imboy.pub/imboyapp/test/unit_test/service/e2ee/megolm_backup_section_test.dart: pack/unpack 导出前按 session 刷新服务端有限授权快照
00:31 +777: /Users/leeyi/project/imboy.pub/imboyapp/test/unit_test/service/e2ee/megolm_backup_section_test.dart: pack/unpack 导出前按 session 刷新服务端有限授权快照
00:31 +777: /Users/leeyi/project/imboy.pub/imboyapp/test/unit_test/service/e2ee/ai_plaintext_identity_gate_test.dart: SqliteAiPlaintextConfirmationStore — 本地持久化（schema 纪律） load 其他 uid → null；save 覆盖旧记录（upsert）
*** sqflite warning ***

You are changing sqflite default factory.
Be aware of the potential side effects. Any library using sqflite
will have this factory as the default for all operations.

*** sqflite warning ***

00:31 +778: /Users/leeyi/project/imboy.pub/imboyapp/test/unit_test/service/e2ee/megolm_backup_section_test.dart: pack/unpack 导出前按 session 刷新服务端有限授权快照
00:31 +778: /Users/leeyi/project/imboy.pub/imboyapp/test/unit_test/service/e2ee/ai_plaintext_identity_gate_test.dart: SqliteAiPlaintextConfirmationStore — 本地持久化（schema 纪律） delete 撤销当前账号的目标确认
*** sqflite warning ***

You are changing sqflite default factory.
Be aware of the potential side effects. Any library using sqflite
will have this factory as the default for all operations.

*** sqflite warning ***

00:31 +779: /Users/leeyi/project/imboy.pub/imboyapp/test/unit_test/service/e2ee/megolm_backup_section_test.dart: pack/unpack 导出前按 session 刷新服务端有限授权快照
00:31 +779: /Users/leeyi/project/imboy.pub/imboyapp/test/unit_test/service/e2ee/ai_plaintext_identity_gate_test.dart: SqliteAiPlaintextConfirmationStore — 本地持久化（schema 纪律） C1 懒初始化：不经 ensureSchema，写入→重开 store→读回一致
*** sqflite warning ***

You are changing sqflite default factory.
Be aware of the potential side effects. Any library using sqflite
will have this factory as the default for all operations.

*** sqflite warning ***

00:31 +780: /Users/leeyi/project/imboy.pub/imboyapp/test/unit_test/service/e2ee/megolm_backup_section_test.dart: pack/unpack 导出前按 session 刷新服务端有限授权快照
00:31 +781: /Users/leeyi/project/imboy.pub/imboyapp/test/unit_test/service/e2ee/megolm_backup_section_test.dart: pack/unpack 导出前按 session 刷新服务端有限授权快照
00:31 +781: /Users/leeyi/project/imboy.pub/imboyapp/test/unit_test/service/e2ee/production_inbound_frame_gate_test.dart: 生产投递形状的 v3 正向可用性门 from 为字符串表示时同样必须可读（context binding #2）
*** sqflite warning ***

You are changing sqflite default factory.
Be aware of the potential side effects. Any library using sqflite
will have this factory as the default for all operations.

*** sqflite warning ***

00:31 +782: /Users/leeyi/project/imboy.pub/imboyapp/test/unit_test/service/e2ee/megolm_backup_section_test.dart: pack/unpack 导出前按 session 刷新服务端有限授权快照
00:31 +782: /Users/leeyi/project/imboy.pub/imboyapp/test/unit_test/service/e2ee/production_inbound_frame_gate_test.dart: 生产投递形状的 v3 正向可用性门 非文本消息 msg_type=image 在生产投递形状下必须可读
*** sqflite warning ***

You are changing sqflite default factory.
Be aware of the potential side effects. Any library using sqflite
will have this factory as the default for all operations.

*** sqflite warning ***

00:31 +783: /Users/leeyi/project/imboy.pub/imboyapp/test/unit_test/service/e2ee/megolm_backup_section_test.dart: pack/unpack 导出前按 session 刷新服务端有限授权快照
00:31 +783: /Users/leeyi/project/imboy.pub/imboyapp/test/unit_test/service/e2ee/production_inbound_frame_gate_test.dart: 生产投递形状的 v3 正向可用性门 非文本消息 msg_type=video 在生产投递形状下必须可读
*** sqflite warning ***

You are changing sqflite default factory.
Be aware of the potential side effects. Any library using sqflite
will have this factory as the default for all operations.

*** sqflite warning ***

00:31 +784: /Users/leeyi/project/imboy.pub/imboyapp/test/unit_test/service/e2ee/megolm_backup_section_test.dart: pack/unpack 导出前按 session 刷新服务端有限授权快照
00:31 +784: /Users/leeyi/project/imboy.pub/imboyapp/test/unit_test/service/e2ee/production_inbound_frame_gate_test.dart: 生产投递形状的 v3 正向可用性门 非文本消息 msg_type=audio 在生产投递形状下必须可读
*** sqflite warning ***

You are changing sqflite default factory.
Be aware of the potential side effects. Any library using sqflite
will have this factory as the default for all operations.

*** sqflite warning ***

00:31 +785: /Users/leeyi/project/imboy.pub/imboyapp/test/unit_test/service/e2ee/megolm_backup_section_test.dart: pack/unpack 导出前按 session 刷新服务端有限授权快照
00:31 +785: /Users/leeyi/project/imboy.pub/imboyapp/test/unit_test/service/e2ee/production_inbound_frame_gate_test.dart: 生产投递形状的 v3 正向可用性门 非文本消息 msg_type=file 在生产投递形状下必须可读
*** sqflite warning ***

You are changing sqflite default factory.
Be aware of the potential side effects. Any library using sqflite
will have this factory as the default for all operations.

*** sqflite warning ***

00:31 +786: /Users/leeyi/project/imboy.pub/imboyapp/test/unit_test/service/e2ee/megolm_backup_section_test.dart: pack/unpack 导出前按 session 刷新服务端有限授权快照
00:31 +786: /Users/leeyi/project/imboy.pub/imboyapp/test/unit_test/service/e2ee/production_inbound_frame_gate_test.dart: 生产投递形状的 v3 正向可用性门 对端多设备 fan-out 时必须只采用本机信封
*** sqflite warning ***

You are changing sqflite default factory.
Be aware of the potential side effects. Any library using sqflite
will have this factory as the default for all operations.

*** sqflite warning ***

00:31 +787: /Users/leeyi/project/imboy.pub/imboyapp/test/unit_test/service/e2ee/megolm_backup_section_test.dart: pack/unpack 导出前按 session 刷新服务端有限授权快照
00:31 +787: /Users/leeyi/project/imboy.pub/imboyapp/test/unit_test/service/e2ee/production_inbound_frame_gate_test.dart: 接线守护（结构级，非行为级） _handleE2EEMessage 必须在 v1/v2 路径之前委托给 decryptInboundV3
*** sqflite warning ***

You are changing sqflite default factory.
Be aware of the potential side effects. Any library using sqflite
will have this factory as the default for all operations.

*** sqflite warning ***

00:31 +788: /Users/leeyi/project/imboy.pub/imboyapp/test/unit_test/service/e2ee/megolm_backup_section_test.dart: pack/unpack 导出前按 session 刷新服务端有限授权快照
00:31 +788: /Users/leeyi/project/imboy.pub/imboyapp/test/unit_test/service/e2ee/production_inbound_frame_gate_test.dart: 接线守护（结构级，非行为级） _receiveMessage 的空 payload early-return 必须对 v3 放行
*** sqflite warning ***

You are changing sqflite default factory.
Be aware of the potential side effects. Any library using sqflite
will have this factory as the default for all operations.

*** sqflite warning ***

00:31 +789: /Users/leeyi/project/imboy.pub/imboyapp/test/unit_test/service/e2ee/megolm_backup_section_test.dart: pack/unpack 导出前按 session 刷新服务端有限授权快照
00:31 +789: /Users/leeyi/project/imboy.pub/imboyapp/test/unit_test/service/e2ee/production_inbound_frame_gate_test.dart: fail-closed 负向门：服务端不提供设备标识时必须拒收 缺顶层 sender_did 的帧必须判 context_mismatch_sender_did
*** sqflite warning ***

You are changing sqflite default factory.
Be aware of the potential side effects. Any library using sqflite
will have this factory as the default for all operations.

*** sqflite warning ***

00:31 +790: /Users/leeyi/project/imboy.pub/imboyapp/test/unit_test/service/e2ee/megolm_backup_section_test.dart: pack/unpack 导出前按 session 刷新服务端有限授权快照
00:31 +790: /Users/leeyi/project/imboy.pub/imboyapp/test/unit_test/service/e2ee/production_inbound_frame_gate_test.dart: fail-closed 负向门：服务端不提供设备标识时必须拒收 伪造的 sender_did 与受认证 header 不符时必须拒收
*** sqflite warning ***

You are changing sqflite default factory.
Be aware of the potential side effects. Any library using sqflite
will have this factory as the default for all operations.

*** sqflite warning ***

00:31 +791: /Users/leeyi/project/imboy.pub/imboyapp/test/unit_test/service/e2ee/megolm_backup_section_test.dart: pack/unpack 导出前按 session 刷新服务端有限授权快照
00:31 +791: /Users/leeyi/project/imboy.pub/imboyapp/test/unit_test/service/e2ee/publish_seed_only_for_new_account_test.dart: 对照组：新建账号必须铺满 OTK 池
[olm] OTK refill: remaining=unknown uploaded=50
00:31 +792: /Users/leeyi/project/imboy.pub/imboyapp/test/unit_test/service/e2ee/megolm_backup_section_test.dart: pack/unpack 导出前按 session 刷新服务端有限授权快照
00:31 +792: /Users/leeyi/project/imboy.pub/imboyapp/test/unit_test/service/e2ee/publish_seed_only_for_new_account_test.dart: 从 pickle 载入 + 池健康 → 不得重发 OTK
[olm] OTK refill: remaining=unknown uploaded=50
00:31 +793: /Users/leeyi/project/imboy.pub/imboyapp/test/unit_test/service/e2ee/megolm_backup_section_test.dart: pack/unpack 导出前按 session 刷新服务端有限授权快照
00:31 +793: /Users/leeyi/project/imboy.pub/imboyapp/test/unit_test/service/e2ee/publish_seed_only_for_new_account_test.dart: 正向可用性：载入账号但池见底 → 仍必须补传
[olm] OTK refill: remaining=unknown uploaded=50
[olm] OTK refill: remaining=0 uploaded=50
00:31 +794: /Users/leeyi/project/imboy.pub/imboyapp/test/unit_test/service/e2ee/megolm_backup_section_test.dart: pack/unpack 导出前按 session 刷新服务端有限授权快照
00:32 +794: /Users/leeyi/project/imboy.pub/imboyapp/test/unit_test/service/e2ee/safety_number_service_test.dart: 双方使用真实 device_id 与全部 Olm identity，聚合安全码对称
[SafetyNumber][AC-15] device set drift check failed (errType=MissingPluginException)
[SafetyNumber][AC-15] device set drift check failed (errType=MissingPluginException)
00:32 +795: /Users/leeyi/project/imboy.pub/imboyapp/test/unit_test/service/e2ee/megolm_backup_section_test.dart: pack/unpack 导出前按 session 刷新服务端有限授权快照
00:32 +796: /Users/leeyi/project/imboy.pub/imboyapp/test/unit_test/service/e2ee/megolm_backup_section_test.dart: pack/unpack 导出前按 session 刷新服务端有限授权快照
00:32 +796: /Users/leeyi/project/imboy.pub/imboyapp/test/unit_test/service/e2ee/safety_number_service_test.dart: 设备集合变化会改变安全码，旧验证值随即失效
[SafetyNumber][AC-15] device set drift check failed (errType=MissingPluginException)
[SafetyNumber][AC-15] device set drift check failed (errType=MissingPluginException)
00:32 +797: /Users/leeyi/project/imboy.pub/imboyapp/test/unit_test/service/e2ee/megolm_backup_section_test.dart: pack/unpack 导出前按 session 刷新服务端有限授权快照
00:32 +798: /Users/leeyi/project/imboy.pub/imboyapp/test/unit_test/service/e2ee/megolm_backup_section_test.dart: pack/unpack 导出前按 session 刷新服务端有限授权快照
00:32 +799: /Users/leeyi/project/imboy.pub/imboyapp/test/unit_test/service/e2ee/megolm_backup_section_test.dart: pack/unpack 导出前按 session 刷新服务端有限授权快照
00:32 +800: /Users/leeyi/project/imboy.pub/imboyapp/test/unit_test/service/e2ee/megolm_backup_section_test.dart: pack/unpack 导出前按 session 刷新服务端有限授权快照
00:32 +801: /Users/leeyi/project/imboy.pub/imboyapp/test/unit_test/service/e2ee/megolm_backup_section_test.dart: pack/unpack 导出前按 session 刷新服务端有限授权快照
00:32 +802: /Users/leeyi/project/imboy.pub/imboyapp/test/unit_test/service/e2ee/megolm_backup_section_test.dart: pack/unpack 导出前按 session 刷新服务端有限授权快照
00:32 +803: /Users/leeyi/project/imboy.pub/imboyapp/test/unit_test/service/e2ee/megolm_backup_section_test.dart: pack/unpack 导出前按 session 刷新服务端有限授权快照
00:32 +804: /Users/leeyi/project/imboy.pub/imboyapp/test/unit_test/service/e2ee/megolm_backup_section_test.dart: pack/unpack 导出前按 session 刷新服务端有限授权快照
00:32 +805: /Users/leeyi/project/imboy.pub/imboyapp/test/unit_test/service/e2ee/megolm_backup_section_test.dart: pack/unpack 导出前按 session 刷新服务端有限授权快照
00:33 +806: /Users/leeyi/project/imboy.pub/imboyapp/test/unit_test/service/e2ee/megolm_backup_section_test.dart: pack/unpack 导出前按 session 刷新服务端有限授权快照
00:33 +807: /Users/leeyi/project/imboy.pub/imboyapp/test/unit_test/service/e2ee/megolm_backup_section_test.dart: pack/unpack 导出前按 session 刷新服务端有限授权快照
00:33 +808: /Users/leeyi/project/imboy.pub/imboyapp/test/unit_test/service/e2ee/megolm_backup_section_test.dart: pack/unpack 导出前按 session 刷新服务端有限授权快照
00:33 +809: /Users/leeyi/project/imboy.pub/imboyapp/test/unit_test/service/e2ee/megolm_backup_section_test.dart: pack/unpack 导出前按 session 刷新服务端有限授权快照
00:33 +810: /Users/leeyi/project/imboy.pub/imboyapp/test/unit_test/service/e2ee/megolm_backup_section_test.dart: pack/unpack 导出前按 session 刷新服务端有限授权快照
00:33 +811: /Users/leeyi/project/imboy.pub/imboyapp/test/unit_test/service/e2ee/megolm_backup_section_test.dart: pack/unpack 导出前按 session 刷新服务端有限授权快照
00:33 +812: /Users/leeyi/project/imboy.pub/imboyapp/test/unit_test/service/e2ee/megolm_backup_section_test.dart: pack/unpack 导出前按 session 刷新服务端有限授权快照
00:33 +813: /Users/leeyi/project/imboy.pub/imboyapp/test/unit_test/service/e2ee/megolm_backup_section_test.dart: pack/unpack 导出前按 session 刷新服务端有限授权快照
00:33 +814: /Users/leeyi/project/imboy.pub/imboyapp/test/unit_test/service/e2ee/megolm_backup_section_test.dart: pack/unpack 导出前按 session 刷新服务端有限授权快照
00:33 +815: /Users/leeyi/project/imboy.pub/imboyapp/test/unit_test/service/e2ee/megolm_backup_section_test.dart: pack/unpack 导出前按 session 刷新服务端有限授权快照
00:33 +816: /Users/leeyi/project/imboy.pub/imboyapp/test/unit_test/service/e2ee/megolm_backup_section_test.dart: pack/unpack 导出前按 session 刷新服务端有限授权快照
00:33 +817: /Users/leeyi/project/imboy.pub/imboyapp/test/unit_test/service/e2ee/megolm_backup_section_test.dart: pack/unpack 导出前按 session 刷新服务端有限授权快照
00:34 +818: /Users/leeyi/project/imboy.pub/imboyapp/test/unit_test/service/e2ee/megolm_backup_section_test.dart: pack/unpack 导出前按 session 刷新服务端有限授权快照
00:34 +819: /Users/leeyi/project/imboy.pub/imboyapp/test/unit_test/service/e2ee/megolm_backup_section_test.dart: pack/unpack 导出前按 session 刷新服务端有限授权快照
00:34 +820: /Users/leeyi/project/imboy.pub/imboyapp/test/unit_test/service/e2ee/megolm_backup_section_test.dart: pack/unpack 导出前按 session 刷新服务端有限授权快照
00:34 +821: /Users/leeyi/project/imboy.pub/imboyapp/test/unit_test/service/e2ee/megolm_backup_section_test.dart: pack/unpack 导出前按 session 刷新服务端有限授权快照
00:34 +822: /Users/leeyi/project/imboy.pub/imboyapp/test/unit_test/service/e2ee/megolm_backup_section_test.dart: pack/unpack 导出前按 session 刷新服务端有限授权快照
00:34 +823: /Users/leeyi/project/imboy.pub/imboyapp/test/unit_test/service/e2ee/megolm_backup_section_test.dart: pack/unpack 导出前按 session 刷新服务端有限授权快照
00:34 +824: /Users/leeyi/project/imboy.pub/imboyapp/test/unit_test/service/e2ee/megolm_backup_section_test.dart: pack/unpack 导出前按 session 刷新服务端有限授权快照
00:34 +825: /Users/leeyi/project/imboy.pub/imboyapp/test/unit_test/service/e2ee/megolm_backup_section_test.dart: pack/unpack 导出前按 session 刷新服务端有限授权快照
00:34 +826: /Users/leeyi/project/imboy.pub/imboyapp/test/unit_test/service/e2ee/megolm_backup_section_test.dart: pack/unpack 导出前按 session 刷新服务端有限授权快照
00:34 +827: /Users/leeyi/project/imboy.pub/imboyapp/test/unit_test/service/e2ee/megolm_backup_section_test.dart: pack/unpack 导出前按 session 刷新服务端有限授权快照
00:34 +828: /Users/leeyi/project/imboy.pub/imboyapp/test/unit_test/service/e2ee/megolm_backup_section_test.dart: pack/unpack 导出前按 session 刷新服务端有限授权快照
00:34 +829: /Users/leeyi/project/imboy.pub/imboyapp/test/unit_test/service/e2ee/megolm_backup_section_test.dart: pack/unpack 导出前按 session 刷新服务端有限授权快照
00:34 +830: /Users/leeyi/project/imboy.pub/imboyapp/test/unit_test/service/e2ee/megolm_backup_section_test.dart: pack/unpack 导出前按 session 刷新服务端有限授权快照
00:34 +831: /Users/leeyi/project/imboy.pub/imboyapp/test/unit_test/service/e2ee/megolm_backup_section_test.dart: pack/unpack 导出前按 session 刷新服务端有限授权快照
00:35 +832: /Users/leeyi/project/imboy.pub/imboyapp/test/unit_test/service/e2ee/megolm_backup_section_test.dart: pack/unpack 导出前按 session 刷新服务端有限授权快照
00:35 +833: /Users/leeyi/project/imboy.pub/imboyapp/test/unit_test/service/e2ee/megolm_backup_section_test.dart: pack/unpack 导出前按 session 刷新服务端有限授权快照
00:35 +834: /Users/leeyi/project/imboy.pub/imboyapp/test/unit_test/service/e2ee/megolm_backup_section_test.dart: pack/unpack 导出前按 session 刷新服务端有限授权快照
00:35 +835: /Users/leeyi/project/imboy.pub/imboyapp/test/unit_test/service/e2ee/megolm_backup_section_test.dart: pack/unpack 导出前按 session 刷新服务端有限授权快照
00:35 +836: /Users/leeyi/project/imboy.pub/imboyapp/test/unit_test/service/e2ee/megolm_backup_section_test.dart: pack/unpack 导出前按 session 刷新服务端有限授权快照
00:35 +837: /Users/leeyi/project/imboy.pub/imboyapp/test/unit_test/service/e2ee/megolm_backup_section_test.dart: pack/unpack 导出前按 session 刷新服务端有限授权快照
00:35 +838: /Users/leeyi/project/imboy.pub/imboyapp/test/unit_test/service/e2ee/megolm_backup_section_test.dart: pack/unpack 导出前按 session 刷新服务端有限授权快照
00:35 +839: /Users/leeyi/project/imboy.pub/imboyapp/test/unit_test/service/e2ee/megolm_backup_section_test.dart: pack/unpack 导出前按 session 刷新服务端有限授权快照
00:35 +840: /Users/leeyi/project/imboy.pub/imboyapp/test/unit_test/service/e2ee/megolm_backup_section_test.dart: pack/unpack 导出前按 session 刷新服务端有限授权快照
00:35 +841: /Users/leeyi/project/imboy.pub/imboyapp/test/unit_test/service/e2ee/megolm_backup_section_test.dart: pack/unpack 导出前按 session 刷新服务端有限授权快照
00:36 +842: /Users/leeyi/project/imboy.pub/imboyapp/test/unit_test/service/e2ee/megolm_backup_section_test.dart: pack/unpack 导出前按 session 刷新服务端有限授权快照
00:36 +843: /Users/leeyi/project/imboy.pub/imboyapp/test/unit_test/service/e2ee/megolm_backup_section_test.dart: pack/unpack 导出前按 session 刷新服务端有限授权快照
00:36 +844: /Users/leeyi/project/imboy.pub/imboyapp/test/unit_test/service/e2ee/megolm_backup_section_test.dart: pack/unpack 导出前按 session 刷新服务端有限授权快照
00:36 +845: /Users/leeyi/project/imboy.pub/imboyapp/test/unit_test/service/e2ee/megolm_backup_section_test.dart: pack/unpack 导出前按 session 刷新服务端有限授权快照
00:36 +846: /Users/leeyi/project/imboy.pub/imboyapp/test/unit_test/service/e2ee/megolm_backup_section_test.dart: pack/unpack 导出前按 session 刷新服务端有限授权快照
00:36 +847: /Users/leeyi/project/imboy.pub/imboyapp/test/unit_test/service/e2ee/megolm_backup_section_test.dart: pack/unpack 导出前按 session 刷新服务端有限授权快照
00:36 +848: /Users/leeyi/project/imboy.pub/imboyapp/test/unit_test/service/e2ee/megolm_backup_section_test.dart: pack/unpack 导出前按 session 刷新服务端有限授权快照
00:36 +849: /Users/leeyi/project/imboy.pub/imboyapp/test/unit_test/service/e2ee/megolm_backup_section_test.dart: pack/unpack 导出前按 session 刷新服务端有限授权快照
00:36 +850: /Users/leeyi/project/imboy.pub/imboyapp/test/unit_test/service/e2ee/megolm_backup_section_test.dart: pack/unpack 导出前按 session 刷新服务端有限授权快照
00:36 +851: /Users/leeyi/project/imboy.pub/imboyapp/test/unit_test/service/e2ee/megolm_backup_section_test.dart: pack/unpack 导出前按 session 刷新服务端有限授权快照
00:36 +852: /Users/leeyi/project/imboy.pub/imboyapp/test/unit_test/service/e2ee/megolm_backup_section_test.dart: pack/unpack 导出前按 session 刷新服务端有限授权快照
00:36 +853: /Users/leeyi/project/imboy.pub/imboyapp/test/unit_test/service/e2ee/megolm_backup_section_test.dart: pack/unpack 导出前按 session 刷新服务端有限授权快照
00:36 +854: /Users/leeyi/project/imboy.pub/imboyapp/test/unit_test/service/e2ee/megolm_backup_section_test.dart: pack/unpack 导出前按 session 刷新服务端有限授权快照
00:36 +855: /Users/leeyi/project/imboy.pub/imboyapp/test/unit_test/service/e2ee/megolm_backup_section_test.dart: pack/unpack 导出前按 session 刷新服务端有限授权快照
00:36 +856: /Users/leeyi/project/imboy.pub/imboyapp/test/unit_test/service/e2ee/megolm_backup_section_test.dart: pack/unpack 导出前按 session 刷新服务端有限授权快照
00:36 +857: /Users/leeyi/project/imboy.pub/imboyapp/test/unit_test/service/e2ee/megolm_backup_section_test.dart: pack/unpack 导出前按 session 刷新服务端有限授权快照
00:36 +858: /Users/leeyi/project/imboy.pub/imboyapp/test/unit_test/service/e2ee/megolm_backup_section_test.dart: pack/unpack 导出前按 session 刷新服务端有限授权快照
00:36 +859: /Users/leeyi/project/imboy.pub/imboyapp/test/unit_test/service/e2ee/megolm_backup_section_test.dart: pack/unpack 导出前按 session 刷新服务端有限授权快照
00:36 +860: /Users/leeyi/project/imboy.pub/imboyapp/test/unit_test/service/e2ee/megolm_backup_section_test.dart: pack/unpack 导出前按 session 刷新服务端有限授权快照
00:36 +861: /Users/leeyi/project/imboy.pub/imboyapp/test/unit_test/service/e2ee/megolm_backup_section_test.dart: pack/unpack 导出前按 session 刷新服务端有限授权快照
00:36 +862: /Users/leeyi/project/imboy.pub/imboyapp/test/unit_test/service/e2ee/megolm_backup_section_test.dart: pack/unpack 导出前按 session 刷新服务端有限授权快照
00:36 +863: /Users/leeyi/project/imboy.pub/imboyapp/test/unit_test/service/e2ee/megolm_backup_section_test.dart: pack/unpack 导出前按 session 刷新服务端有限授权快照
00:36 +864: /Users/leeyi/project/imboy.pub/imboyapp/test/unit_test/service/e2ee/megolm_backup_section_test.dart: pack/unpack 导出前按 session 刷新服务端有限授权快照
00:36 +865: /Users/leeyi/project/imboy.pub/imboyapp/test/unit_test/service/e2ee/megolm_backup_section_test.dart: pack/unpack 导出前按 session 刷新服务端有限授权快照
00:36 +866: /Users/leeyi/project/imboy.pub/imboyapp/test/unit_test/service/e2ee/megolm_backup_section_test.dart: pack/unpack 导出前按 session 刷新服务端有限授权快照
00:36 +867: /Users/leeyi/project/imboy.pub/imboyapp/test/unit_test/service/e2ee/megolm_backup_section_test.dart: pack/unpack 导出前按 session 刷新服务端有限授权快照
00:36 +868: /Users/leeyi/project/imboy.pub/imboyapp/test/unit_test/service/e2ee/megolm_backup_section_test.dart: pack/unpack 导出前按 session 刷新服务端有限授权快照
00:36 +869: /Users/leeyi/project/imboy.pub/imboyapp/test/unit_test/service/e2ee/megolm_backup_section_test.dart: pack/unpack 导出前按 session 刷新服务端有限授权快照
00:36 +870: /Users/leeyi/project/imboy.pub/imboyapp/test/unit_test/service/e2ee/megolm_backup_section_test.dart: pack/unpack 导出前按 session 刷新服务端有限授权快照
00:36 +871: /Users/leeyi/project/imboy.pub/imboyapp/test/unit_test/service/e2ee/megolm_backup_section_test.dart: pack/unpack 导出前按 session 刷新服务端有限授权快照
00:36 +872: /Users/leeyi/project/imboy.pub/imboyapp/test/unit_test/service/e2ee/megolm_backup_section_test.dart: pack/unpack 导出前按 session 刷新服务端有限授权快照
00:36 +873: /Users/leeyi/project/imboy.pub/imboyapp/test/unit_test/service/e2ee/megolm_backup_section_test.dart: pack/unpack 导出前按 session 刷新服务端有限授权快照
00:36 +874: /Users/leeyi/project/imboy.pub/imboyapp/test/unit_test/service/e2ee/megolm_backup_section_test.dart: pack/unpack 导出前按 session 刷新服务端有限授权快照
00:36 +875: /Users/leeyi/project/imboy.pub/imboyapp/test/unit_test/service/e2ee/megolm_backup_section_test.dart: pack/unpack 导出前按 session 刷新服务端有限授权快照
00:36 +876: /Users/leeyi/project/imboy.pub/imboyapp/test/unit_test/service/e2ee/megolm_backup_section_test.dart: pack/unpack 导出前按 session 刷新服务端有限授权快照
00:36 +877: /Users/leeyi/project/imboy.pub/imboyapp/test/unit_test/service/e2ee/megolm_backup_section_test.dart: pack/unpack 导出前按 session 刷新服务端有限授权快照
00:36 +878: /Users/leeyi/project/imboy.pub/imboyapp/test/unit_test/service/e2ee/megolm_backup_section_test.dart: pack/unpack 导出前按 session 刷新服务端有限授权快照
00:36 +879: /Users/leeyi/project/imboy.pub/imboyapp/test/unit_test/service/e2ee/megolm_backup_section_test.dart: pack/unpack 导出前按 session 刷新服务端有限授权快照
00:36 +880: /Users/leeyi/project/imboy.pub/imboyapp/test/unit_test/service/e2ee/megolm_backup_section_test.dart: pack/unpack 导出前按 session 刷新服务端有限授权快照
00:36 +881: /Users/leeyi/project/imboy.pub/imboyapp/test/unit_test/service/e2ee/megolm_backup_section_test.dart: pack/unpack 导出前按 session 刷新服务端有限授权快照
00:36 +882: /Users/leeyi/project/imboy.pub/imboyapp/test/unit_test/service/e2ee/megolm_backup_section_test.dart: pack/unpack 导出前按 session 刷新服务端有限授权快照
00:36 +883: /Users/leeyi/project/imboy.pub/imboyapp/test/unit_test/service/e2ee/megolm_backup_section_test.dart: pack/unpack 导出前按 session 刷新服务端有限授权快照
00:36 +884: /Users/leeyi/project/imboy.pub/imboyapp/test/unit_test/service/e2ee/megolm_backup_section_test.dart: pack/unpack 导出前按 session 刷新服务端有限授权快照
00:36 +885: /Users/leeyi/project/imboy.pub/imboyapp/test/unit_test/service/e2ee/megolm_backup_section_test.dart: pack/unpack 导出前按 session 刷新服务端有限授权快照
00:36 +886: /Users/leeyi/project/imboy.pub/imboyapp/test/unit_test/service/e2ee/megolm_backup_section_test.dart: pack/unpack 导出前按 session 刷新服务端有限授权快照
00:36 +887: /Users/leeyi/project/imboy.pub/imboyapp/test/unit_test/service/e2ee/megolm_backup_section_test.dart: pack/unpack 导出前按 session 刷新服务端有限授权快照
00:36 +888: /Users/leeyi/project/imboy.pub/imboyapp/test/unit_test/service/e2ee/megolm_backup_section_test.dart: pack/unpack 导出前按 session 刷新服务端有限授权快照
00:36 +889: /Users/leeyi/project/imboy.pub/imboyapp/test/unit_test/service/e2ee/megolm_backup_section_test.dart: pack/unpack 导出前按 session 刷新服务端有限授权快照
00:36 +890: /Users/leeyi/project/imboy.pub/imboyapp/test/unit_test/service/e2ee/megolm_backup_section_test.dart: pack/unpack 导出前按 session 刷新服务端有限授权快照
00:36 +891: /Users/leeyi/project/imboy.pub/imboyapp/test/unit_test/service/e2ee/megolm_backup_section_test.dart: pack/unpack 导出前按 session 刷新服务端有限授权快照
00:36 +892: /Users/leeyi/project/imboy.pub/imboyapp/test/unit_test/service/e2ee/megolm_backup_section_test.dart: pack/unpack 导出前按 session 刷新服务端有限授权快照
00:36 +893: /Users/leeyi/project/imboy.pub/imboyapp/test/unit_test/service/e2ee/megolm_backup_section_test.dart: pack/unpack 导出前按 session 刷新服务端有限授权快照
00:36 +894: /Users/leeyi/project/imboy.pub/imboyapp/test/unit_test/service/e2ee/megolm_backup_section_test.dart: pack/unpack 导出前按 session 刷新服务端有限授权快照
00:36 +895: /Users/leeyi/project/imboy.pub/imboyapp/test/unit_test/service/e2ee/megolm_backup_section_test.dart: pack/unpack 导出前按 session 刷新服务端有限授权快照
00:36 +896: /Users/leeyi/project/imboy.pub/imboyapp/test/unit_test/service/e2ee/megolm_backup_section_test.dart: pack/unpack 导出前按 session 刷新服务端有限授权快照
00:36 +897: /Users/leeyi/project/imboy.pub/imboyapp/test/unit_test/service/e2ee/megolm_backup_section_test.dart: pack/unpack 导出前按 session 刷新服务端有限授权快照
00:36 +898: /Users/leeyi/project/imboy.pub/imboyapp/test/unit_test/service/e2ee/megolm_backup_section_test.dart: pack/unpack 导出前按 session 刷新服务端有限授权快照
00:36 +899: /Users/leeyi/project/imboy.pub/imboyapp/test/unit_test/service/e2ee/megolm_backup_section_test.dart: pack/unpack 导出前按 session 刷新服务端有限授权快照
00:36 +900: /Users/leeyi/project/imboy.pub/imboyapp/test/unit_test/service/e2ee/megolm_backup_section_test.dart: pack/unpack 导出前按 session 刷新服务端有限授权快照
00:36 +901: /Users/leeyi/project/imboy.pub/imboyapp/test/unit_test/service/e2ee/megolm_backup_section_test.dart: pack/unpack 导出前按 session 刷新服务端有限授权快照
00:36 +902: /Users/leeyi/project/imboy.pub/imboyapp/test/unit_test/service/e2ee/megolm_backup_section_test.dart: pack/unpack 导出前按 session 刷新服务端有限授权快照
00:36 +903: /Users/leeyi/project/imboy.pub/imboyapp/test/unit_test/service/e2ee/megolm_backup_section_test.dart: pack/unpack 导出前按 session 刷新服务端有限授权快照
00:36 +904: /Users/leeyi/project/imboy.pub/imboyapp/test/unit_test/service/e2ee/megolm_backup_section_test.dart: pack/unpack 导出前按 session 刷新服务端有限授权快照
00:36 +905: /Users/leeyi/project/imboy.pub/imboyapp/test/unit_test/service/e2ee/megolm_backup_section_test.dart: pack/unpack 导出前按 session 刷新服务端有限授权快照
00:36 +906: /Users/leeyi/project/imboy.pub/imboyapp/test/unit_test/service/e2ee/megolm_backup_section_test.dart: pack/unpack 导出前按 session 刷新服务端有限授权快照
00:36 +907: /Users/leeyi/project/imboy.pub/imboyapp/test/unit_test/service/e2ee/megolm_backup_section_test.dart: pack/unpack 导出前按 session 刷新服务端有限授权快照
00:37 +908: /Users/leeyi/project/imboy.pub/imboyapp/test/unit_test/service/e2ee/megolm_backup_section_test.dart: pack/unpack 导出前按 session 刷新服务端有限授权快照
00:37 +909: /Users/leeyi/project/imboy.pub/imboyapp/test/unit_test/service/e2ee/megolm_backup_section_test.dart: pack/unpack 导出前按 session 刷新服务端有限授权快照
00:37 +910: /Users/leeyi/project/imboy.pub/imboyapp/test/unit_test/service/e2ee/megolm_backup_section_test.dart: pack/unpack 导出前按 session 刷新服务端有限授权快照
00:37 +911: /Users/leeyi/project/imboy.pub/imboyapp/test/unit_test/service/e2ee/megolm_backup_section_test.dart: pack/unpack 导出前按 session 刷新服务端有限授权快照
00:37 +912: /Users/leeyi/project/imboy.pub/imboyapp/test/unit_test/service/e2ee/megolm_backup_section_test.dart: pack/unpack 导出前按 session 刷新服务端有限授权快照
00:37 +913: /Users/leeyi/project/imboy.pub/imboyapp/test/unit_test/service/e2ee/megolm_backup_section_test.dart: pack/unpack 导出前按 session 刷新服务端有限授权快照
00:37 +914: /Users/leeyi/project/imboy.pub/imboyapp/test/unit_test/service/e2ee/megolm_backup_section_test.dart: pack/unpack 导出前按 session 刷新服务端有限授权快照
00:37 +915: /Users/leeyi/project/imboy.pub/imboyapp/test/unit_test/service/e2ee/megolm_backup_section_test.dart: pack/unpack 导出前按 session 刷新服务端有限授权快照
00:37 +916: /Users/leeyi/project/imboy.pub/imboyapp/test/unit_test/service/e2ee/megolm_backup_section_test.dart: pack/unpack 导出前按 session 刷新服务端有限授权快照
00:37 +917: /Users/leeyi/project/imboy.pub/imboyapp/test/unit_test/service/e2ee/megolm_backup_section_test.dart: pack/unpack 导出前按 session 刷新服务端有限授权快照
00:37 +918: /Users/leeyi/project/imboy.pub/imboyapp/test/unit_test/service/e2ee/megolm_backup_section_test.dart: pack/unpack 导出前按 session 刷新服务端有限授权快照
00:37 +919: /Users/leeyi/project/imboy.pub/imboyapp/test/unit_test/service/e2ee/megolm_backup_section_test.dart: pack/unpack 导出前按 session 刷新服务端有限授权快照
00:37 +920: /Users/leeyi/project/imboy.pub/imboyapp/test/unit_test/service/e2ee/megolm_backup_section_test.dart: pack/unpack 导出前按 session 刷新服务端有限授权快照
00:37 +921: /Users/leeyi/project/imboy.pub/imboyapp/test/unit_test/service/e2ee/megolm_backup_section_test.dart: pack/unpack 导出前按 session 刷新服务端有限授权快照
00:37 +922: /Users/leeyi/project/imboy.pub/imboyapp/test/unit_test/service/e2ee/megolm_backup_section_test.dart: pack/unpack 导出前按 session 刷新服务端有限授权快照
00:37 +923: /Users/leeyi/project/imboy.pub/imboyapp/test/unit_test/service/e2ee/megolm_backup_section_test.dart: pack/unpack 导出前按 session 刷新服务端有限授权快照
00:37 +924: /Users/leeyi/project/imboy.pub/imboyapp/test/unit_test/service/e2ee/megolm_backup_section_test.dart: pack/unpack 导出前按 session 刷新服务端有限授权快照
00:37 +925: /Users/leeyi/project/imboy.pub/imboyapp/test/unit_test/service/e2ee/megolm_backup_section_test.dart: pack/unpack 导出前按 session 刷新服务端有限授权快照
00:37 +926: /Users/leeyi/project/imboy.pub/imboyapp/test/unit_test/service/e2ee/megolm_backup_section_test.dart: pack/unpack 导出前按 session 刷新服务端有限授权快照
00:37 +927: /Users/leeyi/project/imboy.pub/imboyapp/test/unit_test/service/e2ee/megolm_backup_section_test.dart: pack/unpack 导出前按 session 刷新服务端有限授权快照
00:37 +928: /Users/leeyi/project/imboy.pub/imboyapp/test/unit_test/service/e2ee/megolm_backup_section_test.dart: pack/unpack 导出前按 session 刷新服务端有限授权快照
00:37 +929: /Users/leeyi/project/imboy.pub/imboyapp/test/unit_test/service/e2ee/megolm_backup_section_test.dart: pack/unpack 导出前按 session 刷新服务端有限授权快照
00:37 +930: /Users/leeyi/project/imboy.pub/imboyapp/test/unit_test/service/e2ee/megolm_backup_section_test.dart: pack/unpack 导出前按 session 刷新服务端有限授权快照
00:37 +931: /Users/leeyi/project/imboy.pub/imboyapp/test/unit_test/service/e2ee/megolm_backup_section_test.dart: pack/unpack 导出前按 session 刷新服务端有限授权快照
00:37 +932: /Users/leeyi/project/imboy.pub/imboyapp/test/unit_test/service/e2ee/megolm_backup_section_test.dart: pack/unpack 导出前按 session 刷新服务端有限授权快照
00:37 +933: /Users/leeyi/project/imboy.pub/imboyapp/test/unit_test/service/e2ee/megolm_backup_section_test.dart: pack/unpack 导出前按 session 刷新服务端有限授权快照
00:37 +934: /Users/leeyi/project/imboy.pub/imboyapp/test/unit_test/service/e2ee/megolm_backup_section_test.dart: pack/unpack 导出前按 session 刷新服务端有限授权快照
00:37 +935: /Users/leeyi/project/imboy.pub/imboyapp/test/unit_test/service/e2ee/megolm_backup_section_test.dart: pack/unpack 导出前按 session 刷新服务端有限授权快照
00:37 +936: /Users/leeyi/project/imboy.pub/imboyapp/test/unit_test/service/e2ee/megolm_backup_section_test.dart: pack/unpack 导出前按 session 刷新服务端有限授权快照
00:37 +937: /Users/leeyi/project/imboy.pub/imboyapp/test/unit_test/service/e2ee/megolm_backup_section_test.dart: pack/unpack 导出前按 session 刷新服务端有限授权快照
00:38 +937: /Users/leeyi/project/imboy.pub/imboyapp/test/unit_test/service/e2ee/c2c_own_device_fanout_test.dart: AC-16: self 其他设备进入 fan-out，密文独立且与 peer 设备互不相同
[38;5;196m┌───────────────────────────────────────────────────────────────────────────────────────────────────────────────────────[0m
[38;5;196m│ #0   AppLogger.error (package:imboy/service/app_logger.dart:115:18)[0m
[38;5;196m│ #1   SqliteService.query (package:imboy/service/sqlite.dart:894:17)[0m
[38;5;196m├┄┄┄┄┄┄┄┄┄┄┄┄┄┄┄┄┄┄┄┄┄┄┄┄┄┄┄┄┄┄┄┄┄┄┄┄┄┄┄┄┄┄┄┄┄┄┄┄┄┄┄┄┄┄┄┄┄┄┄┄┄┄┄┄┄┄┄┄┄┄┄┄┄┄┄┄┄┄┄┄┄┄┄┄┄┄┄┄┄┄┄┄┄┄┄┄┄┄┄┄┄┄┄┄┄┄┄┄┄┄┄┄┄┄┄┄┄┄┄[0m
[38;5;196m│ ⛔ SQL query error: table=contact, error=SqfliteFfiException(sqlite_error: 1, , SqliteException(1): while preparing statement, no such table: contact, SQL logic error (code 1)[0m
[38;5;196m│ ⛔   Causing statement: SELECT peer_id, nickname, avatar, account, status, remark, tag, region, sign, source, gender, is_friend, is_from, category_id, account_type, last_seen_at, updated_at FROM contact WHERE user_id = ? and peer_id = ?}) DatabaseException(SqliteException(1): while preparing statement, no such table: contact, SQL logic error (code 1)[0m
[38;5;196m│ ⛔   Causing statement: SELECT peer_id, nickname, avatar, account, status, remark, tag, region, sign, source, gender, is_friend, is_from, category_id, account_type, last_seen_at, updated_at FROM contact WHERE user_id = ? and peer_id = ?) sql 'SELECT peer_id, nickname, avatar, account, status, remark, tag, region, sign, source, gender, is_friend, is_from, category_id, account_type, last_seen_at, updated_at FROM contact WHERE user_id = ? and peer_id = ?' args [100, 200] {details: {database: {path: :memory:, id: 1, readOnly: false, singleInstance: false}}}[0m
[38;5;196m└───────────────────────────────────────────────────────────────────────────────────────────────────────────────────────[0m
00:38 +938: /Users/leeyi/project/imboy.pub/imboyapp/test/unit_test/service/e2ee/megolm_backup_section_test.dart: pack/unpack 导出前按 session 刷新服务端有限授权快照
00:38 +938: /Users/leeyi/project/imboy.pub/imboyapp/test/unit_test/service/e2ee/c2c_own_device_fanout_test.dart: AC-16: peer 与 self 各目标信封各自可解出同一 payload
[38;5;196m┌───────────────────────────────────────────────────────────────────────────────────────────────────────────────────────[0m
[38;5;196m│ #0   AppLogger.error (package:imboy/service/app_logger.dart:115:18)[0m
[38;5;196m│ #1   SqliteService.query (package:imboy/service/sqlite.dart:894:17)[0m
[38;5;196m├┄┄┄┄┄┄┄┄┄┄┄┄┄┄┄┄┄┄┄┄┄┄┄┄┄┄┄┄┄┄┄┄┄┄┄┄┄┄┄┄┄┄┄┄┄┄┄┄┄┄┄┄┄┄┄┄┄┄┄┄┄┄┄┄┄┄┄┄┄┄┄┄┄┄┄┄┄┄┄┄┄┄┄┄┄┄┄┄┄┄┄┄┄┄┄┄┄┄┄┄┄┄┄┄┄┄┄┄┄┄┄┄┄┄┄┄┄┄┄[0m
[38;5;196m│ ⛔ SQL query error: table=contact, error=SqfliteFfiException(sqlite_error: 1, , SqliteException(1): while preparing statement, no such table: contact, SQL logic error (code 1)[0m
[38;5;196m│ ⛔   Causing statement: SELECT peer_id, nickname, avatar, account, status, remark, tag, region, sign, source, gender, is_friend, is_from, category_id, account_type, last_seen_at, updated_at FROM contact WHERE user_id = ? and peer_id = ?}) DatabaseException(SqliteException(1): while preparing statement, no such table: contact, SQL logic error (code 1)[0m
[38;5;196m│ ⛔   Causing statement: SELECT peer_id, nickname, avatar, account, status, remark, tag, region, sign, source, gender, is_friend, is_from, category_id, account_type, last_seen_at, updated_at FROM contact WHERE user_id = ? and peer_id = ?) sql 'SELECT peer_id, nickname, avatar, account, status, remark, tag, region, sign, source, gender, is_friend, is_from, category_id, account_type, last_seen_at, updated_at FROM contact WHERE user_id = ? and peer_id = ?' args [100, 200] {details: {database: {path: :memory:, id: 2, readOnly: false, singleInstance: false}}}[0m
[38;5;196m└───────────────────────────────────────────────────────────────────────────────────────────────────────────────────────[0m
00:38 +939: /Users/leeyi/project/imboy.pub/imboyapp/test/unit_test/service/e2ee/megolm_backup_section_test.dart: pack/unpack 导出前按 session 刷新服务端有限授权快照
00:38 +939: /Users/leeyi/project/imboy.pub/imboyapp/test/unit_test/service/e2ee/c2c_own_device_fanout_test.dart: AC-16: 缺钥设备（瞬态 claim 失败）明确跳过，不阻塞其他设备
[38;5;196m┌───────────────────────────────────────────────────────────────────────────────────────────────────────────────────────[0m
[38;5;196m│ #0   AppLogger.error (package:imboy/service/app_logger.dart:115:18)[0m
[38;5;196m│ #1   SqliteService.query (package:imboy/service/sqlite.dart:894:17)[0m
[38;5;196m├┄┄┄┄┄┄┄┄┄┄┄┄┄┄┄┄┄┄┄┄┄┄┄┄┄┄┄┄┄┄┄┄┄┄┄┄┄┄┄┄┄┄┄┄┄┄┄┄┄┄┄┄┄┄┄┄┄┄┄┄┄┄┄┄┄┄┄┄┄┄┄┄┄┄┄┄┄┄┄┄┄┄┄┄┄┄┄┄┄┄┄┄┄┄┄┄┄┄┄┄┄┄┄┄┄┄┄┄┄┄┄┄┄┄┄┄┄┄┄[0m
[38;5;196m│ ⛔ SQL query error: table=contact, error=SqfliteFfiException(sqlite_error: 1, , SqliteException(1): while preparing statement, no such table: contact, SQL logic error (code 1)[0m
[38;5;196m│ ⛔   Causing statement: SELECT peer_id, nickname, avatar, account, status, remark, tag, region, sign, source, gender, is_friend, is_from, category_id, account_type, last_seen_at, updated_at FROM contact WHERE user_id = ? and peer_id = ?}) DatabaseException(SqliteException(1): while preparing statement, no such table: contact, SQL logic error (code 1)[0m
[38;5;196m│ ⛔   Causing statement: SELECT peer_id, nickname, avatar, account, status, remark, tag, region, sign, source, gender, is_friend, is_from, category_id, account_type, last_seen_at, updated_at FROM contact WHERE user_id = ? and peer_id = ?) sql 'SELECT peer_id, nickname, avatar, account, status, remark, tag, region, sign, source, gender, is_friend, is_from, category_id, account_type, last_seen_at, updated_at FROM contact WHERE user_id = ? and peer_id = ?' args [100, 200] {details: {database: {path: :memory:, id: 3, readOnly: false, singleInstance: false}}}[0m
[38;5;196m└───────────────────────────────────────────────────────────────────────────────────────────────────────────────────────[0m
[E2EE][AC-15] ghost devices detected: peer=200 ghost={a-2} fanout={b-1,b-offline}
*** Request ***
uri: http://127.0.0.1:9800/api/v1/e2ee/olm/claim
method: POST
responseType: ResponseType.json
followRedirects: true
persistentConnection: true
connectTimeout: 0:01:00.000000
sendTimeout: 0:01:00.000000
receiveTimeout: 0:01:00.000000
transformTimeout: null
receiveDataWhenStatusError: true
extra: {}

[38;5;208m┌───────────────────────────────────────────────────────────────────────────────────────────────────────────────────────[0m
[38;5;208m│ #0   AppLogger.warning (package:imboy/service/app_logger.dart:101:20)[0m
[38;5;208m│ #1   HttpRetryInterceptor.onError (package:imboy/component/http/http_retry_interceptor.dart:74:21)[0m
[38;5;208m├┄┄┄┄┄┄┄┄┄┄┄┄┄┄┄┄┄┄┄┄┄┄┄┄┄┄┄┄┄┄┄┄┄┄┄┄┄┄┄┄┄┄┄┄┄┄┄┄┄┄┄┄┄┄┄┄┄┄┄┄┄┄┄┄┄┄┄┄┄┄┄┄┄┄┄┄┄┄┄┄┄┄┄┄┄┄┄┄┄┄┄┄┄┄┄┄┄┄┄┄┄┄┄┄┄┄┄┄┄┄┄┄┄┄┄┄┄┄┄[0m
[38;5;208m│ ⚠️ HTTP request failed, retrying... (1/2) after 1000ms url: http://127.0.0.1:9800/api/v1/e2ee/olm/claim[0m
[38;5;208m└───────────────────────────────────────────────────────────────────────────────────────────────────────────────────────[0m
[38;5;208m┌───────────────────────────────────────────────────────────────────────────────────────────────────────────────────────[0m
[38;5;208m│ #0   AppLogger.warning (package:imboy/service/app_logger.dart:101:20)[0m
[38;5;208m│ #1   createRetryInterceptor.<anonymous closure> (package:imboy/component/http/http_retry_interceptor.dart:250:19)[0m
[38;5;208m├┄┄┄┄┄┄┄┄┄┄┄┄┄┄┄┄┄┄┄┄┄┄┄┄┄┄┄┄┄┄┄┄┄┄┄┄┄┄┄┄┄┄┄┄┄┄┄┄┄┄┄┄┄┄┄┄┄┄┄┄┄┄┄┄┄┄┄┄┄┄┄┄┄┄┄┄┄┄┄┄┄┄┄┄┄┄┄┄┄┄┄┄┄┄┄┄┄┄┄┄┄┄┄┄┄┄┄┄┄┄┄┄┄┄┄┄┄┄┄[0m
[38;5;208m│ ⚠️ HTTP 重试中... (1/2)[0m
[38;5;208m└───────────────────────────────────────────────────────────────────────────────────────────────────────────────────────[0m
00:38 +940: /Users/leeyi/project/imboy.pub/imboyapp/test/unit_test/service/e2ee/megolm_backup_section_test.dart: pack/unpack 导出前按 session 刷新服务端有限授权快照
00:38 +941: /Users/leeyi/project/imboy.pub/imboyapp/test/unit_test/service/e2ee/megolm_backup_section_test.dart: pack/unpack 导出前按 session 刷新服务端有限授权快照
00:38 +942: /Users/leeyi/project/imboy.pub/imboyapp/test/unit_test/service/e2ee/megolm_backup_section_test.dart: pack/unpack 导出前按 session 刷新服务端有限授权快照
00:38 +943: /Users/leeyi/project/imboy.pub/imboyapp/test/unit_test/service/e2ee/megolm_backup_section_test.dart: pack/unpack 导出前按 session 刷新服务端有限授权快照
00:38 +944: /Users/leeyi/project/imboy.pub/imboyapp/test/unit_test/service/e2ee/megolm_backup_section_test.dart: pack/unpack 导出前按 session 刷新服务端有限授权快照
00:38 +945: /Users/leeyi/project/imboy.pub/imboyapp/test/unit_test/service/e2ee/megolm_backup_section_test.dart: pack/unpack 导出前按 session 刷新服务端有限授权快照
00:38 +946: /Users/leeyi/project/imboy.pub/imboyapp/test/unit_test/service/e2ee/megolm_backup_section_test.dart: pack/unpack 导出前按 session 刷新服务端有限授权快照
00:39 +947: /Users/leeyi/project/imboy.pub/imboyapp/test/unit_test/service/e2ee/megolm_backup_section_test.dart: pack/unpack 导出前按 session 刷新服务端有限授权快照
00:39 +948: /Users/leeyi/project/imboy.pub/imboyapp/test/unit_test/service/e2ee/megolm_backup_section_test.dart: pack/unpack 导出前按 session 刷新服务端有限授权快照
00:39 +949: /Users/leeyi/project/imboy.pub/imboyapp/test/unit_test/service/e2ee/megolm_backup_section_test.dart: pack/unpack 导出前按 session 刷新服务端有限授权快照
00:39 +950: /Users/leeyi/project/imboy.pub/imboyapp/test/unit_test/service/e2ee/megolm_backup_section_test.dart: pack/unpack 导出前按 session 刷新服务端有限授权快照
00:39 +951: /Users/leeyi/project/imboy.pub/imboyapp/test/unit_test/service/e2ee/megolm_backup_section_test.dart: pack/unpack 导出前按 session 刷新服务端有限授权快照
00:39 +952: /Users/leeyi/project/imboy.pub/imboyapp/test/unit_test/service/e2ee/megolm_backup_section_test.dart: pack/unpack 导出前按 session 刷新服务端有限授权快照
00:39 +953: /Users/leeyi/project/imboy.pub/imboyapp/test/unit_test/service/e2ee/megolm_backup_section_test.dart: pack/unpack 导出前按 session 刷新服务端有限授权快照
00:39 +954: /Users/leeyi/project/imboy.pub/imboyapp/test/unit_test/service/e2ee/megolm_backup_section_test.dart: pack/unpack 导出前按 session 刷新服务端有限授权快照
00:39 +955: /Users/leeyi/project/imboy.pub/imboyapp/test/unit_test/service/e2ee/megolm_backup_section_test.dart: pack/unpack 导出前按 session 刷新服务端有限授权快照
00:39 +956: /Users/leeyi/project/imboy.pub/imboyapp/test/unit_test/service/e2ee/megolm_backup_section_test.dart: pack/unpack 导出前按 session 刷新服务端有限授权快照
00:39 +956: /Users/leeyi/project/imboy.pub/imboyapp/test/unit_test/service/e2ee/c2c_own_device_fanout_test.dart: AC-16: 缺钥设备（瞬态 claim 失败）明确跳过，不阻塞其他设备
*** Request ***
uri: http://127.0.0.1:9800/api/v1/e2ee/olm/claim
method: POST
responseType: ResponseType.json
followRedirects: true
persistentConnection: true
connectTimeout: 0:01:00.000000
sendTimeout: 0:01:00.000000
receiveTimeout: 0:01:00.000000
transformTimeout: null
receiveDataWhenStatusError: true
extra: {retry_count: 1}

[38;5;208m┌───────────────────────────────────────────────────────────────────────────────────────────────────────────────────────[0m
[38;5;208m│ #0   AppLogger.warning (package:imboy/service/app_logger.dart:101:20)[0m
[38;5;208m│ #1   HttpRetryInterceptor.onError (package:imboy/component/http/http_retry_interceptor.dart:74:21)[0m
[38;5;208m├┄┄┄┄┄┄┄┄┄┄┄┄┄┄┄┄┄┄┄┄┄┄┄┄┄┄┄┄┄┄┄┄┄┄┄┄┄┄┄┄┄┄┄┄┄┄┄┄┄┄┄┄┄┄┄┄┄┄┄┄┄┄┄┄┄┄┄┄┄┄┄┄┄┄┄┄┄┄┄┄┄┄┄┄┄┄┄┄┄┄┄┄┄┄┄┄┄┄┄┄┄┄┄┄┄┄┄┄┄┄┄┄┄┄┄┄┄┄┄[0m
[38;5;208m│ ⚠️ HTTP request failed, retrying... (2/2) after 2000ms url: http://127.0.0.1:9800/api/v1/e2ee/olm/claim[0m
[38;5;208m└───────────────────────────────────────────────────────────────────────────────────────────────────────────────────────[0m
[38;5;208m┌───────────────────────────────────────────────────────────────────────────────────────────────────────────────────────[0m
[38;5;208m│ #0   AppLogger.warning (package:imboy/service/app_logger.dart:101:20)[0m
[38;5;208m│ #1   createRetryInterceptor.<anonymous closure> (package:imboy/component/http/http_retry_interceptor.dart:250:19)[0m
[38;5;208m├┄┄┄┄┄┄┄┄┄┄┄┄┄┄┄┄┄┄┄┄┄┄┄┄┄┄┄┄┄┄┄┄┄┄┄┄┄┄┄┄┄┄┄┄┄┄┄┄┄┄┄┄┄┄┄┄┄┄┄┄┄┄┄┄┄┄┄┄┄┄┄┄┄┄┄┄┄┄┄┄┄┄┄┄┄┄┄┄┄┄┄┄┄┄┄┄┄┄┄┄┄┄┄┄┄┄┄┄┄┄┄┄┄┄┄┄┄┄┄[0m
[38;5;208m│ ⚠️ HTTP 重试中... (2/2)[0m
[38;5;208m└───────────────────────────────────────────────────────────────────────────────────────────────────────────────────────[0m
00:39 +957: /Users/leeyi/project/imboy.pub/imboyapp/test/unit_test/service/e2ee/megolm_backup_section_test.dart: pack/unpack 导出前按 session 刷新服务端有限授权快照
00:39 +958: /Users/leeyi/project/imboy.pub/imboyapp/test/unit_test/service/e2ee/megolm_backup_section_test.dart: pack/unpack 导出前按 session 刷新服务端有限授权快照
00:39 +959: /Users/leeyi/project/imboy.pub/imboyapp/test/unit_test/service/e2ee/megolm_backup_section_test.dart: pack/unpack 导出前按 session 刷新服务端有限授权快照
00:39 +960: /Users/leeyi/project/imboy.pub/imboyapp/test/unit_test/service/e2ee/megolm_backup_section_test.dart: pack/unpack 导出前按 session 刷新服务端有限授权快照
00:39 +961: /Users/leeyi/project/imboy.pub/imboyapp/test/unit_test/service/e2ee/megolm_backup_section_test.dart: pack/unpack 导出前按 session 刷新服务端有限授权快照
00:39 +962: /Users/leeyi/project/imboy.pub/imboyapp/test/unit_test/service/e2ee/megolm_backup_section_test.dart: pack/unpack 导出前按 session 刷新服务端有限授权快照
00:39 +963: /Users/leeyi/project/imboy.pub/imboyapp/test/unit_test/service/e2ee/megolm_backup_section_test.dart: pack/unpack 导出前按 session 刷新服务端有限授权快照
00:39 +964: /Users/leeyi/project/imboy.pub/imboyapp/test/unit_test/service/e2ee/megolm_backup_section_test.dart: pack/unpack 导出前按 session 刷新服务端有限授权快照
00:40 +965: /Users/leeyi/project/imboy.pub/imboyapp/test/unit_test/service/e2ee/megolm_backup_section_test.dart: pack/unpack 导出前按 session 刷新服务端有限授权快照
00:40 +966: /Users/leeyi/project/imboy.pub/imboyapp/test/unit_test/service/e2ee/megolm_backup_section_test.dart: pack/unpack 导出前按 session 刷新服务端有限授权快照
00:40 +967: /Users/leeyi/project/imboy.pub/imboyapp/test/unit_test/service/e2ee/megolm_backup_section_test.dart: pack/unpack 导出前按 session 刷新服务端有限授权快照
00:40 +968: /Users/leeyi/project/imboy.pub/imboyapp/test/unit_test/service/e2ee/megolm_backup_section_test.dart: pack/unpack 导出前按 session 刷新服务端有限授权快照
00:40 +969: /Users/leeyi/project/imboy.pub/imboyapp/test/unit_test/service/e2ee/megolm_backup_section_test.dart: pack/unpack 导出前按 session 刷新服务端有限授权快照
00:40 +970: /Users/leeyi/project/imboy.pub/imboyapp/test/unit_test/service/e2ee/megolm_backup_section_test.dart: pack/unpack 导出前按 session 刷新服务端有限授权快照
00:40 +971: /Users/leeyi/project/imboy.pub/imboyapp/test/unit_test/service/e2ee/megolm_backup_section_test.dart: pack/unpack 导出前按 session 刷新服务端有限授权快照
00:40 +972: /Users/leeyi/project/imboy.pub/imboyapp/test/unit_test/service/e2ee/megolm_backup_section_test.dart: pack/unpack 导出前按 session 刷新服务端有限授权快照
00:40 +972: /Users/leeyi/project/imboy.pub/imboyapp/test/unit_test/service/e2ee/retry_plaintext_guard_c2g_test.dart: (setUpAll)
🔍 [RETRY_SCAN] 开始扫描失败消息...
[38;5;196m┌───────────────────────────────────────────────────────────────────────────────────────────────────────────────────────[0m
[38;5;196m│ #0   AppLogger.error (package:imboy/service/app_logger.dart:115:18)[0m
[38;5;196m│ #1   SqliteService.query (package:imboy/service/sqlite.dart:894:17)[0m
[38;5;196m├┄┄┄┄┄┄┄┄┄┄┄┄┄┄┄┄┄┄┄┄┄┄┄┄┄┄┄┄┄┄┄┄┄┄┄┄┄┄┄┄┄┄┄┄┄┄┄┄┄┄┄┄┄┄┄┄┄┄┄┄┄┄┄┄┄┄┄┄┄┄┄┄┄┄┄┄┄┄┄┄┄┄┄┄┄┄┄┄┄┄┄┄┄┄┄┄┄┄┄┄┄┄┄┄┄┄┄┄┄┄┄┄┄┄┄┄┄┄┄[0m
[38;5;196m│ ⛔ SQL query error: table=msg_c2c, error=SqfliteFfiException(sqlite_error: 1, , SqliteException(1): while preparing statement, no such table: msg_c2c, SQL logic error (code 1)[0m
[38;5;196m│ ⛔   Causing statement: SELECT auto_id, id, type, from_id, to_id, payload, created_at, is_author, status, conversation_uk3, topic_id, msg_type, "action", e2ee, sender_did FROM msg_c2c WHERE status IN (?,?) AND is_author=? ORDER BY created_at DESC, auto_id DESC LIMIT 100}) DatabaseException(SqliteException(1): while preparing statement, no such table: msg_c2c, SQL logic error (code 1)[0m
[38;5;196m│ ⛔   Causing statement: SELECT auto_id, id, type, from_id, to_id, payload, created_at, is_author, status, conversation_uk3, topic_id, msg_type, "action", e2ee, sender_did FROM msg_c2c WHERE status IN (?,?) AND is_author=? ORDER BY created_at DESC, auto_id DESC LIMIT 100) sql 'SELECT auto_id, id, type, from_id, to_id, payload, created_at, is_author, status, conversation_uk3, topic_id, msg_type, "action", e2ee, sender_did FROM msg_c2c WHERE status IN (?,?) AND is_author=? ORDER BY created_at DESC, auto_id DESC LIMIT 100' args [10, 12, 1] {details: {database: {path: :memory:, id: 1, readOnly: false, singleInstance: false}}}[0m
[38;5;196m└───────────────────────────────────────────────────────────────────────────────────────────────────────────────────────[0m
⚠️ [RETRY_SCAN] 扫描表 c2c 失败: SqfliteFfiException(sqlite_error: 1, , SqliteException(1): while preparing statement, no such table: msg_c2c, SQL logic error (code 1)
  Causing statement: SELECT auto_id, id, type, from_id, to_id, payload, created_at, is_author, status, conversation_uk3, topic_id, msg_type, "action", e2ee, sender_did FROM msg_c2c WHERE status IN (?,?) AND is_author=? ORDER BY created_at DESC, auto_id DESC LIMIT 100}) DatabaseException(SqliteException(1): while preparing statement, no such table: msg_c2c, SQL logic error (code 1)
  Causing statement: SELECT auto_id, id, type, from_id, to_id, payload, created_at, is_author, status, conversation_uk3, topic_id, msg_type, "action", e2ee, sender_did FROM msg_c2c WHERE status IN (?,?) AND is_author=? ORDER BY created_at DESC, auto_id DESC LIMIT 100) sql 'SELECT auto_id, id, type, from_id, to_id, payload, created_at, is_author, status, conversation_uk3, topic_id, msg_type, "action", e2ee, sender_did FROM msg_c2c WHERE status IN (?,?) AND is_author=? ORDER BY created_at DESC, auto_id DESC LIMIT 100' args [10, 12, 1] {details: {database: {path: :memory:, id: 1, readOnly: false, singleInstance: false}}}
00:40 +972: /Users/leeyi/project/imboy.pub/imboyapp/test/unit_test/service/e2ee/megolm_backup_section_test.dart: pack/unpack 导出前按 session 刷新服务端有限授权快照
00:40 +972: /Users/leeyi/project/imboy.pub/imboyapp/test/unit_test/service/e2ee/retry_plaintext_guard_c2g_test.dart: (setUpAll)
[38;5;196m┌───────────────────────────────────────────────────────────────────────────────────────────────────────────────────────[0m
[38;5;196m│ #0   AppLogger.error (package:imboy/service/app_logger.dart:115:18)[0m
[38;5;196m│ #1   SqliteService.query (package:imboy/service/sqlite.dart:894:17)[0m
[38;5;196m├┄┄┄┄┄┄┄┄┄┄┄┄┄┄┄┄┄┄┄┄┄┄┄┄┄┄┄┄┄┄┄┄┄┄┄┄┄┄┄┄┄┄┄┄┄┄┄┄┄┄┄┄┄┄┄┄┄┄┄┄┄┄┄┄┄┄┄┄┄┄┄┄┄┄┄┄┄┄┄┄┄┄┄┄┄┄┄┄┄┄┄┄┄┄┄┄┄┄┄┄┄┄┄┄┄┄┄┄┄┄┄┄┄┄┄┄┄┄┄[0m
[38;5;196m│ ⛔ SQL query error: table=msg_c2s, error=SqfliteFfiException(sqlite_error: 1, , SqliteException(1): while preparing statement, no such table: msg_c2s, SQL logic error (code 1)[0m
[38;5;196m│ ⛔   Causing statement: SELECT auto_id, id, type, from_id, to_id, payload, created_at, is_author, status, conversation_uk3, topic_id, msg_type, "action", e2ee FROM msg_c2s WHERE status IN (?,?) AND is_author=? ORDER BY created_at DESC, auto_id DESC LIMIT 100}) DatabaseException(SqliteException(1): while preparing statement, no such table: msg_c2s, SQL logic error (code 1)[0m
[38;5;196m│ ⛔   Causing statement: SELECT auto_id, id, type, from_id, to_id, payload, created_at, is_author, status, conversation_uk3, topic_id, msg_type, "action", e2ee FROM msg_c2s WHERE status IN (?,?) AND is_author=? ORDER BY created_at DESC, auto_id DESC LIMIT 100) sql 'SELECT auto_id, id, type, from_id, to_id, payload, created_at, is_author, status, conversation_uk3, topic_id, msg_type, "action", e2ee FROM msg_c2s WHERE status IN (?,?) AND is_author=? ORDER BY created_at DESC, auto_id DESC LIMIT 100' args [10, 12, 1] {details: {database: {path: :memory:, id: 1, readOnly: false, singleInstance: false}}}[0m
[38;5;196m└───────────────────────────────────────────────────────────────────────────────────────────────────────────────────────[0m
⚠️ [RETRY_SCAN] 扫描表 c2s 失败: SqfliteFfiException(sqlite_error: 1, , SqliteException(1): while preparing statement, no such table: msg_c2s, SQL logic error (code 1)
  Causing statement: SELECT auto_id, id, type, from_id, to_id, payload, created_at, is_author, status, conversation_uk3, topic_id, msg_type, "action", e2ee FROM msg_c2s WHERE status IN (?,?) AND is_author=? ORDER BY created_at DESC, auto_id DESC LIMIT 100}) DatabaseException(SqliteException(1): while preparing statement, no such table: msg_c2s, SQL logic error (code 1)
  Causing statement: SELECT auto_id, id, type, from_id, to_id, payload, created_at, is_author, status, conversation_uk3, topic_id, msg_type, "action", e2ee FROM msg_c2s WHERE status IN (?,?) AND is_author=? ORDER BY created_at DESC, auto_id DESC LIMIT 100) sql 'SELECT auto_id, id, type, from_id, to_id, payload, created_at, is_author, status, conversation_uk3, topic_id, msg_type, "action", e2ee FROM msg_c2s WHERE status IN (?,?) AND is_author=? ORDER BY created_at DESC, auto_id DESC LIMIT 100' args [10, 12, 1] {details: {database: {path: :memory:, id: 1, readOnly: false, singleInstance: false}}}
📊 [RETRY_SCAN] 扫描完成: 发现 0 条失败消息，添加 0 条到重试队列
00:40 +972: /Users/leeyi/project/imboy.pub/imboyapp/test/unit_test/service/e2ee/retry_plaintext_guard_c2g_test.dart: 重发明文闸门 · C2G 群级 E2EE 分支 实际发送入口：群已开 E2EE 时不受全局 plaintext 绕过
[group_session] 群 90210 E2EE 已开启
00:40 +973: /Users/leeyi/project/imboy.pub/imboyapp/test/unit_test/service/e2ee/megolm_backup_section_test.dart: pack/unpack 导出前按 session 刷新服务端有限授权快照
00:40 +973: /Users/leeyi/project/imboy.pub/imboyapp/test/unit_test/service/e2ee/retry_plaintext_guard_c2g_test.dart: 重发明文闸门 · C2G 群级 E2EE 分支 对照组：群未开 E2EE + 全局 plaintext → 明文行必须照常重投
清除缓存: msg_c2g, 移除了 0 个缓存条目
消息加入重试队列: gg0000000000000ct01, type=C2G
[38;5;196m┌───────────────────────────────────────────────────────────────────────────────────────────────────────────────────────[0m
[38;5;196m│ #0   AppLogger.error (package:imboy/service/app_logger.dart:115:18)[0m
[38;5;196m│ #1   SqliteService.execute.<anonymous closure> (package:imboy/service/sqlite.dart:831:21)[0m
[38;5;196m├┄┄┄┄┄┄┄┄┄┄┄┄┄┄┄┄┄┄┄┄┄┄┄┄┄┄┄┄┄┄┄┄┄┄┄┄┄┄┄┄┄┄┄┄┄┄┄┄┄┄┄┄┄┄┄┄┄┄┄┄┄┄┄┄┄┄┄┄┄┄┄┄┄┄┄┄┄┄┄┄┄┄┄┄┄┄┄┄┄┄┄┄┄┄┄┄┄┄┄┄┄┄┄┄┄┄┄┄┄┄┄┄┄┄┄┄┄┄┄[0m
[38;5;196m│ ⛔ Execute error: SqfliteFfiException(sqlite_error: 1, , SqliteException(1): while preparing statement, no such table: msg_c2g_fts, SQL logic error (code 1)[0m
[38;5;196m│ ⛔   Causing statement: DELETE FROM msg_c2g_fts WHERE id = ?}) DatabaseException(SqliteException(1): while preparing statement, no such table: msg_c2g_fts, SQL logic error (code 1)[0m
[38;5;196m│ ⛔   Causing statement: DELETE FROM msg_c2g_fts WHERE id = ?) sql 'DELETE FROM msg_c2g_fts WHERE id = ?' args [gg0000000000000ct01] {details: {database: {path: :memory:, id: 1, readOnly: false, singleInstance: false}}}[0m
[38;5;196m└───────────────────────────────────────────────────────────────────────────────────────────────────────────────────────[0m
[FTS] C2G 索引写入失败: SqfliteFfiException(sqlite_error: 1, , SqliteException(1): while preparing statement, no such table: msg_c2g_fts, SQL logic error (code 1)
  Causing statement: DELETE FROM msg_c2g_fts WHERE id = ?}) DatabaseException(SqliteException(1): while preparing statement, no such table: msg_c2g_fts, SQL logic error (code 1)
  Causing statement: DELETE FROM msg_c2g_fts WHERE id = ?) sql 'DELETE FROM msg_c2g_fts WHERE id = ?' args [gg0000000000000ct01] {details: {database: {path: :memory:, id: 1, readOnly: false, singleInstance: false}}}
message_repo/updateWithConditions msg_c2g ; where: id = ? AND status = ?
message_repo/updateWithConditions msg_c2g ; where: id = ? AND status IN (?, ?, ?)
清除缓存: msg_c2g, 移除了 0 个缓存条目
重试发送消息: gg0000000000000ct01, 第1次重试
消息重试已提交，等待确认: gg0000000000000ct01
✅ [MessageTypeNormalizer] 有效类型: text
*** Request ***
uri: http://127.0.0.1:9800/api/v1/user/show?id=1001
method: GET
responseType: ResponseType.json
followRedirects: true
persistentConnection: true
connectTimeout: 0:01:00.000000
sendTimeout: 0:01:00.000000
receiveTimeout: 0:01:00.000000
transformTimeout: null
receiveDataWhenStatusError: true
extra: {}

*** Response ***
uri: http://127.0.0.1:9800/api/v1/user/show?id=1001

00:40 +974: /Users/leeyi/project/imboy.pub/imboyapp/test/unit_test/service/e2ee/megolm_backup_section_test.dart: pack/unpack 导出前按 session 刷新服务端有限授权快照
00:40 +974: /Users/leeyi/project/imboy.pub/imboyapp/test/unit_test/service/e2ee/retry_plaintext_guard_c2g_test.dart: 重发明文闸门 · C2G 群级 E2EE 分支 群已开 E2EE + 全局 plaintext + 明文行 → 不得出网
[group_session] 群 90210 E2EE 已开启
清除缓存: msg_c2g, 移除了 0 个缓存条目
消息加入重试队列: gg0000000000000ct02, type=C2G
[38;5;196m┌───────────────────────────────────────────────────────────────────────────────────────────────────────────────────────[0m
[38;5;196m│ #0   AppLogger.error (package:imboy/service/app_logger.dart:115:18)[0m
[38;5;196m│ #1   SqliteService.execute.<anonymous closure> (package:imboy/service/sqlite.dart:831:21)[0m
[38;5;196m├┄┄┄┄┄┄┄┄┄┄┄┄┄┄┄┄┄┄┄┄┄┄┄┄┄┄┄┄┄┄┄┄┄┄┄┄┄┄┄┄┄┄┄┄┄┄┄┄┄┄┄┄┄┄┄┄┄┄┄┄┄┄┄┄┄┄┄┄┄┄┄┄┄┄┄┄┄┄┄┄┄┄┄┄┄┄┄┄┄┄┄┄┄┄┄┄┄┄┄┄┄┄┄┄┄┄┄┄┄┄┄┄┄┄┄┄┄┄┄[0m
[38;5;196m│ ⛔ Execute error: SqfliteFfiException(sqlite_error: 1, , SqliteException(1): while preparing statement, no such table: msg_c2g_fts, SQL logic error (code 1)[0m
[38;5;196m│ ⛔   Causing statement: DELETE FROM msg_c2g_fts WHERE id = ?}) DatabaseException(SqliteException(1): while preparing statement, no such table: msg_c2g_fts, SQL logic error (code 1)[0m
[38;5;196m│ ⛔   Causing statement: DELETE FROM msg_c2g_fts WHERE id = ?) sql 'DELETE FROM msg_c2g_fts WHERE id = ?' args [gg0000000000000ct02] {details: {database: {path: :memory:, id: 1, readOnly: false, singleInstance: false}}}[0m
[38;5;196m└───────────────────────────────────────────────────────────────────────────────────────────────────────────────────────[0m
[FTS] C2G 索引写入失败: SqfliteFfiException(sqlite_error: 1, , SqliteException(1): while preparing statement, no such table: msg_c2g_fts, SQL logic error (code 1)
  Causing statement: DELETE FROM msg_c2g_fts WHERE id = ?}) DatabaseException(SqliteException(1): while preparing statement, no such table: msg_c2g_fts, SQL logic error (code 1)
  Causing statement: DELETE FROM msg_c2g_fts WHERE id = ?) sql 'DELETE FROM msg_c2g_fts WHERE id = ?' args [gg0000000000000ct02] {details: {database: {path: :memory:, id: 1, readOnly: false, singleInstance: false}}}
message_repo/updateWithConditions msg_c2g ; where: id = ? AND status = ?
🚫 [RETRY] 未加密消息不得重发，已拦下: gg0000000000000ct02
message_repo/update msg_c2g ;
清除缓存: msg_c2g, 移除了 0 个缓存条目
✅ [MessageTypeNormalizer] 有效类型: text
*** Request ***
uri: http://127.0.0.1:9800/api/v1/user/show?id=1001
method: GET
responseType: ResponseType.json
followRedirects: true
persistentConnection: true
connectTimeout: 0:01:00.000000
sendTimeout: 0:01:00.000000
receiveTimeout: 0:01:00.000000
transformTimeout: null
receiveDataWhenStatusError: true
extra: {}

*** Response ***
uri: http://127.0.0.1:9800/api/v1/user/show?id=1001

❌ [RETRY] 达到最大重试次数，标记消息失败: gg0000000000000ct02
00:40 +975: /Users/leeyi/project/imboy.pub/imboyapp/test/unit_test/service/e2ee/megolm_backup_section_test.dart: pack/unpack 导出前按 session 刷新服务端有限授权快照
00:40 +975: /Users/leeyi/project/imboy.pub/imboyapp/test/unit_test/service/e2ee/retry_plaintext_guard_c2g_test.dart: 重发明文闸门 · C2G 群级 E2EE 分支 手动重试：群已开 E2EE + 明文行 → 不得出网
[group_session] 群 90210 E2EE 已开启
清除缓存: msg_c2g, 移除了 0 个缓存条目
[38;5;196m┌───────────────────────────────────────────────────────────────────────────────────────────────────────────────────────[0m
[38;5;196m│ #0   AppLogger.error (package:imboy/service/app_logger.dart:115:18)[0m
[38;5;196m│ #1   SqliteService.execute.<anonymous closure> (package:imboy/service/sqlite.dart:831:21)[0m
[38;5;196m├┄┄┄┄┄┄┄┄┄┄┄┄┄┄┄┄┄┄┄┄┄┄┄┄┄┄┄┄┄┄┄┄┄┄┄┄┄┄┄┄┄┄┄┄┄┄┄┄┄┄┄┄┄┄┄┄┄┄┄┄┄┄┄┄┄┄┄┄┄┄┄┄┄┄┄┄┄┄┄┄┄┄┄┄┄┄┄┄┄┄┄┄┄┄┄┄┄┄┄┄┄┄┄┄┄┄┄┄┄┄┄┄┄┄┄┄┄┄┄[0m
[38;5;196m│ ⛔ Execute error: SqfliteFfiException(sqlite_error: 1, , SqliteException(1): while preparing statement, no such table: msg_c2g_fts, SQL logic error (code 1)[0m
[38;5;196m│ ⛔   Causing statement: DELETE FROM msg_c2g_fts WHERE id = ?}) DatabaseException(SqliteException(1): while preparing statement, no such table: msg_c2g_fts, SQL logic error (code 1)[0m
[38;5;196m│ ⛔   Causing statement: DELETE FROM msg_c2g_fts WHERE id = ?) sql 'DELETE FROM msg_c2g_fts WHERE id = ?' args [gg0000000000000ct04] {details: {database: {path: :memory:, id: 1, readOnly: false, singleInstance: false}}}[0m
[38;5;196m└───────────────────────────────────────────────────────────────────────────────────────────────────────────────────────[0m
[FTS] C2G 索引写入失败: SqfliteFfiException(sqlite_error: 1, , SqliteException(1): while preparing statement, no such table: msg_c2g_fts, SQL logic error (code 1)
  Causing statement: DELETE FROM msg_c2g_fts WHERE id = ?}) DatabaseException(SqliteException(1): while preparing statement, no such table: msg_c2g_fts, SQL logic error (code 1)
  Causing statement: DELETE FROM msg_c2g_fts WHERE id = ?) sql 'DELETE FROM msg_c2g_fts WHERE id = ?' args [gg0000000000000ct04] {details: {database: {path: :memory:, id: 1, readOnly: false, singleInstance: false}}}
🚫 [MANUAL_RETRY] 未加密消息不得重发，已拦下: gg0000000000000ct04
00:40 +976: /Users/leeyi/project/imboy.pub/imboyapp/test/unit_test/service/e2ee/megolm_backup_section_test.dart: pack/unpack 导出前按 session 刷新服务端有限授权快照
00:40 +976: /Users/leeyi/project/imboy.pub/imboyapp/test/unit_test/service/e2ee/retry_plaintext_guard_c2g_test.dart: 重发明文闸门 · C2G 群级 E2EE 分支 正向可用性：群已开 E2EE + 已加密行 → 必须照常重投
[group_session] 群 90210 E2EE 已开启
清除缓存: msg_c2g, 移除了 0 个缓存条目
消息加入重试队列: gg0000000000000ct03, type=C2G
[38;5;196m┌───────────────────────────────────────────────────────────────────────────────────────────────────────────────────────[0m
[38;5;196m│ #0   AppLogger.error (package:imboy/service/app_logger.dart:115:18)[0m
[38;5;196m│ #1   SqliteService.execute.<anonymous closure> (package:imboy/service/sqlite.dart:831:21)[0m
[38;5;196m├┄┄┄┄┄┄┄┄┄┄┄┄┄┄┄┄┄┄┄┄┄┄┄┄┄┄┄┄┄┄┄┄┄┄┄┄┄┄┄┄┄┄┄┄┄┄┄┄┄┄┄┄┄┄┄┄┄┄┄┄┄┄┄┄┄┄┄┄┄┄┄┄┄┄┄┄┄┄┄┄┄┄┄┄┄┄┄┄┄┄┄┄┄┄┄┄┄┄┄┄┄┄┄┄┄┄┄┄┄┄┄┄┄┄┄┄┄┄┄[0m
[38;5;196m│ ⛔ Execute error: SqfliteFfiException(sqlite_error: 1, , SqliteException(1): while preparing statement, no such table: msg_c2g_fts, SQL logic error (code 1)[0m
[38;5;196m│ ⛔   Causing statement: DELETE FROM msg_c2g_fts WHERE id = ?}) DatabaseException(SqliteException(1): while preparing statement, no such table: msg_c2g_fts, SQL logic error (code 1)[0m
[38;5;196m│ ⛔   Causing statement: DELETE FROM msg_c2g_fts WHERE id = ?) sql 'DELETE FROM msg_c2g_fts WHERE id = ?' args [gg0000000000000ct03] {details: {database: {path: :memory:, id: 1, readOnly: false, singleInstance: false}}}[0m
[38;5;196m└───────────────────────────────────────────────────────────────────────────────────────────────────────────────────────[0m
[FTS] C2G 索引写入失败: SqfliteFfiException(sqlite_error: 1, , SqliteException(1): while preparing statement, no such table: msg_c2g_fts, SQL logic error (code 1)
  Causing statement: DELETE FROM msg_c2g_fts WHERE id = ?}) DatabaseException(SqliteException(1): while preparing statement, no such table: msg_c2g_fts, SQL logic error (code 1)
  Causing statement: DELETE FROM msg_c2g_fts WHERE id = ?) sql 'DELETE FROM msg_c2g_fts WHERE id = ?' args [gg0000000000000ct03] {details: {database: {path: :memory:, id: 1, readOnly: false, singleInstance: false}}}
message_repo/updateWithConditions msg_c2g ; where: id = ? AND status = ?
message_repo/updateWithConditions msg_c2g ; where: id = ? AND status IN (?, ?, ?)
清除缓存: msg_c2g, 移除了 0 个缓存条目
重试发送消息: gg0000000000000ct03, 第1次重试
消息重试已提交，等待确认: gg0000000000000ct03
✅ [MessageTypeNormalizer] 有效类型: text
*** Request ***
uri: http://127.0.0.1:9800/api/v1/user/show?id=1001
method: GET
responseType: ResponseType.json
followRedirects: true
persistentConnection: true
connectTimeout: 0:01:00.000000
sendTimeout: 0:01:00.000000
receiveTimeout: 0:01:00.000000
transformTimeout: null
receiveDataWhenStatusError: true
extra: {}

*** Response ***
uri: http://127.0.0.1:9800/api/v1/user/show?id=1001

00:40 +977: /Users/leeyi/project/imboy.pub/imboyapp/test/unit_test/service/e2ee/megolm_backup_section_test.dart: pack/unpack 导出前按 session 刷新服务端有限授权快照
00:41 +977: /Users/leeyi/project/imboy.pub/imboyapp/test/unit_test/service/e2ee/c2c_own_device_fanout_test.dart: AC-16: 缺钥设备（瞬态 claim 失败）明确跳过，不阻塞其他设备
*** Request ***
uri: http://127.0.0.1:9800/api/v1/e2ee/olm/claim
method: POST
responseType: ResponseType.json
followRedirects: true
persistentConnection: true
connectTimeout: 0:01:00.000000
sendTimeout: 0:01:00.000000
receiveTimeout: 0:01:00.000000
transformTimeout: null
receiveDataWhenStatusError: true
extra: {retry_count: 2}

[38;5;196m┌───────────────────────────────────────────────────────────────────────────────────────────────────────────────────────[0m
[38;5;196m│ #0   AppLogger.error (package:imboy/service/app_logger.dart:115:18)[0m
[38;5;196m│ #1   HttpRetryInterceptor.onError (package:imboy/component/http/http_retry_interceptor.dart:104:19)[0m
[38;5;196m├┄┄┄┄┄┄┄┄┄┄┄┄┄┄┄┄┄┄┄┄┄┄┄┄┄┄┄┄┄┄┄┄┄┄┄┄┄┄┄┄┄┄┄┄┄┄┄┄┄┄┄┄┄┄┄┄┄┄┄┄┄┄┄┄┄┄┄┄┄┄┄┄┄┄┄┄┄┄┄┄┄┄┄┄┄┄┄┄┄┄┄┄┄┄┄┄┄┄┄┄┄┄┄┄┄┄┄┄┄┄┄┄┄┄┄┄┄┄┄[0m
[38;5;196m│ ⛔ HTTP request failed after 2 retries: url: http://127.0.0.1:9800/api/v1/e2ee/olm/claim[0m
[38;5;196m└───────────────────────────────────────────────────────────────────────────────────────────────────────────────────────[0m
*** DioException ***:
uri: http://127.0.0.1:9800/api/v1/e2ee/olm/claim
DioException [connection error]: The connection errored: connection refused (test) This indicates an error which most likely cannot be solved by the library.

[38;5;196m┌───────────────────────────────────────────────────────────────────────────────────────────────────────────────────────[0m
[38;5;196m│ #0   AppLogger.error (package:imboy/service/app_logger.dart:115:18)[0m
[38;5;196m│ #1   HttpRetryInterceptor.onError (package:imboy/component/http/http_retry_interceptor.dart:100:21)[0m
[38;5;196m├┄┄┄┄┄┄┄┄┄┄┄┄┄┄┄┄┄┄┄┄┄┄┄┄┄┄┄┄┄┄┄┄┄┄┄┄┄┄┄┄┄┄┄┄┄┄┄┄┄┄┄┄┄┄┄┄┄┄┄┄┄┄┄┄┄┄┄┄┄┄┄┄┄┄┄┄┄┄┄┄┄┄┄┄┄┄┄┄┄┄┄┄┄┄┄┄┄┄┄┄┄┄┄┄┄┄┄┄┄┄┄┄┄┄┄┄┄┄┄[0m
[38;5;196m│ ⛔ HTTP retry failed: DioException [connection error]: The connection errored: connection refused (test) This indicates an error which most likely cannot be solved by the library.[0m
[38;5;196m└───────────────────────────────────────────────────────────────────────────────────────────────────────────────────────[0m
*** DioException ***:
uri: http://127.0.0.1:9800/api/v1/e2ee/olm/claim
DioException [connection error]: The connection errored: connection refused (test) This indicates an error which most likely cannot be solved by the library.

[38;5;196m┌───────────────────────────────────────────────────────────────────────────────────────────────────────────────────────[0m
[38;5;196m│ #0   AppLogger.error (package:imboy/service/app_logger.dart:115:18)[0m
[38;5;196m│ #1   HttpRetryInterceptor.onError (package:imboy/component/http/http_retry_interceptor.dart:100:21)[0m
[38;5;196m├┄┄┄┄┄┄┄┄┄┄┄┄┄┄┄┄┄┄┄┄┄┄┄┄┄┄┄┄┄┄┄┄┄┄┄┄┄┄┄┄┄┄┄┄┄┄┄┄┄┄┄┄┄┄┄┄┄┄┄┄┄┄┄┄┄┄┄┄┄┄┄┄┄┄┄┄┄┄┄┄┄┄┄┄┄┄┄┄┄┄┄┄┄┄┄┄┄┄┄┄┄┄┄┄┄┄┄┄┄┄┄┄┄┄┄┄┄┄┄[0m
[38;5;196m│ ⛔ HTTP retry failed: DioException [connection error]: The connection errored: connection refused (test) This indicates an error which most likely cannot be solved by the library.[0m
[38;5;196m└───────────────────────────────────────────────────────────────────────────────────────────────────────────────────────[0m
*** DioException ***:
uri: http://127.0.0.1:9800/api/v1/e2ee/olm/claim
DioException [connection error]: The connection errored: connection refused (test) This indicates an error which most likely cannot be solved by the library.

[E2EE][AC-16] device skipped (transient): did=b-offline errType=_Exception（下次发送自动补投）
[38;5;196m┌───────────────────────────────────────────────────────────────────────────────────────────────────────────────────────[0m
[38;5;196m│ #0   AppLogger.error (package:imboy/service/app_logger.dart:115:18)[0m
[38;5;196m│ #1   SqliteService.query (package:imboy/service/sqlite.dart:894:17)[0m
[38;5;196m├┄┄┄┄┄┄┄┄┄┄┄┄┄┄┄┄┄┄┄┄┄┄┄┄┄┄┄┄┄┄┄┄┄┄┄┄┄┄┄┄┄┄┄┄┄┄┄┄┄┄┄┄┄┄┄┄┄┄┄┄┄┄┄┄┄┄┄┄┄┄┄┄┄┄┄┄┄┄┄┄┄┄┄┄┄┄┄┄┄┄┄┄┄┄┄┄┄┄┄┄┄┄┄┄┄┄┄┄┄┄┄┄┄┄┄┄┄┄┄[0m
[38;5;196m│ ⛔ SQL query error: table=contact, error=SqfliteFfiException(sqlite_error: 1, , SqliteException(1): while preparing statement, no such table: contact, SQL logic error (code 1)[0m
[38;5;196m│ ⛔   Causing statement: SELECT peer_id, nickname, avatar, account, status, remark, tag, region, sign, source, gender, is_friend, is_from, category_id, account_type, last_seen_at, updated_at FROM contact WHERE user_id = ? and peer_id = ?}) DatabaseException(SqliteException(1): while preparing statement, no such table: contact, SQL logic error (code 1)[0m
[38;5;196m│ ⛔   Causing statement: SELECT peer_id, nickname, avatar, account, status, remark, tag, region, sign, source, gender, is_friend, is_from, category_id, account_type, last_seen_at, updated_at FROM contact WHERE user_id = ? and peer_id = ?) sql 'SELECT peer_id, nickname, avatar, account, status, remark, tag, region, sign, source, gender, is_friend, is_from, category_id, account_type, last_seen_at, updated_at FROM contact WHERE user_id = ? and peer_id = ?' args [100, 200] {details: {database: {path: :memory:, id: 3, readOnly: false, singleInstance: false}}}[0m
[38;5;196m└───────────────────────────────────────────────────────────────────────────────────────────────────────────────────────[0m
[E2EE][AC-15] ghost devices detected: peer=200 ghost={a-2} fanout={b-1,b-offline}
00:41 +978: /Users/leeyi/project/imboy.pub/imboyapp/test/unit_test/service/e2ee/megolm_backup_section_test.dart: pack/unpack 导出前按 session 刷新服务端有限授权快照
00:41 +979: /Users/leeyi/project/imboy.pub/imboyapp/test/unit_test/service/e2ee/megolm_backup_section_test.dart: pack/unpack 导出前按 session 刷新服务端有限授权快照
00:41 +980: /Users/leeyi/project/imboy.pub/imboyapp/test/unit_test/service/e2ee/megolm_backup_section_test.dart: pack/unpack 导出前按 session 刷新服务端有限授权快照
00:41 +981: /Users/leeyi/project/imboy.pub/imboyapp/test/unit_test/service/e2ee/megolm_backup_section_test.dart: pack/unpack 导出前按 session 刷新服务端有限授权快照
00:42 +982: /Users/leeyi/project/imboy.pub/imboyapp/test/unit_test/service/e2ee/megolm_backup_section_test.dart: pack/unpack 导出前按 session 刷新服务端有限授权快照
00:42 +983: /Users/leeyi/project/imboy.pub/imboyapp/test/unit_test/service/e2ee/megolm_backup_section_test.dart: pack/unpack 导出前按 session 刷新服务端有限授权快照
00:42 +984: /Users/leeyi/project/imboy.pub/imboyapp/test/unit_test/service/e2ee/megolm_backup_section_test.dart: pack/unpack 导出前按 session 刷新服务端有限授权快照
00:42 +985: /Users/leeyi/project/imboy.pub/imboyapp/test/unit_test/service/e2ee/megolm_backup_section_test.dart: pack/unpack 导出前按 session 刷新服务端有限授权快照
00:42 +986: /Users/leeyi/project/imboy.pub/imboyapp/test/unit_test/service/e2ee/megolm_backup_section_test.dart: pack/unpack 导出前按 session 刷新服务端有限授权快照
00:43 +987: /Users/leeyi/project/imboy.pub/imboyapp/test/unit_test/service/e2ee/megolm_backup_section_test.dart: pack/unpack 导出前按 session 刷新服务端有限授权快照
00:43 +988: /Users/leeyi/project/imboy.pub/imboyapp/test/unit_test/service/e2ee/megolm_backup_section_test.dart: pack/unpack 导出前按 session 刷新服务端有限授权快照
00:43 +989: /Users/leeyi/project/imboy.pub/imboyapp/test/unit_test/service/e2ee/megolm_backup_section_test.dart: pack/unpack 导出前按 session 刷新服务端有限授权快照
00:43 +990: /Users/leeyi/project/imboy.pub/imboyapp/test/unit_test/service/e2ee/megolm_backup_section_test.dart: pack/unpack 导出前按 session 刷新服务端有限授权快照
00:43 +991: /Users/leeyi/project/imboy.pub/imboyapp/test/unit_test/service/e2ee/megolm_backup_section_test.dart: pack/unpack 导出前按 session 刷新服务端有限授权快照
00:43 +992: /Users/leeyi/project/imboy.pub/imboyapp/test/unit_test/service/e2ee/megolm_backup_section_test.dart: pack/unpack 导出前按 session 刷新服务端有限授权快照
00:43 +993: /Users/leeyi/project/imboy.pub/imboyapp/test/unit_test/service/e2ee/megolm_backup_section_test.dart: pack/unpack 导出前按 session 刷新服务端有限授权快照
00:43 +994: /Users/leeyi/project/imboy.pub/imboyapp/test/unit_test/service/e2ee/megolm_backup_section_test.dart: pack/unpack 导出前按 session 刷新服务端有限授权快照
00:43 +995: /Users/leeyi/project/imboy.pub/imboyapp/test/unit_test/service/e2ee/megolm_backup_section_test.dart: pack/unpack 导出前按 session 刷新服务端有限授权快照
00:43 +996: /Users/leeyi/project/imboy.pub/imboyapp/test/unit_test/service/e2ee/megolm_backup_section_test.dart: pack/unpack 导出前按 session 刷新服务端有限授权快照
00:43 +997: /Users/leeyi/project/imboy.pub/imboyapp/test/unit_test/service/e2ee/megolm_backup_section_test.dart: pack/unpack 导出前按 session 刷新服务端有限授权快照
00:43 +998: /Users/leeyi/project/imboy.pub/imboyapp/test/unit_test/service/e2ee/megolm_backup_section_test.dart: pack/unpack 导出前按 session 刷新服务端有限授权快照
00:44 +999: /Users/leeyi/project/imboy.pub/imboyapp/test/unit_test/service/e2ee/megolm_backup_section_test.dart: pack/unpack 导出前按 session 刷新服务端有限授权快照
00:44 +1000: /Users/leeyi/project/imboy.pub/imboyapp/test/unit_test/service/e2ee/megolm_backup_section_test.dart: pack/unpack 导出前按 session 刷新服务端有限授权快照
00:44 +1001: /Users/leeyi/project/imboy.pub/imboyapp/test/unit_test/service/e2ee/megolm_backup_section_test.dart: pack/unpack 导出前按 session 刷新服务端有限授权快照
00:44 +1002: /Users/leeyi/project/imboy.pub/imboyapp/test/unit_test/service/e2ee/megolm_backup_section_test.dart: pack/unpack 导出前按 session 刷新服务端有限授权快照
00:44 +1003: /Users/leeyi/project/imboy.pub/imboyapp/test/unit_test/service/e2ee/megolm_backup_section_test.dart: pack/unpack 导出前按 session 刷新服务端有限授权快照
00:44 +1004: /Users/leeyi/project/imboy.pub/imboyapp/test/unit_test/service/e2ee/megolm_backup_section_test.dart: pack/unpack 导出前按 session 刷新服务端有限授权快照
00:44 +1005: /Users/leeyi/project/imboy.pub/imboyapp/test/unit_test/service/e2ee/megolm_backup_section_test.dart: pack/unpack 导出前按 session 刷新服务端有限授权快照
00:44 +1006: /Users/leeyi/project/imboy.pub/imboyapp/test/unit_test/service/e2ee/megolm_backup_section_test.dart: pack/unpack 导出前按 session 刷新服务端有限授权快照
00:44 +1007: /Users/leeyi/project/imboy.pub/imboyapp/test/unit_test/service/e2ee/megolm_backup_section_test.dart: pack/unpack 导出前按 session 刷新服务端有限授权快照
00:44 +1008: /Users/leeyi/project/imboy.pub/imboyapp/test/unit_test/service/e2ee/megolm_backup_section_test.dart: pack/unpack 导出前按 session 刷新服务端有限授权快照
00:44 +1009: /Users/leeyi/project/imboy.pub/imboyapp/test/unit_test/service/e2ee/megolm_backup_section_test.dart: pack/unpack 导出前按 session 刷新服务端有限授权快照
00:44 +1010: /Users/leeyi/project/imboy.pub/imboyapp/test/unit_test/service/e2ee/megolm_backup_section_test.dart: pack/unpack 导出前按 session 刷新服务端有限授权快照
00:44 +1011: /Users/leeyi/project/imboy.pub/imboyapp/test/unit_test/service/e2ee/megolm_backup_section_test.dart: pack/unpack 导出前按 session 刷新服务端有限授权快照
00:44 +1012: /Users/leeyi/project/imboy.pub/imboyapp/test/unit_test/service/e2ee/megolm_backup_section_test.dart: pack/unpack 导出前按 session 刷新服务端有限授权快照
00:44 +1013: /Users/leeyi/project/imboy.pub/imboyapp/test/unit_test/service/e2ee/megolm_backup_section_test.dart: pack/unpack 导出前按 session 刷新服务端有限授权快照
00:44 +1014: /Users/leeyi/project/imboy.pub/imboyapp/test/unit_test/service/e2ee/megolm_backup_section_test.dart: pack/unpack 导出前按 session 刷新服务端有限授权快照
00:44 +1015: /Users/leeyi/project/imboy.pub/imboyapp/test/unit_test/service/e2ee/megolm_backup_section_test.dart: pack/unpack 导出前按 session 刷新服务端有限授权快照
00:44 +1016: /Users/leeyi/project/imboy.pub/imboyapp/test/unit_test/service/e2ee/megolm_backup_section_test.dart: pack/unpack 导出前按 session 刷新服务端有限授权快照
00:44 +1017: /Users/leeyi/project/imboy.pub/imboyapp/test/unit_test/service/e2ee/megolm_backup_section_test.dart: pack/unpack 导出前按 session 刷新服务端有限授权快照
00:44 +1018: /Users/leeyi/project/imboy.pub/imboyapp/test/unit_test/service/e2ee/megolm_backup_section_test.dart: pack/unpack 导出前按 session 刷新服务端有限授权快照
00:44 +1019: /Users/leeyi/project/imboy.pub/imboyapp/test/unit_test/service/e2ee/megolm_backup_section_test.dart: pack/unpack 导出前按 session 刷新服务端有限授权快照
00:44 +1020: /Users/leeyi/project/imboy.pub/imboyapp/test/unit_test/service/e2ee/megolm_backup_section_test.dart: pack/unpack 导出前按 session 刷新服务端有限授权快照
00:44 +1021: /Users/leeyi/project/imboy.pub/imboyapp/test/unit_test/service/e2ee/megolm_backup_section_test.dart: pack/unpack 导出前按 session 刷新服务端有限授权快照
00:45 +1022: /Users/leeyi/project/imboy.pub/imboyapp/test/unit_test/service/e2ee/megolm_backup_section_test.dart: pack/unpack 导出前按 session 刷新服务端有限授权快照
00:45 +1023: /Users/leeyi/project/imboy.pub/imboyapp/test/unit_test/service/e2ee/megolm_backup_section_test.dart: pack/unpack 导出前按 session 刷新服务端有限授权快照
00:45 +1024: /Users/leeyi/project/imboy.pub/imboyapp/test/unit_test/service/e2ee/megolm_backup_section_test.dart: pack/unpack 导出前按 session 刷新服务端有限授权快照
00:45 +1025: /Users/leeyi/project/imboy.pub/imboyapp/test/unit_test/service/e2ee/megolm_backup_section_test.dart: pack/unpack 导出前按 session 刷新服务端有限授权快照
00:45 +1026: /Users/leeyi/project/imboy.pub/imboyapp/test/unit_test/service/e2ee/megolm_backup_section_test.dart: pack/unpack 导出前按 session 刷新服务端有限授权快照
00:45 +1027: /Users/leeyi/project/imboy.pub/imboyapp/test/unit_test/service/e2ee/megolm_backup_section_test.dart: pack/unpack 导出前按 session 刷新服务端有限授权快照
00:45 +1028: /Users/leeyi/project/imboy.pub/imboyapp/test/unit_test/service/e2ee/megolm_backup_section_test.dart: pack/unpack 导出前按 session 刷新服务端有限授权快照
00:45 +1029: /Users/leeyi/project/imboy.pub/imboyapp/test/unit_test/service/e2ee/megolm_backup_section_test.dart: pack/unpack 导出前按 session 刷新服务端有限授权快照
00:46 +1030: /Users/leeyi/project/imboy.pub/imboyapp/test/unit_test/service/e2ee/megolm_backup_section_test.dart: pack/unpack 导出前按 session 刷新服务端有限授权快照
00:46 +1031: /Users/leeyi/project/imboy.pub/imboyapp/test/unit_test/service/e2ee/megolm_backup_section_test.dart: pack/unpack 导出前按 session 刷新服务端有限授权快照
00:46 +1032: /Users/leeyi/project/imboy.pub/imboyapp/test/unit_test/service/e2ee/megolm_backup_section_test.dart: pack/unpack 导出前按 session 刷新服务端有限授权快照
00:46 +1033: /Users/leeyi/project/imboy.pub/imboyapp/test/unit_test/service/e2ee/megolm_backup_section_test.dart: pack/unpack 导出前按 session 刷新服务端有限授权快照
00:46 +1034: /Users/leeyi/project/imboy.pub/imboyapp/test/unit_test/service/e2ee/megolm_backup_section_test.dart: pack/unpack 导出前按 session 刷新服务端有限授权快照
00:46 +1035: /Users/leeyi/project/imboy.pub/imboyapp/test/unit_test/service/e2ee/megolm_backup_section_test.dart: pack/unpack 导出前按 session 刷新服务端有限授权快照
00:46 +1036: /Users/leeyi/project/imboy.pub/imboyapp/test/unit_test/service/e2ee/megolm_backup_section_test.dart: pack/unpack 导出前按 session 刷新服务端有限授权快照
00:46 +1037: /Users/leeyi/project/imboy.pub/imboyapp/test/unit_test/service/e2ee/megolm_backup_section_test.dart: pack/unpack 导出前按 session 刷新服务端有限授权快照
00:46 +1038: /Users/leeyi/project/imboy.pub/imboyapp/test/unit_test/service/e2ee/megolm_backup_section_test.dart: pack/unpack 导出前按 session 刷新服务端有限授权快照
00:47 +1039: /Users/leeyi/project/imboy.pub/imboyapp/test/unit_test/service/e2ee/megolm_backup_section_test.dart: pack/unpack 导出前按 session 刷新服务端有限授权快照
00:47 +1040: /Users/leeyi/project/imboy.pub/imboyapp/test/unit_test/service/e2ee/megolm_backup_section_test.dart: pack/unpack 导出前按 session 刷新服务端有限授权快照
00:47 +1041: /Users/leeyi/project/imboy.pub/imboyapp/test/unit_test/service/e2ee/megolm_backup_section_test.dart: pack/unpack 导出前按 session 刷新服务端有限授权快照
00:47 +1042: /Users/leeyi/project/imboy.pub/imboyapp/test/unit_test/service/e2ee/megolm_backup_section_test.dart: pack/unpack 导出前按 session 刷新服务端有限授权快照
00:47 +1043: /Users/leeyi/project/imboy.pub/imboyapp/test/unit_test/service/e2ee/megolm_backup_section_test.dart: pack/unpack 导出前按 session 刷新服务端有限授权快照
00:47 +1044: /Users/leeyi/project/imboy.pub/imboyapp/test/unit_test/service/e2ee/megolm_backup_section_test.dart: pack/unpack 导出前按 session 刷新服务端有限授权快照
00:47 +1045: /Users/leeyi/project/imboy.pub/imboyapp/test/unit_test/service/e2ee/megolm_backup_section_test.dart: pack/unpack 导出前按 session 刷新服务端有限授权快照
00:47 +1046: /Users/leeyi/project/imboy.pub/imboyapp/test/unit_test/service/e2ee/megolm_backup_section_test.dart: pack/unpack 导出前按 session 刷新服务端有限授权快照
00:47 +1047: /Users/leeyi/project/imboy.pub/imboyapp/test/unit_test/service/e2ee/megolm_backup_section_test.dart: pack/unpack 导出前按 session 刷新服务端有限授权快照
00:48 +1048: /Users/leeyi/project/imboy.pub/imboyapp/test/unit_test/service/e2ee/megolm_backup_section_test.dart: pack/unpack 导出前按 session 刷新服务端有限授权快照
00:48 +1049: /Users/leeyi/project/imboy.pub/imboyapp/test/unit_test/service/e2ee/megolm_backup_section_test.dart: pack/unpack 导出前按 session 刷新服务端有限授权快照
00:48 +1050: /Users/leeyi/project/imboy.pub/imboyapp/test/unit_test/service/e2ee/megolm_backup_section_test.dart: pack/unpack 导出前按 session 刷新服务端有限授权快照
00:48 +1051: /Users/leeyi/project/imboy.pub/imboyapp/test/unit_test/service/e2ee/megolm_backup_section_test.dart: pack/unpack 导出前按 session 刷新服务端有限授权快照
00:48 +1052: /Users/leeyi/project/imboy.pub/imboyapp/test/unit_test/service/e2ee/megolm_backup_section_test.dart: pack/unpack 导出前按 session 刷新服务端有限授权快照
00:48 +1053: /Users/leeyi/project/imboy.pub/imboyapp/test/unit_test/service/e2ee/megolm_backup_section_test.dart: pack/unpack 导出前按 session 刷新服务端有限授权快照
00:48 +1054: /Users/leeyi/project/imboy.pub/imboyapp/test/unit_test/service/e2ee/megolm_backup_section_test.dart: pack/unpack 导出前按 session 刷新服务端有限授权快照
00:48 +1055: /Users/leeyi/project/imboy.pub/imboyapp/test/unit_test/service/e2ee/megolm_backup_section_test.dart: pack/unpack 导出前按 session 刷新服务端有限授权快照
00:49 +1056: /Users/leeyi/project/imboy.pub/imboyapp/test/unit_test/service/e2ee/megolm_backup_section_test.dart: pack/unpack 导出前按 session 刷新服务端有限授权快照
00:49 +1057: /Users/leeyi/project/imboy.pub/imboyapp/test/unit_test/service/e2ee/megolm_backup_section_test.dart: pack/unpack 导出前按 session 刷新服务端有限授权快照
00:49 +1058: /Users/leeyi/project/imboy.pub/imboyapp/test/unit_test/service/e2ee/megolm_backup_section_test.dart: pack/unpack 导出前按 session 刷新服务端有限授权快照
00:49 +1059: /Users/leeyi/project/imboy.pub/imboyapp/test/unit_test/service/e2ee/megolm_backup_section_test.dart: pack/unpack 导出前按 session 刷新服务端有限授权快照
00:49 +1060: /Users/leeyi/project/imboy.pub/imboyapp/test/unit_test/service/e2ee/megolm_backup_section_test.dart: pack/unpack 导出前按 session 刷新服务端有限授权快照
00:49 +1061: /Users/leeyi/project/imboy.pub/imboyapp/test/unit_test/service/e2ee/megolm_backup_section_test.dart: pack/unpack 导出前按 session 刷新服务端有限授权快照
00:49 +1062: /Users/leeyi/project/imboy.pub/imboyapp/test/unit_test/service/e2ee/megolm_backup_section_test.dart: pack/unpack 导出前按 session 刷新服务端有限授权快照
00:49 +1063: /Users/leeyi/project/imboy.pub/imboyapp/test/unit_test/service/e2ee/megolm_backup_section_test.dart: pack/unpack 导出前按 session 刷新服务端有限授权快照
00:49 +1064: /Users/leeyi/project/imboy.pub/imboyapp/test/unit_test/service/e2ee/megolm_backup_section_test.dart: pack/unpack 导出前按 session 刷新服务端有限授权快照
00:49 +1065: /Users/leeyi/project/imboy.pub/imboyapp/test/unit_test/service/e2ee/megolm_backup_section_test.dart: pack/unpack 导出前按 session 刷新服务端有限授权快照
00:50 +1066: /Users/leeyi/project/imboy.pub/imboyapp/test/unit_test/service/e2ee/megolm_backup_section_test.dart: pack/unpack 导出前按 session 刷新服务端有限授权快照
00:50 +1067: /Users/leeyi/project/imboy.pub/imboyapp/test/unit_test/service/e2ee/megolm_backup_section_test.dart: pack/unpack 导出前按 session 刷新服务端有限授权快照
00:50 +1068: /Users/leeyi/project/imboy.pub/imboyapp/test/unit_test/service/e2ee/megolm_backup_section_test.dart: pack/unpack 导出前按 session 刷新服务端有限授权快照
00:50 +1069: /Users/leeyi/project/imboy.pub/imboyapp/test/unit_test/service/e2ee/megolm_backup_section_test.dart: pack/unpack 导出前按 session 刷新服务端有限授权快照
00:50 +1070: /Users/leeyi/project/imboy.pub/imboyapp/test/unit_test/service/e2ee/megolm_backup_section_test.dart: pack/unpack 导出前按 session 刷新服务端有限授权快照
00:50 +1071: /Users/leeyi/project/imboy.pub/imboyapp/test/unit_test/service/e2ee/megolm_backup_section_test.dart: pack/unpack 导出前按 session 刷新服务端有限授权快照
00:50 +1072: /Users/leeyi/project/imboy.pub/imboyapp/test/unit_test/service/e2ee/megolm_backup_section_test.dart: pack/unpack 导出前按 session 刷新服务端有限授权快照
00:50 +1073: /Users/leeyi/project/imboy.pub/imboyapp/test/unit_test/service/e2ee/megolm_backup_section_test.dart: pack/unpack 导出前按 session 刷新服务端有限授权快照
00:50 +1074: /Users/leeyi/project/imboy.pub/imboyapp/test/unit_test/service/e2ee/megolm_backup_section_test.dart: pack/unpack 导出前按 session 刷新服务端有限授权快照
00:50 +1075: /Users/leeyi/project/imboy.pub/imboyapp/test/unit_test/service/e2ee/megolm_backup_section_test.dart: pack/unpack 导出前按 session 刷新服务端有限授权快照
00:50 +1076: /Users/leeyi/project/imboy.pub/imboyapp/test/unit_test/service/e2ee/megolm_backup_section_test.dart: pack/unpack 导出前按 session 刷新服务端有限授权快照
00:50 +1077: /Users/leeyi/project/imboy.pub/imboyapp/test/unit_test/service/e2ee/megolm_backup_section_test.dart: pack/unpack 导出前按 session 刷新服务端有限授权快照
00:50 +1078: /Users/leeyi/project/imboy.pub/imboyapp/test/unit_test/service/e2ee/megolm_backup_section_test.dart: pack/unpack 导出前按 session 刷新服务端有限授权快照
00:50 +1079: /Users/leeyi/project/imboy.pub/imboyapp/test/unit_test/service/e2ee/megolm_backup_section_test.dart: pack/unpack 导出前按 session 刷新服务端有限授权快照
00:50 +1080: /Users/leeyi/project/imboy.pub/imboyapp/test/unit_test/service/e2ee/megolm_backup_section_test.dart: pack/unpack 导出前按 session 刷新服务端有限授权快照
00:50 +1081: /Users/leeyi/project/imboy.pub/imboyapp/test/unit_test/service/e2ee/megolm_backup_section_test.dart: pack/unpack 导出前按 session 刷新服务端有限授权快照
00:50 +1082: /Users/leeyi/project/imboy.pub/imboyapp/test/unit_test/service/e2ee/megolm_backup_section_test.dart: pack/unpack 导出前按 session 刷新服务端有限授权快照
00:50 +1083: /Users/leeyi/project/imboy.pub/imboyapp/test/unit_test/service/e2ee/megolm_backup_section_test.dart: pack/unpack 导出前按 session 刷新服务端有限授权快照
00:50 +1084: /Users/leeyi/project/imboy.pub/imboyapp/test/unit_test/service/e2ee/megolm_backup_section_test.dart: pack/unpack 导出前按 session 刷新服务端有限授权快照
00:50 +1085: /Users/leeyi/project/imboy.pub/imboyapp/test/unit_test/service/e2ee/megolm_backup_section_test.dart: pack/unpack 导出前按 session 刷新服务端有限授权快照
00:50 +1085: /Users/leeyi/project/imboy.pub/imboyapp/test/unit_test/service/e2ee/retry_plaintext_guard_integration_test.dart: (setUpAll)
🔍 [RETRY_SCAN] 开始扫描失败消息...
[38;5;196m┌───────────────────────────────────────────────────────────────────────────────────────────────────────────────────────[0m
[38;5;196m│ #0   AppLogger.error (package:imboy/service/app_logger.dart:115:18)[0m
[38;5;196m│ #1   SqliteService.query (package:imboy/service/sqlite.dart:894:17)[0m
[38;5;196m├┄┄┄┄┄┄┄┄┄┄┄┄┄┄┄┄┄┄┄┄┄┄┄┄┄┄┄┄┄┄┄┄┄┄┄┄┄┄┄┄┄┄┄┄┄┄┄┄┄┄┄┄┄┄┄┄┄┄┄┄┄┄┄┄┄┄┄┄┄┄┄┄┄┄┄┄┄┄┄┄┄┄┄┄┄┄┄┄┄┄┄┄┄┄┄┄┄┄┄┄┄┄┄┄┄┄┄┄┄┄┄┄┄┄┄┄┄┄┄[0m
[38;5;196m│ ⛔ SQL query error: table=msg_c2g, error=SqfliteFfiException(sqlite_error: 1, , SqliteException(1): while preparing statement, no such table: msg_c2g, SQL logic error (code 1)[0m
[38;5;196m│ ⛔   Causing statement: SELECT auto_id, id, type, from_id, to_id, payload, created_at, is_author, status, conversation_uk3, topic_id, msg_type, "action", e2ee FROM msg_c2g WHERE status IN (?,?) AND is_author=? ORDER BY created_at DESC, auto_id DESC LIMIT 100}) DatabaseException(SqliteException(1): while preparing statement, no such table: msg_c2g, SQL logic error (code 1)[0m
[38;5;196m│ ⛔   Causing statement: SELECT auto_id, id, type, from_id, to_id, payload, created_at, is_author, status, conversation_uk3, topic_id, msg_type, "action", e2ee FROM msg_c2g WHERE status IN (?,?) AND is_author=? ORDER BY created_at DESC, auto_id DESC LIMIT 100) sql 'SELECT auto_id, id, type, from_id, to_id, payload, created_at, is_author, status, conversation_uk3, topic_id, msg_type, "action", e2ee FROM msg_c2g WHERE status IN (?,?) AND is_author=? ORDER BY created_at DESC, auto_id DESC LIMIT 100' args [10, 12, 1] {details: {database: {path: :memory:, id: 1, readOnly: false, singleInstance: false}}}[0m
[38;5;196m└───────────────────────────────────────────────────────────────────────────────────────────────────────────────────────[0m
⚠️ [RETRY_SCAN] 扫描表 c2g 失败: SqfliteFfiException(sqlite_error: 1, , SqliteException(1): while preparing statement, no such table: msg_c2g, SQL logic error (code 1)
  Causing statement: SELECT auto_id, id, type, from_id, to_id, payload, created_at, is_author, status, conversation_uk3, topic_id, msg_type, "action", e2ee FROM msg_c2g WHERE status IN (?,?) AND is_author=? ORDER BY created_at DESC, auto_id DESC LIMIT 100}) DatabaseException(SqliteException(1): while preparing statement, no such table: msg_c2g, SQL logic error (code 1)
  Causing statement: SELECT auto_id, id, type, from_id, to_id, payload, created_at, is_author, status, conversation_uk3, topic_id, msg_type, "action", e2ee FROM msg_c2g WHERE status IN (?,?) AND is_author=? ORDER BY created_at DESC, auto_id DESC LIMIT 100) sql 'SELECT auto_id, id, type, from_id, to_id, payload, created_at, is_author, status, conversation_uk3, topic_id, msg_type, "action", e2ee FROM msg_c2g WHERE status IN (?,?) AND is_author=? ORDER BY created_at DESC, auto_id DESC LIMIT 100' args [10, 12, 1] {details: {database: {path: :memory:, id: 1, readOnly: false, singleInstance: false}}}
[38;5;196m┌───────────────────────────────────────────────────────────────────────────────────────────────────────────────────────[0m
[38;5;196m│ #0   AppLogger.error (package:imboy/service/app_logger.dart:115:18)[0m
[38;5;196m│ #1   SqliteService.query (package:imboy/service/sqlite.dart:894:17)[0m
[38;5;196m├┄┄┄┄┄┄┄┄┄┄┄┄┄┄┄┄┄┄┄┄┄┄┄┄┄┄┄┄┄┄┄┄┄┄┄┄┄┄┄┄┄┄┄┄┄┄┄┄┄┄┄┄┄┄┄┄┄┄┄┄┄┄┄┄┄┄┄┄┄┄┄┄┄┄┄┄┄┄┄┄┄┄┄┄┄┄┄┄┄┄┄┄┄┄┄┄┄┄┄┄┄┄┄┄┄┄┄┄┄┄┄┄┄┄┄┄┄┄┄[0m
[38;5;196m│ ⛔ SQL query error: table=msg_c2s, error=SqfliteFfiException(sqlite_error: 1, , SqliteException(1): while preparing statement, no such table: msg_c2s, SQL logic error (code 1)[0m
[38;5;196m│ ⛔   Causing statement: SELECT auto_id, id, type, from_id, to_id, payload, created_at, is_author, status, conversation_uk3, topic_id, msg_type, "action", e2ee FROM msg_c2s WHERE status IN (?,?) AND is_author=? ORDER BY created_at DESC, auto_id DESC LIMIT 100}) DatabaseException(SqliteException(1): while preparing statement, no such table: msg_c2s, SQL logic error (code 1)[0m
[38;5;196m│ ⛔   Causing statement: SELECT auto_id, id, type, from_id, to_id, payload, created_at, is_author, status, conversation_uk3, topic_id, msg_type, "action", e2ee FROM msg_c2s WHERE status IN (?,?) AND is_author=? ORDER BY created_at DESC, auto_id DESC LIMIT 100) sql 'SELECT auto_id, id, type, from_id, to_id, payload, created_at, is_author, status, conversation_uk3, topic_id, msg_type, "action", e2ee FROM msg_c2s WHERE status IN (?,?) AND is_author=? ORDER BY created_at DESC, auto_id DESC LIMIT 100' args [10, 12, 1] {details: {database: {path: :memory:, id: 1, readOnly: false, singleInstance: false}}}[0m
[38;5;196m└───────────────────────────────────────────────────────────────────────────────────────────────────────────────────────[0m
⚠️ [RETRY_SCAN] 扫描表 c2s 失败: SqfliteFfiException(sqlite_error: 1, , SqliteException(1): while preparing statement, no such table: msg_c2s, SQL logic error (code 1)
  Causing statement: SELECT auto_id, id, type, from_id, to_id, payload, created_at, is_author, status, conversation_uk3, topic_id, msg_type, "action", e2ee FROM msg_c2s WHERE status IN (?,?) AND is_author=? ORDER BY created_at DESC, auto_id DESC LIMIT 100}) DatabaseException(SqliteException(1): while preparing statement, no such table: msg_c2s, SQL logic error (code 1)
  Causing statement: SELECT auto_id, id, type, from_id, to_id, payload, created_at, is_author, status, conversation_uk3, topic_id, msg_type, "action", e2ee FROM msg_c2s WHERE status IN (?,?) AND is_author=? ORDER BY created_at DESC, auto_id DESC LIMIT 100) sql 'SELECT auto_id, id, type, from_id, to_id, payload, created_at, is_author, status, conversation_uk3, topic_id, msg_type, "action", e2ee FROM msg_c2s WHERE status IN (?,?) AND is_author=? ORDER BY created_at DESC, auto_id DESC LIMIT 100' args [10, 12, 1] {details: {database: {path: :memory:, id: 1, readOnly: false, singleInstance: false}}}
📊 [RETRY_SCAN] 扫描完成: 发现 0 条失败消息，添加 0 条到重试队列
00:51 +1085: /Users/leeyi/project/imboy.pub/imboyapp/test/unit_test/service/e2ee/megolm_backup_section_test.dart: pack/unpack 导出前按 session 刷新服务端有限授权快照
00:51 +1085: /Users/leeyi/project/imboy.pub/imboyapp/test/unit_test/service/e2ee/retry_plaintext_guard_integration_test.dart: 重发路径明文闸门（真 SQLite + 真事件总线） 对照组：部署本就明文 → 明文行必须照常重投
清除缓存: msg_c2c, 移除了 0 个缓存条目
消息加入重试队列: gd0000000000000pt01, type=C2C
[38;5;196m┌───────────────────────────────────────────────────────────────────────────────────────────────────────────────────────[0m
[38;5;196m│ #0   AppLogger.error (package:imboy/service/app_logger.dart:115:18)[0m
[38;5;196m│ #1   SqliteService.execute.<anonymous closure> (package:imboy/service/sqlite.dart:831:21)[0m
[38;5;196m├┄┄┄┄┄┄┄┄┄┄┄┄┄┄┄┄┄┄┄┄┄┄┄┄┄┄┄┄┄┄┄┄┄┄┄┄┄┄┄┄┄┄┄┄┄┄┄┄┄┄┄┄┄┄┄┄┄┄┄┄┄┄┄┄┄┄┄┄┄┄┄┄┄┄┄┄┄┄┄┄┄┄┄┄┄┄┄┄┄┄┄┄┄┄┄┄┄┄┄┄┄┄┄┄┄┄┄┄┄┄┄┄┄┄┄┄┄┄┄[0m
[38;5;196m│ ⛔ Execute error: SqfliteFfiException(sqlite_error: 1, , SqliteException(1): while preparing statement, no such table: msg_c2c_fts, SQL logic error (code 1)[0m
[38;5;196m│ ⛔   Causing statement: DELETE FROM msg_c2c_fts WHERE id = ?}) DatabaseException(SqliteException(1): while preparing statement, no such table: msg_c2c_fts, SQL logic error (code 1)[0m
[38;5;196m│ ⛔   Causing statement: DELETE FROM msg_c2c_fts WHERE id = ?) sql 'DELETE FROM msg_c2c_fts WHERE id = ?' args [gd0000000000000pt01] {details: {database: {path: :memory:, id: 1, readOnly: false, singleInstance: false}}}[0m
[38;5;196m└───────────────────────────────────────────────────────────────────────────────────────────────────────────────────────[0m
[FTS] C2C 索引写入失败: SqfliteFfiException(sqlite_error: 1, , SqliteException(1): while preparing statement, no such table: msg_c2c_fts, SQL logic error (code 1)
  Causing statement: DELETE FROM msg_c2c_fts WHERE id = ?}) DatabaseException(SqliteException(1): while preparing statement, no such table: msg_c2c_fts, SQL logic error (code 1)
  Causing statement: DELETE FROM msg_c2c_fts WHERE id = ?) sql 'DELETE FROM msg_c2c_fts WHERE id = ?' args [gd0000000000000pt01] {details: {database: {path: :memory:, id: 1, readOnly: false, singleInstance: false}}}
message_repo/updateWithConditions msg_c2c ; where: id = ? AND status = ?
message_repo/updateWithConditions msg_c2c ; where: id = ? AND status IN (?, ?, ?)
清除缓存: msg_c2c, 移除了 0 个缓存条目
重试发送消息: gd0000000000000pt01, 第1次重试
消息重试已提交，等待确认: gd0000000000000pt01
✅ [MessageTypeNormalizer] 有效类型: text
00:51 +1086: /Users/leeyi/project/imboy.pub/imboyapp/test/unit_test/service/e2ee/megolm_backup_section_test.dart: pack/unpack 导出前按 session 刷新服务端有限授权快照
00:51 +1086: /Users/leeyi/project/imboy.pub/imboyapp/test/unit_test/service/e2ee/retry_plaintext_guard_integration_test.dart: 重发路径明文闸门（真 SQLite + 真事件总线） 部署要求加密 + 明文行 → 不得出网
清除缓存: msg_c2c, 移除了 0 个缓存条目
消息加入重试队列: gd0000000000000pt02, type=C2C
[38;5;196m┌───────────────────────────────────────────────────────────────────────────────────────────────────────────────────────[0m
[38;5;196m│ #0   AppLogger.error (package:imboy/service/app_logger.dart:115:18)[0m
[38;5;196m│ #1   SqliteService.execute.<anonymous closure> (package:imboy/service/sqlite.dart:831:21)[0m
[38;5;196m├┄┄┄┄┄┄┄┄┄┄┄┄┄┄┄┄┄┄┄┄┄┄┄┄┄┄┄┄┄┄┄┄┄┄┄┄┄┄┄┄┄┄┄┄┄┄┄┄┄┄┄┄┄┄┄┄┄┄┄┄┄┄┄┄┄┄┄┄┄┄┄┄┄┄┄┄┄┄┄┄┄┄┄┄┄┄┄┄┄┄┄┄┄┄┄┄┄┄┄┄┄┄┄┄┄┄┄┄┄┄┄┄┄┄┄┄┄┄┄[0m
[38;5;196m│ ⛔ Execute error: SqfliteFfiException(sqlite_error: 1, , SqliteException(1): while preparing statement, no such table: msg_c2c_fts, SQL logic error (code 1)[0m
[38;5;196m│ ⛔   Causing statement: DELETE FROM msg_c2c_fts WHERE id = ?}) DatabaseException(SqliteException(1): while preparing statement, no such table: msg_c2c_fts, SQL logic error (code 1)[0m
[38;5;196m│ ⛔   Causing statement: DELETE FROM msg_c2c_fts WHERE id = ?) sql 'DELETE FROM msg_c2c_fts WHERE id = ?' args [gd0000000000000pt02] {details: {database: {path: :memory:, id: 1, readOnly: false, singleInstance: false}}}[0m
[38;5;196m└───────────────────────────────────────────────────────────────────────────────────────────────────────────────────────[0m
[FTS] C2C 索引写入失败: SqfliteFfiException(sqlite_error: 1, , SqliteException(1): while preparing statement, no such table: msg_c2c_fts, SQL logic error (code 1)
  Causing statement: DELETE FROM msg_c2c_fts WHERE id = ?}) DatabaseException(SqliteException(1): while preparing statement, no such table: msg_c2c_fts, SQL logic error (code 1)
  Causing statement: DELETE FROM msg_c2c_fts WHERE id = ?) sql 'DELETE FROM msg_c2c_fts WHERE id = ?' args [gd0000000000000pt02] {details: {database: {path: :memory:, id: 1, readOnly: false, singleInstance: false}}}
message_repo/updateWithConditions msg_c2c ; where: id = ? AND status = ?
🚫 [RETRY] 未加密消息不得重发，已拦下: gd0000000000000pt02
message_repo/update msg_c2c ;
清除缓存: msg_c2c, 移除了 0 个缓存条目
✅ [MessageTypeNormalizer] 有效类型: text
❌ [RETRY] 达到最大重试次数，标记消息失败: gd0000000000000pt02
00:51 +1087: /Users/leeyi/project/imboy.pub/imboyapp/test/unit_test/service/e2ee/megolm_backup_section_test.dart: pack/unpack 导出前按 session 刷新服务端有限授权快照
00:51 +1087: /Users/leeyi/project/imboy.pub/imboyapp/test/unit_test/service/e2ee/retry_plaintext_guard_integration_test.dart: 重发路径明文闸门（真 SQLite + 真事件总线） 正向可用性：部署要求加密 + 已加密行 → 必须照常重投
清除缓存: msg_c2c, 移除了 0 个缓存条目
消息加入重试队列: gd0000000000000pt03, type=C2C
[38;5;196m┌───────────────────────────────────────────────────────────────────────────────────────────────────────────────────────[0m
[38;5;196m│ #0   AppLogger.error (package:imboy/service/app_logger.dart:115:18)[0m
[38;5;196m│ #1   SqliteService.execute.<anonymous closure> (package:imboy/service/sqlite.dart:831:21)[0m
[38;5;196m├┄┄┄┄┄┄┄┄┄┄┄┄┄┄┄┄┄┄┄┄┄┄┄┄┄┄┄┄┄┄┄┄┄┄┄┄┄┄┄┄┄┄┄┄┄┄┄┄┄┄┄┄┄┄┄┄┄┄┄┄┄┄┄┄┄┄┄┄┄┄┄┄┄┄┄┄┄┄┄┄┄┄┄┄┄┄┄┄┄┄┄┄┄┄┄┄┄┄┄┄┄┄┄┄┄┄┄┄┄┄┄┄┄┄┄┄┄┄┄[0m
[38;5;196m│ ⛔ Execute error: SqfliteFfiException(sqlite_error: 1, , SqliteException(1): while preparing statement, no such table: msg_c2c_fts, SQL logic error (code 1)[0m
[38;5;196m│ ⛔   Causing statement: DELETE FROM msg_c2c_fts WHERE id = ?}) DatabaseException(SqliteException(1): while preparing statement, no such table: msg_c2c_fts, SQL logic error (code 1)[0m
[38;5;196m│ ⛔   Causing statement: DELETE FROM msg_c2c_fts WHERE id = ?) sql 'DELETE FROM msg_c2c_fts WHERE id = ?' args [gd0000000000000pt03] {details: {database: {path: :memory:, id: 1, readOnly: false, singleInstance: false}}}[0m
[38;5;196m└───────────────────────────────────────────────────────────────────────────────────────────────────────────────────────[0m
[FTS] C2C 索引写入失败: SqfliteFfiException(sqlite_error: 1, , SqliteException(1): while preparing statement, no such table: msg_c2c_fts, SQL logic error (code 1)
  Causing statement: DELETE FROM msg_c2c_fts WHERE id = ?}) DatabaseException(SqliteException(1): while preparing statement, no such table: msg_c2c_fts, SQL logic error (code 1)
  Causing statement: DELETE FROM msg_c2c_fts WHERE id = ?) sql 'DELETE FROM msg_c2c_fts WHERE id = ?' args [gd0000000000000pt03] {details: {database: {path: :memory:, id: 1, readOnly: false, singleInstance: false}}}
message_repo/updateWithConditions msg_c2c ; where: id = ? AND status = ?
message_repo/updateWithConditions msg_c2c ; where: id = ? AND status IN (?, ?, ?)
清除缓存: msg_c2c, 移除了 0 个缓存条目
重试发送消息: gd0000000000000pt03, 第1次重试
消息重试已提交，等待确认: gd0000000000000pt03
✅ [MessageTypeNormalizer] 有效类型: text
00:51 +1088: /Users/leeyi/project/imboy.pub/imboyapp/test/unit_test/service/e2ee/megolm_backup_section_test.dart: pack/unpack 导出前按 session 刷新服务端有限授权快照
00:51 +1088: /Users/leeyi/project/imboy.pub/imboyapp/test/unit_test/service/e2ee/retry_plaintext_guard_integration_test.dart: 重发路径明文闸门（真 SQLite + 真事件总线） 对照组：允许重投的行，状态必须被 CAS 翻成 sending
清除缓存: msg_c2c, 移除了 0 个缓存条目
消息加入重试队列: gd0000000000000pt05, type=C2C
[38;5;196m┌───────────────────────────────────────────────────────────────────────────────────────────────────────────────────────[0m
[38;5;196m│ #0   AppLogger.error (package:imboy/service/app_logger.dart:115:18)[0m
[38;5;196m│ #1   SqliteService.execute.<anonymous closure> (package:imboy/service/sqlite.dart:831:21)[0m
[38;5;196m├┄┄┄┄┄┄┄┄┄┄┄┄┄┄┄┄┄┄┄┄┄┄┄┄┄┄┄┄┄┄┄┄┄┄┄┄┄┄┄┄┄┄┄┄┄┄┄┄┄┄┄┄┄┄┄┄┄┄┄┄┄┄┄┄┄┄┄┄┄┄┄┄┄┄┄┄┄┄┄┄┄┄┄┄┄┄┄┄┄┄┄┄┄┄┄┄┄┄┄┄┄┄┄┄┄┄┄┄┄┄┄┄┄┄┄┄┄┄┄[0m
[38;5;196m│ ⛔ Execute error: SqfliteFfiException(sqlite_error: 1, , SqliteException(1): while preparing statement, no such table: msg_c2c_fts, SQL logic error (code 1)[0m
[38;5;196m│ ⛔   Causing statement: DELETE FROM msg_c2c_fts WHERE id = ?}) DatabaseException(SqliteException(1): while preparing statement, no such table: msg_c2c_fts, SQL logic error (code 1)[0m
[38;5;196m│ ⛔   Causing statement: DELETE FROM msg_c2c_fts WHERE id = ?) sql 'DELETE FROM msg_c2c_fts WHERE id = ?' args [gd0000000000000pt05] {details: {database: {path: :memory:, id: 1, readOnly: false, singleInstance: false}}}[0m
[38;5;196m└───────────────────────────────────────────────────────────────────────────────────────────────────────────────────────[0m
[FTS] C2C 索引写入失败: SqfliteFfiException(sqlite_error: 1, , SqliteException(1): while preparing statement, no such table: msg_c2c_fts, SQL logic error (code 1)
  Causing statement: DELETE FROM msg_c2c_fts WHERE id = ?}) DatabaseException(SqliteException(1): while preparing statement, no such table: msg_c2c_fts, SQL logic error (code 1)
  Causing statement: DELETE FROM msg_c2c_fts WHERE id = ?) sql 'DELETE FROM msg_c2c_fts WHERE id = ?' args [gd0000000000000pt05] {details: {database: {path: :memory:, id: 1, readOnly: false, singleInstance: false}}}
message_repo/updateWithConditions msg_c2c ; where: id = ? AND status = ?
message_repo/updateWithConditions msg_c2c ; where: id = ? AND status IN (?, ?, ?)
清除缓存: msg_c2c, 移除了 0 个缓存条目
重试发送消息: gd0000000000000pt05, 第1次重试
消息重试已提交，等待确认: gd0000000000000pt05
✅ [MessageTypeNormalizer] 有效类型: text
00:51 +1089: /Users/leeyi/project/imboy.pub/imboyapp/test/unit_test/service/e2ee/megolm_backup_section_test.dart: pack/unpack 导出前按 session 刷新服务端有限授权快照
00:51 +1089: /Users/leeyi/project/imboy.pub/imboyapp/test/unit_test/service/e2ee/retry_plaintext_guard_integration_test.dart: 重发路径明文闸门（真 SQLite + 真事件总线） 被拦下时不得改动 DB 状态（闸门必须排在 CAS 之前）
清除缓存: msg_c2c, 移除了 0 个缓存条目
消息加入重试队列: gd0000000000000pt06, type=C2C
[38;5;196m┌───────────────────────────────────────────────────────────────────────────────────────────────────────────────────────[0m
[38;5;196m│ #0   AppLogger.error (package:imboy/service/app_logger.dart:115:18)[0m
[38;5;196m│ #1   SqliteService.execute.<anonymous closure> (package:imboy/service/sqlite.dart:831:21)[0m
[38;5;196m├┄┄┄┄┄┄┄┄┄┄┄┄┄┄┄┄┄┄┄┄┄┄┄┄┄┄┄┄┄┄┄┄┄┄┄┄┄┄┄┄┄┄┄┄┄┄┄┄┄┄┄┄┄┄┄┄┄┄┄┄┄┄┄┄┄┄┄┄┄┄┄┄┄┄┄┄┄┄┄┄┄┄┄┄┄┄┄┄┄┄┄┄┄┄┄┄┄┄┄┄┄┄┄┄┄┄┄┄┄┄┄┄┄┄┄┄┄┄┄[0m
[38;5;196m│ ⛔ Execute error: SqfliteFfiException(sqlite_error: 1, , SqliteException(1): while preparing statement, no such table: msg_c2c_fts, SQL logic error (code 1)[0m
[38;5;196m│ ⛔   Causing statement: DELETE FROM msg_c2c_fts WHERE id = ?}) DatabaseException(SqliteException(1): while preparing statement, no such table: msg_c2c_fts, SQL logic error (code 1)[0m
[38;5;196m│ ⛔   Causing statement: DELETE FROM msg_c2c_fts WHERE id = ?) sql 'DELETE FROM msg_c2c_fts WHERE id = ?' args [gd0000000000000pt06] {details: {database: {path: :memory:, id: 1, readOnly: false, singleInstance: false}}}[0m
[38;5;196m└───────────────────────────────────────────────────────────────────────────────────────────────────────────────────────[0m
[FTS] C2C 索引写入失败: SqfliteFfiException(sqlite_error: 1, , SqliteException(1): while preparing statement, no such table: msg_c2c_fts, SQL logic error (code 1)
  Causing statement: DELETE FROM msg_c2c_fts WHERE id = ?}) DatabaseException(SqliteException(1): while preparing statement, no such table: msg_c2c_fts, SQL logic error (code 1)
  Causing statement: DELETE FROM msg_c2c_fts WHERE id = ?) sql 'DELETE FROM msg_c2c_fts WHERE id = ?' args [gd0000000000000pt06] {details: {database: {path: :memory:, id: 1, readOnly: false, singleInstance: false}}}
message_repo/updateWithConditions msg_c2c ; where: id = ? AND status = ?
🚫 [RETRY] 未加密消息不得重发，已拦下: gd0000000000000pt06
message_repo/update msg_c2c ;
清除缓存: msg_c2c, 移除了 0 个缓存条目
✅ [MessageTypeNormalizer] 有效类型: text
❌ [RETRY] 达到最大重试次数，标记消息失败: gd0000000000000pt06
00:51 +1090: /Users/leeyi/project/imboy.pub/imboyapp/test/unit_test/service/e2ee/megolm_backup_section_test.dart: pack/unpack 导出前按 session 刷新服务端有限授权快照
00:51 +1090: /Users/leeyi/project/imboy.pub/imboyapp/test/unit_test/service/e2ee/retry_plaintext_guard_integration_test.dart: 重发路径明文闸门（真 SQLite + 真事件总线） 策略未就绪（未知）+ 明文行 → 不得出网（未知即拦）
清除缓存: msg_c2c, 移除了 0 个缓存条目
消息加入重试队列: gd0000000000000pt04, type=C2C
[38;5;196m┌───────────────────────────────────────────────────────────────────────────────────────────────────────────────────────[0m
[38;5;196m│ #0   AppLogger.error (package:imboy/service/app_logger.dart:115:18)[0m
[38;5;196m│ #1   SqliteService.execute.<anonymous closure> (package:imboy/service/sqlite.dart:831:21)[0m
[38;5;196m├┄┄┄┄┄┄┄┄┄┄┄┄┄┄┄┄┄┄┄┄┄┄┄┄┄┄┄┄┄┄┄┄┄┄┄┄┄┄┄┄┄┄┄┄┄┄┄┄┄┄┄┄┄┄┄┄┄┄┄┄┄┄┄┄┄┄┄┄┄┄┄┄┄┄┄┄┄┄┄┄┄┄┄┄┄┄┄┄┄┄┄┄┄┄┄┄┄┄┄┄┄┄┄┄┄┄┄┄┄┄┄┄┄┄┄┄┄┄┄[0m
[38;5;196m│ ⛔ Execute error: SqfliteFfiException(sqlite_error: 1, , SqliteException(1): while preparing statement, no such table: msg_c2c_fts, SQL logic error (code 1)[0m
[38;5;196m│ ⛔   Causing statement: DELETE FROM msg_c2c_fts WHERE id = ?}) DatabaseException(SqliteException(1): while preparing statement, no such table: msg_c2c_fts, SQL logic error (code 1)[0m
[38;5;196m│ ⛔   Causing statement: DELETE FROM msg_c2c_fts WHERE id = ?) sql 'DELETE FROM msg_c2c_fts WHERE id = ?' args [gd0000000000000pt04] {details: {database: {path: :memory:, id: 1, readOnly: false, singleInstance: false}}}[0m
[38;5;196m└───────────────────────────────────────────────────────────────────────────────────────────────────────────────────────[0m
[FTS] C2C 索引写入失败: SqfliteFfiException(sqlite_error: 1, , SqliteException(1): while preparing statement, no such table: msg_c2c_fts, SQL logic error (code 1)
  Causing statement: DELETE FROM msg_c2c_fts WHERE id = ?}) DatabaseException(SqliteException(1): while preparing statement, no such table: msg_c2c_fts, SQL logic error (code 1)
  Causing statement: DELETE FROM msg_c2c_fts WHERE id = ?) sql 'DELETE FROM msg_c2c_fts WHERE id = ?' args [gd0000000000000pt04] {details: {database: {path: :memory:, id: 1, readOnly: false, singleInstance: false}}}
message_repo/updateWithConditions msg_c2c ; where: id = ? AND status = ?
🚫 [RETRY] 未加密消息不得重发，已拦下: gd0000000000000pt04
message_repo/update msg_c2c ;
清除缓存: msg_c2c, 移除了 0 个缓存条目
✅ [MessageTypeNormalizer] 有效类型: text
❌ [RETRY] 达到最大重试次数，标记消息失败: gd0000000000000pt04
00:51 +1091: /Users/leeyi/project/imboy.pub/imboyapp/test/unit_test/service/e2ee/megolm_backup_section_test.dart: pack/unpack 导出前按 session 刷新服务端有限授权快照
00:52 +1092: /Users/leeyi/project/imboy.pub/imboyapp/test/unit_test/service/e2ee/kdf_version_test.dart: KdfVersion v1 向后兼容 PBKDF2-HMAC-SHA256 310k 已知向量逐字节一致
00:52 +1092: /Users/leeyi/project/imboy.pub/imboyapp/test/unit_test/service/e2ee/megolm_backup_section_test.dart: pack/unpack 授权刷新失败时中止备份，不静默生成缺群历史的成功包
[BACKUP] bounded history grant unavailable scope=100 error=StateError
[BACKUP] secret collection failed: StateError
00:52 +1093: /Users/leeyi/project/imboy.pub/imboyapp/test/unit_test/service/e2ee/kdf_version_test.dart: KdfVersion v1 向后兼容 PBKDF2-HMAC-SHA256 310k 已知向量逐字节一致
00:52 +1094: /Users/leeyi/project/imboy.pub/imboyapp/test/unit_test/service/e2ee/kdf_version_test.dart: KdfVersion v1 向后兼容 PBKDF2-HMAC-SHA256 310k 已知向量逐字节一致
00:52 +1095: /Users/leeyi/project/imboy.pub/imboyapp/test/unit_test/service/e2ee/kdf_version_test.dart: KdfVersion v1 向后兼容 PBKDF2-HMAC-SHA256 310k 已知向量逐字节一致
00:52 +1096: /Users/leeyi/project/imboy.pub/imboyapp/test/unit_test/service/e2ee/kdf_version_test.dart: KdfVersion v1 向后兼容 PBKDF2-HMAC-SHA256 310k 已知向量逐字节一致
00:52 +1097: /Users/leeyi/project/imboy.pub/imboyapp/test/unit_test/service/e2ee/kdf_version_test.dart: KdfVersion v1 向后兼容 PBKDF2-HMAC-SHA256 310k 已知向量逐字节一致
00:52 +1098: /Users/leeyi/project/imboy.pub/imboyapp/test/unit_test/service/e2ee/kdf_version_test.dart: KdfVersion v1 向后兼容 PBKDF2-HMAC-SHA256 310k 已知向量逐字节一致
00:52 +1099: /Users/leeyi/project/imboy.pub/imboyapp/test/unit_test/service/e2ee/kdf_version_test.dart: KdfVersion v1 向后兼容 PBKDF2-HMAC-SHA256 310k 已知向量逐字节一致
00:52 +1100: /Users/leeyi/project/imboy.pub/imboyapp/test/unit_test/service/e2ee/kdf_version_test.dart: KdfVersion v1 向后兼容 PBKDF2-HMAC-SHA256 310k 已知向量逐字节一致
00:52 +1101: /Users/leeyi/project/imboy.pub/imboyapp/test/unit_test/service/e2ee/kdf_version_test.dart: KdfVersion v1 向后兼容 PBKDF2-HMAC-SHA256 310k 已知向量逐字节一致
00:52 +1102: /Users/leeyi/project/imboy.pub/imboyapp/test/unit_test/service/e2ee/kdf_version_test.dart: KdfVersion v1 向后兼容 PBKDF2-HMAC-SHA256 310k 已知向量逐字节一致
00:52 +1103: /Users/leeyi/project/imboy.pub/imboyapp/test/unit_test/service/e2ee/kdf_version_test.dart: KdfVersion v1 向后兼容 PBKDF2-HMAC-SHA256 310k 已知向量逐字节一致
00:52 +1104: /Users/leeyi/project/imboy.pub/imboyapp/test/unit_test/service/e2ee/kdf_version_test.dart: KdfVersion v1 向后兼容 PBKDF2-HMAC-SHA256 310k 已知向量逐字节一致
00:52 +1105: /Users/leeyi/project/imboy.pub/imboyapp/test/unit_test/service/e2ee/kdf_version_test.dart: KdfVersion v1 向后兼容 PBKDF2-HMAC-SHA256 310k 已知向量逐字节一致
00:52 +1106: /Users/leeyi/project/imboy.pub/imboyapp/test/unit_test/service/e2ee/kdf_version_test.dart: KdfVersion v1 向后兼容 PBKDF2-HMAC-SHA256 310k 已知向量逐字节一致
00:52 +1107: /Users/leeyi/project/imboy.pub/imboyapp/test/unit_test/service/e2ee/kdf_version_test.dart: KdfVersion v1 向后兼容 PBKDF2-HMAC-SHA256 310k 已知向量逐字节一致
00:53 +1108: /Users/leeyi/project/imboy.pub/imboyapp/test/unit_test/service/e2ee/megolm_backup_section_test.dart: pack/unpack 非法和 C2C 条目不占群 session 刷新上限
00:53 +1109: /Users/leeyi/project/imboy.pub/imboyapp/test/unit_test/service/e2ee/megolm_backup_section_test.dart: pack/unpack 非法和 C2C 条目不占群 session 刷新上限
00:53 +1110: /Users/leeyi/project/imboy.pub/imboyapp/test/unit_test/service/e2ee/megolm_backup_section_test.dart: pack/unpack 非法和 C2C 条目不占群 session 刷新上限
00:53 +1111: /Users/leeyi/project/imboy.pub/imboyapp/test/unit_test/service/e2ee/megolm_backup_section_test.dart: pack/unpack 非法和 C2C 条目不占群 session 刷新上限
00:53 +1112: /Users/leeyi/project/imboy.pub/imboyapp/test/unit_test/service/e2ee/megolm_backup_section_test.dart: pack/unpack 非法和 C2C 条目不占群 session 刷新上限
00:53 +1113: /Users/leeyi/project/imboy.pub/imboyapp/test/unit_test/service/e2ee/megolm_backup_section_test.dart: pack/unpack 非法和 C2C 条目不占群 session 刷新上限
00:53 +1114: /Users/leeyi/project/imboy.pub/imboyapp/test/unit_test/service/e2ee/megolm_backup_section_test.dart: pack/unpack 非法和 C2C 条目不占群 session 刷新上限
00:53 +1115: /Users/leeyi/project/imboy.pub/imboyapp/test/unit_test/service/e2ee/megolm_backup_section_test.dart: pack/unpack 非法和 C2C 条目不占群 session 刷新上限
00:53 +1116: /Users/leeyi/project/imboy.pub/imboyapp/test/unit_test/service/e2ee/megolm_backup_section_test.dart: pack/unpack 非法和 C2C 条目不占群 session 刷新上限
00:53 +1117: /Users/leeyi/project/imboy.pub/imboyapp/test/unit_test/service/e2ee/megolm_backup_section_test.dart: pack/unpack 非法和 C2C 条目不占群 session 刷新上限
00:53 +1118: /Users/leeyi/project/imboy.pub/imboyapp/test/unit_test/service/e2ee/megolm_backup_section_test.dart: pack/unpack 非法和 C2C 条目不占群 session 刷新上限
00:53 +1119: /Users/leeyi/project/imboy.pub/imboyapp/test/unit_test/service/e2ee/megolm_backup_section_test.dart: pack/unpack 非法和 C2C 条目不占群 session 刷新上限
00:53 +1120: /Users/leeyi/project/imboy.pub/imboyapp/test/unit_test/service/e2ee/megolm_backup_section_test.dart: pack/unpack 非法和 C2C 条目不占群 session 刷新上限
00:53 +1121: /Users/leeyi/project/imboy.pub/imboyapp/test/unit_test/service/e2ee/megolm_backup_section_test.dart: pack/unpack 非法和 C2C 条目不占群 session 刷新上限
00:53 +1122: /Users/leeyi/project/imboy.pub/imboyapp/test/unit_test/service/e2ee/megolm_backup_section_test.dart: pack/unpack 非法和 C2C 条目不占群 session 刷新上限
00:53 +1123: /Users/leeyi/project/imboy.pub/imboyapp/test/unit_test/service/e2ee/megolm_backup_section_test.dart: pack/unpack 非法和 C2C 条目不占群 session 刷新上限
00:53 +1123: /Users/leeyi/project/imboy.pub/imboyapp/test/unit_test/service/e2ee/replay_counter_epoch_test.dart: E2EE-025 Sequence Counter and Replay Prevention Tests positive path: sequential messages decrypt successfully
> r1: {ts: 1753500000000, body: replay test payload, msg_type: text, sender_did: dev-sender, sender_dtype: ios, _e2ee_v3_verified: true}
00:53 +1124: /Users/leeyi/project/imboy.pub/imboyapp/test/unit_test/service/e2ee/megolm_backup_section_test.dart: pack/unpack 非法和 C2C 条目不占群 session 刷新上限
00:53 +1125: /Users/leeyi/project/imboy.pub/imboyapp/test/unit_test/service/e2ee/megolm_backup_section_test.dart: pack/unpack 非法和 C2C 条目不占群 session 刷新上限
00:53 +1126: /Users/leeyi/project/imboy.pub/imboyapp/test/unit_test/service/e2ee/megolm_backup_section_test.dart: pack/unpack 非法和 C2C 条目不占群 session 刷新上限
00:53 +1127: /Users/leeyi/project/imboy.pub/imboyapp/test/unit_test/service/e2ee/megolm_backup_section_test.dart: pack/unpack 非法和 C2C 条目不占群 session 刷新上限
00:53 +1128: /Users/leeyi/project/imboy.pub/imboyapp/test/unit_test/service/e2ee/megolm_backup_section_test.dart: pack/unpack 非法和 C2C 条目不占群 session 刷新上限
00:53 +1129: /Users/leeyi/project/imboy.pub/imboyapp/test/unit_test/service/e2ee/megolm_backup_section_test.dart: pack/unpack 非法和 C2C 条目不占群 session 刷新上限
00:53 +1130: /Users/leeyi/project/imboy.pub/imboyapp/test/unit_test/service/e2ee/megolm_backup_section_test.dart: pack/unpack 非法和 C2C 条目不占群 session 刷新上限
00:53 +1131: /Users/leeyi/project/imboy.pub/imboyapp/test/unit_test/service/e2ee/megolm_backup_section_test.dart: pack/unpack 非法和 C2C 条目不占群 session 刷新上限
00:53 +1132: /Users/leeyi/project/imboy.pub/imboyapp/test/unit_test/service/e2ee/megolm_backup_section_test.dart: pack/unpack 非法和 C2C 条目不占群 session 刷新上限
00:53 +1133: /Users/leeyi/project/imboy.pub/imboyapp/test/unit_test/service/e2ee/megolm_backup_section_test.dart: pack/unpack 非法和 C2C 条目不占群 session 刷新上限
00:53 +1134: /Users/leeyi/project/imboy.pub/imboyapp/test/unit_test/service/e2ee/megolm_backup_section_test.dart: pack/unpack 非法和 C2C 条目不占群 session 刷新上限
00:53 +1135: /Users/leeyi/project/imboy.pub/imboyapp/test/unit_test/service/e2ee/megolm_backup_section_test.dart: pack/unpack 非法和 C2C 条目不占群 session 刷新上限
00:53 +1136: /Users/leeyi/project/imboy.pub/imboyapp/test/unit_test/service/e2ee/megolm_backup_section_test.dart: pack/unpack 非法和 C2C 条目不占群 session 刷新上限
00:53 +1137: /Users/leeyi/project/imboy.pub/imboyapp/test/unit_test/service/e2ee/megolm_backup_section_test.dart: pack/unpack 非法和 C2C 条目不占群 session 刷新上限
00:53 +1138: /Users/leeyi/project/imboy.pub/imboyapp/test/unit_test/service/e2ee/megolm_backup_section_test.dart: pack/unpack 非法和 C2C 条目不占群 session 刷新上限
00:53 +1139: /Users/leeyi/project/imboy.pub/imboyapp/test/unit_test/service/e2ee/megolm_backup_section_test.dart: pack/unpack 非法和 C2C 条目不占群 session 刷新上限
00:53 +1140: /Users/leeyi/project/imboy.pub/imboyapp/test/unit_test/service/e2ee/megolm_backup_section_test.dart: pack/unpack 非法和 C2C 条目不占群 session 刷新上限
00:53 +1141: /Users/leeyi/project/imboy.pub/imboyapp/test/unit_test/service/e2ee/megolm_backup_section_test.dart: pack/unpack 非法和 C2C 条目不占群 session 刷新上限
00:53 +1142: /Users/leeyi/project/imboy.pub/imboyapp/test/unit_test/service/e2ee/megolm_backup_section_test.dart: pack/unpack 非法和 C2C 条目不占群 session 刷新上限
00:53 +1143: /Users/leeyi/project/imboy.pub/imboyapp/test/unit_test/service/e2ee/megolm_backup_section_test.dart: pack/unpack 非法和 C2C 条目不占群 session 刷新上限
00:53 +1144: /Users/leeyi/project/imboy.pub/imboyapp/test/unit_test/service/e2ee/megolm_backup_section_test.dart: pack/unpack 非法和 C2C 条目不占群 session 刷新上限
00:53 +1145: /Users/leeyi/project/imboy.pub/imboyapp/test/unit_test/service/e2ee/megolm_backup_section_test.dart: pack/unpack 非法和 C2C 条目不占群 session 刷新上限
00:53 +1146: /Users/leeyi/project/imboy.pub/imboyapp/test/unit_test/service/e2ee/megolm_backup_section_test.dart: pack/unpack 非法和 C2C 条目不占群 session 刷新上限
00:53 +1147: /Users/leeyi/project/imboy.pub/imboyapp/test/unit_test/service/e2ee/megolm_backup_section_test.dart: pack/unpack 非法和 C2C 条目不占群 session 刷新上限
00:54 +1148: /Users/leeyi/project/imboy.pub/imboyapp/test/unit_test/service/e2ee/megolm_backup_section_test.dart: pack/unpack 非法和 C2C 条目不占群 session 刷新上限
00:54 +1149: /Users/leeyi/project/imboy.pub/imboyapp/test/unit_test/service/e2ee/megolm_backup_section_test.dart: pack/unpack 非法和 C2C 条目不占群 session 刷新上限
00:54 +1150: /Users/leeyi/project/imboy.pub/imboyapp/test/unit_test/service/e2ee/megolm_backup_section_test.dart: pack/unpack 非法和 C2C 条目不占群 session 刷新上限
00:54 +1151: /Users/leeyi/project/imboy.pub/imboyapp/test/unit_test/service/e2ee/megolm_backup_section_test.dart: pack/unpack 非法和 C2C 条目不占群 session 刷新上限
00:54 +1152: /Users/leeyi/project/imboy.pub/imboyapp/test/unit_test/service/e2ee/megolm_backup_section_test.dart: pack/unpack 非法和 C2C 条目不占群 session 刷新上限
00:54 +1153: /Users/leeyi/project/imboy.pub/imboyapp/test/unit_test/service/e2ee/megolm_backup_section_test.dart: pack/unpack 非法和 C2C 条目不占群 session 刷新上限
00:54 +1154: /Users/leeyi/project/imboy.pub/imboyapp/test/unit_test/service/e2ee/megolm_backup_section_test.dart: pack/unpack 非法和 C2C 条目不占群 session 刷新上限
00:54 +1155: /Users/leeyi/project/imboy.pub/imboyapp/test/unit_test/service/e2ee/megolm_backup_section_test.dart: pack/unpack 非法和 C2C 条目不占群 session 刷新上限
00:54 +1156: /Users/leeyi/project/imboy.pub/imboyapp/test/unit_test/service/e2ee/megolm_backup_section_test.dart: pack/unpack 非法和 C2C 条目不占群 session 刷新上限
00:54 +1157: /Users/leeyi/project/imboy.pub/imboyapp/test/unit_test/service/e2ee/megolm_backup_section_test.dart: pack/unpack 非法和 C2C 条目不占群 session 刷新上限
00:54 +1158: /Users/leeyi/project/imboy.pub/imboyapp/test/unit_test/service/e2ee/megolm_backup_section_test.dart: pack/unpack 非法和 C2C 条目不占群 session 刷新上限
00:54 +1159: /Users/leeyi/project/imboy.pub/imboyapp/test/unit_test/service/e2ee/megolm_backup_section_test.dart: pack/unpack 非法和 C2C 条目不占群 session 刷新上限
00:54 +1160: /Users/leeyi/project/imboy.pub/imboyapp/test/unit_test/service/e2ee/megolm_backup_section_test.dart: pack/unpack 非法和 C2C 条目不占群 session 刷新上限
00:54 +1161: /Users/leeyi/project/imboy.pub/imboyapp/test/unit_test/service/e2ee/megolm_backup_section_test.dart: pack/unpack 非法和 C2C 条目不占群 session 刷新上限
00:54 +1162: /Users/leeyi/project/imboy.pub/imboyapp/test/unit_test/service/e2ee/megolm_backup_section_test.dart: pack/unpack 非法和 C2C 条目不占群 session 刷新上限
00:54 +1163: /Users/leeyi/project/imboy.pub/imboyapp/test/unit_test/service/e2ee/megolm_backup_section_test.dart: pack/unpack 非法和 C2C 条目不占群 session 刷新上限
00:54 +1164: /Users/leeyi/project/imboy.pub/imboyapp/test/unit_test/service/e2ee/megolm_backup_section_test.dart: pack/unpack 非法和 C2C 条目不占群 session 刷新上限
00:54 +1165: /Users/leeyi/project/imboy.pub/imboyapp/test/unit_test/service/e2ee/megolm_backup_section_test.dart: pack/unpack 非法和 C2C 条目不占群 session 刷新上限
00:54 +1166: /Users/leeyi/project/imboy.pub/imboyapp/test/unit_test/service/e2ee/megolm_backup_section_test.dart: pack/unpack 非法和 C2C 条目不占群 session 刷新上限
00:54 +1167: /Users/leeyi/project/imboy.pub/imboyapp/test/unit_test/service/e2ee/megolm_backup_section_test.dart: pack/unpack 非法和 C2C 条目不占群 session 刷新上限
00:54 +1168: /Users/leeyi/project/imboy.pub/imboyapp/test/unit_test/service/e2ee/megolm_backup_section_test.dart: pack/unpack 非法和 C2C 条目不占群 session 刷新上限
00:54 +1169: /Users/leeyi/project/imboy.pub/imboyapp/test/unit_test/service/e2ee/megolm_backup_section_test.dart: pack/unpack 非法和 C2C 条目不占群 session 刷新上限
00:54 +1170: /Users/leeyi/project/imboy.pub/imboyapp/test/unit_test/service/e2ee/megolm_backup_section_test.dart: pack/unpack 非法和 C2C 条目不占群 session 刷新上限
00:54 +1171: /Users/leeyi/project/imboy.pub/imboyapp/test/unit_test/service/e2ee/megolm_backup_section_test.dart: pack/unpack 非法和 C2C 条目不占群 session 刷新上限
00:54 +1172: /Users/leeyi/project/imboy.pub/imboyapp/test/unit_test/service/e2ee/megolm_backup_section_test.dart: pack/unpack 非法和 C2C 条目不占群 session 刷新上限
00:54 +1173: /Users/leeyi/project/imboy.pub/imboyapp/test/unit_test/service/e2ee/megolm_backup_section_test.dart: pack/unpack 非法和 C2C 条目不占群 session 刷新上限
00:54 +1174: /Users/leeyi/project/imboy.pub/imboyapp/test/unit_test/service/e2ee/megolm_backup_section_test.dart: pack/unpack 非法和 C2C 条目不占群 session 刷新上限
00:54 +1175: /Users/leeyi/project/imboy.pub/imboyapp/test/unit_test/service/e2ee/megolm_backup_section_test.dart: pack/unpack 非法和 C2C 条目不占群 session 刷新上限
00:54 +1176: /Users/leeyi/project/imboy.pub/imboyapp/test/unit_test/service/e2ee/megolm_backup_section_test.dart: pack/unpack 非法和 C2C 条目不占群 session 刷新上限
00:54 +1177: /Users/leeyi/project/imboy.pub/imboyapp/test/unit_test/service/e2ee/megolm_backup_section_test.dart: pack/unpack 非法和 C2C 条目不占群 session 刷新上限
00:54 +1178: /Users/leeyi/project/imboy.pub/imboyapp/test/unit_test/service/e2ee/megolm_backup_section_test.dart: pack/unpack 非法和 C2C 条目不占群 session 刷新上限
00:54 +1179: /Users/leeyi/project/imboy.pub/imboyapp/test/unit_test/service/e2ee/megolm_backup_section_test.dart: pack/unpack 非法和 C2C 条目不占群 session 刷新上限
00:54 +1180: /Users/leeyi/project/imboy.pub/imboyapp/test/unit_test/service/e2ee/megolm_backup_section_test.dart: pack/unpack 非法和 C2C 条目不占群 session 刷新上限
00:54 +1181: /Users/leeyi/project/imboy.pub/imboyapp/test/unit_test/service/e2ee/megolm_backup_section_test.dart: pack/unpack 非法和 C2C 条目不占群 session 刷新上限
00:54 +1182: /Users/leeyi/project/imboy.pub/imboyapp/test/unit_test/service/e2ee/megolm_backup_section_test.dart: pack/unpack 非法和 C2C 条目不占群 session 刷新上限
00:54 +1183: /Users/leeyi/project/imboy.pub/imboyapp/test/unit_test/service/e2ee/megolm_backup_section_test.dart: pack/unpack 非法和 C2C 条目不占群 session 刷新上限
00:54 +1184: /Users/leeyi/project/imboy.pub/imboyapp/test/unit_test/service/e2ee/megolm_backup_section_test.dart: pack/unpack 非法和 C2C 条目不占群 session 刷新上限
00:54 +1185: /Users/leeyi/project/imboy.pub/imboyapp/test/unit_test/service/e2ee/megolm_backup_section_test.dart: pack/unpack 非法和 C2C 条目不占群 session 刷新上限
00:54 +1186: /Users/leeyi/project/imboy.pub/imboyapp/test/unit_test/service/e2ee/megolm_backup_section_test.dart: pack/unpack 非法和 C2C 条目不占群 session 刷新上限
00:54 +1187: /Users/leeyi/project/imboy.pub/imboyapp/test/unit_test/service/e2ee/megolm_backup_section_test.dart: pack/unpack 非法和 C2C 条目不占群 session 刷新上限
00:54 +1188: /Users/leeyi/project/imboy.pub/imboyapp/test/unit_test/service/e2ee/megolm_backup_section_test.dart: pack/unpack 非法和 C2C 条目不占群 session 刷新上限
00:55 +1189: /Users/leeyi/project/imboy.pub/imboyapp/test/unit_test/service/e2ee/megolm_backup_section_test.dart: pack/unpack 非法和 C2C 条目不占群 session 刷新上限
00:55 +1190: /Users/leeyi/project/imboy.pub/imboyapp/test/unit_test/service/e2ee/megolm_backup_section_test.dart: pack/unpack 非法和 C2C 条目不占群 session 刷新上限
00:55 +1191: /Users/leeyi/project/imboy.pub/imboyapp/test/unit_test/service/e2ee/megolm_backup_section_test.dart: pack/unpack 非法和 C2C 条目不占群 session 刷新上限
00:55 +1192: /Users/leeyi/project/imboy.pub/imboyapp/test/unit_test/service/e2ee/megolm_backup_section_test.dart: pack/unpack 非法和 C2C 条目不占群 session 刷新上限
00:55 +1193: /Users/leeyi/project/imboy.pub/imboyapp/test/unit_test/service/e2ee/megolm_backup_section_test.dart: pack/unpack 非法和 C2C 条目不占群 session 刷新上限
00:55 +1194: /Users/leeyi/project/imboy.pub/imboyapp/test/unit_test/service/e2ee/megolm_backup_section_test.dart: pack/unpack 非法和 C2C 条目不占群 session 刷新上限
00:55 +1195: /Users/leeyi/project/imboy.pub/imboyapp/test/unit_test/service/e2ee/megolm_backup_section_test.dart: pack/unpack 非法和 C2C 条目不占群 session 刷新上限
00:55 +1196: /Users/leeyi/project/imboy.pub/imboyapp/test/unit_test/service/e2ee/megolm_backup_section_test.dart: pack/unpack 非法和 C2C 条目不占群 session 刷新上限
00:55 +1197: /Users/leeyi/project/imboy.pub/imboyapp/test/unit_test/service/e2ee/megolm_backup_section_test.dart: pack/unpack 非法和 C2C 条目不占群 session 刷新上限
00:55 +1198: /Users/leeyi/project/imboy.pub/imboyapp/test/unit_test/service/e2ee/megolm_backup_section_test.dart: pack/unpack 非法和 C2C 条目不占群 session 刷新上限
00:55 +1199: /Users/leeyi/project/imboy.pub/imboyapp/test/unit_test/service/e2ee/megolm_backup_section_test.dart: pack/unpack 非法和 C2C 条目不占群 session 刷新上限
00:55 +1200: /Users/leeyi/project/imboy.pub/imboyapp/test/unit_test/service/e2ee/megolm_backup_section_test.dart: pack/unpack 非法和 C2C 条目不占群 session 刷新上限
00:56 +1201: /Users/leeyi/project/imboy.pub/imboyapp/test/unit_test/service/e2ee/megolm_backup_section_test.dart: pack/unpack 非法和 C2C 条目不占群 session 刷新上限
00:56 +1202: /Users/leeyi/project/imboy.pub/imboyapp/test/unit_test/service/e2ee/megolm_backup_section_test.dart: pack/unpack 非法和 C2C 条目不占群 session 刷新上限
00:56 +1203: /Users/leeyi/project/imboy.pub/imboyapp/test/unit_test/service/e2ee/megolm_backup_section_test.dart: pack/unpack 非法和 C2C 条目不占群 session 刷新上限
00:56 +1204: /Users/leeyi/project/imboy.pub/imboyapp/test/unit_test/service/e2ee/megolm_backup_section_test.dart: pack/unpack 非法和 C2C 条目不占群 session 刷新上限
00:56 +1205: /Users/leeyi/project/imboy.pub/imboyapp/test/unit_test/service/e2ee/megolm_backup_section_test.dart: pack/unpack 非法和 C2C 条目不占群 session 刷新上限
00:56 +1206: /Users/leeyi/project/imboy.pub/imboyapp/test/unit_test/service/e2ee/megolm_backup_section_test.dart: pack/unpack 非法和 C2C 条目不占群 session 刷新上限
01:06 +1207: /Users/leeyi/project/imboy.pub/imboyapp/test/unit_test/service/e2ee/megolm_backup_section_test.dart: pack/unpack 非法和 C2C 条目不占群 session 刷新上限
01:09 +1208: /Users/leeyi/project/imboy.pub/imboyapp/test/unit_test/service/e2ee/megolm_backup_section_test.dart: pack/unpack 非法和 C2C 条目不占群 session 刷新上限
01:09 +1209: /Users/leeyi/project/imboy.pub/imboyapp/test/unit_test/service/e2ee/megolm_backup_section_test.dart: pack/unpack 非法和 C2C 条目不占群 session 刷新上限
01:09 +1210: /Users/leeyi/project/imboy.pub/imboyapp/test/unit_test/service/e2ee/megolm_backup_section_test.dart: pack/unpack 非法和 C2C 条目不占群 session 刷新上限
01:09 +1211: /Users/leeyi/project/imboy.pub/imboyapp/test/unit_test/service/e2ee/megolm_backup_section_test.dart: pack/unpack 非法和 C2C 条目不占群 session 刷新上限
01:09 +1212: /Users/leeyi/project/imboy.pub/imboyapp/test/unit_test/service/e2ee/megolm_backup_section_test.dart: pack/unpack 非法和 C2C 条目不占群 session 刷新上限
01:09 +1213: /Users/leeyi/project/imboy.pub/imboyapp/test/unit_test/service/e2ee/megolm_backup_section_test.dart: pack/unpack 非法和 C2C 条目不占群 session 刷新上限
01:09 +1214: /Users/leeyi/project/imboy.pub/imboyapp/test/unit_test/service/e2ee/megolm_backup_section_test.dart: pack/unpack 非法和 C2C 条目不占群 session 刷新上限
01:09 +1215: /Users/leeyi/project/imboy.pub/imboyapp/test/unit_test/service/e2ee/megolm_backup_section_test.dart: pack/unpack 非法和 C2C 条目不占群 session 刷新上限
01:09 +1216: /Users/leeyi/project/imboy.pub/imboyapp/test/unit_test/service/e2ee/megolm_backup_section_test.dart: pack/unpack 非法和 C2C 条目不占群 session 刷新上限
01:09 +1217: /Users/leeyi/project/imboy.pub/imboyapp/test/unit_test/service/e2ee/megolm_backup_section_test.dart: pack/unpack 非法和 C2C 条目不占群 session 刷新上限
01:19 +1218: /Users/leeyi/project/imboy.pub/imboyapp/test/unit_test/service/e2ee/megolm_backup_section_test.dart: pack/unpack 非法和 C2C 条目不占群 session 刷新上限
01:19 +1219: /Users/leeyi/project/imboy.pub/imboyapp/test/unit_test/service/e2ee/megolm_backup_section_test.dart: pack/unpack 非法和 C2C 条目不占群 session 刷新上限
01:19 +1220: /Users/leeyi/project/imboy.pub/imboyapp/test/unit_test/service/e2ee/megolm_backup_section_test.dart: pack/unpack 非法和 C2C 条目不占群 session 刷新上限
01:19 +1221: /Users/leeyi/project/imboy.pub/imboyapp/test/unit_test/service/e2ee/megolm_backup_section_test.dart: pack/unpack 非法和 C2C 条目不占群 session 刷新上限
01:19 +1222: /Users/leeyi/project/imboy.pub/imboyapp/test/unit_test/service/e2ee/megolm_backup_section_test.dart: pack/unpack 非法和 C2C 条目不占群 session 刷新上限
01:19 +1223: /Users/leeyi/project/imboy.pub/imboyapp/test/unit_test/service/e2ee/megolm_backup_section_test.dart: pack/unpack 非法和 C2C 条目不占群 session 刷新上限
01:22 +1224: /Users/leeyi/project/imboy.pub/imboyapp/test/unit_test/service/e2ee/kdf_version_test.dart: KdfVersion 迁移 migrate: v0 → v1 成功，密钥可用 latest 派生复现
01:32 +1225: /Users/leeyi/project/imboy.pub/imboyapp/test/unit_test/service/e2ee/megolm_backup_section_test.dart: pack/unpack v2 group session 与 grant 往返；C2C 和 Olm pickle 不进入包
01:32 +1226: /Users/leeyi/project/imboy.pub/imboyapp/test/unit_test/service/e2ee/megolm_backup_section_test.dart: pack/unpack v2 group session 与 grant 往返；C2C 和 Olm pickle 不进入包
01:32 +1227: /Users/leeyi/project/imboy.pub/imboyapp/test/unit_test/service/e2ee/megolm_backup_section_test.dart: pack/unpack v2 group session 与 grant 往返；C2C 和 Olm pickle 不进入包
01:32 +1228: /Users/leeyi/project/imboy.pub/imboyapp/test/unit_test/service/e2ee/megolm_backup_section_test.dart: pack/unpack v2 group session 与 grant 往返；C2C 和 Olm pickle 不进入包
01:32 +1229: /Users/leeyi/project/imboy.pub/imboyapp/test/unit_test/service/e2ee/megolm_backup_section_test.dart: pack/unpack v2 group session 与 grant 往返；C2C 和 Olm pickle 不进入包
01:51 +1230: All tests passed!
