index	function_id	page	source_sha256	readiness_errors	coordinator_card	behavior_status
0	fn:billing:plan_list_page:001	lib/page/billing/plan_list_page.dart	2f8f18bc417cddd6846c769e4885a11ba0dff6775a061866804bbad1290e8c02	ACCEPTANCE_ORACLE_PLACEHOLDER,ACCEPTANCE_TARGET_MISSING	F00-S02	NOT_EXECUTED
1	fn:billing:plan_list_page:002	lib/page/billing/plan_list_page.dart	2f8f18bc417cddd6846c769e4885a11ba0dff6775a061866804bbad1290e8c02	ACCEPTANCE_ORACLE_PLACEHOLDER,ACCEPTANCE_TARGET_MISSING	F00-S02	NOT_EXECUTED
2	fn:billing:plan_list_page:003	lib/page/billing/plan_list_page.dart	2f8f18bc417cddd6846c769e4885a11ba0dff6775a061866804bbad1290e8c02	ACCEPTANCE_ORACLE_PLACEHOLDER,ACCEPTANCE_TARGET_MISSING	F00-S02	NOT_EXECUTED
3	fn:billing:plan_list_page:004	lib/page/billing/plan_list_page.dart	2f8f18bc417cddd6846c769e4885a11ba0dff6775a061866804bbad1290e8c02	ACCEPTANCE_ORACLE_PLACEHOLDER,ACCEPTANCE_TARGET_MISSING	F00-S02	NOT_EXECUTED
4	fn:billing:plan_list_page:005	lib/page/billing/plan_list_page.dart	2f8f18bc417cddd6846c769e4885a11ba0dff6775a061866804bbad1290e8c02	ACCEPTANCE_ORACLE_PLACEHOLDER,ACCEPTANCE_TARGET_MISSING	F00-S02	NOT_EXECUTED
5	fn:billing:plan_list_page:006	lib/page/billing/plan_list_page.dart	2f8f18bc417cddd6846c769e4885a11ba0dff6775a061866804bbad1290e8c02	ACCEPTANCE_ORACLE_PLACEHOLDER,ACCEPTANCE_TARGET_MISSING	F00-S02	NOT_EXECUTED
6	fn:bottom_navigation:bottom_navigation_page:001	lib/page/bottom_navigation/bottom_navigation_page.dart	c6651dd16d361b47973d17b79a3980b4ef788d9037c36b76ff86ce4c1c854737	ACCEPTANCE_TARGET_MISSING	F00-S02	NOT_EXECUTED
7	fn:bottom_navigation:bottom_navigation_page:002	lib/page/bottom_navigation/bottom_navigation_page.dart	c6651dd16d361b47973d17b79a3980b4ef788d9037c36b76ff86ce4c1c854737	ACCEPTANCE_TARGET_MISSING	F00-S02	NOT_EXECUTED
8	fn:bottom_navigation:bottom_navigation_page:003	lib/page/bottom_navigation/bottom_navigation_page.dart	c6651dd16d361b47973d17b79a3980b4ef788d9037c36b76ff86ce4c1c854737	ACCEPTANCE_TARGET_MISSING	F00-S02	NOT_EXECUTED
9	fn:bottom_navigation:bottom_navigation_page:004	lib/page/bottom_navigation/bottom_navigation_page.dart	c6651dd16d361b47973d17b79a3980b4ef788d9037c36b76ff86ce4c1c854737	ACCEPTANCE_TARGET_MISSING	F00-S02	NOT_EXECUTED
10	fn:bottom_navigation:bottom_navigation_page:005	lib/page/bottom_navigation/bottom_navigation_page.dart	c6651dd16d361b47973d17b79a3980b4ef788d9037c36b76ff86ce4c1c854737	ACCEPTANCE_TARGET_MISSING	F00-S02	NOT_EXECUTED
11	fn:bottom_navigation:bottom_navigation_page:006	lib/page/bottom_navigation/bottom_navigation_page.dart	c6651dd16d361b47973d17b79a3980b4ef788d9037c36b76ff86ce4c1c854737	ACCEPTANCE_TARGET_MISSING	F00-S02	NOT_EXECUTED
12	fn:bottom_navigation:bottom_navigation_page:007	lib/page/bottom_navigation/bottom_navigation_page.dart	c6651dd16d361b47973d17b79a3980b4ef788d9037c36b76ff86ce4c1c854737	ACCEPTANCE_TARGET_MISSING	F00-S02	NOT_EXECUTED
13	fn:bottom_navigation:bottom_navigation_page:008	lib/page/bottom_navigation/bottom_navigation_page.dart	c6651dd16d361b47973d17b79a3980b4ef788d9037c36b76ff86ce4c1c854737	ACCEPTANCE_TARGET_MISSING	F00-S02	NOT_EXECUTED
14	fn:bottom_navigation:bottom_navigation_page:009	lib/page/bottom_navigation/bottom_navigation_page.dart	c6651dd16d361b47973d17b79a3980b4ef788d9037c36b76ff86ce4c1c854737	ACCEPTANCE_TARGET_MISSING	F00-S02	NOT_EXECUTED
15	fn:bottom_navigation:bottom_navigation_page:010	lib/page/bottom_navigation/bottom_navigation_page.dart	c6651dd16d361b47973d17b79a3980b4ef788d9037c36b76ff86ce4c1c854737	ACCEPTANCE_TARGET_MISSING	F00-S02	NOT_EXECUTED
16	fn:bottom_navigation:bottom_navigation_page:011	lib/page/bottom_navigation/bottom_navigation_page.dart	c6651dd16d361b47973d17b79a3980b4ef788d9037c36b76ff86ce4c1c854737	ACCEPTANCE_TARGET_MISSING	F00-S02	NOT_EXECUTED
17	fn:bottom_navigation:bottom_navigation_page:012	lib/page/bottom_navigation/bottom_navigation_page.dart	c6651dd16d361b47973d17b79a3980b4ef788d9037c36b76ff86ce4c1c854737	ACCEPTANCE_TARGET_MISSING	F00-S02	NOT_EXECUTED
18	fn:channel:channel_admin_page:001	lib/page/channel/channel_admin_page.dart	57ad36d5815ce42e61f7e192688ae281999882d46e72f23b9c8b17e31454fff2	ACCEPTANCE_TARGET_MISSING	F00-S02	NOT_EXECUTED
19	fn:channel:channel_admin_page:002	lib/page/channel/channel_admin_page.dart	57ad36d5815ce42e61f7e192688ae281999882d46e72f23b9c8b17e31454fff2	ACCEPTANCE_TARGET_MISSING	F00-S02	NOT_EXECUTED
20	fn:channel:channel_admin_page:003	lib/page/channel/channel_admin_page.dart	57ad36d5815ce42e61f7e192688ae281999882d46e72f23b9c8b17e31454fff2	ACCEPTANCE_TARGET_MISSING	F00-S02	NOT_EXECUTED
21	fn:channel:channel_admin_page:004	lib/page/channel/channel_admin_page.dart	57ad36d5815ce42e61f7e192688ae281999882d46e72f23b9c8b17e31454fff2	ACCEPTANCE_TARGET_MISSING	F00-S02	NOT_EXECUTED
22	fn:channel:channel_admin_page:005	lib/page/channel/channel_admin_page.dart	57ad36d5815ce42e61f7e192688ae281999882d46e72f23b9c8b17e31454fff2	ACCEPTANCE_TARGET_MISSING	F00-S02	NOT_EXECUTED
23	fn:channel:channel_admin_page:006	lib/page/channel/channel_admin_page.dart	57ad36d5815ce42e61f7e192688ae281999882d46e72f23b9c8b17e31454fff2	ACCEPTANCE_TARGET_MISSING	F00-S02	NOT_EXECUTED
24	fn:channel:channel_admin_page:007	lib/page/channel/channel_admin_page.dart	57ad36d5815ce42e61f7e192688ae281999882d46e72f23b9c8b17e31454fff2	ACCEPTANCE_TARGET_MISSING	F00-S02	NOT_EXECUTED
25	fn:channel:channel_admin_page:008	lib/page/channel/channel_admin_page.dart	57ad36d5815ce42e61f7e192688ae281999882d46e72f23b9c8b17e31454fff2	ACCEPTANCE_TARGET_MISSING	F00-S02	NOT_EXECUTED
26	fn:channel:channel_admin_page:009	lib/page/channel/channel_admin_page.dart	57ad36d5815ce42e61f7e192688ae281999882d46e72f23b9c8b17e31454fff2	ACCEPTANCE_TARGET_MISSING	F00-S02	NOT_EXECUTED
27	fn:channel:channel_admin_page:010	lib/page/channel/channel_admin_page.dart	57ad36d5815ce42e61f7e192688ae281999882d46e72f23b9c8b17e31454fff2	ACCEPTANCE_TARGET_MISSING	F00-S02	NOT_EXECUTED
28	fn:channel:channel_admin_page:011	lib/page/channel/channel_admin_page.dart	57ad36d5815ce42e61f7e192688ae281999882d46e72f23b9c8b17e31454fff2	ACCEPTANCE_TARGET_MISSING	F00-S02	NOT_EXECUTED
29	fn:channel:channel_article_page:001	lib/page/channel/channel_article_page.dart	99b5f4b254f8fd3ea08aecc9fbed300efee2c165bb9ef5896bb55a78ba7b1c17	ACCEPTANCE_TARGET_MISSING	F00-S02	NOT_EXECUTED
30	fn:channel:channel_article_page:002	lib/page/channel/channel_article_page.dart	99b5f4b254f8fd3ea08aecc9fbed300efee2c165bb9ef5896bb55a78ba7b1c17	ACCEPTANCE_TARGET_MISSING	F00-S02	NOT_EXECUTED
31	fn:channel:channel_article_page:003	lib/page/channel/channel_article_page.dart	99b5f4b254f8fd3ea08aecc9fbed300efee2c165bb9ef5896bb55a78ba7b1c17	ACCEPTANCE_TARGET_MISSING	F00-S02	NOT_EXECUTED
32	fn:channel:channel_article_page:004	lib/page/channel/channel_article_page.dart	99b5f4b254f8fd3ea08aecc9fbed300efee2c165bb9ef5896bb55a78ba7b1c17	ACCEPTANCE_TARGET_MISSING	F00-S02	NOT_EXECUTED
33	fn:channel:channel_article_page:005	lib/page/channel/channel_article_page.dart	99b5f4b254f8fd3ea08aecc9fbed300efee2c165bb9ef5896bb55a78ba7b1c17	ACCEPTANCE_TARGET_MISSING	F00-S02	NOT_EXECUTED
34	fn:channel:channel_article_page:006	lib/page/channel/channel_article_page.dart	99b5f4b254f8fd3ea08aecc9fbed300efee2c165bb9ef5896bb55a78ba7b1c17	ACCEPTANCE_TARGET_MISSING	F00-S02	NOT_EXECUTED
35	fn:channel:channel_article_page:007	lib/page/channel/channel_article_page.dart	99b5f4b254f8fd3ea08aecc9fbed300efee2c165bb9ef5896bb55a78ba7b1c17	ACCEPTANCE_TARGET_MISSING	F00-S02	NOT_EXECUTED
36	fn:channel:channel_article_page:008	lib/page/channel/channel_article_page.dart	99b5f4b254f8fd3ea08aecc9fbed300efee2c165bb9ef5896bb55a78ba7b1c17	ACCEPTANCE_TARGET_MISSING	F00-S02	NOT_EXECUTED
37	fn:channel:channel_article_page:009	lib/page/channel/channel_article_page.dart	99b5f4b254f8fd3ea08aecc9fbed300efee2c165bb9ef5896bb55a78ba7b1c17	ACCEPTANCE_TARGET_MISSING	F00-S02	NOT_EXECUTED
38	fn:channel:channel_article_page:010	lib/page/channel/channel_article_page.dart	99b5f4b254f8fd3ea08aecc9fbed300efee2c165bb9ef5896bb55a78ba7b1c17	ACCEPTANCE_TARGET_MISSING	F00-S02	NOT_EXECUTED
39	fn:channel:channel_article_page:011	lib/page/channel/channel_article_page.dart	99b5f4b254f8fd3ea08aecc9fbed300efee2c165bb9ef5896bb55a78ba7b1c17	ACCEPTANCE_TARGET_MISSING	F00-S02	NOT_EXECUTED
40	fn:channel:channel_article_page:012	lib/page/channel/channel_article_page.dart	99b5f4b254f8fd3ea08aecc9fbed300efee2c165bb9ef5896bb55a78ba7b1c17	ACCEPTANCE_TARGET_MISSING	F00-S02	NOT_EXECUTED
41	fn:channel:channel_comment_page:001	lib/page/channel/channel_comment_page.dart	93920d5e1006fda2e26d1a019cfc38a5c178ec25e264106232b74c99ba363534	ACCEPTANCE_TARGET_MISSING	F00-S02	NOT_EXECUTED
42	fn:channel:channel_comment_page:002	lib/page/channel/channel_comment_page.dart	93920d5e1006fda2e26d1a019cfc38a5c178ec25e264106232b74c99ba363534	ACCEPTANCE_TARGET_MISSING	F00-S02	NOT_EXECUTED
43	fn:channel:channel_comment_page:003	lib/page/channel/channel_comment_page.dart	93920d5e1006fda2e26d1a019cfc38a5c178ec25e264106232b74c99ba363534	ACCEPTANCE_TARGET_MISSING	F00-S02	NOT_EXECUTED
44	fn:channel:channel_comment_page:004	lib/page/channel/channel_comment_page.dart	93920d5e1006fda2e26d1a019cfc38a5c178ec25e264106232b74c99ba363534	ACCEPTANCE_TARGET_MISSING	F00-S02	NOT_EXECUTED
45	fn:channel:channel_comment_page:005	lib/page/channel/channel_comment_page.dart	93920d5e1006fda2e26d1a019cfc38a5c178ec25e264106232b74c99ba363534	ACCEPTANCE_TARGET_MISSING	F00-S02	NOT_EXECUTED
46	fn:channel:channel_comment_page:006	lib/page/channel/channel_comment_page.dart	93920d5e1006fda2e26d1a019cfc38a5c178ec25e264106232b74c99ba363534	ACCEPTANCE_TARGET_MISSING	F00-S02	NOT_EXECUTED
47	fn:channel:channel_comment_page:007	lib/page/channel/channel_comment_page.dart	93920d5e1006fda2e26d1a019cfc38a5c178ec25e264106232b74c99ba363534	ACCEPTANCE_TARGET_MISSING	F00-S02	NOT_EXECUTED
48	fn:channel:channel_comment_page:008	lib/page/channel/channel_comment_page.dart	93920d5e1006fda2e26d1a019cfc38a5c178ec25e264106232b74c99ba363534	ACCEPTANCE_TARGET_MISSING	F00-S02	NOT_EXECUTED
49	fn:channel:channel_comment_page:009	lib/page/channel/channel_comment_page.dart	93920d5e1006fda2e26d1a019cfc38a5c178ec25e264106232b74c99ba363534	ACCEPTANCE_TARGET_MISSING	F00-S02	NOT_EXECUTED
50	fn:channel:channel_comment_page:010	lib/page/channel/channel_comment_page.dart	93920d5e1006fda2e26d1a019cfc38a5c178ec25e264106232b74c99ba363534	ACCEPTANCE_TARGET_MISSING	F00-S02	NOT_EXECUTED
51	fn:channel:channel_comment_page:011	lib/page/channel/channel_comment_page.dart	93920d5e1006fda2e26d1a019cfc38a5c178ec25e264106232b74c99ba363534	ACCEPTANCE_TARGET_MISSING	F00-S02	NOT_EXECUTED
52	fn:channel:channel_comment_page:012	lib/page/channel/channel_comment_page.dart	93920d5e1006fda2e26d1a019cfc38a5c178ec25e264106232b74c99ba363534	ACCEPTANCE_TARGET_MISSING	F00-S02	NOT_EXECUTED
53	fn:channel:channel_compose_page:001	lib/page/channel/channel_compose_page.dart	4153fad945402bfa758c5e42085441137fb014c8c0d2d326fb8b17ba1a71c8ff	ACCEPTANCE_TARGET_MISSING	F00-S02	NOT_EXECUTED
54	fn:channel:channel_compose_page:002	lib/page/channel/channel_compose_page.dart	4153fad945402bfa758c5e42085441137fb014c8c0d2d326fb8b17ba1a71c8ff	ACCEPTANCE_TARGET_MISSING	F00-S02	NOT_EXECUTED
55	fn:channel:channel_compose_page:003	lib/page/channel/channel_compose_page.dart	4153fad945402bfa758c5e42085441137fb014c8c0d2d326fb8b17ba1a71c8ff	ACCEPTANCE_TARGET_MISSING	F00-S02	NOT_EXECUTED
56	fn:channel:channel_compose_page:004	lib/page/channel/channel_compose_page.dart	4153fad945402bfa758c5e42085441137fb014c8c0d2d326fb8b17ba1a71c8ff	ACCEPTANCE_TARGET_MISSING	F00-S02	NOT_EXECUTED
57	fn:channel:channel_compose_page:005	lib/page/channel/channel_compose_page.dart	4153fad945402bfa758c5e42085441137fb014c8c0d2d326fb8b17ba1a71c8ff	ACCEPTANCE_TARGET_MISSING	F00-S02	NOT_EXECUTED
58	fn:channel:channel_compose_page:006	lib/page/channel/channel_compose_page.dart	4153fad945402bfa758c5e42085441137fb014c8c0d2d326fb8b17ba1a71c8ff	ACCEPTANCE_TARGET_MISSING	F00-S02	NOT_EXECUTED
59	fn:channel:channel_compose_page:007	lib/page/channel/channel_compose_page.dart	4153fad945402bfa758c5e42085441137fb014c8c0d2d326fb8b17ba1a71c8ff	ACCEPTANCE_TARGET_MISSING	F00-S02	NOT_EXECUTED
60	fn:channel:channel_compose_page:008	lib/page/channel/channel_compose_page.dart	4153fad945402bfa758c5e42085441137fb014c8c0d2d326fb8b17ba1a71c8ff	ACCEPTANCE_TARGET_MISSING	F00-S02	NOT_EXECUTED
61	fn:channel:channel_compose_page:009	lib/page/channel/channel_compose_page.dart	4153fad945402bfa758c5e42085441137fb014c8c0d2d326fb8b17ba1a71c8ff	ACCEPTANCE_TARGET_MISSING	F00-S02	NOT_EXECUTED
62	fn:channel:channel_compose_page:010	lib/page/channel/channel_compose_page.dart	4153fad945402bfa758c5e42085441137fb014c8c0d2d326fb8b17ba1a71c8ff	ACCEPTANCE_TARGET_MISSING	F00-S02	NOT_EXECUTED
63	fn:channel:channel_compose_page:011	lib/page/channel/channel_compose_page.dart	4153fad945402bfa758c5e42085441137fb014c8c0d2d326fb8b17ba1a71c8ff	ACCEPTANCE_TARGET_MISSING	F00-S02	NOT_EXECUTED
64	fn:channel:channel_compose_page:012	lib/page/channel/channel_compose_page.dart	4153fad945402bfa758c5e42085441137fb014c8c0d2d326fb8b17ba1a71c8ff	ACCEPTANCE_TARGET_MISSING	F00-S02	NOT_EXECUTED
89	fn:channel:channel_discover_page:001	lib/page/channel/channel_discover_page.dart	780a524b8d9e9d291c97f23091b17b6e7c25b485f9f2aed87fb88c5e1899be90	ACCEPTANCE_TARGET_MISSING	F00-S02	NOT_EXECUTED
90	fn:channel:channel_discover_page:002	lib/page/channel/channel_discover_page.dart	780a524b8d9e9d291c97f23091b17b6e7c25b485f9f2aed87fb88c5e1899be90	ACCEPTANCE_TARGET_MISSING	F00-S02	NOT_EXECUTED
91	fn:channel:channel_discover_page:003	lib/page/channel/channel_discover_page.dart	780a524b8d9e9d291c97f23091b17b6e7c25b485f9f2aed87fb88c5e1899be90	ACCEPTANCE_TARGET_MISSING	F00-S02	NOT_EXECUTED
92	fn:channel:channel_discover_page:004	lib/page/channel/channel_discover_page.dart	780a524b8d9e9d291c97f23091b17b6e7c25b485f9f2aed87fb88c5e1899be90	ACCEPTANCE_TARGET_MISSING	F00-S02	NOT_EXECUTED
93	fn:channel:channel_discover_page:005	lib/page/channel/channel_discover_page.dart	780a524b8d9e9d291c97f23091b17b6e7c25b485f9f2aed87fb88c5e1899be90	ACCEPTANCE_TARGET_MISSING	F00-S02	NOT_EXECUTED
94	fn:channel:channel_discover_page:006	lib/page/channel/channel_discover_page.dart	780a524b8d9e9d291c97f23091b17b6e7c25b485f9f2aed87fb88c5e1899be90	ACCEPTANCE_TARGET_MISSING	F00-S02	NOT_EXECUTED
95	fn:channel:channel_discover_page:007	lib/page/channel/channel_discover_page.dart	780a524b8d9e9d291c97f23091b17b6e7c25b485f9f2aed87fb88c5e1899be90	ACCEPTANCE_TARGET_MISSING	F00-S02	NOT_EXECUTED
96	fn:channel:channel_discover_page:008	lib/page/channel/channel_discover_page.dart	780a524b8d9e9d291c97f23091b17b6e7c25b485f9f2aed87fb88c5e1899be90	ACCEPTANCE_TARGET_MISSING	F00-S02	NOT_EXECUTED
97	fn:channel:channel_discover_page:009	lib/page/channel/channel_discover_page.dart	780a524b8d9e9d291c97f23091b17b6e7c25b485f9f2aed87fb88c5e1899be90	ACCEPTANCE_TARGET_MISSING	F00-S02	NOT_EXECUTED
98	fn:channel:channel_discover_page:010	lib/page/channel/channel_discover_page.dart	780a524b8d9e9d291c97f23091b17b6e7c25b485f9f2aed87fb88c5e1899be90	ACCEPTANCE_TARGET_MISSING	F00-S02	NOT_EXECUTED
110	fn:channel:channel_invitation_page:001	lib/page/channel/channel_invitation_page.dart	42c1830a23376cabd4c983e1d8a7a7a9024b5c5d4d30e550dbbaddaa15526d8b	ACCEPTANCE_TARGET_MISSING	F00-S02	NOT_EXECUTED
111	fn:channel:channel_invitation_page:002	lib/page/channel/channel_invitation_page.dart	42c1830a23376cabd4c983e1d8a7a7a9024b5c5d4d30e550dbbaddaa15526d8b	ACCEPTANCE_TARGET_MISSING	F00-S02	NOT_EXECUTED
112	fn:channel:channel_invitation_page:003	lib/page/channel/channel_invitation_page.dart	42c1830a23376cabd4c983e1d8a7a7a9024b5c5d4d30e550dbbaddaa15526d8b	ACCEPTANCE_TARGET_MISSING	F00-S02	NOT_EXECUTED
113	fn:channel:channel_invitation_page:004	lib/page/channel/channel_invitation_page.dart	42c1830a23376cabd4c983e1d8a7a7a9024b5c5d4d30e550dbbaddaa15526d8b	ACCEPTANCE_TARGET_MISSING	F00-S02	NOT_EXECUTED
114	fn:channel:channel_invitation_page:005	lib/page/channel/channel_invitation_page.dart	42c1830a23376cabd4c983e1d8a7a7a9024b5c5d4d30e550dbbaddaa15526d8b	ACCEPTANCE_TARGET_MISSING	F00-S02	NOT_EXECUTED
115	fn:channel:channel_invitation_page:006	lib/page/channel/channel_invitation_page.dart	42c1830a23376cabd4c983e1d8a7a7a9024b5c5d4d30e550dbbaddaa15526d8b	ACCEPTANCE_TARGET_MISSING	F00-S02	NOT_EXECUTED
116	fn:channel:channel_invitation_page:007	lib/page/channel/channel_invitation_page.dart	42c1830a23376cabd4c983e1d8a7a7a9024b5c5d4d30e550dbbaddaa15526d8b	ACCEPTANCE_TARGET_MISSING	F00-S02	NOT_EXECUTED
117	fn:channel:channel_invitation_page:008	lib/page/channel/channel_invitation_page.dart	42c1830a23376cabd4c983e1d8a7a7a9024b5c5d4d30e550dbbaddaa15526d8b	ACCEPTANCE_TARGET_MISSING	F00-S02	NOT_EXECUTED
118	fn:channel:channel_invitation_page:009	lib/page/channel/channel_invitation_page.dart	42c1830a23376cabd4c983e1d8a7a7a9024b5c5d4d30e550dbbaddaa15526d8b	ACCEPTANCE_TARGET_MISSING	F00-S02	NOT_EXECUTED
119	fn:channel:channel_invitation_page:010	lib/page/channel/channel_invitation_page.dart	42c1830a23376cabd4c983e1d8a7a7a9024b5c5d4d30e550dbbaddaa15526d8b	ACCEPTANCE_TARGET_MISSING	F00-S02	NOT_EXECUTED
120	fn:channel:channel_invitation_page:011	lib/page/channel/channel_invitation_page.dart	42c1830a23376cabd4c983e1d8a7a7a9024b5c5d4d30e550dbbaddaa15526d8b	ACCEPTANCE_TARGET_MISSING	F00-S02	NOT_EXECUTED
121	fn:channel:channel_list_page:001	lib/page/channel/channel_list_page.dart	9b4e639ec24cb279fa0446e25787cda2136bab6b3c8aed94e36f6960aaee43a3	ACCEPTANCE_TARGET_MISSING	F00-S02	NOT_EXECUTED
122	fn:channel:channel_list_page:002	lib/page/channel/channel_list_page.dart	9b4e639ec24cb279fa0446e25787cda2136bab6b3c8aed94e36f6960aaee43a3	ACCEPTANCE_TARGET_MISSING	F00-S02	NOT_EXECUTED
123	fn:channel:channel_list_page:003	lib/page/channel/channel_list_page.dart	9b4e639ec24cb279fa0446e25787cda2136bab6b3c8aed94e36f6960aaee43a3	ACCEPTANCE_TARGET_MISSING	F00-S02	NOT_EXECUTED
124	fn:channel:channel_list_page:004	lib/page/channel/channel_list_page.dart	9b4e639ec24cb279fa0446e25787cda2136bab6b3c8aed94e36f6960aaee43a3	ACCEPTANCE_TARGET_MISSING	F00-S02	NOT_EXECUTED
125	fn:channel:channel_list_page:005	lib/page/channel/channel_list_page.dart	9b4e639ec24cb279fa0446e25787cda2136bab6b3c8aed94e36f6960aaee43a3	ACCEPTANCE_TARGET_MISSING	F00-S02	NOT_EXECUTED
126	fn:channel:channel_list_page:006	lib/page/channel/channel_list_page.dart	9b4e639ec24cb279fa0446e25787cda2136bab6b3c8aed94e36f6960aaee43a3	ACCEPTANCE_TARGET_MISSING	F00-S02	NOT_EXECUTED
127	fn:channel:channel_list_page:007	lib/page/channel/channel_list_page.dart	9b4e639ec24cb279fa0446e25787cda2136bab6b3c8aed94e36f6960aaee43a3	ACCEPTANCE_TARGET_MISSING	F00-S02	NOT_EXECUTED
128	fn:channel:channel_list_page:008	lib/page/channel/channel_list_page.dart	9b4e639ec24cb279fa0446e25787cda2136bab6b3c8aed94e36f6960aaee43a3	ACCEPTANCE_TARGET_MISSING	F00-S02	NOT_EXECUTED
129	fn:channel:channel_list_page:009	lib/page/channel/channel_list_page.dart	9b4e639ec24cb279fa0446e25787cda2136bab6b3c8aed94e36f6960aaee43a3	ACCEPTANCE_TARGET_MISSING	F00-S02	NOT_EXECUTED
130	fn:channel:channel_list_page:010	lib/page/channel/channel_list_page.dart	9b4e639ec24cb279fa0446e25787cda2136bab6b3c8aed94e36f6960aaee43a3	ACCEPTANCE_TARGET_MISSING	F00-S02	NOT_EXECUTED
131	fn:channel:channel_list_page:011	lib/page/channel/channel_list_page.dart	9b4e639ec24cb279fa0446e25787cda2136bab6b3c8aed94e36f6960aaee43a3	ACCEPTANCE_TARGET_MISSING	F00-S02	NOT_EXECUTED
132	fn:channel:channel_list_page:012	lib/page/channel/channel_list_page.dart	9b4e639ec24cb279fa0446e25787cda2136bab6b3c8aed94e36f6960aaee43a3	ACCEPTANCE_TARGET_MISSING	F00-S02	NOT_EXECUTED
133	fn:channel:channel_order_detail_page:001	lib/page/channel/channel_order_detail_page.dart	271c13ae55e043f2e0569527d0c6b5b945a49990ce7d7ba2ca20055474bc5698	ACCEPTANCE_TARGET_MISSING	F00-S02	NOT_EXECUTED
134	fn:channel:channel_order_detail_page:002	lib/page/channel/channel_order_detail_page.dart	271c13ae55e043f2e0569527d0c6b5b945a49990ce7d7ba2ca20055474bc5698	ACCEPTANCE_TARGET_MISSING	F00-S02	NOT_EXECUTED
135	fn:channel:channel_order_detail_page:003	lib/page/channel/channel_order_detail_page.dart	271c13ae55e043f2e0569527d0c6b5b945a49990ce7d7ba2ca20055474bc5698	ACCEPTANCE_TARGET_MISSING	F00-S02	NOT_EXECUTED
136	fn:channel:channel_order_detail_page:004	lib/page/channel/channel_order_detail_page.dart	271c13ae55e043f2e0569527d0c6b5b945a49990ce7d7ba2ca20055474bc5698	ACCEPTANCE_TARGET_MISSING	F00-S02	NOT_EXECUTED
137	fn:channel:channel_order_detail_page:005	lib/page/channel/channel_order_detail_page.dart	271c13ae55e043f2e0569527d0c6b5b945a49990ce7d7ba2ca20055474bc5698	ACCEPTANCE_TARGET_MISSING	F00-S02	NOT_EXECUTED
138	fn:channel:channel_order_detail_page:006	lib/page/channel/channel_order_detail_page.dart	271c13ae55e043f2e0569527d0c6b5b945a49990ce7d7ba2ca20055474bc5698	ACCEPTANCE_TARGET_MISSING	F00-S02	NOT_EXECUTED
139	fn:channel:channel_order_detail_page:007	lib/page/channel/channel_order_detail_page.dart	271c13ae55e043f2e0569527d0c6b5b945a49990ce7d7ba2ca20055474bc5698	ACCEPTANCE_TARGET_MISSING	F00-S02	NOT_EXECUTED
140	fn:channel:channel_order_detail_page:008	lib/page/channel/channel_order_detail_page.dart	271c13ae55e043f2e0569527d0c6b5b945a49990ce7d7ba2ca20055474bc5698	ACCEPTANCE_TARGET_MISSING	F00-S02	NOT_EXECUTED
141	fn:channel:channel_order_detail_page:009	lib/page/channel/channel_order_detail_page.dart	271c13ae55e043f2e0569527d0c6b5b945a49990ce7d7ba2ca20055474bc5698	ACCEPTANCE_TARGET_MISSING	F00-S02	NOT_EXECUTED
142	fn:channel:channel_order_detail_page:010	lib/page/channel/channel_order_detail_page.dart	271c13ae55e043f2e0569527d0c6b5b945a49990ce7d7ba2ca20055474bc5698	ACCEPTANCE_TARGET_MISSING	F00-S02	NOT_EXECUTED
143	fn:channel:channel_order_list_page:001	lib/page/channel/channel_order_list_page.dart	0a9c8d674aa820a5188521a486352595c9624cf9469ac5f649cbb350b3a49f92	ACCEPTANCE_TARGET_MISSING	F00-S02	NOT_EXECUTED
144	fn:channel:channel_order_list_page:002	lib/page/channel/channel_order_list_page.dart	0a9c8d674aa820a5188521a486352595c9624cf9469ac5f649cbb350b3a49f92	ACCEPTANCE_TARGET_MISSING	F00-S02	NOT_EXECUTED
145	fn:channel:channel_order_list_page:003	lib/page/channel/channel_order_list_page.dart	0a9c8d674aa820a5188521a486352595c9624cf9469ac5f649cbb350b3a49f92	ACCEPTANCE_TARGET_MISSING	F00-S02	NOT_EXECUTED
146	fn:channel:channel_order_list_page:004	lib/page/channel/channel_order_list_page.dart	0a9c8d674aa820a5188521a486352595c9624cf9469ac5f649cbb350b3a49f92	ACCEPTANCE_TARGET_MISSING	F00-S02	NOT_EXECUTED
147	fn:channel:channel_order_list_page:005	lib/page/channel/channel_order_list_page.dart	0a9c8d674aa820a5188521a486352595c9624cf9469ac5f649cbb350b3a49f92	ACCEPTANCE_TARGET_MISSING	F00-S02	NOT_EXECUTED
148	fn:channel:channel_order_list_page:006	lib/page/channel/channel_order_list_page.dart	0a9c8d674aa820a5188521a486352595c9624cf9469ac5f649cbb350b3a49f92	ACCEPTANCE_TARGET_MISSING	F00-S02	NOT_EXECUTED
149	fn:channel:channel_order_list_page:007	lib/page/channel/channel_order_list_page.dart	0a9c8d674aa820a5188521a486352595c9624cf9469ac5f649cbb350b3a49f92	ACCEPTANCE_TARGET_MISSING	F00-S02	NOT_EXECUTED
150	fn:channel:channel_order_list_page:008	lib/page/channel/channel_order_list_page.dart	0a9c8d674aa820a5188521a486352595c9624cf9469ac5f649cbb350b3a49f92	ACCEPTANCE_TARGET_MISSING	F00-S02	NOT_EXECUTED
151	fn:channel:channel_order_list_page:009	lib/page/channel/channel_order_list_page.dart	0a9c8d674aa820a5188521a486352595c9624cf9469ac5f649cbb350b3a49f92	ACCEPTANCE_TARGET_MISSING	F00-S02	NOT_EXECUTED
152	fn:channel:channel_subscriber_page:001	lib/page/channel/channel_subscriber_page.dart	e88f13ba5180ad394e8404d209eab2d3b4b03953982ec597a4798f560417e2ff	ACCEPTANCE_TARGET_MISSING	F00-S02	NOT_EXECUTED
153	fn:channel:channel_subscriber_page:002	lib/page/channel/channel_subscriber_page.dart	e88f13ba5180ad394e8404d209eab2d3b4b03953982ec597a4798f560417e2ff	ACCEPTANCE_TARGET_MISSING	F00-S02	NOT_EXECUTED
154	fn:channel:channel_subscriber_page:003	lib/page/channel/channel_subscriber_page.dart	e88f13ba5180ad394e8404d209eab2d3b4b03953982ec597a4798f560417e2ff	ACCEPTANCE_TARGET_MISSING	F00-S02	NOT_EXECUTED
155	fn:channel:channel_subscriber_page:004	lib/page/channel/channel_subscriber_page.dart	e88f13ba5180ad394e8404d209eab2d3b4b03953982ec597a4798f560417e2ff	ACCEPTANCE_TARGET_MISSING	F00-S02	NOT_EXECUTED
156	fn:channel:channel_subscriber_page:005	lib/page/channel/channel_subscriber_page.dart	e88f13ba5180ad394e8404d209eab2d3b4b03953982ec597a4798f560417e2ff	ACCEPTANCE_TARGET_MISSING	F00-S02	NOT_EXECUTED
157	fn:channel:channel_subscriber_page:006	lib/page/channel/channel_subscriber_page.dart	e88f13ba5180ad394e8404d209eab2d3b4b03953982ec597a4798f560417e2ff	ACCEPTANCE_TARGET_MISSING	F00-S02	NOT_EXECUTED
158	fn:channel:channel_subscriber_page:007	lib/page/channel/channel_subscriber_page.dart	e88f13ba5180ad394e8404d209eab2d3b4b03953982ec597a4798f560417e2ff	ACCEPTANCE_TARGET_MISSING	F00-S02	NOT_EXECUTED
159	fn:channel:channel_subscriber_page:008	lib/page/channel/channel_subscriber_page.dart	e88f13ba5180ad394e8404d209eab2d3b4b03953982ec597a4798f560417e2ff	ACCEPTANCE_TARGET_MISSING	F00-S02	NOT_EXECUTED
160	fn:channel:channel_subscriber_page:009	lib/page/channel/channel_subscriber_page.dart	e88f13ba5180ad394e8404d209eab2d3b4b03953982ec597a4798f560417e2ff	ACCEPTANCE_TARGET_MISSING	F00-S02	NOT_EXECUTED
161	fn:channel:channel_subscriber_page:010	lib/page/channel/channel_subscriber_page.dart	e88f13ba5180ad394e8404d209eab2d3b4b03953982ec597a4798f560417e2ff	ACCEPTANCE_TARGET_MISSING	F00-S02	NOT_EXECUTED
162	fn:channel:channel_subscriber_page:011	lib/page/channel/channel_subscriber_page.dart	e88f13ba5180ad394e8404d209eab2d3b4b03953982ec597a4798f560417e2ff	ACCEPTANCE_TARGET_MISSING	F00-S02	NOT_EXECUTED
163	fn:channel:channel_subscriber_page:012	lib/page/channel/channel_subscriber_page.dart	e88f13ba5180ad394e8404d209eab2d3b4b03953982ec597a4798f560417e2ff	ACCEPTANCE_TARGET_MISSING	F00-S02	NOT_EXECUTED
185	fn:chat:chat_setting_page:001	lib/page/chat/chat_setting/chat_setting_page.dart	b20f0d493c9142e968eeec7399a0a01bf9d74ce09b714eea5ba4de2c84e9b60f	ACCEPTANCE_TARGET_MISSING	F00-S02	NOT_EXECUTED
186	fn:chat:chat_setting_page:002	lib/page/chat/chat_setting/chat_setting_page.dart	b20f0d493c9142e968eeec7399a0a01bf9d74ce09b714eea5ba4de2c84e9b60f	ACCEPTANCE_TARGET_MISSING	F00-S02	NOT_EXECUTED
187	fn:chat:chat_setting_page:003	lib/page/chat/chat_setting/chat_setting_page.dart	b20f0d493c9142e968eeec7399a0a01bf9d74ce09b714eea5ba4de2c84e9b60f	ACCEPTANCE_TARGET_MISSING	F00-S02	NOT_EXECUTED
188	fn:chat:chat_setting_page:004	lib/page/chat/chat_setting/chat_setting_page.dart	b20f0d493c9142e968eeec7399a0a01bf9d74ce09b714eea5ba4de2c84e9b60f	ACCEPTANCE_TARGET_MISSING	F00-S02	NOT_EXECUTED
189	fn:chat:chat_setting_page:005	lib/page/chat/chat_setting/chat_setting_page.dart	b20f0d493c9142e968eeec7399a0a01bf9d74ce09b714eea5ba4de2c84e9b60f	ACCEPTANCE_TARGET_MISSING	F00-S02	NOT_EXECUTED
190	fn:chat:chat_setting_page:006	lib/page/chat/chat_setting/chat_setting_page.dart	b20f0d493c9142e968eeec7399a0a01bf9d74ce09b714eea5ba4de2c84e9b60f	ACCEPTANCE_TARGET_MISSING	F00-S02	NOT_EXECUTED
191	fn:chat:chat_setting_page:007	lib/page/chat/chat_setting/chat_setting_page.dart	b20f0d493c9142e968eeec7399a0a01bf9d74ce09b714eea5ba4de2c84e9b60f	ACCEPTANCE_TARGET_MISSING	F00-S02	NOT_EXECUTED
192	fn:chat:chat_setting_page:008	lib/page/chat/chat_setting/chat_setting_page.dart	b20f0d493c9142e968eeec7399a0a01bf9d74ce09b714eea5ba4de2c84e9b60f	ACCEPTANCE_TARGET_MISSING	F00-S02	NOT_EXECUTED
193	fn:chat:chat_setting_page:009	lib/page/chat/chat_setting/chat_setting_page.dart	b20f0d493c9142e968eeec7399a0a01bf9d74ce09b714eea5ba4de2c84e9b60f	ACCEPTANCE_TARGET_MISSING	F00-S02	NOT_EXECUTED
194	fn:chat:chat_setting_page:010	lib/page/chat/chat_setting/chat_setting_page.dart	b20f0d493c9142e968eeec7399a0a01bf9d74ce09b714eea5ba4de2c84e9b60f	ACCEPTANCE_TARGET_MISSING	F00-S02	NOT_EXECUTED
195	fn:chat:p2p_call_screen_page:001	lib/page/chat/p2p_call_screen/p2p_call_screen_page.dart	3cb370aee9625088f588b04ca0bf8a647de309c98f7db750f2e967fe1aeee179	ACCEPTANCE_TARGET_MISSING	F00-S02	NOT_EXECUTED
196	fn:chat:p2p_call_screen_page:002	lib/page/chat/p2p_call_screen/p2p_call_screen_page.dart	3cb370aee9625088f588b04ca0bf8a647de309c98f7db750f2e967fe1aeee179	ACCEPTANCE_TARGET_MISSING	F00-S02	NOT_EXECUTED
197	fn:chat:p2p_call_screen_page:003	lib/page/chat/p2p_call_screen/p2p_call_screen_page.dart	3cb370aee9625088f588b04ca0bf8a647de309c98f7db750f2e967fe1aeee179	ACCEPTANCE_TARGET_MISSING	F00-S02	NOT_EXECUTED
198	fn:chat:p2p_call_screen_page:004	lib/page/chat/p2p_call_screen/p2p_call_screen_page.dart	3cb370aee9625088f588b04ca0bf8a647de309c98f7db750f2e967fe1aeee179	ACCEPTANCE_TARGET_MISSING	F00-S02	NOT_EXECUTED
199	fn:chat:p2p_call_screen_page:005	lib/page/chat/p2p_call_screen/p2p_call_screen_page.dart	3cb370aee9625088f588b04ca0bf8a647de309c98f7db750f2e967fe1aeee179	ACCEPTANCE_TARGET_MISSING	F00-S02	NOT_EXECUTED
200	fn:chat:p2p_call_screen_page:006	lib/page/chat/p2p_call_screen/p2p_call_screen_page.dart	3cb370aee9625088f588b04ca0bf8a647de309c98f7db750f2e967fe1aeee179	ACCEPTANCE_TARGET_MISSING	F00-S02	NOT_EXECUTED
201	fn:chat:p2p_call_screen_page:007	lib/page/chat/p2p_call_screen/p2p_call_screen_page.dart	3cb370aee9625088f588b04ca0bf8a647de309c98f7db750f2e967fe1aeee179	ACCEPTANCE_TARGET_MISSING	F00-S02	NOT_EXECUTED
202	fn:chat:p2p_call_screen_page:008	lib/page/chat/p2p_call_screen/p2p_call_screen_page.dart	3cb370aee9625088f588b04ca0bf8a647de309c98f7db750f2e967fe1aeee179	ACCEPTANCE_TARGET_MISSING	F00-S02	NOT_EXECUTED
203	fn:chat:p2p_call_screen_page:009	lib/page/chat/p2p_call_screen/p2p_call_screen_page.dart	3cb370aee9625088f588b04ca0bf8a647de309c98f7db750f2e967fe1aeee179	ACCEPTANCE_TARGET_MISSING	F00-S02	NOT_EXECUTED
204	fn:chat:p2p_call_screen_page:010	lib/page/chat/p2p_call_screen/p2p_call_screen_page.dart	3cb370aee9625088f588b04ca0bf8a647de309c98f7db750f2e967fe1aeee179	ACCEPTANCE_TARGET_MISSING	F00-S02	NOT_EXECUTED
205	fn:chat:p2p_call_screen_page:011	lib/page/chat/p2p_call_screen/p2p_call_screen_page.dart	3cb370aee9625088f588b04ca0bf8a647de309c98f7db750f2e967fe1aeee179	ACCEPTANCE_TARGET_MISSING	F00-S02	NOT_EXECUTED
206	fn:chat:p2p_call_screen_page:012	lib/page/chat/p2p_call_screen/p2p_call_screen_page.dart	3cb370aee9625088f588b04ca0bf8a647de309c98f7db750f2e967fe1aeee179	ACCEPTANCE_TARGET_MISSING	F00-S02	NOT_EXECUTED
218	fn:chat:rtc_room_page:001	lib/page/chat/rtc_room/rtc_room_page.dart	08f592fb8e78ae2ce1cdc2632546098b424dd0bfbbed357b5ce19830d146eef6	ACCEPTANCE_TARGET_MISSING	F00-S02	NOT_EXECUTED
219	fn:chat:rtc_room_page:002	lib/page/chat/rtc_room/rtc_room_page.dart	08f592fb8e78ae2ce1cdc2632546098b424dd0bfbbed357b5ce19830d146eef6	ACCEPTANCE_TARGET_MISSING	F00-S02	NOT_EXECUTED
220	fn:chat:rtc_room_page:003	lib/page/chat/rtc_room/rtc_room_page.dart	08f592fb8e78ae2ce1cdc2632546098b424dd0bfbbed357b5ce19830d146eef6	ACCEPTANCE_TARGET_MISSING	F00-S02	NOT_EXECUTED
221	fn:chat:rtc_room_page:004	lib/page/chat/rtc_room/rtc_room_page.dart	08f592fb8e78ae2ce1cdc2632546098b424dd0bfbbed357b5ce19830d146eef6	ACCEPTANCE_TARGET_MISSING	F00-S02	NOT_EXECUTED
222	fn:chat:rtc_room_page:005	lib/page/chat/rtc_room/rtc_room_page.dart	08f592fb8e78ae2ce1cdc2632546098b424dd0bfbbed357b5ce19830d146eef6	ACCEPTANCE_TARGET_MISSING	F00-S02	NOT_EXECUTED
223	fn:chat:rtc_room_page:006	lib/page/chat/rtc_room/rtc_room_page.dart	08f592fb8e78ae2ce1cdc2632546098b424dd0bfbbed357b5ce19830d146eef6	ACCEPTANCE_TARGET_MISSING	F00-S02	NOT_EXECUTED
224	fn:chat:rtc_room_page:007	lib/page/chat/rtc_room/rtc_room_page.dart	08f592fb8e78ae2ce1cdc2632546098b424dd0bfbbed357b5ce19830d146eef6	ACCEPTANCE_TARGET_MISSING	F00-S02	NOT_EXECUTED
225	fn:chat:rtc_room_page:008	lib/page/chat/rtc_room/rtc_room_page.dart	08f592fb8e78ae2ce1cdc2632546098b424dd0bfbbed357b5ce19830d146eef6	ACCEPTANCE_TARGET_MISSING	F00-S02	NOT_EXECUTED
226	fn:chat:rtc_room_page:009	lib/page/chat/rtc_room/rtc_room_page.dart	08f592fb8e78ae2ce1cdc2632546098b424dd0bfbbed357b5ce19830d146eef6	ACCEPTANCE_TARGET_MISSING	F00-S02	NOT_EXECUTED
227	fn:chat:rtc_room_page:010	lib/page/chat/rtc_room/rtc_room_page.dart	08f592fb8e78ae2ce1cdc2632546098b424dd0bfbbed357b5ce19830d146eef6	ACCEPTANCE_TARGET_MISSING	F00-S02	NOT_EXECUTED
228	fn:chat:rtc_room_page:011	lib/page/chat/rtc_room/rtc_room_page.dart	08f592fb8e78ae2ce1cdc2632546098b424dd0bfbbed357b5ce19830d146eef6	ACCEPTANCE_TARGET_MISSING	F00-S02	NOT_EXECUTED
229	fn:chat:rtc_room_page:012	lib/page/chat/rtc_room/rtc_room_page.dart	08f592fb8e78ae2ce1cdc2632546098b424dd0bfbbed357b5ce19830d146eef6	ACCEPTANCE_TARGET_MISSING	F00-S02	NOT_EXECUTED
230	fn:chat:send_to_page:001	lib/page/chat/send_to/send_to_page.dart	1bbe87e936cfe77471b6771b2f6a9faa42b47dc913acef277623e935deaebaf5	ACCEPTANCE_TARGET_MISSING	F00-S02	NOT_EXECUTED
231	fn:chat:send_to_page:002	lib/page/chat/send_to/send_to_page.dart	1bbe87e936cfe77471b6771b2f6a9faa42b47dc913acef277623e935deaebaf5	ACCEPTANCE_TARGET_MISSING	F00-S02	NOT_EXECUTED
232	fn:chat:send_to_page:003	lib/page/chat/send_to/send_to_page.dart	1bbe87e936cfe77471b6771b2f6a9faa42b47dc913acef277623e935deaebaf5	ACCEPTANCE_TARGET_MISSING	F00-S02	NOT_EXECUTED
233	fn:chat:send_to_page:004	lib/page/chat/send_to/send_to_page.dart	1bbe87e936cfe77471b6771b2f6a9faa42b47dc913acef277623e935deaebaf5	ACCEPTANCE_TARGET_MISSING	F00-S02	NOT_EXECUTED
234	fn:chat:send_to_page:005	lib/page/chat/send_to/send_to_page.dart	1bbe87e936cfe77471b6771b2f6a9faa42b47dc913acef277623e935deaebaf5	ACCEPTANCE_TARGET_MISSING	F00-S02	NOT_EXECUTED
235	fn:chat:send_to_page:006	lib/page/chat/send_to/send_to_page.dart	1bbe87e936cfe77471b6771b2f6a9faa42b47dc913acef277623e935deaebaf5	ACCEPTANCE_TARGET_MISSING	F00-S02	NOT_EXECUTED
236	fn:chat:send_to_page:007	lib/page/chat/send_to/send_to_page.dart	1bbe87e936cfe77471b6771b2f6a9faa42b47dc913acef277623e935deaebaf5	ACCEPTANCE_TARGET_MISSING	F00-S02	NOT_EXECUTED
237	fn:chat:send_to_page:008	lib/page/chat/send_to/send_to_page.dart	1bbe87e936cfe77471b6771b2f6a9faa42b47dc913acef277623e935deaebaf5	ACCEPTANCE_TARGET_MISSING	F00-S02	NOT_EXECUTED
238	fn:chat:send_to_page:009	lib/page/chat/send_to/send_to_page.dart	1bbe87e936cfe77471b6771b2f6a9faa42b47dc913acef277623e935deaebaf5	ACCEPTANCE_TARGET_MISSING	F00-S02	NOT_EXECUTED
239	fn:chat:send_to_page:010	lib/page/chat/send_to/send_to_page.dart	1bbe87e936cfe77471b6771b2f6a9faa42b47dc913acef277623e935deaebaf5	ACCEPTANCE_TARGET_MISSING	F00-S02	NOT_EXECUTED
240	fn:chat_shell:chat_shell_page:001	lib/page/chat_shell/chat_shell_page.dart	2086296f2d7799caf9cff6ce053c3f4ab71a9916b0b2179a6666d6a74e2aafa2	ACCEPTANCE_ORACLE_PLACEHOLDER,ACCEPTANCE_TARGET_MISSING	F00-S02	NOT_EXECUTED
259	fn:contact:assistant_plaza_page:001	lib/page/contact/assistant_plaza/assistant_plaza_page.dart	3996577151508b182d1da023b5b73792b96fe4ea89d7b368a2546ce5014da794	ACCEPTANCE_TARGET_MISSING	F00-S02	NOT_EXECUTED
260	fn:contact:assistant_plaza_page:002	lib/page/contact/assistant_plaza/assistant_plaza_page.dart	3996577151508b182d1da023b5b73792b96fe4ea89d7b368a2546ce5014da794	ACCEPTANCE_TARGET_MISSING	F00-S02	NOT_EXECUTED
261	fn:contact:assistant_plaza_page:003	lib/page/contact/assistant_plaza/assistant_plaza_page.dart	3996577151508b182d1da023b5b73792b96fe4ea89d7b368a2546ce5014da794	ACCEPTANCE_TARGET_MISSING	F00-S02	NOT_EXECUTED
262	fn:contact:assistant_plaza_page:004	lib/page/contact/assistant_plaza/assistant_plaza_page.dart	3996577151508b182d1da023b5b73792b96fe4ea89d7b368a2546ce5014da794	ACCEPTANCE_TARGET_MISSING	F00-S02	NOT_EXECUTED
263	fn:contact:assistant_plaza_page:005	lib/page/contact/assistant_plaza/assistant_plaza_page.dart	3996577151508b182d1da023b5b73792b96fe4ea89d7b368a2546ce5014da794	ACCEPTANCE_TARGET_MISSING	F00-S02	NOT_EXECUTED
264	fn:contact:assistant_plaza_page:006	lib/page/contact/assistant_plaza/assistant_plaza_page.dart	3996577151508b182d1da023b5b73792b96fe4ea89d7b368a2546ce5014da794	ACCEPTANCE_TARGET_MISSING	F00-S02	NOT_EXECUTED
265	fn:contact:assistant_plaza_page:007	lib/page/contact/assistant_plaza/assistant_plaza_page.dart	3996577151508b182d1da023b5b73792b96fe4ea89d7b368a2546ce5014da794	ACCEPTANCE_TARGET_MISSING	F00-S02	NOT_EXECUTED
266	fn:contact:assistant_plaza_page:008	lib/page/contact/assistant_plaza/assistant_plaza_page.dart	3996577151508b182d1da023b5b73792b96fe4ea89d7b368a2546ce5014da794	ACCEPTANCE_TARGET_MISSING	F00-S02	NOT_EXECUTED
267	fn:contact:assistant_plaza_page:009	lib/page/contact/assistant_plaza/assistant_plaza_page.dart	3996577151508b182d1da023b5b73792b96fe4ea89d7b368a2546ce5014da794	ACCEPTANCE_TARGET_MISSING	F00-S02	NOT_EXECUTED
268	fn:contact:assistant_plaza_page:010	lib/page/contact/assistant_plaza/assistant_plaza_page.dart	3996577151508b182d1da023b5b73792b96fe4ea89d7b368a2546ce5014da794	ACCEPTANCE_TARGET_MISSING	F00-S02	NOT_EXECUTED
269	fn:contact:confirm_new_friend_page:001	lib/page/contact/confirm_new_friend/confirm_new_friend_page.dart	a4677c96fd6159314a61daf20df1ea7efc72173bad01b2d946b6b124dc44b8ca	ACCEPTANCE_TARGET_MISSING	F00-S02	NOT_EXECUTED
270	fn:contact:confirm_new_friend_page:002	lib/page/contact/confirm_new_friend/confirm_new_friend_page.dart	a4677c96fd6159314a61daf20df1ea7efc72173bad01b2d946b6b124dc44b8ca	ACCEPTANCE_TARGET_MISSING	F00-S02	NOT_EXECUTED
271	fn:contact:confirm_new_friend_page:003	lib/page/contact/confirm_new_friend/confirm_new_friend_page.dart	a4677c96fd6159314a61daf20df1ea7efc72173bad01b2d946b6b124dc44b8ca	ACCEPTANCE_TARGET_MISSING	F00-S02	NOT_EXECUTED
272	fn:contact:confirm_new_friend_page:004	lib/page/contact/confirm_new_friend/confirm_new_friend_page.dart	a4677c96fd6159314a61daf20df1ea7efc72173bad01b2d946b6b124dc44b8ca	ACCEPTANCE_TARGET_MISSING	F00-S02	NOT_EXECUTED
273	fn:contact:confirm_new_friend_page:005	lib/page/contact/confirm_new_friend/confirm_new_friend_page.dart	a4677c96fd6159314a61daf20df1ea7efc72173bad01b2d946b6b124dc44b8ca	ACCEPTANCE_TARGET_MISSING	F00-S02	NOT_EXECUTED
274	fn:contact:confirm_new_friend_page:006	lib/page/contact/confirm_new_friend/confirm_new_friend_page.dart	a4677c96fd6159314a61daf20df1ea7efc72173bad01b2d946b6b124dc44b8ca	ACCEPTANCE_TARGET_MISSING	F00-S02	NOT_EXECUTED
275	fn:contact:confirm_new_friend_page:007	lib/page/contact/confirm_new_friend/confirm_new_friend_page.dart	a4677c96fd6159314a61daf20df1ea7efc72173bad01b2d946b6b124dc44b8ca	ACCEPTANCE_TARGET_MISSING	F00-S02	NOT_EXECUTED
276	fn:contact:confirm_new_friend_page:008	lib/page/contact/confirm_new_friend/confirm_new_friend_page.dart	a4677c96fd6159314a61daf20df1ea7efc72173bad01b2d946b6b124dc44b8ca	ACCEPTANCE_TARGET_MISSING	F00-S02	NOT_EXECUTED
277	fn:contact:confirm_new_friend_page:009	lib/page/contact/confirm_new_friend/confirm_new_friend_page.dart	a4677c96fd6159314a61daf20df1ea7efc72173bad01b2d946b6b124dc44b8ca	ACCEPTANCE_TARGET_MISSING	F00-S02	NOT_EXECUTED
278	fn:contact:contact_page:001	lib/page/contact/contact/contact_page.dart	2de5dc114392e9e7087eb9604ed5b6af0350da656201938ccdb0b1026df1975d	ACCEPTANCE_TARGET_MISSING	F00-S02	NOT_EXECUTED
279	fn:contact:contact_page:002	lib/page/contact/contact/contact_page.dart	2de5dc114392e9e7087eb9604ed5b6af0350da656201938ccdb0b1026df1975d	ACCEPTANCE_TARGET_MISSING	F00-S02	NOT_EXECUTED
280	fn:contact:contact_page:003	lib/page/contact/contact/contact_page.dart	2de5dc114392e9e7087eb9604ed5b6af0350da656201938ccdb0b1026df1975d	ACCEPTANCE_TARGET_MISSING	F00-S02	NOT_EXECUTED
281	fn:contact:contact_page:004	lib/page/contact/contact/contact_page.dart	2de5dc114392e9e7087eb9604ed5b6af0350da656201938ccdb0b1026df1975d	ACCEPTANCE_TARGET_MISSING	F00-S02	NOT_EXECUTED
282	fn:contact:contact_page:005	lib/page/contact/contact/contact_page.dart	2de5dc114392e9e7087eb9604ed5b6af0350da656201938ccdb0b1026df1975d	ACCEPTANCE_TARGET_MISSING	F00-S02	NOT_EXECUTED
283	fn:contact:contact_page:006	lib/page/contact/contact/contact_page.dart	2de5dc114392e9e7087eb9604ed5b6af0350da656201938ccdb0b1026df1975d	ACCEPTANCE_TARGET_MISSING	F00-S02	NOT_EXECUTED
284	fn:contact:contact_page:007	lib/page/contact/contact/contact_page.dart	2de5dc114392e9e7087eb9604ed5b6af0350da656201938ccdb0b1026df1975d	ACCEPTANCE_TARGET_MISSING	F00-S02	NOT_EXECUTED
285	fn:contact:contact_page:008	lib/page/contact/contact/contact_page.dart	2de5dc114392e9e7087eb9604ed5b6af0350da656201938ccdb0b1026df1975d	ACCEPTANCE_TARGET_MISSING	F00-S02	NOT_EXECUTED
286	fn:contact:contact_page:009	lib/page/contact/contact/contact_page.dart	2de5dc114392e9e7087eb9604ed5b6af0350da656201938ccdb0b1026df1975d	ACCEPTANCE_TARGET_MISSING	F00-S02	NOT_EXECUTED
287	fn:contact:contact_page:010	lib/page/contact/contact/contact_page.dart	2de5dc114392e9e7087eb9604ed5b6af0350da656201938ccdb0b1026df1975d	ACCEPTANCE_TARGET_MISSING	F00-S02	NOT_EXECUTED
288	fn:contact:contact_page:011	lib/page/contact/contact/contact_page.dart	2de5dc114392e9e7087eb9604ed5b6af0350da656201938ccdb0b1026df1975d	ACCEPTANCE_TARGET_MISSING	F00-S02	NOT_EXECUTED
289	fn:contact:contact_page:012	lib/page/contact/contact/contact_page.dart	2de5dc114392e9e7087eb9604ed5b6af0350da656201938ccdb0b1026df1975d	ACCEPTANCE_TARGET_MISSING	F00-S02	NOT_EXECUTED
290	fn:contact:contact_setting_page:001	lib/page/contact/contact_setting/contact_setting_page.dart	f500addb8ae7ff9fd49edfd21546ccf78ecb91f8b973c5e3471d6ea24c959846	ACCEPTANCE_TARGET_MISSING	F00-S02	NOT_EXECUTED
291	fn:contact:contact_setting_page:002	lib/page/contact/contact_setting/contact_setting_page.dart	f500addb8ae7ff9fd49edfd21546ccf78ecb91f8b973c5e3471d6ea24c959846	ACCEPTANCE_TARGET_MISSING	F00-S02	NOT_EXECUTED
292	fn:contact:contact_setting_page:003	lib/page/contact/contact_setting/contact_setting_page.dart	f500addb8ae7ff9fd49edfd21546ccf78ecb91f8b973c5e3471d6ea24c959846	ACCEPTANCE_TARGET_MISSING	F00-S02	NOT_EXECUTED
293	fn:contact:contact_setting_page:004	lib/page/contact/contact_setting/contact_setting_page.dart	f500addb8ae7ff9fd49edfd21546ccf78ecb91f8b973c5e3471d6ea24c959846	ACCEPTANCE_TARGET_MISSING	F00-S02	NOT_EXECUTED
294	fn:contact:contact_setting_page:005	lib/page/contact/contact_setting/contact_setting_page.dart	f500addb8ae7ff9fd49edfd21546ccf78ecb91f8b973c5e3471d6ea24c959846	ACCEPTANCE_TARGET_MISSING	F00-S02	NOT_EXECUTED
295	fn:contact:contact_setting_page:006	lib/page/contact/contact_setting/contact_setting_page.dart	f500addb8ae7ff9fd49edfd21546ccf78ecb91f8b973c5e3471d6ea24c959846	ACCEPTANCE_TARGET_MISSING	F00-S02	NOT_EXECUTED
296	fn:contact:contact_setting_page:007	lib/page/contact/contact_setting/contact_setting_page.dart	f500addb8ae7ff9fd49edfd21546ccf78ecb91f8b973c5e3471d6ea24c959846	ACCEPTANCE_TARGET_MISSING	F00-S02	NOT_EXECUTED
297	fn:contact:contact_setting_page:008	lib/page/contact/contact_setting/contact_setting_page.dart	f500addb8ae7ff9fd49edfd21546ccf78ecb91f8b973c5e3471d6ea24c959846	ACCEPTANCE_TARGET_MISSING	F00-S02	NOT_EXECUTED
298	fn:contact:contact_setting_page:009	lib/page/contact/contact_setting/contact_setting_page.dart	f500addb8ae7ff9fd49edfd21546ccf78ecb91f8b973c5e3471d6ea24c959846	ACCEPTANCE_TARGET_MISSING	F00-S02	NOT_EXECUTED
299	fn:contact:contact_setting_page:010	lib/page/contact/contact_setting/contact_setting_page.dart	f500addb8ae7ff9fd49edfd21546ccf78ecb91f8b973c5e3471d6ea24c959846	ACCEPTANCE_TARGET_MISSING	F00-S02	NOT_EXECUTED
300	fn:contact:contact_setting_tag_page:001	lib/page/contact/contact_setting_tag/contact_setting_tag_page.dart	30e26067ded067bc454ba83672c663fffd54653b0112e24f880800ca80f843d8	ACCEPTANCE_TARGET_MISSING	F00-S02	NOT_EXECUTED
301	fn:contact:contact_setting_tag_page:002	lib/page/contact/contact_setting_tag/contact_setting_tag_page.dart	30e26067ded067bc454ba83672c663fffd54653b0112e24f880800ca80f843d8	ACCEPTANCE_TARGET_MISSING	F00-S02	NOT_EXECUTED
302	fn:contact:contact_setting_tag_page:003	lib/page/contact/contact_setting_tag/contact_setting_tag_page.dart	30e26067ded067bc454ba83672c663fffd54653b0112e24f880800ca80f843d8	ACCEPTANCE_TARGET_MISSING	F00-S02	NOT_EXECUTED
303	fn:contact:contact_setting_tag_page:004	lib/page/contact/contact_setting_tag/contact_setting_tag_page.dart	30e26067ded067bc454ba83672c663fffd54653b0112e24f880800ca80f843d8	ACCEPTANCE_TARGET_MISSING	F00-S02	NOT_EXECUTED
304	fn:contact:contact_setting_tag_page:005	lib/page/contact/contact_setting_tag/contact_setting_tag_page.dart	30e26067ded067bc454ba83672c663fffd54653b0112e24f880800ca80f843d8	ACCEPTANCE_TARGET_MISSING	F00-S02	NOT_EXECUTED
305	fn:contact:contact_setting_tag_page:006	lib/page/contact/contact_setting_tag/contact_setting_tag_page.dart	30e26067ded067bc454ba83672c663fffd54653b0112e24f880800ca80f843d8	ACCEPTANCE_TARGET_MISSING	F00-S02	NOT_EXECUTED
306	fn:contact:contact_setting_tag_page:007	lib/page/contact/contact_setting_tag/contact_setting_tag_page.dart	30e26067ded067bc454ba83672c663fffd54653b0112e24f880800ca80f843d8	ACCEPTANCE_TARGET_MISSING	F00-S02	NOT_EXECUTED
307	fn:contact:contact_setting_tag_page:008	lib/page/contact/contact_setting_tag/contact_setting_tag_page.dart	30e26067ded067bc454ba83672c663fffd54653b0112e24f880800ca80f843d8	ACCEPTANCE_TARGET_MISSING	F00-S02	NOT_EXECUTED
308	fn:contact:contact_setting_tag_page:009	lib/page/contact/contact_setting_tag/contact_setting_tag_page.dart	30e26067ded067bc454ba83672c663fffd54653b0112e24f880800ca80f843d8	ACCEPTANCE_TARGET_MISSING	F00-S02	NOT_EXECUTED
320	fn:contact:people_info_more_page:001	lib/page/contact/people_info_more/people_info_more_page.dart	1169bd9ebb5b3cc2605887e9a736d5c31ff337dd37c78a0435673db2bfbf10f0	ACCEPTANCE_TARGET_MISSING	F00-S02	NOT_EXECUTED
321	fn:contact:people_info_more_page:002	lib/page/contact/people_info_more/people_info_more_page.dart	1169bd9ebb5b3cc2605887e9a736d5c31ff337dd37c78a0435673db2bfbf10f0	ACCEPTANCE_TARGET_MISSING	F00-S02	NOT_EXECUTED
322	fn:contact:people_info_more_page:003	lib/page/contact/people_info_more/people_info_more_page.dart	1169bd9ebb5b3cc2605887e9a736d5c31ff337dd37c78a0435673db2bfbf10f0	ACCEPTANCE_TARGET_MISSING	F00-S02	NOT_EXECUTED
323	fn:contact:people_info_more_page:004	lib/page/contact/people_info_more/people_info_more_page.dart	1169bd9ebb5b3cc2605887e9a736d5c31ff337dd37c78a0435673db2bfbf10f0	ACCEPTANCE_TARGET_MISSING	F00-S02	NOT_EXECUTED
324	fn:contact:people_info_more_page:005	lib/page/contact/people_info_more/people_info_more_page.dart	1169bd9ebb5b3cc2605887e9a736d5c31ff337dd37c78a0435673db2bfbf10f0	ACCEPTANCE_TARGET_MISSING	F00-S02	NOT_EXECUTED
325	fn:contact:people_info_more_page:006	lib/page/contact/people_info_more/people_info_more_page.dart	1169bd9ebb5b3cc2605887e9a736d5c31ff337dd37c78a0435673db2bfbf10f0	ACCEPTANCE_TARGET_MISSING	F00-S02	NOT_EXECUTED
326	fn:contact:people_info_more_page:007	lib/page/contact/people_info_more/people_info_more_page.dart	1169bd9ebb5b3cc2605887e9a736d5c31ff337dd37c78a0435673db2bfbf10f0	ACCEPTANCE_TARGET_MISSING	F00-S02	NOT_EXECUTED
327	fn:contact:people_info_more_page:008	lib/page/contact/people_info_more/people_info_more_page.dart	1169bd9ebb5b3cc2605887e9a736d5c31ff337dd37c78a0435673db2bfbf10f0	ACCEPTANCE_TARGET_MISSING	F00-S02	NOT_EXECUTED
328	fn:contact:people_info_more_page:009	lib/page/contact/people_info_more/people_info_more_page.dart	1169bd9ebb5b3cc2605887e9a736d5c31ff337dd37c78a0435673db2bfbf10f0	ACCEPTANCE_TARGET_MISSING	F00-S02	NOT_EXECUTED
340	fn:contact:people_info_same_group_page:001	lib/page/contact/people_info_more/people_info_same_group_page.dart	85e0810c7b59d99b1eb8ca5030046532289206ac3a68f9d48ea33341ef83d216	ACCEPTANCE_TARGET_MISSING	F00-S02	NOT_EXECUTED
341	fn:contact:people_info_same_group_page:002	lib/page/contact/people_info_more/people_info_same_group_page.dart	85e0810c7b59d99b1eb8ca5030046532289206ac3a68f9d48ea33341ef83d216	ACCEPTANCE_TARGET_MISSING	F00-S02	NOT_EXECUTED
342	fn:contact:people_info_same_group_page:003	lib/page/contact/people_info_more/people_info_same_group_page.dart	85e0810c7b59d99b1eb8ca5030046532289206ac3a68f9d48ea33341ef83d216	ACCEPTANCE_TARGET_MISSING	F00-S02	NOT_EXECUTED
343	fn:contact:people_info_same_group_page:004	lib/page/contact/people_info_more/people_info_same_group_page.dart	85e0810c7b59d99b1eb8ca5030046532289206ac3a68f9d48ea33341ef83d216	ACCEPTANCE_TARGET_MISSING	F00-S02	NOT_EXECUTED
344	fn:contact:people_info_same_group_page:005	lib/page/contact/people_info_more/people_info_same_group_page.dart	85e0810c7b59d99b1eb8ca5030046532289206ac3a68f9d48ea33341ef83d216	ACCEPTANCE_TARGET_MISSING	F00-S02	NOT_EXECUTED
345	fn:contact:people_info_same_group_page:006	lib/page/contact/people_info_more/people_info_same_group_page.dart	85e0810c7b59d99b1eb8ca5030046532289206ac3a68f9d48ea33341ef83d216	ACCEPTANCE_TARGET_MISSING	F00-S02	NOT_EXECUTED
346	fn:contact:people_info_same_group_page:007	lib/page/contact/people_info_more/people_info_same_group_page.dart	85e0810c7b59d99b1eb8ca5030046532289206ac3a68f9d48ea33341ef83d216	ACCEPTANCE_TARGET_MISSING	F00-S02	NOT_EXECUTED
347	fn:contact:people_info_same_group_page:008	lib/page/contact/people_info_more/people_info_same_group_page.dart	85e0810c7b59d99b1eb8ca5030046532289206ac3a68f9d48ea33341ef83d216	ACCEPTANCE_TARGET_MISSING	F00-S02	NOT_EXECUTED
348	fn:contact:people_nearby_page:001	lib/page/contact/people_nearby/people_nearby_page.dart	24e8d762b0b9b0157d50544c511aa72b341058a183221d5e3c5948b625218ff3	ACCEPTANCE_TARGET_MISSING	F00-S02	NOT_EXECUTED
349	fn:contact:people_nearby_page:002	lib/page/contact/people_nearby/people_nearby_page.dart	24e8d762b0b9b0157d50544c511aa72b341058a183221d5e3c5948b625218ff3	ACCEPTANCE_TARGET_MISSING	F00-S02	NOT_EXECUTED
350	fn:contact:people_nearby_page:003	lib/page/contact/people_nearby/people_nearby_page.dart	24e8d762b0b9b0157d50544c511aa72b341058a183221d5e3c5948b625218ff3	ACCEPTANCE_TARGET_MISSING	F00-S02	NOT_EXECUTED
351	fn:contact:people_nearby_page:004	lib/page/contact/people_nearby/people_nearby_page.dart	24e8d762b0b9b0157d50544c511aa72b341058a183221d5e3c5948b625218ff3	ACCEPTANCE_TARGET_MISSING	F00-S02	NOT_EXECUTED
352	fn:contact:people_nearby_page:005	lib/page/contact/people_nearby/people_nearby_page.dart	24e8d762b0b9b0157d50544c511aa72b341058a183221d5e3c5948b625218ff3	ACCEPTANCE_TARGET_MISSING	F00-S02	NOT_EXECUTED
353	fn:contact:people_nearby_page:006	lib/page/contact/people_nearby/people_nearby_page.dart	24e8d762b0b9b0157d50544c511aa72b341058a183221d5e3c5948b625218ff3	ACCEPTANCE_TARGET_MISSING	F00-S02	NOT_EXECUTED
354	fn:contact:people_nearby_page:007	lib/page/contact/people_nearby/people_nearby_page.dart	24e8d762b0b9b0157d50544c511aa72b341058a183221d5e3c5948b625218ff3	ACCEPTANCE_TARGET_MISSING	F00-S02	NOT_EXECUTED
355	fn:contact:people_nearby_page:008	lib/page/contact/people_nearby/people_nearby_page.dart	24e8d762b0b9b0157d50544c511aa72b341058a183221d5e3c5948b625218ff3	ACCEPTANCE_TARGET_MISSING	F00-S02	NOT_EXECUTED
356	fn:contact:people_nearby_page:009	lib/page/contact/people_nearby/people_nearby_page.dart	24e8d762b0b9b0157d50544c511aa72b341058a183221d5e3c5948b625218ff3	ACCEPTANCE_TARGET_MISSING	F00-S02	NOT_EXECUTED
357	fn:contact:people_nearby_page:010	lib/page/contact/people_nearby/people_nearby_page.dart	24e8d762b0b9b0157d50544c511aa72b341058a183221d5e3c5948b625218ff3	ACCEPTANCE_TARGET_MISSING	F00-S02	NOT_EXECUTED
358	fn:contact:people_nearby_page:011	lib/page/contact/people_nearby/people_nearby_page.dart	24e8d762b0b9b0157d50544c511aa72b341058a183221d5e3c5948b625218ff3	ACCEPTANCE_TARGET_MISSING	F00-S02	NOT_EXECUTED
359	fn:contact:recently_registered_user_page:001	lib/page/contact/recently_registered_user/recently_registered_user_page.dart	776d42042f9dc986db0db9085dbc7dbf402462551f1f1d70aea74e7ed3f4b5ab	ACCEPTANCE_TARGET_MISSING	F00-S02	NOT_EXECUTED
360	fn:contact:recently_registered_user_page:002	lib/page/contact/recently_registered_user/recently_registered_user_page.dart	776d42042f9dc986db0db9085dbc7dbf402462551f1f1d70aea74e7ed3f4b5ab	ACCEPTANCE_TARGET_MISSING	F00-S02	NOT_EXECUTED
361	fn:contact:recently_registered_user_page:003	lib/page/contact/recently_registered_user/recently_registered_user_page.dart	776d42042f9dc986db0db9085dbc7dbf402462551f1f1d70aea74e7ed3f4b5ab	ACCEPTANCE_TARGET_MISSING	F00-S02	NOT_EXECUTED
362	fn:contact:recently_registered_user_page:004	lib/page/contact/recently_registered_user/recently_registered_user_page.dart	776d42042f9dc986db0db9085dbc7dbf402462551f1f1d70aea74e7ed3f4b5ab	ACCEPTANCE_TARGET_MISSING	F00-S02	NOT_EXECUTED
363	fn:contact:recently_registered_user_page:005	lib/page/contact/recently_registered_user/recently_registered_user_page.dart	776d42042f9dc986db0db9085dbc7dbf402462551f1f1d70aea74e7ed3f4b5ab	ACCEPTANCE_TARGET_MISSING	F00-S02	NOT_EXECUTED
364	fn:contact:recently_registered_user_page:006	lib/page/contact/recently_registered_user/recently_registered_user_page.dart	776d42042f9dc986db0db9085dbc7dbf402462551f1f1d70aea74e7ed3f4b5ab	ACCEPTANCE_TARGET_MISSING	F00-S02	NOT_EXECUTED
365	fn:contact:recently_registered_user_page:007	lib/page/contact/recently_registered_user/recently_registered_user_page.dart	776d42042f9dc986db0db9085dbc7dbf402462551f1f1d70aea74e7ed3f4b5ab	ACCEPTANCE_TARGET_MISSING	F00-S02	NOT_EXECUTED
366	fn:contact:recently_registered_user_page:008	lib/page/contact/recently_registered_user/recently_registered_user_page.dart	776d42042f9dc986db0db9085dbc7dbf402462551f1f1d70aea74e7ed3f4b5ab	ACCEPTANCE_TARGET_MISSING	F00-S02	NOT_EXECUTED
379	fn:customer_service:cs_governance_page:001	lib/modules/customer_service/presentation/cs_governance_page.dart	510b09202812802282e772885a076ad3f1b20546240d21711d0a5bcc747c97a1	ACCEPTANCE_ORACLE_PLACEHOLDER,ACCEPTANCE_TARGET_MISSING	F00-S02	NOT_EXECUTED
380	fn:customer_service:cs_governance_page:002	lib/modules/customer_service/presentation/cs_governance_page.dart	510b09202812802282e772885a076ad3f1b20546240d21711d0a5bcc747c97a1	ACCEPTANCE_ORACLE_PLACEHOLDER,ACCEPTANCE_TARGET_MISSING	F00-S02	NOT_EXECUTED
381	fn:customer_service:cs_governance_page:003	lib/modules/customer_service/presentation/cs_governance_page.dart	510b09202812802282e772885a076ad3f1b20546240d21711d0a5bcc747c97a1	ACCEPTANCE_ORACLE_PLACEHOLDER,ACCEPTANCE_TARGET_MISSING	F00-S02	NOT_EXECUTED
382	fn:customer_service:cs_governance_page:004	lib/modules/customer_service/presentation/cs_governance_page.dart	510b09202812802282e772885a076ad3f1b20546240d21711d0a5bcc747c97a1	ACCEPTANCE_ORACLE_PLACEHOLDER,ACCEPTANCE_TARGET_MISSING	F00-S02	NOT_EXECUTED
383	fn:customer_service:cs_governance_page:005	lib/modules/customer_service/presentation/cs_governance_page.dart	510b09202812802282e772885a076ad3f1b20546240d21711d0a5bcc747c97a1	ACCEPTANCE_ORACLE_PLACEHOLDER,ACCEPTANCE_TARGET_MISSING	F00-S02	NOT_EXECUTED
384	fn:customer_service:cs_governance_page:006	lib/modules/customer_service/presentation/cs_governance_page.dart	510b09202812802282e772885a076ad3f1b20546240d21711d0a5bcc747c97a1	ACCEPTANCE_ORACLE_PLACEHOLDER,ACCEPTANCE_TARGET_MISSING	F00-S02	NOT_EXECUTED
385	fn:customer_service:cs_governance_page:007	lib/modules/customer_service/presentation/cs_governance_page.dart	510b09202812802282e772885a076ad3f1b20546240d21711d0a5bcc747c97a1	ACCEPTANCE_ORACLE_PLACEHOLDER,ACCEPTANCE_TARGET_MISSING	F00-S02	NOT_EXECUTED
386	fn:customer_service:cs_governance_page:008	lib/modules/customer_service/presentation/cs_governance_page.dart	510b09202812802282e772885a076ad3f1b20546240d21711d0a5bcc747c97a1	ACCEPTANCE_ORACLE_PLACEHOLDER,ACCEPTANCE_TARGET_MISSING	F00-S02	NOT_EXECUTED
387	fn:customer_service:cs_governance_page:009	lib/modules/customer_service/presentation/cs_governance_page.dart	510b09202812802282e772885a076ad3f1b20546240d21711d0a5bcc747c97a1	ACCEPTANCE_ORACLE_PLACEHOLDER,ACCEPTANCE_TARGET_MISSING	F00-S02	NOT_EXECUTED
388	fn:customer_service:cs_governance_page:010	lib/modules/customer_service/presentation/cs_governance_page.dart	510b09202812802282e772885a076ad3f1b20546240d21711d0a5bcc747c97a1	ACCEPTANCE_ORACLE_PLACEHOLDER,ACCEPTANCE_TARGET_MISSING	F00-S02	NOT_EXECUTED
389	fn:customer_service:cs_governance_page:011	lib/modules/customer_service/presentation/cs_governance_page.dart	510b09202812802282e772885a076ad3f1b20546240d21711d0a5bcc747c97a1	ACCEPTANCE_ORACLE_PLACEHOLDER,ACCEPTANCE_TARGET_MISSING	F00-S02	NOT_EXECUTED
390	fn:customer_service:cs_governance_page:012	lib/modules/customer_service/presentation/cs_governance_page.dart	510b09202812802282e772885a076ad3f1b20546240d21711d0a5bcc747c97a1	ACCEPTANCE_ORACLE_PLACEHOLDER,ACCEPTANCE_TARGET_MISSING	F00-S02	NOT_EXECUTED
391	fn:customer_service:cs_governance_page:013	lib/modules/customer_service/presentation/cs_governance_page.dart	510b09202812802282e772885a076ad3f1b20546240d21711d0a5bcc747c97a1	ACCEPTANCE_ORACLE_PLACEHOLDER,ACCEPTANCE_TARGET_MISSING	F00-S02	NOT_EXECUTED
392	fn:customer_service:cs_governance_page:014	lib/modules/customer_service/presentation/cs_governance_page.dart	510b09202812802282e772885a076ad3f1b20546240d21711d0a5bcc747c97a1	ACCEPTANCE_ORACLE_PLACEHOLDER,ACCEPTANCE_TARGET_MISSING	F00-S02	NOT_EXECUTED
393	fn:customer_service:cs_session_page:001	lib/modules/customer_service/presentation/cs_session_page.dart	ca31b6662f7c76630930972744b10d405678ef434158cc318af27fec8ddd4e10	ACCEPTANCE_ORACLE_PLACEHOLDER,ACCEPTANCE_TARGET_MISSING	F00-S02	NOT_EXECUTED
394	fn:customer_service:cs_session_page:002	lib/modules/customer_service/presentation/cs_session_page.dart	ca31b6662f7c76630930972744b10d405678ef434158cc318af27fec8ddd4e10	ACCEPTANCE_ORACLE_PLACEHOLDER,ACCEPTANCE_TARGET_MISSING	F00-S02	NOT_EXECUTED
395	fn:customer_service:cs_session_page:003	lib/modules/customer_service/presentation/cs_session_page.dart	ca31b6662f7c76630930972744b10d405678ef434158cc318af27fec8ddd4e10	ACCEPTANCE_ORACLE_PLACEHOLDER,ACCEPTANCE_TARGET_MISSING	F00-S02	NOT_EXECUTED
396	fn:customer_service:cs_session_page:004	lib/modules/customer_service/presentation/cs_session_page.dart	ca31b6662f7c76630930972744b10d405678ef434158cc318af27fec8ddd4e10	ACCEPTANCE_ORACLE_PLACEHOLDER,ACCEPTANCE_TARGET_MISSING	F00-S02	NOT_EXECUTED
397	fn:customer_service:cs_session_page:005	lib/modules/customer_service/presentation/cs_session_page.dart	ca31b6662f7c76630930972744b10d405678ef434158cc318af27fec8ddd4e10	ACCEPTANCE_ORACLE_PLACEHOLDER,ACCEPTANCE_TARGET_MISSING	F00-S02	NOT_EXECUTED
398	fn:customer_service:cs_session_page:006	lib/modules/customer_service/presentation/cs_session_page.dart	ca31b6662f7c76630930972744b10d405678ef434158cc318af27fec8ddd4e10	ACCEPTANCE_ORACLE_PLACEHOLDER,ACCEPTANCE_TARGET_MISSING	F00-S02	NOT_EXECUTED
399	fn:customer_service:cs_session_page:007	lib/modules/customer_service/presentation/cs_session_page.dart	ca31b6662f7c76630930972744b10d405678ef434158cc318af27fec8ddd4e10	ACCEPTANCE_ORACLE_PLACEHOLDER,ACCEPTANCE_TARGET_MISSING	F00-S02	NOT_EXECUTED
400	fn:customer_service:cs_session_page:008	lib/modules/customer_service/presentation/cs_session_page.dart	ca31b6662f7c76630930972744b10d405678ef434158cc318af27fec8ddd4e10	ACCEPTANCE_ORACLE_PLACEHOLDER,ACCEPTANCE_TARGET_MISSING	F00-S02	NOT_EXECUTED
401	fn:customer_service:cs_session_page:009	lib/modules/customer_service/presentation/cs_session_page.dart	ca31b6662f7c76630930972744b10d405678ef434158cc318af27fec8ddd4e10	ACCEPTANCE_ORACLE_PLACEHOLDER,ACCEPTANCE_TARGET_MISSING	F00-S02	NOT_EXECUTED
402	fn:customer_service:cs_session_page:010	lib/modules/customer_service/presentation/cs_session_page.dart	ca31b6662f7c76630930972744b10d405678ef434158cc318af27fec8ddd4e10	ACCEPTANCE_ORACLE_PLACEHOLDER,ACCEPTANCE_TARGET_MISSING	F00-S02	NOT_EXECUTED
403	fn:customer_service:cs_session_page:011	lib/modules/customer_service/presentation/cs_session_page.dart	ca31b6662f7c76630930972744b10d405678ef434158cc318af27fec8ddd4e10	ACCEPTANCE_ORACLE_PLACEHOLDER,ACCEPTANCE_TARGET_MISSING	F00-S02	NOT_EXECUTED
404	fn:customer_service:cs_session_page:012	lib/modules/customer_service/presentation/cs_session_page.dart	ca31b6662f7c76630930972744b10d405678ef434158cc318af27fec8ddd4e10	ACCEPTANCE_ORACLE_PLACEHOLDER,ACCEPTANCE_TARGET_MISSING	F00-S02	NOT_EXECUTED
405	fn:customer_service:cs_session_page:013	lib/modules/customer_service/presentation/cs_session_page.dart	ca31b6662f7c76630930972744b10d405678ef434158cc318af27fec8ddd4e10	ACCEPTANCE_ORACLE_PLACEHOLDER,ACCEPTANCE_TARGET_MISSING	F00-S02	NOT_EXECUTED
406	fn:customer_service:cs_session_page:014	lib/modules/customer_service/presentation/cs_session_page.dart	ca31b6662f7c76630930972744b10d405678ef434158cc318af27fec8ddd4e10	ACCEPTANCE_ORACLE_PLACEHOLDER,ACCEPTANCE_TARGET_MISSING	F00-S02	NOT_EXECUTED
407	fn:customer_service:cs_session_page:015	lib/modules/customer_service/presentation/cs_session_page.dart	ca31b6662f7c76630930972744b10d405678ef434158cc318af27fec8ddd4e10	ACCEPTANCE_ORACLE_PLACEHOLDER,ACCEPTANCE_TARGET_MISSING	F00-S02	NOT_EXECUTED
408	fn:customer_service:cs_session_page:016	lib/modules/customer_service/presentation/cs_session_page.dart	ca31b6662f7c76630930972744b10d405678ef434158cc318af27fec8ddd4e10	ACCEPTANCE_ORACLE_PLACEHOLDER,ACCEPTANCE_TARGET_MISSING	F00-S02	NOT_EXECUTED
409	fn:customer_service:cs_session_page:017	lib/modules/customer_service/presentation/cs_session_page.dart	ca31b6662f7c76630930972744b10d405678ef434158cc318af27fec8ddd4e10	ACCEPTANCE_ORACLE_PLACEHOLDER,ACCEPTANCE_TARGET_MISSING	F00-S02	NOT_EXECUTED
410	fn:customer_service:cs_workspace_page:001	lib/modules/customer_service/presentation/cs_workspace_page.dart	602c80d147ebaffba4828e6c49b142b9cff8413e289a3da6d251b0ed6736e494	ACCEPTANCE_ORACLE_PLACEHOLDER,ACCEPTANCE_TARGET_MISSING	F00-S02	NOT_EXECUTED
411	fn:enterprise:enterprise_conversation_page:001	lib/modules/enterprise/presentation/enterprise_conversation_page.dart	13251b373fa6e0ae46df648b6194c8b6f9c70e57c5970c44561cb19774778b88	ACCEPTANCE_ORACLE_PLACEHOLDER,ACCEPTANCE_TARGET_MISSING	F00-S02	NOT_EXECUTED
412	fn:enterprise:enterprise_conversation_page:002	lib/modules/enterprise/presentation/enterprise_conversation_page.dart	13251b373fa6e0ae46df648b6194c8b6f9c70e57c5970c44561cb19774778b88	ACCEPTANCE_ORACLE_PLACEHOLDER,ACCEPTANCE_TARGET_MISSING	F00-S02	NOT_EXECUTED
413	fn:enterprise:enterprise_conversation_page:003	lib/modules/enterprise/presentation/enterprise_conversation_page.dart	13251b373fa6e0ae46df648b6194c8b6f9c70e57c5970c44561cb19774778b88	ACCEPTANCE_ORACLE_PLACEHOLDER,ACCEPTANCE_TARGET_MISSING	F00-S02	NOT_EXECUTED
414	fn:enterprise:enterprise_conversation_page:004	lib/modules/enterprise/presentation/enterprise_conversation_page.dart	13251b373fa6e0ae46df648b6194c8b6f9c70e57c5970c44561cb19774778b88	ACCEPTANCE_ORACLE_PLACEHOLDER,ACCEPTANCE_TARGET_MISSING	F00-S02	NOT_EXECUTED
415	fn:enterprise:enterprise_conversation_page:005	lib/modules/enterprise/presentation/enterprise_conversation_page.dart	13251b373fa6e0ae46df648b6194c8b6f9c70e57c5970c44561cb19774778b88	ACCEPTANCE_ORACLE_PLACEHOLDER,ACCEPTANCE_TARGET_MISSING	F00-S02	NOT_EXECUTED
416	fn:enterprise:enterprise_home_page:001	lib/modules/enterprise/presentation/enterprise_home_page.dart	1ea9b2688881469a3042003eb0407088d6c6a597c4852d222a60ef2588035564	ACCEPTANCE_ORACLE_PLACEHOLDER,ACCEPTANCE_TARGET_MISSING	F00-S02	NOT_EXECUTED
417	fn:enterprise:enterprise_home_page:002	lib/modules/enterprise/presentation/enterprise_home_page.dart	1ea9b2688881469a3042003eb0407088d6c6a597c4852d222a60ef2588035564	ACCEPTANCE_ORACLE_PLACEHOLDER,ACCEPTANCE_TARGET_MISSING	F00-S02	NOT_EXECUTED
418	fn:enterprise:enterprise_home_page:003	lib/modules/enterprise/presentation/enterprise_home_page.dart	1ea9b2688881469a3042003eb0407088d6c6a597c4852d222a60ef2588035564	ACCEPTANCE_ORACLE_PLACEHOLDER,ACCEPTANCE_TARGET_MISSING	F00-S02	NOT_EXECUTED
419	fn:enterprise:enterprise_home_page:004	lib/modules/enterprise/presentation/enterprise_home_page.dart	1ea9b2688881469a3042003eb0407088d6c6a597c4852d222a60ef2588035564	ACCEPTANCE_ORACLE_PLACEHOLDER,ACCEPTANCE_TARGET_MISSING	F00-S02	NOT_EXECUTED
420	fn:enterprise:enterprise_home_page:005	lib/modules/enterprise/presentation/enterprise_home_page.dart	1ea9b2688881469a3042003eb0407088d6c6a597c4852d222a60ef2588035564	ACCEPTANCE_ORACLE_PLACEHOLDER,ACCEPTANCE_TARGET_MISSING	F00-S02	NOT_EXECUTED
421	fn:enterprise:enterprise_home_page:006	lib/modules/enterprise/presentation/enterprise_home_page.dart	1ea9b2688881469a3042003eb0407088d6c6a597c4852d222a60ef2588035564	ACCEPTANCE_ORACLE_PLACEHOLDER,ACCEPTANCE_TARGET_MISSING	F00-S02	NOT_EXECUTED
422	fn:enterprise:enterprise_home_page:007	lib/modules/enterprise/presentation/enterprise_home_page.dart	1ea9b2688881469a3042003eb0407088d6c6a597c4852d222a60ef2588035564	ACCEPTANCE_ORACLE_PLACEHOLDER,ACCEPTANCE_TARGET_MISSING	F00-S02	NOT_EXECUTED
423	fn:enterprise:enterprise_home_page:008	lib/modules/enterprise/presentation/enterprise_home_page.dart	1ea9b2688881469a3042003eb0407088d6c6a597c4852d222a60ef2588035564	ACCEPTANCE_ORACLE_PLACEHOLDER,ACCEPTANCE_TARGET_MISSING	F00-S02	NOT_EXECUTED
424	fn:enterprise:enterprise_home_page:009	lib/modules/enterprise/presentation/enterprise_home_page.dart	1ea9b2688881469a3042003eb0407088d6c6a597c4852d222a60ef2588035564	ACCEPTANCE_ORACLE_PLACEHOLDER,ACCEPTANCE_TARGET_MISSING	F00-S02	NOT_EXECUTED
425	fn:enterprise:enterprise_home_page:010	lib/modules/enterprise/presentation/enterprise_home_page.dart	1ea9b2688881469a3042003eb0407088d6c6a597c4852d222a60ef2588035564	ACCEPTANCE_ORACLE_PLACEHOLDER,ACCEPTANCE_TARGET_MISSING	F00-S02	NOT_EXECUTED
426	fn:enterprise:enterprise_home_page:011	lib/modules/enterprise/presentation/enterprise_home_page.dart	1ea9b2688881469a3042003eb0407088d6c6a597c4852d222a60ef2588035564	ACCEPTANCE_ORACLE_PLACEHOLDER,ACCEPTANCE_TARGET_MISSING	F00-S02	NOT_EXECUTED
427	fn:enterprise_app:enterprise_directory_page:001	lib/modules/enterprise_app/presentation/enterprise_directory_page.dart	bae30a93d463b2af1ffcc060f610fe08c1a11f32f1c339bff28880fa11092256	ACCEPTANCE_ORACLE_PLACEHOLDER,ACCEPTANCE_TARGET_MISSING	F00-S02	NOT_EXECUTED
428	fn:enterprise_app:enterprise_directory_page:002	lib/modules/enterprise_app/presentation/enterprise_directory_page.dart	bae30a93d463b2af1ffcc060f610fe08c1a11f32f1c339bff28880fa11092256	ACCEPTANCE_ORACLE_PLACEHOLDER,ACCEPTANCE_TARGET_MISSING	F00-S02	NOT_EXECUTED
429	fn:enterprise_app:enterprise_group_page:001	lib/modules/enterprise_app/presentation/enterprise_group_page.dart	a9cf81230d799b2aae3fe233d4c8b62f38d7d0e3ab087556cd9cf794d2f43f11	ACCEPTANCE_ORACLE_PLACEHOLDER,ACCEPTANCE_TARGET_MISSING	F00-S02	NOT_EXECUTED
430	fn:enterprise_app:enterprise_group_page:002	lib/modules/enterprise_app/presentation/enterprise_group_page.dart	a9cf81230d799b2aae3fe233d4c8b62f38d7d0e3ab087556cd9cf794d2f43f11	ACCEPTANCE_ORACLE_PLACEHOLDER,ACCEPTANCE_TARGET_MISSING	F00-S02	NOT_EXECUTED
431	fn:enterprise_app:enterprise_group_page:003	lib/modules/enterprise_app/presentation/enterprise_group_page.dart	a9cf81230d799b2aae3fe233d4c8b62f38d7d0e3ab087556cd9cf794d2f43f11	ACCEPTANCE_ORACLE_PLACEHOLDER,ACCEPTANCE_TARGET_MISSING	F00-S02	NOT_EXECUTED
432	fn:enterprise_app:enterprise_group_page:004	lib/modules/enterprise_app/presentation/enterprise_group_page.dart	a9cf81230d799b2aae3fe233d4c8b62f38d7d0e3ab087556cd9cf794d2f43f11	ACCEPTANCE_ORACLE_PLACEHOLDER,ACCEPTANCE_TARGET_MISSING	F00-S02	NOT_EXECUTED
433	fn:enterprise_app:enterprise_group_page:005	lib/modules/enterprise_app/presentation/enterprise_group_page.dart	a9cf81230d799b2aae3fe233d4c8b62f38d7d0e3ab087556cd9cf794d2f43f11	ACCEPTANCE_ORACLE_PLACEHOLDER,ACCEPTANCE_TARGET_MISSING	F00-S02	NOT_EXECUTED
434	fn:enterprise_app:enterprise_group_page:006	lib/modules/enterprise_app/presentation/enterprise_group_page.dart	a9cf81230d799b2aae3fe233d4c8b62f38d7d0e3ab087556cd9cf794d2f43f11	ACCEPTANCE_ORACLE_PLACEHOLDER,ACCEPTANCE_TARGET_MISSING	F00-S02	NOT_EXECUTED
435	fn:enterprise_app:enterprise_group_page:007	lib/modules/enterprise_app/presentation/enterprise_group_page.dart	a9cf81230d799b2aae3fe233d4c8b62f38d7d0e3ab087556cd9cf794d2f43f11	ACCEPTANCE_ORACLE_PLACEHOLDER,ACCEPTANCE_TARGET_MISSING	F00-S02	NOT_EXECUTED
436	fn:enterprise_app:enterprise_group_page:008	lib/modules/enterprise_app/presentation/enterprise_group_page.dart	a9cf81230d799b2aae3fe233d4c8b62f38d7d0e3ab087556cd9cf794d2f43f11	ACCEPTANCE_ORACLE_PLACEHOLDER,ACCEPTANCE_TARGET_MISSING	F00-S02	NOT_EXECUTED
437	fn:enterprise_app:enterprise_group_page:009	lib/modules/enterprise_app/presentation/enterprise_group_page.dart	a9cf81230d799b2aae3fe233d4c8b62f38d7d0e3ab087556cd9cf794d2f43f11	ACCEPTANCE_ORACLE_PLACEHOLDER,ACCEPTANCE_TARGET_MISSING	F00-S02	NOT_EXECUTED
438	fn:enterprise_oa:enterprise_workbench_page:001	lib/modules/enterprise_oa/presentation/enterprise_workbench_page.dart	40dd7ceedda8402ea22212469ba67156caee6c758221129eb3684e56828f7d46	ACCEPTANCE_ORACLE_PLACEHOLDER,ACCEPTANCE_TARGET_MISSING	F00-S02	NOT_EXECUTED
439	fn:enterprise_oa:enterprise_workbench_page:002	lib/modules/enterprise_oa/presentation/enterprise_workbench_page.dart	40dd7ceedda8402ea22212469ba67156caee6c758221129eb3684e56828f7d46	ACCEPTANCE_ORACLE_PLACEHOLDER,ACCEPTANCE_TARGET_MISSING	F00-S02	NOT_EXECUTED
440	fn:enterprise_oa:enterprise_workbench_page:003	lib/modules/enterprise_oa/presentation/enterprise_workbench_page.dart	40dd7ceedda8402ea22212469ba67156caee6c758221129eb3684e56828f7d46	ACCEPTANCE_ORACLE_PLACEHOLDER,ACCEPTANCE_TARGET_MISSING	F00-S02	NOT_EXECUTED
441	fn:enterprise_oa:oa_tab_page:001	lib/modules/enterprise_oa/presentation/oa_tab_page.dart	5100be591064b1a7ea0bf32a6f10c813653a520413c2c194490064d35fdf7c41	ACCEPTANCE_ORACLE_PLACEHOLDER,ACCEPTANCE_TARGET_MISSING	F00-S02	NOT_EXECUTED
442	fn:error:init_error_page:001	lib/page/error/init_error_page.dart	5acf337e17d1073082bce75b7bd68609ebb10709c8c280974ea28d6d2735cb89	ACCEPTANCE_ORACLE_PLACEHOLDER,ACCEPTANCE_TARGET_MISSING	F00-S02	NOT_EXECUTED
443	fn:group:add_member_page:001	lib/page/group/group_detail/add_member_page.dart	f2f6e584bbb2ce8bcf3ab7507eaaab5baf509773e85acb9489c2cde46563c192	ACCEPTANCE_TARGET_MISSING	F00-S02	NOT_EXECUTED
444	fn:group:add_member_page:002	lib/page/group/group_detail/add_member_page.dart	f2f6e584bbb2ce8bcf3ab7507eaaab5baf509773e85acb9489c2cde46563c192	ACCEPTANCE_TARGET_MISSING	F00-S02	NOT_EXECUTED
445	fn:group:add_member_page:003	lib/page/group/group_detail/add_member_page.dart	f2f6e584bbb2ce8bcf3ab7507eaaab5baf509773e85acb9489c2cde46563c192	ACCEPTANCE_TARGET_MISSING	F00-S02	NOT_EXECUTED
446	fn:group:add_member_page:004	lib/page/group/group_detail/add_member_page.dart	f2f6e584bbb2ce8bcf3ab7507eaaab5baf509773e85acb9489c2cde46563c192	ACCEPTANCE_TARGET_MISSING	F00-S02	NOT_EXECUTED
447	fn:group:add_member_page:005	lib/page/group/group_detail/add_member_page.dart	f2f6e584bbb2ce8bcf3ab7507eaaab5baf509773e85acb9489c2cde46563c192	ACCEPTANCE_TARGET_MISSING	F00-S02	NOT_EXECUTED
448	fn:group:add_member_page:006	lib/page/group/group_detail/add_member_page.dart	f2f6e584bbb2ce8bcf3ab7507eaaab5baf509773e85acb9489c2cde46563c192	ACCEPTANCE_TARGET_MISSING	F00-S02	NOT_EXECUTED
449	fn:group:add_member_page:007	lib/page/group/group_detail/add_member_page.dart	f2f6e584bbb2ce8bcf3ab7507eaaab5baf509773e85acb9489c2cde46563c192	ACCEPTANCE_TARGET_MISSING	F00-S02	NOT_EXECUTED
450	fn:group:add_member_page:008	lib/page/group/group_detail/add_member_page.dart	f2f6e584bbb2ce8bcf3ab7507eaaab5baf509773e85acb9489c2cde46563c192	ACCEPTANCE_TARGET_MISSING	F00-S02	NOT_EXECUTED
451	fn:group:add_member_page:009	lib/page/group/group_detail/add_member_page.dart	f2f6e584bbb2ce8bcf3ab7507eaaab5baf509773e85acb9489c2cde46563c192	ACCEPTANCE_TARGET_MISSING	F00-S02	NOT_EXECUTED
452	fn:group:add_member_page:010	lib/page/group/group_detail/add_member_page.dart	f2f6e584bbb2ce8bcf3ab7507eaaab5baf509773e85acb9489c2cde46563c192	ACCEPTANCE_TARGET_MISSING	F00-S02	NOT_EXECUTED
453	fn:group:add_member_page:011	lib/page/group/group_detail/add_member_page.dart	f2f6e584bbb2ce8bcf3ab7507eaaab5baf509773e85acb9489c2cde46563c192	ACCEPTANCE_TARGET_MISSING	F00-S02	NOT_EXECUTED
454	fn:group:change_info_page:001	lib/page/group/group_detail/change_info_page.dart	cfc29f50a031057f34fdb69d8ef835c8e6202993ca0c8c590f2ed4aa589279fe	ACCEPTANCE_TARGET_MISSING	F00-S02	NOT_EXECUTED
455	fn:group:change_info_page:002	lib/page/group/group_detail/change_info_page.dart	cfc29f50a031057f34fdb69d8ef835c8e6202993ca0c8c590f2ed4aa589279fe	ACCEPTANCE_TARGET_MISSING	F00-S02	NOT_EXECUTED
456	fn:group:change_info_page:003	lib/page/group/group_detail/change_info_page.dart	cfc29f50a031057f34fdb69d8ef835c8e6202993ca0c8c590f2ed4aa589279fe	ACCEPTANCE_TARGET_MISSING	F00-S02	NOT_EXECUTED
457	fn:group:change_info_page:004	lib/page/group/group_detail/change_info_page.dart	cfc29f50a031057f34fdb69d8ef835c8e6202993ca0c8c590f2ed4aa589279fe	ACCEPTANCE_TARGET_MISSING	F00-S02	NOT_EXECUTED
458	fn:group:change_info_page:005	lib/page/group/group_detail/change_info_page.dart	cfc29f50a031057f34fdb69d8ef835c8e6202993ca0c8c590f2ed4aa589279fe	ACCEPTANCE_TARGET_MISSING	F00-S02	NOT_EXECUTED
459	fn:group:change_info_page:006	lib/page/group/group_detail/change_info_page.dart	cfc29f50a031057f34fdb69d8ef835c8e6202993ca0c8c590f2ed4aa589279fe	ACCEPTANCE_TARGET_MISSING	F00-S02	NOT_EXECUTED
460	fn:group:change_info_page:007	lib/page/group/group_detail/change_info_page.dart	cfc29f50a031057f34fdb69d8ef835c8e6202993ca0c8c590f2ed4aa589279fe	ACCEPTANCE_TARGET_MISSING	F00-S02	NOT_EXECUTED
461	fn:group:change_info_page:008	lib/page/group/group_detail/change_info_page.dart	cfc29f50a031057f34fdb69d8ef835c8e6202993ca0c8c590f2ed4aa589279fe	ACCEPTANCE_TARGET_MISSING	F00-S02	NOT_EXECUTED
462	fn:group:change_info_page:009	lib/page/group/group_detail/change_info_page.dart	cfc29f50a031057f34fdb69d8ef835c8e6202993ca0c8c590f2ed4aa589279fe	ACCEPTANCE_TARGET_MISSING	F00-S02	NOT_EXECUTED
463	fn:group:change_info_page:010	lib/page/group/group_detail/change_info_page.dart	cfc29f50a031057f34fdb69d8ef835c8e6202993ca0c8c590f2ed4aa589279fe	ACCEPTANCE_TARGET_MISSING	F00-S02	NOT_EXECUTED
464	fn:group:face_to_face_confirm_page:001	lib/page/group/face_to_face/face_to_face_confirm_page.dart	fa638a32c8411f676dcfcd40afa2a1d3fb458ca7a96fa9170ba319e328c5b353	ACCEPTANCE_TARGET_MISSING	F00-S02	NOT_EXECUTED
465	fn:group:face_to_face_confirm_page:002	lib/page/group/face_to_face/face_to_face_confirm_page.dart	fa638a32c8411f676dcfcd40afa2a1d3fb458ca7a96fa9170ba319e328c5b353	ACCEPTANCE_TARGET_MISSING	F00-S02	NOT_EXECUTED
466	fn:group:face_to_face_confirm_page:003	lib/page/group/face_to_face/face_to_face_confirm_page.dart	fa638a32c8411f676dcfcd40afa2a1d3fb458ca7a96fa9170ba319e328c5b353	ACCEPTANCE_TARGET_MISSING	F00-S02	NOT_EXECUTED
467	fn:group:face_to_face_confirm_page:004	lib/page/group/face_to_face/face_to_face_confirm_page.dart	fa638a32c8411f676dcfcd40afa2a1d3fb458ca7a96fa9170ba319e328c5b353	ACCEPTANCE_TARGET_MISSING	F00-S02	NOT_EXECUTED
468	fn:group:face_to_face_confirm_page:005	lib/page/group/face_to_face/face_to_face_confirm_page.dart	fa638a32c8411f676dcfcd40afa2a1d3fb458ca7a96fa9170ba319e328c5b353	ACCEPTANCE_TARGET_MISSING	F00-S02	NOT_EXECUTED
469	fn:group:face_to_face_confirm_page:006	lib/page/group/face_to_face/face_to_face_confirm_page.dart	fa638a32c8411f676dcfcd40afa2a1d3fb458ca7a96fa9170ba319e328c5b353	ACCEPTANCE_TARGET_MISSING	F00-S02	NOT_EXECUTED
470	fn:group:face_to_face_confirm_page:007	lib/page/group/face_to_face/face_to_face_confirm_page.dart	fa638a32c8411f676dcfcd40afa2a1d3fb458ca7a96fa9170ba319e328c5b353	ACCEPTANCE_TARGET_MISSING	F00-S02	NOT_EXECUTED
471	fn:group:face_to_face_confirm_page:008	lib/page/group/face_to_face/face_to_face_confirm_page.dart	fa638a32c8411f676dcfcd40afa2a1d3fb458ca7a96fa9170ba319e328c5b353	ACCEPTANCE_TARGET_MISSING	F00-S02	NOT_EXECUTED
472	fn:group:face_to_face_confirm_page:009	lib/page/group/face_to_face/face_to_face_confirm_page.dart	fa638a32c8411f676dcfcd40afa2a1d3fb458ca7a96fa9170ba319e328c5b353	ACCEPTANCE_TARGET_MISSING	F00-S02	NOT_EXECUTED
473	fn:group:face_to_face_confirm_page:010	lib/page/group/face_to_face/face_to_face_confirm_page.dart	fa638a32c8411f676dcfcd40afa2a1d3fb458ca7a96fa9170ba319e328c5b353	ACCEPTANCE_TARGET_MISSING	F00-S02	NOT_EXECUTED
474	fn:group:face_to_face_page:001	lib/page/group/face_to_face/face_to_face_page.dart	f61ae4be3d28f767a1fd3f7bf10d6c68c4c7feaefbb66cb9088422b65ee03853	ACCEPTANCE_TARGET_MISSING	F00-S02	NOT_EXECUTED
475	fn:group:face_to_face_page:002	lib/page/group/face_to_face/face_to_face_page.dart	f61ae4be3d28f767a1fd3f7bf10d6c68c4c7feaefbb66cb9088422b65ee03853	ACCEPTANCE_TARGET_MISSING	F00-S02	NOT_EXECUTED
476	fn:group:face_to_face_page:003	lib/page/group/face_to_face/face_to_face_page.dart	f61ae4be3d28f767a1fd3f7bf10d6c68c4c7feaefbb66cb9088422b65ee03853	ACCEPTANCE_TARGET_MISSING	F00-S02	NOT_EXECUTED
477	fn:group:face_to_face_page:004	lib/page/group/face_to_face/face_to_face_page.dart	f61ae4be3d28f767a1fd3f7bf10d6c68c4c7feaefbb66cb9088422b65ee03853	ACCEPTANCE_TARGET_MISSING	F00-S02	NOT_EXECUTED
478	fn:group:face_to_face_page:005	lib/page/group/face_to_face/face_to_face_page.dart	f61ae4be3d28f767a1fd3f7bf10d6c68c4c7feaefbb66cb9088422b65ee03853	ACCEPTANCE_TARGET_MISSING	F00-S02	NOT_EXECUTED
479	fn:group:face_to_face_page:006	lib/page/group/face_to_face/face_to_face_page.dart	f61ae4be3d28f767a1fd3f7bf10d6c68c4c7feaefbb66cb9088422b65ee03853	ACCEPTANCE_TARGET_MISSING	F00-S02	NOT_EXECUTED
480	fn:group:face_to_face_page:007	lib/page/group/face_to_face/face_to_face_page.dart	f61ae4be3d28f767a1fd3f7bf10d6c68c4c7feaefbb66cb9088422b65ee03853	ACCEPTANCE_TARGET_MISSING	F00-S02	NOT_EXECUTED
481	fn:group:face_to_face_page:008	lib/page/group/face_to_face/face_to_face_page.dart	f61ae4be3d28f767a1fd3f7bf10d6c68c4c7feaefbb66cb9088422b65ee03853	ACCEPTANCE_TARGET_MISSING	F00-S02	NOT_EXECUTED
482	fn:group:face_to_face_page:009	lib/page/group/face_to_face/face_to_face_page.dart	f61ae4be3d28f767a1fd3f7bf10d6c68c4c7feaefbb66cb9088422b65ee03853	ACCEPTANCE_TARGET_MISSING	F00-S02	NOT_EXECUTED
483	fn:group:face_to_face_page:010	lib/page/group/face_to_face/face_to_face_page.dart	f61ae4be3d28f767a1fd3f7bf10d6c68c4c7feaefbb66cb9088422b65ee03853	ACCEPTANCE_TARGET_MISSING	F00-S02	NOT_EXECUTED
484	fn:group:face_to_face_page:011	lib/page/group/face_to_face/face_to_face_page.dart	f61ae4be3d28f767a1fd3f7bf10d6c68c4c7feaefbb66cb9088422b65ee03853	ACCEPTANCE_TARGET_MISSING	F00-S02	NOT_EXECUTED
485	fn:group:group_album_page:001	lib/page/group/album/group_album_page.dart	c2c3df2b1a2dd3b18fca0fedaa2683a93e85daa6e9d6071772dbe0cb0f021c63	ACCEPTANCE_TARGET_MISSING	F00-S02	NOT_EXECUTED
486	fn:group:group_album_page:002	lib/page/group/album/group_album_page.dart	c2c3df2b1a2dd3b18fca0fedaa2683a93e85daa6e9d6071772dbe0cb0f021c63	ACCEPTANCE_TARGET_MISSING	F00-S02	NOT_EXECUTED
487	fn:group:group_album_page:003	lib/page/group/album/group_album_page.dart	c2c3df2b1a2dd3b18fca0fedaa2683a93e85daa6e9d6071772dbe0cb0f021c63	ACCEPTANCE_TARGET_MISSING	F00-S02	NOT_EXECUTED
488	fn:group:group_album_page:004	lib/page/group/album/group_album_page.dart	c2c3df2b1a2dd3b18fca0fedaa2683a93e85daa6e9d6071772dbe0cb0f021c63	ACCEPTANCE_TARGET_MISSING	F00-S02	NOT_EXECUTED
489	fn:group:group_album_page:005	lib/page/group/album/group_album_page.dart	c2c3df2b1a2dd3b18fca0fedaa2683a93e85daa6e9d6071772dbe0cb0f021c63	ACCEPTANCE_TARGET_MISSING	F00-S02	NOT_EXECUTED
490	fn:group:group_album_page:006	lib/page/group/album/group_album_page.dart	c2c3df2b1a2dd3b18fca0fedaa2683a93e85daa6e9d6071772dbe0cb0f021c63	ACCEPTANCE_TARGET_MISSING	F00-S02	NOT_EXECUTED
491	fn:group:group_album_page:007	lib/page/group/album/group_album_page.dart	c2c3df2b1a2dd3b18fca0fedaa2683a93e85daa6e9d6071772dbe0cb0f021c63	ACCEPTANCE_TARGET_MISSING	F00-S02	NOT_EXECUTED
492	fn:group:group_album_page:008	lib/page/group/album/group_album_page.dart	c2c3df2b1a2dd3b18fca0fedaa2683a93e85daa6e9d6071772dbe0cb0f021c63	ACCEPTANCE_TARGET_MISSING	F00-S02	NOT_EXECUTED
493	fn:group:group_album_page:009	lib/page/group/album/group_album_page.dart	c2c3df2b1a2dd3b18fca0fedaa2683a93e85daa6e9d6071772dbe0cb0f021c63	ACCEPTANCE_TARGET_MISSING	F00-S02	NOT_EXECUTED
494	fn:group:group_album_page:010	lib/page/group/album/group_album_page.dart	c2c3df2b1a2dd3b18fca0fedaa2683a93e85daa6e9d6071772dbe0cb0f021c63	ACCEPTANCE_TARGET_MISSING	F00-S02	NOT_EXECUTED
495	fn:group:group_album_photo_detail_page:001	lib/page/group/album/group_album_photo_detail_page.dart	778c36f707f48c9c2ab41afb75bc9191537d8d252cf9a1193049c8bbbeaed091	ACCEPTANCE_TARGET_MISSING	F00-S02	NOT_EXECUTED
496	fn:group:group_album_photo_detail_page:002	lib/page/group/album/group_album_photo_detail_page.dart	778c36f707f48c9c2ab41afb75bc9191537d8d252cf9a1193049c8bbbeaed091	ACCEPTANCE_TARGET_MISSING	F00-S02	NOT_EXECUTED
497	fn:group:group_album_photo_detail_page:003	lib/page/group/album/group_album_photo_detail_page.dart	778c36f707f48c9c2ab41afb75bc9191537d8d252cf9a1193049c8bbbeaed091	ACCEPTANCE_TARGET_MISSING	F00-S02	NOT_EXECUTED
498	fn:group:group_album_photo_detail_page:004	lib/page/group/album/group_album_photo_detail_page.dart	778c36f707f48c9c2ab41afb75bc9191537d8d252cf9a1193049c8bbbeaed091	ACCEPTANCE_TARGET_MISSING	F00-S02	NOT_EXECUTED
499	fn:group:group_album_photo_detail_page:005	lib/page/group/album/group_album_photo_detail_page.dart	778c36f707f48c9c2ab41afb75bc9191537d8d252cf9a1193049c8bbbeaed091	ACCEPTANCE_TARGET_MISSING	F00-S02	NOT_EXECUTED
500	fn:group:group_album_photo_detail_page:006	lib/page/group/album/group_album_photo_detail_page.dart	778c36f707f48c9c2ab41afb75bc9191537d8d252cf9a1193049c8bbbeaed091	ACCEPTANCE_TARGET_MISSING	F00-S02	NOT_EXECUTED
501	fn:group:group_album_photo_detail_page:007	lib/page/group/album/group_album_photo_detail_page.dart	778c36f707f48c9c2ab41afb75bc9191537d8d252cf9a1193049c8bbbeaed091	ACCEPTANCE_TARGET_MISSING	F00-S02	NOT_EXECUTED
502	fn:group:group_album_photo_detail_page:008	lib/page/group/album/group_album_photo_detail_page.dart	778c36f707f48c9c2ab41afb75bc9191537d8d252cf9a1193049c8bbbeaed091	ACCEPTANCE_TARGET_MISSING	F00-S02	NOT_EXECUTED
503	fn:group:group_album_photo_detail_page:009	lib/page/group/album/group_album_photo_detail_page.dart	778c36f707f48c9c2ab41afb75bc9191537d8d252cf9a1193049c8bbbeaed091	ACCEPTANCE_TARGET_MISSING	F00-S02	NOT_EXECUTED
504	fn:group:group_album_photo_detail_page:010	lib/page/group/album/group_album_photo_detail_page.dart	778c36f707f48c9c2ab41afb75bc9191537d8d252cf9a1193049c8bbbeaed091	ACCEPTANCE_TARGET_MISSING	F00-S02	NOT_EXECUTED
505	fn:group:group_album_photo_detail_page:011	lib/page/group/album/group_album_photo_detail_page.dart	778c36f707f48c9c2ab41afb75bc9191537d8d252cf9a1193049c8bbbeaed091	ACCEPTANCE_TARGET_MISSING	F00-S02	NOT_EXECUTED
506	fn:group:group_album_photo_page:001	lib/page/group/album/group_album_photo_page.dart	a4096af4f628244d8ae2f4833073ccfc8b58a2316a28edb3d9209ccfdf7ab60f	ACCEPTANCE_TARGET_MISSING	F00-S02	NOT_EXECUTED
507	fn:group:group_album_photo_page:002	lib/page/group/album/group_album_photo_page.dart	a4096af4f628244d8ae2f4833073ccfc8b58a2316a28edb3d9209ccfdf7ab60f	ACCEPTANCE_TARGET_MISSING	F00-S02	NOT_EXECUTED
508	fn:group:group_album_photo_page:003	lib/page/group/album/group_album_photo_page.dart	a4096af4f628244d8ae2f4833073ccfc8b58a2316a28edb3d9209ccfdf7ab60f	ACCEPTANCE_TARGET_MISSING	F00-S02	NOT_EXECUTED
509	fn:group:group_album_photo_page:004	lib/page/group/album/group_album_photo_page.dart	a4096af4f628244d8ae2f4833073ccfc8b58a2316a28edb3d9209ccfdf7ab60f	ACCEPTANCE_TARGET_MISSING	F00-S02	NOT_EXECUTED
510	fn:group:group_album_photo_page:005	lib/page/group/album/group_album_photo_page.dart	a4096af4f628244d8ae2f4833073ccfc8b58a2316a28edb3d9209ccfdf7ab60f	ACCEPTANCE_TARGET_MISSING	F00-S02	NOT_EXECUTED
511	fn:group:group_album_photo_page:006	lib/page/group/album/group_album_photo_page.dart	a4096af4f628244d8ae2f4833073ccfc8b58a2316a28edb3d9209ccfdf7ab60f	ACCEPTANCE_TARGET_MISSING	F00-S02	NOT_EXECUTED
512	fn:group:group_album_photo_page:007	lib/page/group/album/group_album_photo_page.dart	a4096af4f628244d8ae2f4833073ccfc8b58a2316a28edb3d9209ccfdf7ab60f	ACCEPTANCE_TARGET_MISSING	F00-S02	NOT_EXECUTED
513	fn:group:group_album_photo_page:008	lib/page/group/album/group_album_photo_page.dart	a4096af4f628244d8ae2f4833073ccfc8b58a2316a28edb3d9209ccfdf7ab60f	ACCEPTANCE_TARGET_MISSING	F00-S02	NOT_EXECUTED
514	fn:group:group_album_photo_page:009	lib/page/group/album/group_album_photo_page.dart	a4096af4f628244d8ae2f4833073ccfc8b58a2316a28edb3d9209ccfdf7ab60f	ACCEPTANCE_TARGET_MISSING	F00-S02	NOT_EXECUTED
515	fn:group:group_album_photo_page:010	lib/page/group/album/group_album_photo_page.dart	a4096af4f628244d8ae2f4833073ccfc8b58a2316a28edb3d9209ccfdf7ab60f	ACCEPTANCE_TARGET_MISSING	F00-S02	NOT_EXECUTED
516	fn:group:group_album_photo_page:011	lib/page/group/album/group_album_photo_page.dart	a4096af4f628244d8ae2f4833073ccfc8b58a2316a28edb3d9209ccfdf7ab60f	ACCEPTANCE_TARGET_MISSING	F00-S02	NOT_EXECUTED
517	fn:group:group_album_photo_page:012	lib/page/group/album/group_album_photo_page.dart	a4096af4f628244d8ae2f4833073ccfc8b58a2316a28edb3d9209ccfdf7ab60f	ACCEPTANCE_TARGET_MISSING	F00-S02	NOT_EXECUTED
518	fn:group:group_announcement_page:001	lib/page/group/announcement/group_announcement_page.dart	1ede79622b442d03afea5580cfe89c454c98d80e312e3225bbe1dc1312341c40	ACCEPTANCE_TARGET_MISSING	F00-S02	NOT_EXECUTED
519	fn:group:group_announcement_page:002	lib/page/group/announcement/group_announcement_page.dart	1ede79622b442d03afea5580cfe89c454c98d80e312e3225bbe1dc1312341c40	ACCEPTANCE_TARGET_MISSING	F00-S02	NOT_EXECUTED
520	fn:group:group_announcement_page:003	lib/page/group/announcement/group_announcement_page.dart	1ede79622b442d03afea5580cfe89c454c98d80e312e3225bbe1dc1312341c40	ACCEPTANCE_TARGET_MISSING	F00-S02	NOT_EXECUTED
521	fn:group:group_announcement_page:004	lib/page/group/announcement/group_announcement_page.dart	1ede79622b442d03afea5580cfe89c454c98d80e312e3225bbe1dc1312341c40	ACCEPTANCE_TARGET_MISSING	F00-S02	NOT_EXECUTED
522	fn:group:group_announcement_page:005	lib/page/group/announcement/group_announcement_page.dart	1ede79622b442d03afea5580cfe89c454c98d80e312e3225bbe1dc1312341c40	ACCEPTANCE_TARGET_MISSING	F00-S02	NOT_EXECUTED
523	fn:group:group_announcement_page:006	lib/page/group/announcement/group_announcement_page.dart	1ede79622b442d03afea5580cfe89c454c98d80e312e3225bbe1dc1312341c40	ACCEPTANCE_TARGET_MISSING	F00-S02	NOT_EXECUTED
524	fn:group:group_announcement_page:007	lib/page/group/announcement/group_announcement_page.dart	1ede79622b442d03afea5580cfe89c454c98d80e312e3225bbe1dc1312341c40	ACCEPTANCE_TARGET_MISSING	F00-S02	NOT_EXECUTED
525	fn:group:group_announcement_page:008	lib/page/group/announcement/group_announcement_page.dart	1ede79622b442d03afea5580cfe89c454c98d80e312e3225bbe1dc1312341c40	ACCEPTANCE_TARGET_MISSING	F00-S02	NOT_EXECUTED
526	fn:group:group_announcement_page:009	lib/page/group/announcement/group_announcement_page.dart	1ede79622b442d03afea5580cfe89c454c98d80e312e3225bbe1dc1312341c40	ACCEPTANCE_TARGET_MISSING	F00-S02	NOT_EXECUTED
527	fn:group:group_announcement_page:010	lib/page/group/announcement/group_announcement_page.dart	1ede79622b442d03afea5580cfe89c454c98d80e312e3225bbe1dc1312341c40	ACCEPTANCE_TARGET_MISSING	F00-S02	NOT_EXECUTED
528	fn:group:group_announcement_page:011	lib/page/group/announcement/group_announcement_page.dart	1ede79622b442d03afea5580cfe89c454c98d80e312e3225bbe1dc1312341c40	ACCEPTANCE_TARGET_MISSING	F00-S02	NOT_EXECUTED
529	fn:group:group_announcement_page:012	lib/page/group/announcement/group_announcement_page.dart	1ede79622b442d03afea5580cfe89c454c98d80e312e3225bbe1dc1312341c40	ACCEPTANCE_TARGET_MISSING	F00-S02	NOT_EXECUTED
530	fn:group:group_category_detail_page:001	lib/page/group/category/group_category_detail_page.dart	d4de4bce931483097ae58eb911453a380c5539ef6bdbf3ce3b66763a62dc8519	ACCEPTANCE_TARGET_MISSING	F00-S02	NOT_EXECUTED
531	fn:group:group_category_detail_page:002	lib/page/group/category/group_category_detail_page.dart	d4de4bce931483097ae58eb911453a380c5539ef6bdbf3ce3b66763a62dc8519	ACCEPTANCE_TARGET_MISSING	F00-S02	NOT_EXECUTED
532	fn:group:group_category_detail_page:003	lib/page/group/category/group_category_detail_page.dart	d4de4bce931483097ae58eb911453a380c5539ef6bdbf3ce3b66763a62dc8519	ACCEPTANCE_TARGET_MISSING	F00-S02	NOT_EXECUTED
533	fn:group:group_category_detail_page:004	lib/page/group/category/group_category_detail_page.dart	d4de4bce931483097ae58eb911453a380c5539ef6bdbf3ce3b66763a62dc8519	ACCEPTANCE_TARGET_MISSING	F00-S02	NOT_EXECUTED
534	fn:group:group_category_detail_page:005	lib/page/group/category/group_category_detail_page.dart	d4de4bce931483097ae58eb911453a380c5539ef6bdbf3ce3b66763a62dc8519	ACCEPTANCE_TARGET_MISSING	F00-S02	NOT_EXECUTED
535	fn:group:group_category_detail_page:006	lib/page/group/category/group_category_detail_page.dart	d4de4bce931483097ae58eb911453a380c5539ef6bdbf3ce3b66763a62dc8519	ACCEPTANCE_TARGET_MISSING	F00-S02	NOT_EXECUTED
536	fn:group:group_category_detail_page:007	lib/page/group/category/group_category_detail_page.dart	d4de4bce931483097ae58eb911453a380c5539ef6bdbf3ce3b66763a62dc8519	ACCEPTANCE_TARGET_MISSING	F00-S02	NOT_EXECUTED
537	fn:group:group_category_detail_page:008	lib/page/group/category/group_category_detail_page.dart	d4de4bce931483097ae58eb911453a380c5539ef6bdbf3ce3b66763a62dc8519	ACCEPTANCE_TARGET_MISSING	F00-S02	NOT_EXECUTED
538	fn:group:group_category_detail_page:009	lib/page/group/category/group_category_detail_page.dart	d4de4bce931483097ae58eb911453a380c5539ef6bdbf3ce3b66763a62dc8519	ACCEPTANCE_TARGET_MISSING	F00-S02	NOT_EXECUTED
539	fn:group:group_category_detail_page:010	lib/page/group/category/group_category_detail_page.dart	d4de4bce931483097ae58eb911453a380c5539ef6bdbf3ce3b66763a62dc8519	ACCEPTANCE_TARGET_MISSING	F00-S02	NOT_EXECUTED
540	fn:group:group_category_page:001	lib/page/group/category/group_category_page.dart	a2aa2c01845beddc62eaac0ab04576099a24601e91e43a205d7c12829171391f	ACCEPTANCE_TARGET_MISSING	F00-S02	NOT_EXECUTED
541	fn:group:group_category_page:002	lib/page/group/category/group_category_page.dart	a2aa2c01845beddc62eaac0ab04576099a24601e91e43a205d7c12829171391f	ACCEPTANCE_TARGET_MISSING	F00-S02	NOT_EXECUTED
542	fn:group:group_category_page:003	lib/page/group/category/group_category_page.dart	a2aa2c01845beddc62eaac0ab04576099a24601e91e43a205d7c12829171391f	ACCEPTANCE_TARGET_MISSING	F00-S02	NOT_EXECUTED
543	fn:group:group_category_page:004	lib/page/group/category/group_category_page.dart	a2aa2c01845beddc62eaac0ab04576099a24601e91e43a205d7c12829171391f	ACCEPTANCE_TARGET_MISSING	F00-S02	NOT_EXECUTED
544	fn:group:group_category_page:005	lib/page/group/category/group_category_page.dart	a2aa2c01845beddc62eaac0ab04576099a24601e91e43a205d7c12829171391f	ACCEPTANCE_TARGET_MISSING	F00-S02	NOT_EXECUTED
545	fn:group:group_category_page:006	lib/page/group/category/group_category_page.dart	a2aa2c01845beddc62eaac0ab04576099a24601e91e43a205d7c12829171391f	ACCEPTANCE_TARGET_MISSING	F00-S02	NOT_EXECUTED
546	fn:group:group_category_page:007	lib/page/group/category/group_category_page.dart	a2aa2c01845beddc62eaac0ab04576099a24601e91e43a205d7c12829171391f	ACCEPTANCE_TARGET_MISSING	F00-S02	NOT_EXECUTED
547	fn:group:group_category_page:008	lib/page/group/category/group_category_page.dart	a2aa2c01845beddc62eaac0ab04576099a24601e91e43a205d7c12829171391f	ACCEPTANCE_TARGET_MISSING	F00-S02	NOT_EXECUTED
548	fn:group:group_category_page:009	lib/page/group/category/group_category_page.dart	a2aa2c01845beddc62eaac0ab04576099a24601e91e43a205d7c12829171391f	ACCEPTANCE_TARGET_MISSING	F00-S02	NOT_EXECUTED
549	fn:group:group_category_page:010	lib/page/group/category/group_category_page.dart	a2aa2c01845beddc62eaac0ab04576099a24601e91e43a205d7c12829171391f	ACCEPTANCE_TARGET_MISSING	F00-S02	NOT_EXECUTED
550	fn:group:group_detail_page:001	lib/page/group/group_detail/group_detail_page.dart	65d00078144a3c1eb81abd1c916e04f1341e6a9bbc60c3d6edc3e9c37b79ee66	ACCEPTANCE_TARGET_MISSING	F00-S02	NOT_EXECUTED
551	fn:group:group_detail_page:002	lib/page/group/group_detail/group_detail_page.dart	65d00078144a3c1eb81abd1c916e04f1341e6a9bbc60c3d6edc3e9c37b79ee66	ACCEPTANCE_TARGET_MISSING	F00-S02	NOT_EXECUTED
552	fn:group:group_detail_page:003	lib/page/group/group_detail/group_detail_page.dart	65d00078144a3c1eb81abd1c916e04f1341e6a9bbc60c3d6edc3e9c37b79ee66	ACCEPTANCE_TARGET_MISSING	F00-S02	NOT_EXECUTED
553	fn:group:group_detail_page:004	lib/page/group/group_detail/group_detail_page.dart	65d00078144a3c1eb81abd1c916e04f1341e6a9bbc60c3d6edc3e9c37b79ee66	ACCEPTANCE_TARGET_MISSING	F00-S02	NOT_EXECUTED
554	fn:group:group_detail_page:005	lib/page/group/group_detail/group_detail_page.dart	65d00078144a3c1eb81abd1c916e04f1341e6a9bbc60c3d6edc3e9c37b79ee66	ACCEPTANCE_TARGET_MISSING	F00-S02	NOT_EXECUTED
555	fn:group:group_detail_page:006	lib/page/group/group_detail/group_detail_page.dart	65d00078144a3c1eb81abd1c916e04f1341e6a9bbc60c3d6edc3e9c37b79ee66	ACCEPTANCE_TARGET_MISSING	F00-S02	NOT_EXECUTED
556	fn:group:group_detail_page:007	lib/page/group/group_detail/group_detail_page.dart	65d00078144a3c1eb81abd1c916e04f1341e6a9bbc60c3d6edc3e9c37b79ee66	ACCEPTANCE_TARGET_MISSING	F00-S02	NOT_EXECUTED
557	fn:group:group_detail_page:008	lib/page/group/group_detail/group_detail_page.dart	65d00078144a3c1eb81abd1c916e04f1341e6a9bbc60c3d6edc3e9c37b79ee66	ACCEPTANCE_TARGET_MISSING	F00-S02	NOT_EXECUTED
558	fn:group:group_detail_page:009	lib/page/group/group_detail/group_detail_page.dart	65d00078144a3c1eb81abd1c916e04f1341e6a9bbc60c3d6edc3e9c37b79ee66	ACCEPTANCE_TARGET_MISSING	F00-S02	NOT_EXECUTED
559	fn:group:group_detail_page:010	lib/page/group/group_detail/group_detail_page.dart	65d00078144a3c1eb81abd1c916e04f1341e6a9bbc60c3d6edc3e9c37b79ee66	ACCEPTANCE_TARGET_MISSING	F00-S02	NOT_EXECUTED
560	fn:group:group_detail_page:011	lib/page/group/group_detail/group_detail_page.dart	65d00078144a3c1eb81abd1c916e04f1341e6a9bbc60c3d6edc3e9c37b79ee66	ACCEPTANCE_TARGET_MISSING	F00-S02	NOT_EXECUTED
561	fn:group:group_detail_page:012	lib/page/group/group_detail/group_detail_page.dart	65d00078144a3c1eb81abd1c916e04f1341e6a9bbc60c3d6edc3e9c37b79ee66	ACCEPTANCE_TARGET_MISSING	F00-S02	NOT_EXECUTED
562	fn:group:group_detail_page:013	lib/page/group/group_detail/group_detail_page.dart	65d00078144a3c1eb81abd1c916e04f1341e6a9bbc60c3d6edc3e9c37b79ee66	ACCEPTANCE_TARGET_MISSING	F00-S02	NOT_EXECUTED
563	fn:group:group_detail_page:014	lib/page/group/group_detail/group_detail_page.dart	65d00078144a3c1eb81abd1c916e04f1341e6a9bbc60c3d6edc3e9c37b79ee66	ACCEPTANCE_TARGET_MISSING	F00-S02	NOT_EXECUTED
564	fn:group:group_detail_page:015	lib/page/group/group_detail/group_detail_page.dart	65d00078144a3c1eb81abd1c916e04f1341e6a9bbc60c3d6edc3e9c37b79ee66	ACCEPTANCE_TARGET_MISSING	F00-S02	NOT_EXECUTED
565	fn:group:group_detail_page:016	lib/page/group/group_detail/group_detail_page.dart	65d00078144a3c1eb81abd1c916e04f1341e6a9bbc60c3d6edc3e9c37b79ee66	ACCEPTANCE_TARGET_MISSING	F00-S02	NOT_EXECUTED
566	fn:group:group_detail_page:017	lib/page/group/group_detail/group_detail_page.dart	65d00078144a3c1eb81abd1c916e04f1341e6a9bbc60c3d6edc3e9c37b79ee66	ACCEPTANCE_TARGET_MISSING	F00-S02	NOT_EXECUTED
567	fn:group:group_discovery_page:001	lib/page/group/group_discovery/group_discovery_page.dart	28846f7c59fdfdd6fc2c76f6886af84a341ddcebdf58a47cce85666c14b1b59a	ACCEPTANCE_ORACLE_PLACEHOLDER,ACCEPTANCE_TARGET_MISSING	F00-S02	NOT_EXECUTED
568	fn:group:group_discovery_page:002	lib/page/group/group_discovery/group_discovery_page.dart	28846f7c59fdfdd6fc2c76f6886af84a341ddcebdf58a47cce85666c14b1b59a	ACCEPTANCE_ORACLE_PLACEHOLDER,ACCEPTANCE_TARGET_MISSING	F00-S02	NOT_EXECUTED
569	fn:group:group_discovery_page:003	lib/page/group/group_discovery/group_discovery_page.dart	28846f7c59fdfdd6fc2c76f6886af84a341ddcebdf58a47cce85666c14b1b59a	ACCEPTANCE_ORACLE_PLACEHOLDER,ACCEPTANCE_TARGET_MISSING	F00-S02	NOT_EXECUTED
570	fn:group:group_file_audio_preview_page:001	lib/page/group/file/group_file_audio_preview_page.dart	013ce5a2f5135aae09fd60a742028122177d3833293ae20465f073b2a805aa1f	ACCEPTANCE_TARGET_MISSING	F00-S02	NOT_EXECUTED
571	fn:group:group_file_audio_preview_page:002	lib/page/group/file/group_file_audio_preview_page.dart	013ce5a2f5135aae09fd60a742028122177d3833293ae20465f073b2a805aa1f	ACCEPTANCE_TARGET_MISSING	F00-S02	NOT_EXECUTED
572	fn:group:group_file_audio_preview_page:003	lib/page/group/file/group_file_audio_preview_page.dart	013ce5a2f5135aae09fd60a742028122177d3833293ae20465f073b2a805aa1f	ACCEPTANCE_TARGET_MISSING	F00-S02	NOT_EXECUTED
573	fn:group:group_file_audio_preview_page:004	lib/page/group/file/group_file_audio_preview_page.dart	013ce5a2f5135aae09fd60a742028122177d3833293ae20465f073b2a805aa1f	ACCEPTANCE_TARGET_MISSING	F00-S02	NOT_EXECUTED
574	fn:group:group_file_audio_preview_page:005	lib/page/group/file/group_file_audio_preview_page.dart	013ce5a2f5135aae09fd60a742028122177d3833293ae20465f073b2a805aa1f	ACCEPTANCE_TARGET_MISSING	F00-S02	NOT_EXECUTED
575	fn:group:group_file_audio_preview_page:006	lib/page/group/file/group_file_audio_preview_page.dart	013ce5a2f5135aae09fd60a742028122177d3833293ae20465f073b2a805aa1f	ACCEPTANCE_TARGET_MISSING	F00-S02	NOT_EXECUTED
576	fn:group:group_file_audio_preview_page:007	lib/page/group/file/group_file_audio_preview_page.dart	013ce5a2f5135aae09fd60a742028122177d3833293ae20465f073b2a805aa1f	ACCEPTANCE_TARGET_MISSING	F00-S02	NOT_EXECUTED
577	fn:group:group_file_audio_preview_page:008	lib/page/group/file/group_file_audio_preview_page.dart	013ce5a2f5135aae09fd60a742028122177d3833293ae20465f073b2a805aa1f	ACCEPTANCE_TARGET_MISSING	F00-S02	NOT_EXECUTED
578	fn:group:group_file_audio_preview_page:009	lib/page/group/file/group_file_audio_preview_page.dart	013ce5a2f5135aae09fd60a742028122177d3833293ae20465f073b2a805aa1f	ACCEPTANCE_TARGET_MISSING	F00-S02	NOT_EXECUTED
579	fn:group:group_file_page:001	lib/page/group/file/group_file_page.dart	437a18710b97825d92b4422391ea78e65a4c23b3fe15042e6adca4094bbbee31	ACCEPTANCE_TARGET_MISSING	F00-S02	NOT_EXECUTED
580	fn:group:group_file_page:002	lib/page/group/file/group_file_page.dart	437a18710b97825d92b4422391ea78e65a4c23b3fe15042e6adca4094bbbee31	ACCEPTANCE_TARGET_MISSING	F00-S02	NOT_EXECUTED
581	fn:group:group_file_page:003	lib/page/group/file/group_file_page.dart	437a18710b97825d92b4422391ea78e65a4c23b3fe15042e6adca4094bbbee31	ACCEPTANCE_TARGET_MISSING	F00-S02	NOT_EXECUTED
582	fn:group:group_file_page:004	lib/page/group/file/group_file_page.dart	437a18710b97825d92b4422391ea78e65a4c23b3fe15042e6adca4094bbbee31	ACCEPTANCE_TARGET_MISSING	F00-S02	NOT_EXECUTED
583	fn:group:group_file_page:005	lib/page/group/file/group_file_page.dart	437a18710b97825d92b4422391ea78e65a4c23b3fe15042e6adca4094bbbee31	ACCEPTANCE_TARGET_MISSING	F00-S02	NOT_EXECUTED
584	fn:group:group_file_page:006	lib/page/group/file/group_file_page.dart	437a18710b97825d92b4422391ea78e65a4c23b3fe15042e6adca4094bbbee31	ACCEPTANCE_TARGET_MISSING	F00-S02	NOT_EXECUTED
585	fn:group:group_file_page:007	lib/page/group/file/group_file_page.dart	437a18710b97825d92b4422391ea78e65a4c23b3fe15042e6adca4094bbbee31	ACCEPTANCE_TARGET_MISSING	F00-S02	NOT_EXECUTED
586	fn:group:group_file_page:008	lib/page/group/file/group_file_page.dart	437a18710b97825d92b4422391ea78e65a4c23b3fe15042e6adca4094bbbee31	ACCEPTANCE_TARGET_MISSING	F00-S02	NOT_EXECUTED
587	fn:group:group_file_page:009	lib/page/group/file/group_file_page.dart	437a18710b97825d92b4422391ea78e65a4c23b3fe15042e6adca4094bbbee31	ACCEPTANCE_TARGET_MISSING	F00-S02	NOT_EXECUTED
588	fn:group:group_file_page:010	lib/page/group/file/group_file_page.dart	437a18710b97825d92b4422391ea78e65a4c23b3fe15042e6adca4094bbbee31	ACCEPTANCE_TARGET_MISSING	F00-S02	NOT_EXECUTED
589	fn:group:group_file_page:011	lib/page/group/file/group_file_page.dart	437a18710b97825d92b4422391ea78e65a4c23b3fe15042e6adca4094bbbee31	ACCEPTANCE_TARGET_MISSING	F00-S02	NOT_EXECUTED
590	fn:group:group_file_page:012	lib/page/group/file/group_file_page.dart	437a18710b97825d92b4422391ea78e65a4c23b3fe15042e6adca4094bbbee31	ACCEPTANCE_TARGET_MISSING	F00-S02	NOT_EXECUTED
605	fn:group:group_member_detail_page:001	lib/page/group/group_member/group_member_detail_page.dart	4d88f9950f214d5f5a953069f81416b45da9e267c9cc5ad60d33240d83c4087e	ACCEPTANCE_TARGET_MISSING	F00-S02	NOT_EXECUTED
606	fn:group:group_member_detail_page:002	lib/page/group/group_member/group_member_detail_page.dart	4d88f9950f214d5f5a953069f81416b45da9e267c9cc5ad60d33240d83c4087e	ACCEPTANCE_TARGET_MISSING	F00-S02	NOT_EXECUTED
607	fn:group:group_member_detail_page:003	lib/page/group/group_member/group_member_detail_page.dart	4d88f9950f214d5f5a953069f81416b45da9e267c9cc5ad60d33240d83c4087e	ACCEPTANCE_TARGET_MISSING	F00-S02	NOT_EXECUTED
608	fn:group:group_member_detail_page:004	lib/page/group/group_member/group_member_detail_page.dart	4d88f9950f214d5f5a953069f81416b45da9e267c9cc5ad60d33240d83c4087e	ACCEPTANCE_TARGET_MISSING	F00-S02	NOT_EXECUTED
609	fn:group:group_member_detail_page:005	lib/page/group/group_member/group_member_detail_page.dart	4d88f9950f214d5f5a953069f81416b45da9e267c9cc5ad60d33240d83c4087e	ACCEPTANCE_TARGET_MISSING	F00-S02	NOT_EXECUTED
610	fn:group:group_member_detail_page:006	lib/page/group/group_member/group_member_detail_page.dart	4d88f9950f214d5f5a953069f81416b45da9e267c9cc5ad60d33240d83c4087e	ACCEPTANCE_TARGET_MISSING	F00-S02	NOT_EXECUTED
611	fn:group:group_member_detail_page:007	lib/page/group/group_member/group_member_detail_page.dart	4d88f9950f214d5f5a953069f81416b45da9e267c9cc5ad60d33240d83c4087e	ACCEPTANCE_TARGET_MISSING	F00-S02	NOT_EXECUTED
612	fn:group:group_member_detail_page:008	lib/page/group/group_member/group_member_detail_page.dart	4d88f9950f214d5f5a953069f81416b45da9e267c9cc5ad60d33240d83c4087e	ACCEPTANCE_TARGET_MISSING	F00-S02	NOT_EXECUTED
613	fn:group:group_member_detail_page:009	lib/page/group/group_member/group_member_detail_page.dart	4d88f9950f214d5f5a953069f81416b45da9e267c9cc5ad60d33240d83c4087e	ACCEPTANCE_TARGET_MISSING	F00-S02	NOT_EXECUTED
614	fn:group:group_member_detail_page:010	lib/page/group/group_member/group_member_detail_page.dart	4d88f9950f214d5f5a953069f81416b45da9e267c9cc5ad60d33240d83c4087e	ACCEPTANCE_TARGET_MISSING	F00-S02	NOT_EXECUTED
615	fn:group:group_member_detail_page:011	lib/page/group/group_member/group_member_detail_page.dart	4d88f9950f214d5f5a953069f81416b45da9e267c9cc5ad60d33240d83c4087e	ACCEPTANCE_TARGET_MISSING	F00-S02	NOT_EXECUTED
616	fn:group:group_member_page:001	lib/page/group/group_member/group_member_page.dart	1f388757b5f8563e32559dabb36a05ab56e5ea211103bb35c2a3c4aa446ed45b	ACCEPTANCE_TARGET_MISSING	F00-S02	NOT_EXECUTED
617	fn:group:group_member_page:002	lib/page/group/group_member/group_member_page.dart	1f388757b5f8563e32559dabb36a05ab56e5ea211103bb35c2a3c4aa446ed45b	ACCEPTANCE_TARGET_MISSING	F00-S02	NOT_EXECUTED
618	fn:group:group_member_page:003	lib/page/group/group_member/group_member_page.dart	1f388757b5f8563e32559dabb36a05ab56e5ea211103bb35c2a3c4aa446ed45b	ACCEPTANCE_TARGET_MISSING	F00-S02	NOT_EXECUTED
619	fn:group:group_member_page:004	lib/page/group/group_member/group_member_page.dart	1f388757b5f8563e32559dabb36a05ab56e5ea211103bb35c2a3c4aa446ed45b	ACCEPTANCE_TARGET_MISSING	F00-S02	NOT_EXECUTED
620	fn:group:group_member_page:005	lib/page/group/group_member/group_member_page.dart	1f388757b5f8563e32559dabb36a05ab56e5ea211103bb35c2a3c4aa446ed45b	ACCEPTANCE_TARGET_MISSING	F00-S02	NOT_EXECUTED
621	fn:group:group_member_page:006	lib/page/group/group_member/group_member_page.dart	1f388757b5f8563e32559dabb36a05ab56e5ea211103bb35c2a3c4aa446ed45b	ACCEPTANCE_TARGET_MISSING	F00-S02	NOT_EXECUTED
622	fn:group:group_member_page:007	lib/page/group/group_member/group_member_page.dart	1f388757b5f8563e32559dabb36a05ab56e5ea211103bb35c2a3c4aa446ed45b	ACCEPTANCE_TARGET_MISSING	F00-S02	NOT_EXECUTED
623	fn:group:group_member_page:008	lib/page/group/group_member/group_member_page.dart	1f388757b5f8563e32559dabb36a05ab56e5ea211103bb35c2a3c4aa446ed45b	ACCEPTANCE_TARGET_MISSING	F00-S02	NOT_EXECUTED
624	fn:group:group_member_page:009	lib/page/group/group_member/group_member_page.dart	1f388757b5f8563e32559dabb36a05ab56e5ea211103bb35c2a3c4aa446ed45b	ACCEPTANCE_TARGET_MISSING	F00-S02	NOT_EXECUTED
625	fn:group:group_member_page:010	lib/page/group/group_member/group_member_page.dart	1f388757b5f8563e32559dabb36a05ab56e5ea211103bb35c2a3c4aa446ed45b	ACCEPTANCE_TARGET_MISSING	F00-S02	NOT_EXECUTED
626	fn:group:group_member_page:011	lib/page/group/group_member/group_member_page.dart	1f388757b5f8563e32559dabb36a05ab56e5ea211103bb35c2a3c4aa446ed45b	ACCEPTANCE_TARGET_MISSING	F00-S02	NOT_EXECUTED
627	fn:group:group_member_page:012	lib/page/group/group_member/group_member_page.dart	1f388757b5f8563e32559dabb36a05ab56e5ea211103bb35c2a3c4aa446ed45b	ACCEPTANCE_TARGET_MISSING	F00-S02	NOT_EXECUTED
628	fn:group:group_schedule_detail_page:001	lib/page/group/schedule/group_schedule_detail_page.dart	55a10d728a3e438b995ad19aafff32bfcadbcfb5f2fab81c9860035387762166	ACCEPTANCE_TARGET_MISSING	F00-S02	NOT_EXECUTED
629	fn:group:group_schedule_detail_page:002	lib/page/group/schedule/group_schedule_detail_page.dart	55a10d728a3e438b995ad19aafff32bfcadbcfb5f2fab81c9860035387762166	ACCEPTANCE_TARGET_MISSING	F00-S02	NOT_EXECUTED
630	fn:group:group_schedule_detail_page:003	lib/page/group/schedule/group_schedule_detail_page.dart	55a10d728a3e438b995ad19aafff32bfcadbcfb5f2fab81c9860035387762166	ACCEPTANCE_TARGET_MISSING	F00-S02	NOT_EXECUTED
631	fn:group:group_schedule_detail_page:004	lib/page/group/schedule/group_schedule_detail_page.dart	55a10d728a3e438b995ad19aafff32bfcadbcfb5f2fab81c9860035387762166	ACCEPTANCE_TARGET_MISSING	F00-S02	NOT_EXECUTED
632	fn:group:group_schedule_detail_page:005	lib/page/group/schedule/group_schedule_detail_page.dart	55a10d728a3e438b995ad19aafff32bfcadbcfb5f2fab81c9860035387762166	ACCEPTANCE_TARGET_MISSING	F00-S02	NOT_EXECUTED
633	fn:group:group_schedule_detail_page:006	lib/page/group/schedule/group_schedule_detail_page.dart	55a10d728a3e438b995ad19aafff32bfcadbcfb5f2fab81c9860035387762166	ACCEPTANCE_TARGET_MISSING	F00-S02	NOT_EXECUTED
634	fn:group:group_schedule_detail_page:007	lib/page/group/schedule/group_schedule_detail_page.dart	55a10d728a3e438b995ad19aafff32bfcadbcfb5f2fab81c9860035387762166	ACCEPTANCE_TARGET_MISSING	F00-S02	NOT_EXECUTED
635	fn:group:group_schedule_detail_page:008	lib/page/group/schedule/group_schedule_detail_page.dart	55a10d728a3e438b995ad19aafff32bfcadbcfb5f2fab81c9860035387762166	ACCEPTANCE_TARGET_MISSING	F00-S02	NOT_EXECUTED
636	fn:group:group_schedule_detail_page:009	lib/page/group/schedule/group_schedule_detail_page.dart	55a10d728a3e438b995ad19aafff32bfcadbcfb5f2fab81c9860035387762166	ACCEPTANCE_TARGET_MISSING	F00-S02	NOT_EXECUTED
637	fn:group:group_schedule_detail_page:010	lib/page/group/schedule/group_schedule_detail_page.dart	55a10d728a3e438b995ad19aafff32bfcadbcfb5f2fab81c9860035387762166	ACCEPTANCE_TARGET_MISSING	F00-S02	NOT_EXECUTED
638	fn:group:group_schedule_detail_page:011	lib/page/group/schedule/group_schedule_detail_page.dart	55a10d728a3e438b995ad19aafff32bfcadbcfb5f2fab81c9860035387762166	ACCEPTANCE_TARGET_MISSING	F00-S02	NOT_EXECUTED
639	fn:group:group_schedule_detail_page:012	lib/page/group/schedule/group_schedule_detail_page.dart	55a10d728a3e438b995ad19aafff32bfcadbcfb5f2fab81c9860035387762166	ACCEPTANCE_TARGET_MISSING	F00-S02	NOT_EXECUTED
651	fn:group:group_select_page:001	lib/page/group/group_select/group_select_page.dart	3b1808fe41520bb7feacc28cfdec7b897a67d1c93ecd5eb86607301cab6e0488	ACCEPTANCE_TARGET_MISSING	F00-S02	NOT_EXECUTED
652	fn:group:group_select_page:002	lib/page/group/group_select/group_select_page.dart	3b1808fe41520bb7feacc28cfdec7b897a67d1c93ecd5eb86607301cab6e0488	ACCEPTANCE_TARGET_MISSING	F00-S02	NOT_EXECUTED
653	fn:group:group_select_page:003	lib/page/group/group_select/group_select_page.dart	3b1808fe41520bb7feacc28cfdec7b897a67d1c93ecd5eb86607301cab6e0488	ACCEPTANCE_TARGET_MISSING	F00-S02	NOT_EXECUTED
654	fn:group:group_select_page:004	lib/page/group/group_select/group_select_page.dart	3b1808fe41520bb7feacc28cfdec7b897a67d1c93ecd5eb86607301cab6e0488	ACCEPTANCE_TARGET_MISSING	F00-S02	NOT_EXECUTED
655	fn:group:group_select_page:005	lib/page/group/group_select/group_select_page.dart	3b1808fe41520bb7feacc28cfdec7b897a67d1c93ecd5eb86607301cab6e0488	ACCEPTANCE_TARGET_MISSING	F00-S02	NOT_EXECUTED
656	fn:group:group_select_page:006	lib/page/group/group_select/group_select_page.dart	3b1808fe41520bb7feacc28cfdec7b897a67d1c93ecd5eb86607301cab6e0488	ACCEPTANCE_TARGET_MISSING	F00-S02	NOT_EXECUTED
657	fn:group:group_select_page:007	lib/page/group/group_select/group_select_page.dart	3b1808fe41520bb7feacc28cfdec7b897a67d1c93ecd5eb86607301cab6e0488	ACCEPTANCE_TARGET_MISSING	F00-S02	NOT_EXECUTED
658	fn:group:group_select_page:008	lib/page/group/group_select/group_select_page.dart	3b1808fe41520bb7feacc28cfdec7b897a67d1c93ecd5eb86607301cab6e0488	ACCEPTANCE_TARGET_MISSING	F00-S02	NOT_EXECUTED
659	fn:group:group_select_page:009	lib/page/group/group_select/group_select_page.dart	3b1808fe41520bb7feacc28cfdec7b897a67d1c93ecd5eb86607301cab6e0488	ACCEPTANCE_TARGET_MISSING	F00-S02	NOT_EXECUTED
660	fn:group:group_tag_page:001	lib/page/group/tag/group_tag_page.dart	8d48938dd4d5dc8adc6c48690069ae70aec7a3b64a1b6bce05a0f7be28d6781a	ACCEPTANCE_TARGET_MISSING	F00-S02	NOT_EXECUTED
661	fn:group:group_tag_page:002	lib/page/group/tag/group_tag_page.dart	8d48938dd4d5dc8adc6c48690069ae70aec7a3b64a1b6bce05a0f7be28d6781a	ACCEPTANCE_TARGET_MISSING	F00-S02	NOT_EXECUTED
662	fn:group:group_tag_page:003	lib/page/group/tag/group_tag_page.dart	8d48938dd4d5dc8adc6c48690069ae70aec7a3b64a1b6bce05a0f7be28d6781a	ACCEPTANCE_TARGET_MISSING	F00-S02	NOT_EXECUTED
663	fn:group:group_tag_page:004	lib/page/group/tag/group_tag_page.dart	8d48938dd4d5dc8adc6c48690069ae70aec7a3b64a1b6bce05a0f7be28d6781a	ACCEPTANCE_TARGET_MISSING	F00-S02	NOT_EXECUTED
664	fn:group:group_tag_page:005	lib/page/group/tag/group_tag_page.dart	8d48938dd4d5dc8adc6c48690069ae70aec7a3b64a1b6bce05a0f7be28d6781a	ACCEPTANCE_TARGET_MISSING	F00-S02	NOT_EXECUTED
665	fn:group:group_tag_page:006	lib/page/group/tag/group_tag_page.dart	8d48938dd4d5dc8adc6c48690069ae70aec7a3b64a1b6bce05a0f7be28d6781a	ACCEPTANCE_TARGET_MISSING	F00-S02	NOT_EXECUTED
666	fn:group:group_tag_page:007	lib/page/group/tag/group_tag_page.dart	8d48938dd4d5dc8adc6c48690069ae70aec7a3b64a1b6bce05a0f7be28d6781a	ACCEPTANCE_TARGET_MISSING	F00-S02	NOT_EXECUTED
667	fn:group:group_tag_page:008	lib/page/group/tag/group_tag_page.dart	8d48938dd4d5dc8adc6c48690069ae70aec7a3b64a1b6bce05a0f7be28d6781a	ACCEPTANCE_TARGET_MISSING	F00-S02	NOT_EXECUTED
668	fn:group:group_tag_page:009	lib/page/group/tag/group_tag_page.dart	8d48938dd4d5dc8adc6c48690069ae70aec7a3b64a1b6bce05a0f7be28d6781a	ACCEPTANCE_TARGET_MISSING	F00-S02	NOT_EXECUTED
669	fn:group:group_tag_page:010	lib/page/group/tag/group_tag_page.dart	8d48938dd4d5dc8adc6c48690069ae70aec7a3b64a1b6bce05a0f7be28d6781a	ACCEPTANCE_TARGET_MISSING	F00-S02	NOT_EXECUTED
670	fn:group:group_task_detail_page:001	lib/page/group/task/group_task_detail_page.dart	ad4c864fbe3b30dd37ed7c566f86476a8b15b155196c0c7efc70ae81b7d9c9f8	ACCEPTANCE_TARGET_MISSING	F00-S02	NOT_EXECUTED
671	fn:group:group_task_detail_page:002	lib/page/group/task/group_task_detail_page.dart	ad4c864fbe3b30dd37ed7c566f86476a8b15b155196c0c7efc70ae81b7d9c9f8	ACCEPTANCE_TARGET_MISSING	F00-S02	NOT_EXECUTED
672	fn:group:group_task_detail_page:003	lib/page/group/task/group_task_detail_page.dart	ad4c864fbe3b30dd37ed7c566f86476a8b15b155196c0c7efc70ae81b7d9c9f8	ACCEPTANCE_TARGET_MISSING	F00-S02	NOT_EXECUTED
673	fn:group:group_task_detail_page:004	lib/page/group/task/group_task_detail_page.dart	ad4c864fbe3b30dd37ed7c566f86476a8b15b155196c0c7efc70ae81b7d9c9f8	ACCEPTANCE_TARGET_MISSING	F00-S02	NOT_EXECUTED
674	fn:group:group_task_detail_page:005	lib/page/group/task/group_task_detail_page.dart	ad4c864fbe3b30dd37ed7c566f86476a8b15b155196c0c7efc70ae81b7d9c9f8	ACCEPTANCE_TARGET_MISSING	F00-S02	NOT_EXECUTED
675	fn:group:group_task_detail_page:006	lib/page/group/task/group_task_detail_page.dart	ad4c864fbe3b30dd37ed7c566f86476a8b15b155196c0c7efc70ae81b7d9c9f8	ACCEPTANCE_TARGET_MISSING	F00-S02	NOT_EXECUTED
676	fn:group:group_task_detail_page:007	lib/page/group/task/group_task_detail_page.dart	ad4c864fbe3b30dd37ed7c566f86476a8b15b155196c0c7efc70ae81b7d9c9f8	ACCEPTANCE_TARGET_MISSING	F00-S02	NOT_EXECUTED
677	fn:group:group_task_detail_page:008	lib/page/group/task/group_task_detail_page.dart	ad4c864fbe3b30dd37ed7c566f86476a8b15b155196c0c7efc70ae81b7d9c9f8	ACCEPTANCE_TARGET_MISSING	F00-S02	NOT_EXECUTED
678	fn:group:group_task_detail_page:009	lib/page/group/task/group_task_detail_page.dart	ad4c864fbe3b30dd37ed7c566f86476a8b15b155196c0c7efc70ae81b7d9c9f8	ACCEPTANCE_TARGET_MISSING	F00-S02	NOT_EXECUTED
679	fn:group:group_task_detail_page:010	lib/page/group/task/group_task_detail_page.dart	ad4c864fbe3b30dd37ed7c566f86476a8b15b155196c0c7efc70ae81b7d9c9f8	ACCEPTANCE_TARGET_MISSING	F00-S02	NOT_EXECUTED
680	fn:group:group_task_detail_page:011	lib/page/group/task/group_task_detail_page.dart	ad4c864fbe3b30dd37ed7c566f86476a8b15b155196c0c7efc70ae81b7d9c9f8	ACCEPTANCE_TARGET_MISSING	F00-S02	NOT_EXECUTED
681	fn:group:group_task_detail_page:012	lib/page/group/task/group_task_detail_page.dart	ad4c864fbe3b30dd37ed7c566f86476a8b15b155196c0c7efc70ae81b7d9c9f8	ACCEPTANCE_TARGET_MISSING	F00-S02	NOT_EXECUTED
682	fn:group:group_task_page:001	lib/page/group/task/group_task_page.dart	0ce91d5e39e93c2cc9ed17ae90cd46360505c5c7708aae142f54e826737c242e	ACCEPTANCE_TARGET_MISSING	F00-S02	NOT_EXECUTED
683	fn:group:group_task_page:002	lib/page/group/task/group_task_page.dart	0ce91d5e39e93c2cc9ed17ae90cd46360505c5c7708aae142f54e826737c242e	ACCEPTANCE_TARGET_MISSING	F00-S02	NOT_EXECUTED
684	fn:group:group_task_page:003	lib/page/group/task/group_task_page.dart	0ce91d5e39e93c2cc9ed17ae90cd46360505c5c7708aae142f54e826737c242e	ACCEPTANCE_TARGET_MISSING	F00-S02	NOT_EXECUTED
685	fn:group:group_task_page:004	lib/page/group/task/group_task_page.dart	0ce91d5e39e93c2cc9ed17ae90cd46360505c5c7708aae142f54e826737c242e	ACCEPTANCE_TARGET_MISSING	F00-S02	NOT_EXECUTED
686	fn:group:group_task_page:005	lib/page/group/task/group_task_page.dart	0ce91d5e39e93c2cc9ed17ae90cd46360505c5c7708aae142f54e826737c242e	ACCEPTANCE_TARGET_MISSING	F00-S02	NOT_EXECUTED
687	fn:group:group_task_page:006	lib/page/group/task/group_task_page.dart	0ce91d5e39e93c2cc9ed17ae90cd46360505c5c7708aae142f54e826737c242e	ACCEPTANCE_TARGET_MISSING	F00-S02	NOT_EXECUTED
688	fn:group:group_task_page:007	lib/page/group/task/group_task_page.dart	0ce91d5e39e93c2cc9ed17ae90cd46360505c5c7708aae142f54e826737c242e	ACCEPTANCE_TARGET_MISSING	F00-S02	NOT_EXECUTED
689	fn:group:group_task_page:008	lib/page/group/task/group_task_page.dart	0ce91d5e39e93c2cc9ed17ae90cd46360505c5c7708aae142f54e826737c242e	ACCEPTANCE_TARGET_MISSING	F00-S02	NOT_EXECUTED
690	fn:group:group_task_page:009	lib/page/group/task/group_task_page.dart	0ce91d5e39e93c2cc9ed17ae90cd46360505c5c7708aae142f54e826737c242e	ACCEPTANCE_TARGET_MISSING	F00-S02	NOT_EXECUTED
691	fn:group:group_task_page:010	lib/page/group/task/group_task_page.dart	0ce91d5e39e93c2cc9ed17ae90cd46360505c5c7708aae142f54e826737c242e	ACCEPTANCE_TARGET_MISSING	F00-S02	NOT_EXECUTED
692	fn:group:group_task_page:011	lib/page/group/task/group_task_page.dart	0ce91d5e39e93c2cc9ed17ae90cd46360505c5c7708aae142f54e826737c242e	ACCEPTANCE_TARGET_MISSING	F00-S02	NOT_EXECUTED
693	fn:group:group_task_page:012	lib/page/group/task/group_task_page.dart	0ce91d5e39e93c2cc9ed17ae90cd46360505c5c7708aae142f54e826737c242e	ACCEPTANCE_TARGET_MISSING	F00-S02	NOT_EXECUTED
694	fn:group:group_vote_detail_page:001	lib/page/group/vote/group_vote_detail_page.dart	2f8ec2796315aaed446d19202e0c68dc688463f2d394a95ebfa40fa08b2c7ff2	ACCEPTANCE_TARGET_MISSING	F00-S02	NOT_EXECUTED
695	fn:group:group_vote_detail_page:002	lib/page/group/vote/group_vote_detail_page.dart	2f8ec2796315aaed446d19202e0c68dc688463f2d394a95ebfa40fa08b2c7ff2	ACCEPTANCE_TARGET_MISSING	F00-S02	NOT_EXECUTED
696	fn:group:group_vote_detail_page:003	lib/page/group/vote/group_vote_detail_page.dart	2f8ec2796315aaed446d19202e0c68dc688463f2d394a95ebfa40fa08b2c7ff2	ACCEPTANCE_TARGET_MISSING	F00-S02	NOT_EXECUTED
697	fn:group:group_vote_detail_page:004	lib/page/group/vote/group_vote_detail_page.dart	2f8ec2796315aaed446d19202e0c68dc688463f2d394a95ebfa40fa08b2c7ff2	ACCEPTANCE_TARGET_MISSING	F00-S02	NOT_EXECUTED
698	fn:group:group_vote_detail_page:005	lib/page/group/vote/group_vote_detail_page.dart	2f8ec2796315aaed446d19202e0c68dc688463f2d394a95ebfa40fa08b2c7ff2	ACCEPTANCE_TARGET_MISSING	F00-S02	NOT_EXECUTED
699	fn:group:group_vote_detail_page:006	lib/page/group/vote/group_vote_detail_page.dart	2f8ec2796315aaed446d19202e0c68dc688463f2d394a95ebfa40fa08b2c7ff2	ACCEPTANCE_TARGET_MISSING	F00-S02	NOT_EXECUTED
700	fn:group:group_vote_detail_page:007	lib/page/group/vote/group_vote_detail_page.dart	2f8ec2796315aaed446d19202e0c68dc688463f2d394a95ebfa40fa08b2c7ff2	ACCEPTANCE_TARGET_MISSING	F00-S02	NOT_EXECUTED
701	fn:group:group_vote_detail_page:008	lib/page/group/vote/group_vote_detail_page.dart	2f8ec2796315aaed446d19202e0c68dc688463f2d394a95ebfa40fa08b2c7ff2	ACCEPTANCE_TARGET_MISSING	F00-S02	NOT_EXECUTED
702	fn:group:group_vote_detail_page:009	lib/page/group/vote/group_vote_detail_page.dart	2f8ec2796315aaed446d19202e0c68dc688463f2d394a95ebfa40fa08b2c7ff2	ACCEPTANCE_TARGET_MISSING	F00-S02	NOT_EXECUTED
703	fn:group:group_vote_detail_page:010	lib/page/group/vote/group_vote_detail_page.dart	2f8ec2796315aaed446d19202e0c68dc688463f2d394a95ebfa40fa08b2c7ff2	ACCEPTANCE_TARGET_MISSING	F00-S02	NOT_EXECUTED
704	fn:group:group_vote_detail_page:011	lib/page/group/vote/group_vote_detail_page.dart	2f8ec2796315aaed446d19202e0c68dc688463f2d394a95ebfa40fa08b2c7ff2	ACCEPTANCE_TARGET_MISSING	F00-S02	NOT_EXECUTED
705	fn:group:group_vote_detail_page:012	lib/page/group/vote/group_vote_detail_page.dart	2f8ec2796315aaed446d19202e0c68dc688463f2d394a95ebfa40fa08b2c7ff2	ACCEPTANCE_TARGET_MISSING	F00-S02	NOT_EXECUTED
706	fn:group:group_vote_page:001	lib/page/group/vote/group_vote_page.dart	4bba96a8abb61c498e3e3b868a8deced422e2771e277f0f44f67aedffd694c38	ACCEPTANCE_TARGET_MISSING	F00-S02	NOT_EXECUTED
707	fn:group:group_vote_page:002	lib/page/group/vote/group_vote_page.dart	4bba96a8abb61c498e3e3b868a8deced422e2771e277f0f44f67aedffd694c38	ACCEPTANCE_TARGET_MISSING	F00-S02	NOT_EXECUTED
708	fn:group:group_vote_page:003	lib/page/group/vote/group_vote_page.dart	4bba96a8abb61c498e3e3b868a8deced422e2771e277f0f44f67aedffd694c38	ACCEPTANCE_TARGET_MISSING	F00-S02	NOT_EXECUTED
709	fn:group:group_vote_page:004	lib/page/group/vote/group_vote_page.dart	4bba96a8abb61c498e3e3b868a8deced422e2771e277f0f44f67aedffd694c38	ACCEPTANCE_TARGET_MISSING	F00-S02	NOT_EXECUTED
710	fn:group:group_vote_page:005	lib/page/group/vote/group_vote_page.dart	4bba96a8abb61c498e3e3b868a8deced422e2771e277f0f44f67aedffd694c38	ACCEPTANCE_TARGET_MISSING	F00-S02	NOT_EXECUTED
711	fn:group:group_vote_page:006	lib/page/group/vote/group_vote_page.dart	4bba96a8abb61c498e3e3b868a8deced422e2771e277f0f44f67aedffd694c38	ACCEPTANCE_TARGET_MISSING	F00-S02	NOT_EXECUTED
712	fn:group:group_vote_page:007	lib/page/group/vote/group_vote_page.dart	4bba96a8abb61c498e3e3b868a8deced422e2771e277f0f44f67aedffd694c38	ACCEPTANCE_TARGET_MISSING	F00-S02	NOT_EXECUTED
713	fn:group:group_vote_page:008	lib/page/group/vote/group_vote_page.dart	4bba96a8abb61c498e3e3b868a8deced422e2771e277f0f44f67aedffd694c38	ACCEPTANCE_TARGET_MISSING	F00-S02	NOT_EXECUTED
714	fn:group:group_vote_page:009	lib/page/group/vote/group_vote_page.dart	4bba96a8abb61c498e3e3b868a8deced422e2771e277f0f44f67aedffd694c38	ACCEPTANCE_TARGET_MISSING	F00-S02	NOT_EXECUTED
715	fn:group:group_vote_page:010	lib/page/group/vote/group_vote_page.dart	4bba96a8abb61c498e3e3b868a8deced422e2771e277f0f44f67aedffd694c38	ACCEPTANCE_TARGET_MISSING	F00-S02	NOT_EXECUTED
716	fn:group:group_vote_page:011	lib/page/group/vote/group_vote_page.dart	4bba96a8abb61c498e3e3b868a8deced422e2771e277f0f44f67aedffd694c38	ACCEPTANCE_TARGET_MISSING	F00-S02	NOT_EXECUTED
717	fn:group:launch_chat_page:001	lib/page/group/launch_chat/launch_chat_page.dart	1d6c708a65e9f0d6cc3223dc371625bec28794d7fb24ba876e3149cc1740db4a	ACCEPTANCE_TARGET_MISSING	F00-S02	NOT_EXECUTED
718	fn:group:launch_chat_page:002	lib/page/group/launch_chat/launch_chat_page.dart	1d6c708a65e9f0d6cc3223dc371625bec28794d7fb24ba876e3149cc1740db4a	ACCEPTANCE_TARGET_MISSING	F00-S02	NOT_EXECUTED
719	fn:group:launch_chat_page:003	lib/page/group/launch_chat/launch_chat_page.dart	1d6c708a65e9f0d6cc3223dc371625bec28794d7fb24ba876e3149cc1740db4a	ACCEPTANCE_TARGET_MISSING	F00-S02	NOT_EXECUTED
720	fn:group:launch_chat_page:004	lib/page/group/launch_chat/launch_chat_page.dart	1d6c708a65e9f0d6cc3223dc371625bec28794d7fb24ba876e3149cc1740db4a	ACCEPTANCE_TARGET_MISSING	F00-S02	NOT_EXECUTED
721	fn:group:launch_chat_page:005	lib/page/group/launch_chat/launch_chat_page.dart	1d6c708a65e9f0d6cc3223dc371625bec28794d7fb24ba876e3149cc1740db4a	ACCEPTANCE_TARGET_MISSING	F00-S02	NOT_EXECUTED
722	fn:group:launch_chat_page:006	lib/page/group/launch_chat/launch_chat_page.dart	1d6c708a65e9f0d6cc3223dc371625bec28794d7fb24ba876e3149cc1740db4a	ACCEPTANCE_TARGET_MISSING	F00-S02	NOT_EXECUTED
723	fn:group:launch_chat_page:007	lib/page/group/launch_chat/launch_chat_page.dart	1d6c708a65e9f0d6cc3223dc371625bec28794d7fb24ba876e3149cc1740db4a	ACCEPTANCE_TARGET_MISSING	F00-S02	NOT_EXECUTED
724	fn:group:launch_chat_page:008	lib/page/group/launch_chat/launch_chat_page.dart	1d6c708a65e9f0d6cc3223dc371625bec28794d7fb24ba876e3149cc1740db4a	ACCEPTANCE_TARGET_MISSING	F00-S02	NOT_EXECUTED
725	fn:group:launch_chat_page:009	lib/page/group/launch_chat/launch_chat_page.dart	1d6c708a65e9f0d6cc3223dc371625bec28794d7fb24ba876e3149cc1740db4a	ACCEPTANCE_TARGET_MISSING	F00-S02	NOT_EXECUTED
726	fn:group:launch_chat_page:010	lib/page/group/launch_chat/launch_chat_page.dart	1d6c708a65e9f0d6cc3223dc371625bec28794d7fb24ba876e3149cc1740db4a	ACCEPTANCE_TARGET_MISSING	F00-S02	NOT_EXECUTED
727	fn:group:launch_chat_page:011	lib/page/group/launch_chat/launch_chat_page.dart	1d6c708a65e9f0d6cc3223dc371625bec28794d7fb24ba876e3149cc1740db4a	ACCEPTANCE_TARGET_MISSING	F00-S02	NOT_EXECUTED
728	fn:group:launch_chat_page:012	lib/page/group/launch_chat/launch_chat_page.dart	1d6c708a65e9f0d6cc3223dc371625bec28794d7fb24ba876e3149cc1740db4a	ACCEPTANCE_TARGET_MISSING	F00-S02	NOT_EXECUTED
729	fn:group:remove_member_page:001	lib/page/group/group_detail/remove_member_page.dart	c31ba5441ffd5d8cc6545d2194b8b09db784f4eaf9c614eb5bb9e602ddedb953	ACCEPTANCE_TARGET_MISSING	F00-S02	NOT_EXECUTED
730	fn:group:remove_member_page:002	lib/page/group/group_detail/remove_member_page.dart	c31ba5441ffd5d8cc6545d2194b8b09db784f4eaf9c614eb5bb9e602ddedb953	ACCEPTANCE_TARGET_MISSING	F00-S02	NOT_EXECUTED
731	fn:group:remove_member_page:003	lib/page/group/group_detail/remove_member_page.dart	c31ba5441ffd5d8cc6545d2194b8b09db784f4eaf9c614eb5bb9e602ddedb953	ACCEPTANCE_TARGET_MISSING	F00-S02	NOT_EXECUTED
732	fn:group:remove_member_page:004	lib/page/group/group_detail/remove_member_page.dart	c31ba5441ffd5d8cc6545d2194b8b09db784f4eaf9c614eb5bb9e602ddedb953	ACCEPTANCE_TARGET_MISSING	F00-S02	NOT_EXECUTED
733	fn:group:remove_member_page:005	lib/page/group/group_detail/remove_member_page.dart	c31ba5441ffd5d8cc6545d2194b8b09db784f4eaf9c614eb5bb9e602ddedb953	ACCEPTANCE_TARGET_MISSING	F00-S02	NOT_EXECUTED
734	fn:group:remove_member_page:006	lib/page/group/group_detail/remove_member_page.dart	c31ba5441ffd5d8cc6545d2194b8b09db784f4eaf9c614eb5bb9e602ddedb953	ACCEPTANCE_TARGET_MISSING	F00-S02	NOT_EXECUTED
735	fn:group:remove_member_page:007	lib/page/group/group_detail/remove_member_page.dart	c31ba5441ffd5d8cc6545d2194b8b09db784f4eaf9c614eb5bb9e602ddedb953	ACCEPTANCE_TARGET_MISSING	F00-S02	NOT_EXECUTED
736	fn:group:remove_member_page:008	lib/page/group/group_detail/remove_member_page.dart	c31ba5441ffd5d8cc6545d2194b8b09db784f4eaf9c614eb5bb9e602ddedb953	ACCEPTANCE_TARGET_MISSING	F00-S02	NOT_EXECUTED
737	fn:group:remove_member_page:009	lib/page/group/group_detail/remove_member_page.dart	c31ba5441ffd5d8cc6545d2194b8b09db784f4eaf9c614eb5bb9e602ddedb953	ACCEPTANCE_TARGET_MISSING	F00-S02	NOT_EXECUTED
738	fn:group:remove_member_page:010	lib/page/group/group_detail/remove_member_page.dart	c31ba5441ffd5d8cc6545d2194b8b09db784f4eaf9c614eb5bb9e602ddedb953	ACCEPTANCE_TARGET_MISSING	F00-S02	NOT_EXECUTED
739	fn:live_room:live_room_list_page:001	lib/page/live_room/live_room_list/live_room_list_page.dart	1ca826b173d193102354213987b1bc2f4b3879e4b68ed04c3f0868fae8eb4ada	ACCEPTANCE_TARGET_MISSING	F00-S02	NOT_EXECUTED
740	fn:live_room:live_room_list_page:002	lib/page/live_room/live_room_list/live_room_list_page.dart	1ca826b173d193102354213987b1bc2f4b3879e4b68ed04c3f0868fae8eb4ada	ACCEPTANCE_TARGET_MISSING	F00-S02	NOT_EXECUTED
741	fn:live_room:live_room_list_page:003	lib/page/live_room/live_room_list/live_room_list_page.dart	1ca826b173d193102354213987b1bc2f4b3879e4b68ed04c3f0868fae8eb4ada	ACCEPTANCE_TARGET_MISSING	F00-S02	NOT_EXECUTED
742	fn:live_room:live_room_list_page:004	lib/page/live_room/live_room_list/live_room_list_page.dart	1ca826b173d193102354213987b1bc2f4b3879e4b68ed04c3f0868fae8eb4ada	ACCEPTANCE_TARGET_MISSING	F00-S02	NOT_EXECUTED
743	fn:live_room:live_room_list_page:005	lib/page/live_room/live_room_list/live_room_list_page.dart	1ca826b173d193102354213987b1bc2f4b3879e4b68ed04c3f0868fae8eb4ada	ACCEPTANCE_TARGET_MISSING	F00-S02	NOT_EXECUTED
744	fn:live_room:live_room_list_page:006	lib/page/live_room/live_room_list/live_room_list_page.dart	1ca826b173d193102354213987b1bc2f4b3879e4b68ed04c3f0868fae8eb4ada	ACCEPTANCE_TARGET_MISSING	F00-S02	NOT_EXECUTED
745	fn:live_room:live_room_list_page:007	lib/page/live_room/live_room_list/live_room_list_page.dart	1ca826b173d193102354213987b1bc2f4b3879e4b68ed04c3f0868fae8eb4ada	ACCEPTANCE_TARGET_MISSING	F00-S02	NOT_EXECUTED
746	fn:live_room:live_room_list_page:008	lib/page/live_room/live_room_list/live_room_list_page.dart	1ca826b173d193102354213987b1bc2f4b3879e4b68ed04c3f0868fae8eb4ada	ACCEPTANCE_TARGET_MISSING	F00-S02	NOT_EXECUTED
747	fn:live_room:live_room_list_page:009	lib/page/live_room/live_room_list/live_room_list_page.dart	1ca826b173d193102354213987b1bc2f4b3879e4b68ed04c3f0868fae8eb4ada	ACCEPTANCE_TARGET_MISSING	F00-S02	NOT_EXECUTED
748	fn:live_room:live_room_list_page:010	lib/page/live_room/live_room_list/live_room_list_page.dart	1ca826b173d193102354213987b1bc2f4b3879e4b68ed04c3f0868fae8eb4ada	ACCEPTANCE_TARGET_MISSING	F00-S02	NOT_EXECUTED
749	fn:live_room:live_room_list_page:011	lib/page/live_room/live_room_list/live_room_list_page.dart	1ca826b173d193102354213987b1bc2f4b3879e4b68ed04c3f0868fae8eb4ada	ACCEPTANCE_TARGET_MISSING	F00-S02	NOT_EXECUTED
750	fn:live_room:live_room_list_page:012	lib/page/live_room/live_room_list/live_room_list_page.dart	1ca826b173d193102354213987b1bc2f4b3879e4b68ed04c3f0868fae8eb4ada	ACCEPTANCE_TARGET_MISSING	F00-S02	NOT_EXECUTED
751	fn:live_room:publisher_page:001	lib/page/live_room/publisher/publisher_page.dart	649e24a04bf804c31e28ebdd96c8e6b000066b7d211d59fc14287292c7e7539e	ACCEPTANCE_TARGET_MISSING	F00-S02	NOT_EXECUTED
752	fn:live_room:publisher_page:002	lib/page/live_room/publisher/publisher_page.dart	649e24a04bf804c31e28ebdd96c8e6b000066b7d211d59fc14287292c7e7539e	ACCEPTANCE_TARGET_MISSING	F00-S02	NOT_EXECUTED
753	fn:live_room:publisher_page:003	lib/page/live_room/publisher/publisher_page.dart	649e24a04bf804c31e28ebdd96c8e6b000066b7d211d59fc14287292c7e7539e	ACCEPTANCE_TARGET_MISSING	F00-S02	NOT_EXECUTED
754	fn:live_room:publisher_page:004	lib/page/live_room/publisher/publisher_page.dart	649e24a04bf804c31e28ebdd96c8e6b000066b7d211d59fc14287292c7e7539e	ACCEPTANCE_TARGET_MISSING	F00-S02	NOT_EXECUTED
755	fn:live_room:publisher_page:005	lib/page/live_room/publisher/publisher_page.dart	649e24a04bf804c31e28ebdd96c8e6b000066b7d211d59fc14287292c7e7539e	ACCEPTANCE_TARGET_MISSING	F00-S02	NOT_EXECUTED
756	fn:live_room:publisher_page:006	lib/page/live_room/publisher/publisher_page.dart	649e24a04bf804c31e28ebdd96c8e6b000066b7d211d59fc14287292c7e7539e	ACCEPTANCE_TARGET_MISSING	F00-S02	NOT_EXECUTED
757	fn:live_room:publisher_page:007	lib/page/live_room/publisher/publisher_page.dart	649e24a04bf804c31e28ebdd96c8e6b000066b7d211d59fc14287292c7e7539e	ACCEPTANCE_TARGET_MISSING	F00-S02	NOT_EXECUTED
758	fn:live_room:publisher_page:008	lib/page/live_room/publisher/publisher_page.dart	649e24a04bf804c31e28ebdd96c8e6b000066b7d211d59fc14287292c7e7539e	ACCEPTANCE_TARGET_MISSING	F00-S02	NOT_EXECUTED
759	fn:live_room:publisher_page:009	lib/page/live_room/publisher/publisher_page.dart	649e24a04bf804c31e28ebdd96c8e6b000066b7d211d59fc14287292c7e7539e	ACCEPTANCE_TARGET_MISSING	F00-S02	NOT_EXECUTED
760	fn:live_room:publisher_page:010	lib/page/live_room/publisher/publisher_page.dart	649e24a04bf804c31e28ebdd96c8e6b000066b7d211d59fc14287292c7e7539e	ACCEPTANCE_TARGET_MISSING	F00-S02	NOT_EXECUTED
761	fn:live_room:publisher_page:011	lib/page/live_room/publisher/publisher_page.dart	649e24a04bf804c31e28ebdd96c8e6b000066b7d211d59fc14287292c7e7539e	ACCEPTANCE_TARGET_MISSING	F00-S02	NOT_EXECUTED
762	fn:live_room:subscriber_page:001	lib/page/live_room/subscriber/subscriber_page.dart	d7e9c811d60f9f2dcb665bb1f4534fa1bf0c5f6f900b22572957d8888912c1be	ACCEPTANCE_TARGET_MISSING	F00-S02	NOT_EXECUTED
763	fn:live_room:subscriber_page:002	lib/page/live_room/subscriber/subscriber_page.dart	d7e9c811d60f9f2dcb665bb1f4534fa1bf0c5f6f900b22572957d8888912c1be	ACCEPTANCE_TARGET_MISSING	F00-S02	NOT_EXECUTED
764	fn:live_room:subscriber_page:003	lib/page/live_room/subscriber/subscriber_page.dart	d7e9c811d60f9f2dcb665bb1f4534fa1bf0c5f6f900b22572957d8888912c1be	ACCEPTANCE_TARGET_MISSING	F00-S02	NOT_EXECUTED
765	fn:live_room:subscriber_page:004	lib/page/live_room/subscriber/subscriber_page.dart	d7e9c811d60f9f2dcb665bb1f4534fa1bf0c5f6f900b22572957d8888912c1be	ACCEPTANCE_TARGET_MISSING	F00-S02	NOT_EXECUTED
766	fn:live_room:subscriber_page:005	lib/page/live_room/subscriber/subscriber_page.dart	d7e9c811d60f9f2dcb665bb1f4534fa1bf0c5f6f900b22572957d8888912c1be	ACCEPTANCE_TARGET_MISSING	F00-S02	NOT_EXECUTED
767	fn:live_room:subscriber_page:006	lib/page/live_room/subscriber/subscriber_page.dart	d7e9c811d60f9f2dcb665bb1f4534fa1bf0c5f6f900b22572957d8888912c1be	ACCEPTANCE_TARGET_MISSING	F00-S02	NOT_EXECUTED
768	fn:live_room:subscriber_page:007	lib/page/live_room/subscriber/subscriber_page.dart	d7e9c811d60f9f2dcb665bb1f4534fa1bf0c5f6f900b22572957d8888912c1be	ACCEPTANCE_TARGET_MISSING	F00-S02	NOT_EXECUTED
769	fn:live_room:subscriber_page:008	lib/page/live_room/subscriber/subscriber_page.dart	d7e9c811d60f9f2dcb665bb1f4534fa1bf0c5f6f900b22572957d8888912c1be	ACCEPTANCE_TARGET_MISSING	F00-S02	NOT_EXECUTED
770	fn:live_room:subscriber_page:009	lib/page/live_room/subscriber/subscriber_page.dart	d7e9c811d60f9f2dcb665bb1f4534fa1bf0c5f6f900b22572957d8888912c1be	ACCEPTANCE_TARGET_MISSING	F00-S02	NOT_EXECUTED
771	fn:live_room:subscriber_page:010	lib/page/live_room/subscriber/subscriber_page.dart	d7e9c811d60f9f2dcb665bb1f4534fa1bf0c5f6f900b22572957d8888912c1be	ACCEPTANCE_TARGET_MISSING	F00-S02	NOT_EXECUTED
772	fn:mention:mention_list_page:001	lib/page/mention/mention_list_page.dart	502b93582044d945cc1db7b516d20a3c7a8aeef3da8b594ed834d0b519b17b6b	ACCEPTANCE_TARGET_MISSING	F00-S02	NOT_EXECUTED
773	fn:mention:mention_list_page:002	lib/page/mention/mention_list_page.dart	502b93582044d945cc1db7b516d20a3c7a8aeef3da8b594ed834d0b519b17b6b	ACCEPTANCE_TARGET_MISSING	F00-S02	NOT_EXECUTED
774	fn:mention:mention_list_page:003	lib/page/mention/mention_list_page.dart	502b93582044d945cc1db7b516d20a3c7a8aeef3da8b594ed834d0b519b17b6b	ACCEPTANCE_TARGET_MISSING	F00-S02	NOT_EXECUTED
775	fn:mention:mention_list_page:004	lib/page/mention/mention_list_page.dart	502b93582044d945cc1db7b516d20a3c7a8aeef3da8b594ed834d0b519b17b6b	ACCEPTANCE_TARGET_MISSING	F00-S02	NOT_EXECUTED
776	fn:mention:mention_list_page:005	lib/page/mention/mention_list_page.dart	502b93582044d945cc1db7b516d20a3c7a8aeef3da8b594ed834d0b519b17b6b	ACCEPTANCE_TARGET_MISSING	F00-S02	NOT_EXECUTED
777	fn:mention:mention_list_page:006	lib/page/mention/mention_list_page.dart	502b93582044d945cc1db7b516d20a3c7a8aeef3da8b594ed834d0b519b17b6b	ACCEPTANCE_TARGET_MISSING	F00-S02	NOT_EXECUTED
778	fn:mention:mention_list_page:007	lib/page/mention/mention_list_page.dart	502b93582044d945cc1db7b516d20a3c7a8aeef3da8b594ed834d0b519b17b6b	ACCEPTANCE_TARGET_MISSING	F00-S02	NOT_EXECUTED
779	fn:mention:mention_list_page:008	lib/page/mention/mention_list_page.dart	502b93582044d945cc1db7b516d20a3c7a8aeef3da8b594ed834d0b519b17b6b	ACCEPTANCE_TARGET_MISSING	F00-S02	NOT_EXECUTED
780	fn:mention:mention_list_page:009	lib/page/mention/mention_list_page.dart	502b93582044d945cc1db7b516d20a3c7a8aeef3da8b594ed834d0b519b17b6b	ACCEPTANCE_TARGET_MISSING	F00-S02	NOT_EXECUTED
781	fn:mention:mention_list_page:010	lib/page/mention/mention_list_page.dart	502b93582044d945cc1db7b516d20a3c7a8aeef3da8b594ed834d0b519b17b6b	ACCEPTANCE_TARGET_MISSING	F00-S02	NOT_EXECUTED
782	fn:mention:mention_list_page:011	lib/page/mention/mention_list_page.dart	502b93582044d945cc1db7b516d20a3c7a8aeef3da8b594ed834d0b519b17b6b	ACCEPTANCE_TARGET_MISSING	F00-S02	NOT_EXECUTED
783	fn:mention:mention_list_page:012	lib/page/mention/mention_list_page.dart	502b93582044d945cc1db7b516d20a3c7a8aeef3da8b594ed834d0b519b17b6b	ACCEPTANCE_TARGET_MISSING	F00-S02	NOT_EXECUTED
784	fn:mine:account_security_page:001	lib/page/mine/account_security/account_security_page.dart	ccb2a304a7fc71bd7eceda2412186c5e93ab11996c24994d8a6cca4376af0d68	ACCEPTANCE_TARGET_MISSING	F00-S02	NOT_EXECUTED
785	fn:mine:account_security_page:002	lib/page/mine/account_security/account_security_page.dart	ccb2a304a7fc71bd7eceda2412186c5e93ab11996c24994d8a6cca4376af0d68	ACCEPTANCE_TARGET_MISSING	F00-S02	NOT_EXECUTED
786	fn:mine:account_security_page:003	lib/page/mine/account_security/account_security_page.dart	ccb2a304a7fc71bd7eceda2412186c5e93ab11996c24994d8a6cca4376af0d68	ACCEPTANCE_TARGET_MISSING	F00-S02	NOT_EXECUTED
787	fn:mine:account_security_page:004	lib/page/mine/account_security/account_security_page.dart	ccb2a304a7fc71bd7eceda2412186c5e93ab11996c24994d8a6cca4376af0d68	ACCEPTANCE_TARGET_MISSING	F00-S02	NOT_EXECUTED
788	fn:mine:account_security_page:005	lib/page/mine/account_security/account_security_page.dart	ccb2a304a7fc71bd7eceda2412186c5e93ab11996c24994d8a6cca4376af0d68	ACCEPTANCE_TARGET_MISSING	F00-S02	NOT_EXECUTED
789	fn:mine:account_security_page:006	lib/page/mine/account_security/account_security_page.dart	ccb2a304a7fc71bd7eceda2412186c5e93ab11996c24994d8a6cca4376af0d68	ACCEPTANCE_TARGET_MISSING	F00-S02	NOT_EXECUTED
790	fn:mine:account_security_page:007	lib/page/mine/account_security/account_security_page.dart	ccb2a304a7fc71bd7eceda2412186c5e93ab11996c24994d8a6cca4376af0d68	ACCEPTANCE_TARGET_MISSING	F00-S02	NOT_EXECUTED
791	fn:mine:account_security_page:008	lib/page/mine/account_security/account_security_page.dart	ccb2a304a7fc71bd7eceda2412186c5e93ab11996c24994d8a6cca4376af0d68	ACCEPTANCE_TARGET_MISSING	F00-S02	NOT_EXECUTED
792	fn:mine:account_security_page:009	lib/page/mine/account_security/account_security_page.dart	ccb2a304a7fc71bd7eceda2412186c5e93ab11996c24994d8a6cca4376af0d68	ACCEPTANCE_TARGET_MISSING	F00-S02	NOT_EXECUTED
793	fn:mine:appeal_page:001	lib/page/mine/appeal/appeal_page.dart	e3fe31f2eb8843463ef22c344a0b73318b9a125723cbfa205feda081a8b12e14	ACCEPTANCE_ORACLE_PLACEHOLDER,ACCEPTANCE_TARGET_MISSING	F00-S02	NOT_EXECUTED
794	fn:mine:appeal_page:002	lib/page/mine/appeal/appeal_page.dart	e3fe31f2eb8843463ef22c344a0b73318b9a125723cbfa205feda081a8b12e14	ACCEPTANCE_ORACLE_PLACEHOLDER,ACCEPTANCE_TARGET_MISSING	F00-S02	NOT_EXECUTED
795	fn:mine:appeal_page:003	lib/page/mine/appeal/appeal_page.dart	e3fe31f2eb8843463ef22c344a0b73318b9a125723cbfa205feda081a8b12e14	ACCEPTANCE_ORACLE_PLACEHOLDER,ACCEPTANCE_TARGET_MISSING	F00-S02	NOT_EXECUTED
796	fn:mine:appeal_page:004	lib/page/mine/appeal/appeal_page.dart	e3fe31f2eb8843463ef22c344a0b73318b9a125723cbfa205feda081a8b12e14	ACCEPTANCE_ORACLE_PLACEHOLDER,ACCEPTANCE_TARGET_MISSING	F00-S02	NOT_EXECUTED
797	fn:mine:bind_email_page:001	lib/page/mine/account_security/bind_email_page.dart	47d9bb1644dc7b44ebdf1b5a8763b6409bb0adfa81947b15127d279c88e5408c	ACCEPTANCE_TARGET_MISSING	F00-S02	NOT_EXECUTED
798	fn:mine:bind_email_page:002	lib/page/mine/account_security/bind_email_page.dart	47d9bb1644dc7b44ebdf1b5a8763b6409bb0adfa81947b15127d279c88e5408c	ACCEPTANCE_TARGET_MISSING	F00-S02	NOT_EXECUTED
799	fn:mine:bind_email_page:003	lib/page/mine/account_security/bind_email_page.dart	47d9bb1644dc7b44ebdf1b5a8763b6409bb0adfa81947b15127d279c88e5408c	ACCEPTANCE_TARGET_MISSING	F00-S02	NOT_EXECUTED
800	fn:mine:bind_email_page:004	lib/page/mine/account_security/bind_email_page.dart	47d9bb1644dc7b44ebdf1b5a8763b6409bb0adfa81947b15127d279c88e5408c	ACCEPTANCE_TARGET_MISSING	F00-S02	NOT_EXECUTED
801	fn:mine:bind_email_page:005	lib/page/mine/account_security/bind_email_page.dart	47d9bb1644dc7b44ebdf1b5a8763b6409bb0adfa81947b15127d279c88e5408c	ACCEPTANCE_TARGET_MISSING	F00-S02	NOT_EXECUTED
802	fn:mine:bind_email_page:006	lib/page/mine/account_security/bind_email_page.dart	47d9bb1644dc7b44ebdf1b5a8763b6409bb0adfa81947b15127d279c88e5408c	ACCEPTANCE_TARGET_MISSING	F00-S02	NOT_EXECUTED
803	fn:mine:bind_email_page:007	lib/page/mine/account_security/bind_email_page.dart	47d9bb1644dc7b44ebdf1b5a8763b6409bb0adfa81947b15127d279c88e5408c	ACCEPTANCE_TARGET_MISSING	F00-S02	NOT_EXECUTED
804	fn:mine:bind_email_page:008	lib/page/mine/account_security/bind_email_page.dart	47d9bb1644dc7b44ebdf1b5a8763b6409bb0adfa81947b15127d279c88e5408c	ACCEPTANCE_TARGET_MISSING	F00-S02	NOT_EXECUTED
805	fn:mine:bind_email_page:009	lib/page/mine/account_security/bind_email_page.dart	47d9bb1644dc7b44ebdf1b5a8763b6409bb0adfa81947b15127d279c88e5408c	ACCEPTANCE_TARGET_MISSING	F00-S02	NOT_EXECUTED
806	fn:mine:bind_email_page:010	lib/page/mine/account_security/bind_email_page.dart	47d9bb1644dc7b44ebdf1b5a8763b6409bb0adfa81947b15127d279c88e5408c	ACCEPTANCE_TARGET_MISSING	F00-S02	NOT_EXECUTED
807	fn:mine:bind_email_page:011	lib/page/mine/account_security/bind_email_page.dart	47d9bb1644dc7b44ebdf1b5a8763b6409bb0adfa81947b15127d279c88e5408c	ACCEPTANCE_TARGET_MISSING	F00-S02	NOT_EXECUTED
808	fn:mine:bind_email_page:012	lib/page/mine/account_security/bind_email_page.dart	47d9bb1644dc7b44ebdf1b5a8763b6409bb0adfa81947b15127d279c88e5408c	ACCEPTANCE_TARGET_MISSING	F00-S02	NOT_EXECUTED
809	fn:mine:bind_mobile_page:001	lib/page/mine/account_security/bind_mobile_page.dart	4a67be54ce1a07187fce284bb889097d6d10c0d68431c99d3e9d14b40c1bb7a0	ACCEPTANCE_TARGET_MISSING	F00-S02	NOT_EXECUTED
810	fn:mine:bind_mobile_page:002	lib/page/mine/account_security/bind_mobile_page.dart	4a67be54ce1a07187fce284bb889097d6d10c0d68431c99d3e9d14b40c1bb7a0	ACCEPTANCE_TARGET_MISSING	F00-S02	NOT_EXECUTED
811	fn:mine:bind_mobile_page:003	lib/page/mine/account_security/bind_mobile_page.dart	4a67be54ce1a07187fce284bb889097d6d10c0d68431c99d3e9d14b40c1bb7a0	ACCEPTANCE_TARGET_MISSING	F00-S02	NOT_EXECUTED
812	fn:mine:bind_mobile_page:004	lib/page/mine/account_security/bind_mobile_page.dart	4a67be54ce1a07187fce284bb889097d6d10c0d68431c99d3e9d14b40c1bb7a0	ACCEPTANCE_TARGET_MISSING	F00-S02	NOT_EXECUTED
813	fn:mine:bind_mobile_page:005	lib/page/mine/account_security/bind_mobile_page.dart	4a67be54ce1a07187fce284bb889097d6d10c0d68431c99d3e9d14b40c1bb7a0	ACCEPTANCE_TARGET_MISSING	F00-S02	NOT_EXECUTED
814	fn:mine:bind_mobile_page:006	lib/page/mine/account_security/bind_mobile_page.dart	4a67be54ce1a07187fce284bb889097d6d10c0d68431c99d3e9d14b40c1bb7a0	ACCEPTANCE_TARGET_MISSING	F00-S02	NOT_EXECUTED
815	fn:mine:bind_mobile_page:007	lib/page/mine/account_security/bind_mobile_page.dart	4a67be54ce1a07187fce284bb889097d6d10c0d68431c99d3e9d14b40c1bb7a0	ACCEPTANCE_TARGET_MISSING	F00-S02	NOT_EXECUTED
816	fn:mine:bind_mobile_page:008	lib/page/mine/account_security/bind_mobile_page.dart	4a67be54ce1a07187fce284bb889097d6d10c0d68431c99d3e9d14b40c1bb7a0	ACCEPTANCE_TARGET_MISSING	F00-S02	NOT_EXECUTED
817	fn:mine:bind_mobile_page:009	lib/page/mine/account_security/bind_mobile_page.dart	4a67be54ce1a07187fce284bb889097d6d10c0d68431c99d3e9d14b40c1bb7a0	ACCEPTANCE_TARGET_MISSING	F00-S02	NOT_EXECUTED
818	fn:mine:bind_mobile_page:010	lib/page/mine/account_security/bind_mobile_page.dart	4a67be54ce1a07187fce284bb889097d6d10c0d68431c99d3e9d14b40c1bb7a0	ACCEPTANCE_TARGET_MISSING	F00-S02	NOT_EXECUTED
819	fn:mine:bind_mobile_page:011	lib/page/mine/account_security/bind_mobile_page.dart	4a67be54ce1a07187fce284bb889097d6d10c0d68431c99d3e9d14b40c1bb7a0	ACCEPTANCE_TARGET_MISSING	F00-S02	NOT_EXECUTED
820	fn:mine:bind_mobile_page:012	lib/page/mine/account_security/bind_mobile_page.dart	4a67be54ce1a07187fce284bb889097d6d10c0d68431c99d3e9d14b40c1bb7a0	ACCEPTANCE_TARGET_MISSING	F00-S02	NOT_EXECUTED
821	fn:mine:change_name_page:001	lib/page/mine/user_device/change_name_page.dart	699dec0b073968b9052ee5c353a571ad7c55244df2d2a949fa32c7ca2dd33bee	ACCEPTANCE_TARGET_MISSING	F00-S02	NOT_EXECUTED
822	fn:mine:change_name_page:002	lib/page/mine/user_device/change_name_page.dart	699dec0b073968b9052ee5c353a571ad7c55244df2d2a949fa32c7ca2dd33bee	ACCEPTANCE_TARGET_MISSING	F00-S02	NOT_EXECUTED
823	fn:mine:change_name_page:003	lib/page/mine/user_device/change_name_page.dart	699dec0b073968b9052ee5c353a571ad7c55244df2d2a949fa32c7ca2dd33bee	ACCEPTANCE_TARGET_MISSING	F00-S02	NOT_EXECUTED
824	fn:mine:change_name_page:004	lib/page/mine/user_device/change_name_page.dart	699dec0b073968b9052ee5c353a571ad7c55244df2d2a949fa32c7ca2dd33bee	ACCEPTANCE_TARGET_MISSING	F00-S02	NOT_EXECUTED
825	fn:mine:change_name_page:005	lib/page/mine/user_device/change_name_page.dart	699dec0b073968b9052ee5c353a571ad7c55244df2d2a949fa32c7ca2dd33bee	ACCEPTANCE_TARGET_MISSING	F00-S02	NOT_EXECUTED
826	fn:mine:change_name_page:006	lib/page/mine/user_device/change_name_page.dart	699dec0b073968b9052ee5c353a571ad7c55244df2d2a949fa32c7ca2dd33bee	ACCEPTANCE_TARGET_MISSING	F00-S02	NOT_EXECUTED
827	fn:mine:change_name_page:007	lib/page/mine/user_device/change_name_page.dart	699dec0b073968b9052ee5c353a571ad7c55244df2d2a949fa32c7ca2dd33bee	ACCEPTANCE_TARGET_MISSING	F00-S02	NOT_EXECUTED
828	fn:mine:change_name_page:008	lib/page/mine/user_device/change_name_page.dart	699dec0b073968b9052ee5c353a571ad7c55244df2d2a949fa32c7ca2dd33bee	ACCEPTANCE_TARGET_MISSING	F00-S02	NOT_EXECUTED
829	fn:mine:change_name_page:009	lib/page/mine/user_device/change_name_page.dart	699dec0b073968b9052ee5c353a571ad7c55244df2d2a949fa32c7ca2dd33bee	ACCEPTANCE_TARGET_MISSING	F00-S02	NOT_EXECUTED
830	fn:mine:change_name_page:010	lib/page/mine/user_device/change_name_page.dart	699dec0b073968b9052ee5c353a571ad7c55244df2d2a949fa32c7ca2dd33bee	ACCEPTANCE_TARGET_MISSING	F00-S02	NOT_EXECUTED
831	fn:mine:change_name_page:011	lib/page/mine/user_device/change_name_page.dart	699dec0b073968b9052ee5c353a571ad7c55244df2d2a949fa32c7ca2dd33bee	ACCEPTANCE_TARGET_MISSING	F00-S02	NOT_EXECUTED
844	fn:mine:dark_model_page:001	lib/page/mine/dark_model/dark_model_page.dart	48c3514a86de68ef2e7c568800ed8c9bb48fca85332a56b7137ba45e40dd1ec2	ACCEPTANCE_TARGET_MISSING	F00-S02	NOT_EXECUTED
845	fn:mine:dark_model_page:002	lib/page/mine/dark_model/dark_model_page.dart	48c3514a86de68ef2e7c568800ed8c9bb48fca85332a56b7137ba45e40dd1ec2	ACCEPTANCE_TARGET_MISSING	F00-S02	NOT_EXECUTED
846	fn:mine:dark_model_page:003	lib/page/mine/dark_model/dark_model_page.dart	48c3514a86de68ef2e7c568800ed8c9bb48fca85332a56b7137ba45e40dd1ec2	ACCEPTANCE_TARGET_MISSING	F00-S02	NOT_EXECUTED
847	fn:mine:dark_model_page:004	lib/page/mine/dark_model/dark_model_page.dart	48c3514a86de68ef2e7c568800ed8c9bb48fca85332a56b7137ba45e40dd1ec2	ACCEPTANCE_TARGET_MISSING	F00-S02	NOT_EXECUTED
848	fn:mine:dark_model_page:005	lib/page/mine/dark_model/dark_model_page.dart	48c3514a86de68ef2e7c568800ed8c9bb48fca85332a56b7137ba45e40dd1ec2	ACCEPTANCE_TARGET_MISSING	F00-S02	NOT_EXECUTED
849	fn:mine:dark_model_page:006	lib/page/mine/dark_model/dark_model_page.dart	48c3514a86de68ef2e7c568800ed8c9bb48fca85332a56b7137ba45e40dd1ec2	ACCEPTANCE_TARGET_MISSING	F00-S02	NOT_EXECUTED
850	fn:mine:dark_model_page:007	lib/page/mine/dark_model/dark_model_page.dart	48c3514a86de68ef2e7c568800ed8c9bb48fca85332a56b7137ba45e40dd1ec2	ACCEPTANCE_TARGET_MISSING	F00-S02	NOT_EXECUTED
851	fn:mine:dark_model_page:008	lib/page/mine/dark_model/dark_model_page.dart	48c3514a86de68ef2e7c568800ed8c9bb48fca85332a56b7137ba45e40dd1ec2	ACCEPTANCE_TARGET_MISSING	F00-S02	NOT_EXECUTED
852	fn:mine:dark_model_page:009	lib/page/mine/dark_model/dark_model_page.dart	48c3514a86de68ef2e7c568800ed8c9bb48fca85332a56b7137ba45e40dd1ec2	ACCEPTANCE_TARGET_MISSING	F00-S02	NOT_EXECUTED
853	fn:mine:denylist_page:001	lib/page/mine/denylist/denylist_page.dart	13dcc2c9c4acc18a13bbf60bf38af68313a04d1bc1bf022420ab37d09f90e4d4	ACCEPTANCE_TARGET_MISSING	F00-S02	NOT_EXECUTED
854	fn:mine:denylist_page:002	lib/page/mine/denylist/denylist_page.dart	13dcc2c9c4acc18a13bbf60bf38af68313a04d1bc1bf022420ab37d09f90e4d4	ACCEPTANCE_TARGET_MISSING	F00-S02	NOT_EXECUTED
855	fn:mine:denylist_page:003	lib/page/mine/denylist/denylist_page.dart	13dcc2c9c4acc18a13bbf60bf38af68313a04d1bc1bf022420ab37d09f90e4d4	ACCEPTANCE_TARGET_MISSING	F00-S02	NOT_EXECUTED
856	fn:mine:denylist_page:004	lib/page/mine/denylist/denylist_page.dart	13dcc2c9c4acc18a13bbf60bf38af68313a04d1bc1bf022420ab37d09f90e4d4	ACCEPTANCE_TARGET_MISSING	F00-S02	NOT_EXECUTED
857	fn:mine:denylist_page:005	lib/page/mine/denylist/denylist_page.dart	13dcc2c9c4acc18a13bbf60bf38af68313a04d1bc1bf022420ab37d09f90e4d4	ACCEPTANCE_TARGET_MISSING	F00-S02	NOT_EXECUTED
858	fn:mine:denylist_page:006	lib/page/mine/denylist/denylist_page.dart	13dcc2c9c4acc18a13bbf60bf38af68313a04d1bc1bf022420ab37d09f90e4d4	ACCEPTANCE_TARGET_MISSING	F00-S02	NOT_EXECUTED
859	fn:mine:denylist_page:007	lib/page/mine/denylist/denylist_page.dart	13dcc2c9c4acc18a13bbf60bf38af68313a04d1bc1bf022420ab37d09f90e4d4	ACCEPTANCE_TARGET_MISSING	F00-S02	NOT_EXECUTED
860	fn:mine:denylist_page:008	lib/page/mine/denylist/denylist_page.dart	13dcc2c9c4acc18a13bbf60bf38af68313a04d1bc1bf022420ab37d09f90e4d4	ACCEPTANCE_TARGET_MISSING	F00-S02	NOT_EXECUTED
861	fn:mine:denylist_page:009	lib/page/mine/denylist/denylist_page.dart	13dcc2c9c4acc18a13bbf60bf38af68313a04d1bc1bf022420ab37d09f90e4d4	ACCEPTANCE_TARGET_MISSING	F00-S02	NOT_EXECUTED
862	fn:mine:denylist_page:010	lib/page/mine/denylist/denylist_page.dart	13dcc2c9c4acc18a13bbf60bf38af68313a04d1bc1bf022420ab37d09f90e4d4	ACCEPTANCE_TARGET_MISSING	F00-S02	NOT_EXECUTED
863	fn:mine:denylist_page:011	lib/page/mine/denylist/denylist_page.dart	13dcc2c9c4acc18a13bbf60bf38af68313a04d1bc1bf022420ab37d09f90e4d4	ACCEPTANCE_TARGET_MISSING	F00-S02	NOT_EXECUTED
864	fn:mine:denylist_page:012	lib/page/mine/denylist/denylist_page.dart	13dcc2c9c4acc18a13bbf60bf38af68313a04d1bc1bf022420ab37d09f90e4d4	ACCEPTANCE_TARGET_MISSING	F00-S02	NOT_EXECUTED
865	fn:mine:feedback_detail_page:001	lib/page/mine/feedback/feedback_detail_page.dart	251ee043b071aebdb21bd41d05f7b23cf97e483fdcb9f5edf1aa5057dea8d4fc	ACCEPTANCE_TARGET_MISSING	F00-S02	NOT_EXECUTED
866	fn:mine:feedback_detail_page:002	lib/page/mine/feedback/feedback_detail_page.dart	251ee043b071aebdb21bd41d05f7b23cf97e483fdcb9f5edf1aa5057dea8d4fc	ACCEPTANCE_TARGET_MISSING	F00-S02	NOT_EXECUTED
867	fn:mine:feedback_detail_page:003	lib/page/mine/feedback/feedback_detail_page.dart	251ee043b071aebdb21bd41d05f7b23cf97e483fdcb9f5edf1aa5057dea8d4fc	ACCEPTANCE_TARGET_MISSING	F00-S02	NOT_EXECUTED
868	fn:mine:feedback_detail_page:004	lib/page/mine/feedback/feedback_detail_page.dart	251ee043b071aebdb21bd41d05f7b23cf97e483fdcb9f5edf1aa5057dea8d4fc	ACCEPTANCE_TARGET_MISSING	F00-S02	NOT_EXECUTED
869	fn:mine:feedback_detail_page:005	lib/page/mine/feedback/feedback_detail_page.dart	251ee043b071aebdb21bd41d05f7b23cf97e483fdcb9f5edf1aa5057dea8d4fc	ACCEPTANCE_TARGET_MISSING	F00-S02	NOT_EXECUTED
870	fn:mine:feedback_detail_page:006	lib/page/mine/feedback/feedback_detail_page.dart	251ee043b071aebdb21bd41d05f7b23cf97e483fdcb9f5edf1aa5057dea8d4fc	ACCEPTANCE_TARGET_MISSING	F00-S02	NOT_EXECUTED
871	fn:mine:feedback_detail_page:007	lib/page/mine/feedback/feedback_detail_page.dart	251ee043b071aebdb21bd41d05f7b23cf97e483fdcb9f5edf1aa5057dea8d4fc	ACCEPTANCE_TARGET_MISSING	F00-S02	NOT_EXECUTED
872	fn:mine:feedback_detail_page:008	lib/page/mine/feedback/feedback_detail_page.dart	251ee043b071aebdb21bd41d05f7b23cf97e483fdcb9f5edf1aa5057dea8d4fc	ACCEPTANCE_TARGET_MISSING	F00-S02	NOT_EXECUTED
873	fn:mine:feedback_detail_page:009	lib/page/mine/feedback/feedback_detail_page.dart	251ee043b071aebdb21bd41d05f7b23cf97e483fdcb9f5edf1aa5057dea8d4fc	ACCEPTANCE_TARGET_MISSING	F00-S02	NOT_EXECUTED
874	fn:mine:feedback_detail_page:010	lib/page/mine/feedback/feedback_detail_page.dart	251ee043b071aebdb21bd41d05f7b23cf97e483fdcb9f5edf1aa5057dea8d4fc	ACCEPTANCE_TARGET_MISSING	F00-S02	NOT_EXECUTED
875	fn:mine:feedback_detail_page:011	lib/page/mine/feedback/feedback_detail_page.dart	251ee043b071aebdb21bd41d05f7b23cf97e483fdcb9f5edf1aa5057dea8d4fc	ACCEPTANCE_TARGET_MISSING	F00-S02	NOT_EXECUTED
876	fn:mine:feedback_detail_page:012	lib/page/mine/feedback/feedback_detail_page.dart	251ee043b071aebdb21bd41d05f7b23cf97e483fdcb9f5edf1aa5057dea8d4fc	ACCEPTANCE_TARGET_MISSING	F00-S02	NOT_EXECUTED
877	fn:mine:feedback_page:001	lib/page/mine/feedback/feedback_page.dart	133af8a37d496af42aaf8d74c63ef19914eb56a362fd2c7bc84b4116265ee913	ACCEPTANCE_TARGET_MISSING	F00-S02	NOT_EXECUTED
878	fn:mine:feedback_page:002	lib/page/mine/feedback/feedback_page.dart	133af8a37d496af42aaf8d74c63ef19914eb56a362fd2c7bc84b4116265ee913	ACCEPTANCE_TARGET_MISSING	F00-S02	NOT_EXECUTED
879	fn:mine:feedback_page:003	lib/page/mine/feedback/feedback_page.dart	133af8a37d496af42aaf8d74c63ef19914eb56a362fd2c7bc84b4116265ee913	ACCEPTANCE_TARGET_MISSING	F00-S02	NOT_EXECUTED
880	fn:mine:feedback_page:004	lib/page/mine/feedback/feedback_page.dart	133af8a37d496af42aaf8d74c63ef19914eb56a362fd2c7bc84b4116265ee913	ACCEPTANCE_TARGET_MISSING	F00-S02	NOT_EXECUTED
881	fn:mine:feedback_page:005	lib/page/mine/feedback/feedback_page.dart	133af8a37d496af42aaf8d74c63ef19914eb56a362fd2c7bc84b4116265ee913	ACCEPTANCE_TARGET_MISSING	F00-S02	NOT_EXECUTED
882	fn:mine:feedback_page:006	lib/page/mine/feedback/feedback_page.dart	133af8a37d496af42aaf8d74c63ef19914eb56a362fd2c7bc84b4116265ee913	ACCEPTANCE_TARGET_MISSING	F00-S02	NOT_EXECUTED
883	fn:mine:feedback_page:007	lib/page/mine/feedback/feedback_page.dart	133af8a37d496af42aaf8d74c63ef19914eb56a362fd2c7bc84b4116265ee913	ACCEPTANCE_TARGET_MISSING	F00-S02	NOT_EXECUTED
884	fn:mine:feedback_page:008	lib/page/mine/feedback/feedback_page.dart	133af8a37d496af42aaf8d74c63ef19914eb56a362fd2c7bc84b4116265ee913	ACCEPTANCE_TARGET_MISSING	F00-S02	NOT_EXECUTED
885	fn:mine:feedback_page:009	lib/page/mine/feedback/feedback_page.dart	133af8a37d496af42aaf8d74c63ef19914eb56a362fd2c7bc84b4116265ee913	ACCEPTANCE_TARGET_MISSING	F00-S02	NOT_EXECUTED
886	fn:mine:feedback_page:010	lib/page/mine/feedback/feedback_page.dart	133af8a37d496af42aaf8d74c63ef19914eb56a362fd2c7bc84b4116265ee913	ACCEPTANCE_TARGET_MISSING	F00-S02	NOT_EXECUTED
887	fn:mine:feedback_page:011	lib/page/mine/feedback/feedback_page.dart	133af8a37d496af42aaf8d74c63ef19914eb56a362fd2c7bc84b4116265ee913	ACCEPTANCE_TARGET_MISSING	F00-S02	NOT_EXECUTED
888	fn:mine:feedback_page:012	lib/page/mine/feedback/feedback_page.dart	133af8a37d496af42aaf8d74c63ef19914eb56a362fd2c7bc84b4116265ee913	ACCEPTANCE_TARGET_MISSING	F00-S02	NOT_EXECUTED
889	fn:mine:feedback_page:013	lib/page/mine/feedback/feedback_page.dart	133af8a37d496af42aaf8d74c63ef19914eb56a362fd2c7bc84b4116265ee913	ACCEPTANCE_TARGET_MISSING	F00-S02	NOT_EXECUTED
890	fn:mine:font_size_page:001	lib/page/mine/font_size/font_size_page.dart	a3121dd21d499a8b688d834d6befb87f7ae1d6020afff6980ca36521f93cf67b	ACCEPTANCE_TARGET_MISSING	F00-S02	NOT_EXECUTED
891	fn:mine:font_size_page:002	lib/page/mine/font_size/font_size_page.dart	a3121dd21d499a8b688d834d6befb87f7ae1d6020afff6980ca36521f93cf67b	ACCEPTANCE_TARGET_MISSING	F00-S02	NOT_EXECUTED
892	fn:mine:font_size_page:003	lib/page/mine/font_size/font_size_page.dart	a3121dd21d499a8b688d834d6befb87f7ae1d6020afff6980ca36521f93cf67b	ACCEPTANCE_TARGET_MISSING	F00-S02	NOT_EXECUTED
893	fn:mine:font_size_page:004	lib/page/mine/font_size/font_size_page.dart	a3121dd21d499a8b688d834d6befb87f7ae1d6020afff6980ca36521f93cf67b	ACCEPTANCE_TARGET_MISSING	F00-S02	NOT_EXECUTED
894	fn:mine:font_size_page:005	lib/page/mine/font_size/font_size_page.dart	a3121dd21d499a8b688d834d6befb87f7ae1d6020afff6980ca36521f93cf67b	ACCEPTANCE_TARGET_MISSING	F00-S02	NOT_EXECUTED
895	fn:mine:font_size_page:006	lib/page/mine/font_size/font_size_page.dart	a3121dd21d499a8b688d834d6befb87f7ae1d6020afff6980ca36521f93cf67b	ACCEPTANCE_TARGET_MISSING	F00-S02	NOT_EXECUTED
896	fn:mine:font_size_page:007	lib/page/mine/font_size/font_size_page.dart	a3121dd21d499a8b688d834d6befb87f7ae1d6020afff6980ca36521f93cf67b	ACCEPTANCE_TARGET_MISSING	F00-S02	NOT_EXECUTED
897	fn:mine:font_size_page:008	lib/page/mine/font_size/font_size_page.dart	a3121dd21d499a8b688d834d6befb87f7ae1d6020afff6980ca36521f93cf67b	ACCEPTANCE_TARGET_MISSING	F00-S02	NOT_EXECUTED
898	fn:mine:font_size_page:009	lib/page/mine/font_size/font_size_page.dart	a3121dd21d499a8b688d834d6befb87f7ae1d6020afff6980ca36521f93cf67b	ACCEPTANCE_TARGET_MISSING	F00-S02	NOT_EXECUTED
899	fn:mine:font_size_page:010	lib/page/mine/font_size/font_size_page.dart	a3121dd21d499a8b688d834d6befb87f7ae1d6020afff6980ca36521f93cf67b	ACCEPTANCE_TARGET_MISSING	F00-S02	NOT_EXECUTED
900	fn:mine:language_page:001	lib/page/mine/language/language_page.dart	cbeedcf7d525b1164c87c7c2bbf92797e138c966d84c1590534eaa4b39b4f481	ACCEPTANCE_TARGET_MISSING	F00-S02	NOT_EXECUTED
901	fn:mine:language_page:002	lib/page/mine/language/language_page.dart	cbeedcf7d525b1164c87c7c2bbf92797e138c966d84c1590534eaa4b39b4f481	ACCEPTANCE_TARGET_MISSING	F00-S02	NOT_EXECUTED
902	fn:mine:language_page:003	lib/page/mine/language/language_page.dart	cbeedcf7d525b1164c87c7c2bbf92797e138c966d84c1590534eaa4b39b4f481	ACCEPTANCE_TARGET_MISSING	F00-S02	NOT_EXECUTED
903	fn:mine:language_page:004	lib/page/mine/language/language_page.dart	cbeedcf7d525b1164c87c7c2bbf92797e138c966d84c1590534eaa4b39b4f481	ACCEPTANCE_TARGET_MISSING	F00-S02	NOT_EXECUTED
904	fn:mine:language_page:005	lib/page/mine/language/language_page.dart	cbeedcf7d525b1164c87c7c2bbf92797e138c966d84c1590534eaa4b39b4f481	ACCEPTANCE_TARGET_MISSING	F00-S02	NOT_EXECUTED
905	fn:mine:language_page:006	lib/page/mine/language/language_page.dart	cbeedcf7d525b1164c87c7c2bbf92797e138c966d84c1590534eaa4b39b4f481	ACCEPTANCE_TARGET_MISSING	F00-S02	NOT_EXECUTED
906	fn:mine:language_page:007	lib/page/mine/language/language_page.dart	cbeedcf7d525b1164c87c7c2bbf92797e138c966d84c1590534eaa4b39b4f481	ACCEPTANCE_TARGET_MISSING	F00-S02	NOT_EXECUTED
907	fn:mine:language_page:008	lib/page/mine/language/language_page.dart	cbeedcf7d525b1164c87c7c2bbf92797e138c966d84c1590534eaa4b39b4f481	ACCEPTANCE_TARGET_MISSING	F00-S02	NOT_EXECUTED
908	fn:mine:language_page:009	lib/page/mine/language/language_page.dart	cbeedcf7d525b1164c87c7c2bbf92797e138c966d84c1590534eaa4b39b4f481	ACCEPTANCE_TARGET_MISSING	F00-S02	NOT_EXECUTED
909	fn:mine:logout_account_page:001	lib/page/mine/logout_account/logout_account_page.dart	6d52e716021deeca78e8fcab80d31410dd05dd793cbbc887848d21090572f915	ACCEPTANCE_TARGET_MISSING	F00-S02	NOT_EXECUTED
910	fn:mine:logout_account_page:002	lib/page/mine/logout_account/logout_account_page.dart	6d52e716021deeca78e8fcab80d31410dd05dd793cbbc887848d21090572f915	ACCEPTANCE_TARGET_MISSING	F00-S02	NOT_EXECUTED
911	fn:mine:logout_account_page:003	lib/page/mine/logout_account/logout_account_page.dart	6d52e716021deeca78e8fcab80d31410dd05dd793cbbc887848d21090572f915	ACCEPTANCE_TARGET_MISSING	F00-S02	NOT_EXECUTED
912	fn:mine:logout_account_page:004	lib/page/mine/logout_account/logout_account_page.dart	6d52e716021deeca78e8fcab80d31410dd05dd793cbbc887848d21090572f915	ACCEPTANCE_TARGET_MISSING	F00-S02	NOT_EXECUTED
913	fn:mine:logout_account_page:005	lib/page/mine/logout_account/logout_account_page.dart	6d52e716021deeca78e8fcab80d31410dd05dd793cbbc887848d21090572f915	ACCEPTANCE_TARGET_MISSING	F00-S02	NOT_EXECUTED
914	fn:mine:logout_account_page:006	lib/page/mine/logout_account/logout_account_page.dart	6d52e716021deeca78e8fcab80d31410dd05dd793cbbc887848d21090572f915	ACCEPTANCE_TARGET_MISSING	F00-S02	NOT_EXECUTED
915	fn:mine:logout_account_page:007	lib/page/mine/logout_account/logout_account_page.dart	6d52e716021deeca78e8fcab80d31410dd05dd793cbbc887848d21090572f915	ACCEPTANCE_TARGET_MISSING	F00-S02	NOT_EXECUTED
916	fn:mine:logout_account_page:008	lib/page/mine/logout_account/logout_account_page.dart	6d52e716021deeca78e8fcab80d31410dd05dd793cbbc887848d21090572f915	ACCEPTANCE_TARGET_MISSING	F00-S02	NOT_EXECUTED
917	fn:mine:logout_account_page:009	lib/page/mine/logout_account/logout_account_page.dart	6d52e716021deeca78e8fcab80d31410dd05dd793cbbc887848d21090572f915	ACCEPTANCE_TARGET_MISSING	F00-S02	NOT_EXECUTED
918	fn:mine:logout_account_page:010	lib/page/mine/logout_account/logout_account_page.dart	6d52e716021deeca78e8fcab80d31410dd05dd793cbbc887848d21090572f915	ACCEPTANCE_TARGET_MISSING	F00-S02	NOT_EXECUTED
919	fn:mine:logout_account_page:011	lib/page/mine/logout_account/logout_account_page.dart	6d52e716021deeca78e8fcab80d31410dd05dd793cbbc887848d21090572f915	ACCEPTANCE_TARGET_MISSING	F00-S02	NOT_EXECUTED
920	fn:mine:logout_account_page:012	lib/page/mine/logout_account/logout_account_page.dart	6d52e716021deeca78e8fcab80d31410dd05dd793cbbc887848d21090572f915	ACCEPTANCE_TARGET_MISSING	F00-S02	NOT_EXECUTED
921	fn:mine:mine_page:001	lib/page/mine/mine/mine_page.dart	e5fcccb16606ac8d43847318d44bdbab93daecfa74e7251c9328a012647c4526	ACCEPTANCE_TARGET_MISSING	F00-S02	NOT_EXECUTED
922	fn:mine:mine_page:002	lib/page/mine/mine/mine_page.dart	e5fcccb16606ac8d43847318d44bdbab93daecfa74e7251c9328a012647c4526	ACCEPTANCE_TARGET_MISSING	F00-S02	NOT_EXECUTED
923	fn:mine:mine_page:003	lib/page/mine/mine/mine_page.dart	e5fcccb16606ac8d43847318d44bdbab93daecfa74e7251c9328a012647c4526	ACCEPTANCE_TARGET_MISSING	F00-S02	NOT_EXECUTED
924	fn:mine:mine_page:004	lib/page/mine/mine/mine_page.dart	e5fcccb16606ac8d43847318d44bdbab93daecfa74e7251c9328a012647c4526	ACCEPTANCE_TARGET_MISSING	F00-S02	NOT_EXECUTED
925	fn:mine:mine_page:005	lib/page/mine/mine/mine_page.dart	e5fcccb16606ac8d43847318d44bdbab93daecfa74e7251c9328a012647c4526	ACCEPTANCE_TARGET_MISSING	F00-S02	NOT_EXECUTED
926	fn:mine:mine_page:006	lib/page/mine/mine/mine_page.dart	e5fcccb16606ac8d43847318d44bdbab93daecfa74e7251c9328a012647c4526	ACCEPTANCE_TARGET_MISSING	F00-S02	NOT_EXECUTED
927	fn:mine:mine_page:007	lib/page/mine/mine/mine_page.dart	e5fcccb16606ac8d43847318d44bdbab93daecfa74e7251c9328a012647c4526	ACCEPTANCE_TARGET_MISSING	F00-S02	NOT_EXECUTED
928	fn:mine:mine_page:008	lib/page/mine/mine/mine_page.dart	e5fcccb16606ac8d43847318d44bdbab93daecfa74e7251c9328a012647c4526	ACCEPTANCE_TARGET_MISSING	F00-S02	NOT_EXECUTED
929	fn:mine:mine_page:009	lib/page/mine/mine/mine_page.dart	e5fcccb16606ac8d43847318d44bdbab93daecfa74e7251c9328a012647c4526	ACCEPTANCE_TARGET_MISSING	F00-S02	NOT_EXECUTED
930	fn:mine:mine_page:010	lib/page/mine/mine/mine_page.dart	e5fcccb16606ac8d43847318d44bdbab93daecfa74e7251c9328a012647c4526	ACCEPTANCE_TARGET_MISSING	F00-S02	NOT_EXECUTED
931	fn:mine:mine_page:011	lib/page/mine/mine/mine_page.dart	e5fcccb16606ac8d43847318d44bdbab93daecfa74e7251c9328a012647c4526	ACCEPTANCE_TARGET_MISSING	F00-S02	NOT_EXECUTED
932	fn:mine:mine_page:012	lib/page/mine/mine/mine_page.dart	e5fcccb16606ac8d43847318d44bdbab93daecfa74e7251c9328a012647c4526	ACCEPTANCE_TARGET_MISSING	F00-S02	NOT_EXECUTED
933	fn:mine:select_region_page:001	lib/page/mine/select_region/select_region_page.dart	e1164a1969e838f7cf28ad2158ea15596d9865195a63e15a530d4ef951403c19	ACCEPTANCE_TARGET_MISSING	F00-S02	NOT_EXECUTED
934	fn:mine:select_region_page:002	lib/page/mine/select_region/select_region_page.dart	e1164a1969e838f7cf28ad2158ea15596d9865195a63e15a530d4ef951403c19	ACCEPTANCE_TARGET_MISSING	F00-S02	NOT_EXECUTED
935	fn:mine:select_region_page:003	lib/page/mine/select_region/select_region_page.dart	e1164a1969e838f7cf28ad2158ea15596d9865195a63e15a530d4ef951403c19	ACCEPTANCE_TARGET_MISSING	F00-S02	NOT_EXECUTED
936	fn:mine:select_region_page:004	lib/page/mine/select_region/select_region_page.dart	e1164a1969e838f7cf28ad2158ea15596d9865195a63e15a530d4ef951403c19	ACCEPTANCE_TARGET_MISSING	F00-S02	NOT_EXECUTED
937	fn:mine:select_region_page:005	lib/page/mine/select_region/select_region_page.dart	e1164a1969e838f7cf28ad2158ea15596d9865195a63e15a530d4ef951403c19	ACCEPTANCE_TARGET_MISSING	F00-S02	NOT_EXECUTED
938	fn:mine:select_region_page:006	lib/page/mine/select_region/select_region_page.dart	e1164a1969e838f7cf28ad2158ea15596d9865195a63e15a530d4ef951403c19	ACCEPTANCE_TARGET_MISSING	F00-S02	NOT_EXECUTED
939	fn:mine:select_region_page:007	lib/page/mine/select_region/select_region_page.dart	e1164a1969e838f7cf28ad2158ea15596d9865195a63e15a530d4ef951403c19	ACCEPTANCE_TARGET_MISSING	F00-S02	NOT_EXECUTED
940	fn:mine:select_region_page:008	lib/page/mine/select_region/select_region_page.dart	e1164a1969e838f7cf28ad2158ea15596d9865195a63e15a530d4ef951403c19	ACCEPTANCE_TARGET_MISSING	F00-S02	NOT_EXECUTED
941	fn:mine:select_region_page:009	lib/page/mine/select_region/select_region_page.dart	e1164a1969e838f7cf28ad2158ea15596d9865195a63e15a530d4ef951403c19	ACCEPTANCE_TARGET_MISSING	F00-S02	NOT_EXECUTED
942	fn:mine:select_region_page:010	lib/page/mine/select_region/select_region_page.dart	e1164a1969e838f7cf28ad2158ea15596d9865195a63e15a530d4ef951403c19	ACCEPTANCE_TARGET_MISSING	F00-S02	NOT_EXECUTED
943	fn:mine:set_password_page:001	lib/page/mine/change_password/set_password_page.dart	f8381a00653c150f276fa09d200a82f9fa218af361a1ed321bb6bc0b6da719ec	ACCEPTANCE_TARGET_MISSING	F00-S02	NOT_EXECUTED
944	fn:mine:set_password_page:002	lib/page/mine/change_password/set_password_page.dart	f8381a00653c150f276fa09d200a82f9fa218af361a1ed321bb6bc0b6da719ec	ACCEPTANCE_TARGET_MISSING	F00-S02	NOT_EXECUTED
945	fn:mine:set_password_page:003	lib/page/mine/change_password/set_password_page.dart	f8381a00653c150f276fa09d200a82f9fa218af361a1ed321bb6bc0b6da719ec	ACCEPTANCE_TARGET_MISSING	F00-S02	NOT_EXECUTED
946	fn:mine:set_password_page:004	lib/page/mine/change_password/set_password_page.dart	f8381a00653c150f276fa09d200a82f9fa218af361a1ed321bb6bc0b6da719ec	ACCEPTANCE_TARGET_MISSING	F00-S02	NOT_EXECUTED
947	fn:mine:set_password_page:005	lib/page/mine/change_password/set_password_page.dart	f8381a00653c150f276fa09d200a82f9fa218af361a1ed321bb6bc0b6da719ec	ACCEPTANCE_TARGET_MISSING	F00-S02	NOT_EXECUTED
948	fn:mine:set_password_page:006	lib/page/mine/change_password/set_password_page.dart	f8381a00653c150f276fa09d200a82f9fa218af361a1ed321bb6bc0b6da719ec	ACCEPTANCE_TARGET_MISSING	F00-S02	NOT_EXECUTED
949	fn:mine:set_password_page:007	lib/page/mine/change_password/set_password_page.dart	f8381a00653c150f276fa09d200a82f9fa218af361a1ed321bb6bc0b6da719ec	ACCEPTANCE_TARGET_MISSING	F00-S02	NOT_EXECUTED
950	fn:mine:set_password_page:008	lib/page/mine/change_password/set_password_page.dart	f8381a00653c150f276fa09d200a82f9fa218af361a1ed321bb6bc0b6da719ec	ACCEPTANCE_TARGET_MISSING	F00-S02	NOT_EXECUTED
951	fn:mine:set_password_page:009	lib/page/mine/change_password/set_password_page.dart	f8381a00653c150f276fa09d200a82f9fa218af361a1ed321bb6bc0b6da719ec	ACCEPTANCE_TARGET_MISSING	F00-S02	NOT_EXECUTED
952	fn:mine:set_password_page:010	lib/page/mine/change_password/set_password_page.dart	f8381a00653c150f276fa09d200a82f9fa218af361a1ed321bb6bc0b6da719ec	ACCEPTANCE_TARGET_MISSING	F00-S02	NOT_EXECUTED
953	fn:mine:set_password_page:011	lib/page/mine/change_password/set_password_page.dart	f8381a00653c150f276fa09d200a82f9fa218af361a1ed321bb6bc0b6da719ec	ACCEPTANCE_TARGET_MISSING	F00-S02	NOT_EXECUTED
954	fn:mine:setting_page:001	lib/page/mine/setting/setting_page.dart	111145ea69f61b73f5f5e55ff9a24729871fed5ce3317b93653f64143bdead28	ACCEPTANCE_TARGET_MISSING	F00-S02	NOT_EXECUTED
955	fn:mine:setting_page:002	lib/page/mine/setting/setting_page.dart	111145ea69f61b73f5f5e55ff9a24729871fed5ce3317b93653f64143bdead28	ACCEPTANCE_TARGET_MISSING	F00-S02	NOT_EXECUTED
956	fn:mine:setting_page:003	lib/page/mine/setting/setting_page.dart	111145ea69f61b73f5f5e55ff9a24729871fed5ce3317b93653f64143bdead28	ACCEPTANCE_TARGET_MISSING	F00-S02	NOT_EXECUTED
957	fn:mine:setting_page:004	lib/page/mine/setting/setting_page.dart	111145ea69f61b73f5f5e55ff9a24729871fed5ce3317b93653f64143bdead28	ACCEPTANCE_TARGET_MISSING	F00-S02	NOT_EXECUTED
958	fn:mine:setting_page:005	lib/page/mine/setting/setting_page.dart	111145ea69f61b73f5f5e55ff9a24729871fed5ce3317b93653f64143bdead28	ACCEPTANCE_TARGET_MISSING	F00-S02	NOT_EXECUTED
959	fn:mine:setting_page:006	lib/page/mine/setting/setting_page.dart	111145ea69f61b73f5f5e55ff9a24729871fed5ce3317b93653f64143bdead28	ACCEPTANCE_TARGET_MISSING	F00-S02	NOT_EXECUTED
960	fn:mine:setting_page:007	lib/page/mine/setting/setting_page.dart	111145ea69f61b73f5f5e55ff9a24729871fed5ce3317b93653f64143bdead28	ACCEPTANCE_TARGET_MISSING	F00-S02	NOT_EXECUTED
961	fn:mine:setting_page:008	lib/page/mine/setting/setting_page.dart	111145ea69f61b73f5f5e55ff9a24729871fed5ce3317b93653f64143bdead28	ACCEPTANCE_TARGET_MISSING	F00-S02	NOT_EXECUTED
962	fn:mine:setting_page:009	lib/page/mine/setting/setting_page.dart	111145ea69f61b73f5f5e55ff9a24729871fed5ce3317b93653f64143bdead28	ACCEPTANCE_TARGET_MISSING	F00-S02	NOT_EXECUTED
963	fn:mine:setting_page:010	lib/page/mine/setting/setting_page.dart	111145ea69f61b73f5f5e55ff9a24729871fed5ce3317b93653f64143bdead28	ACCEPTANCE_TARGET_MISSING	F00-S02	NOT_EXECUTED
964	fn:mine:setting_page:011	lib/page/mine/setting/setting_page.dart	111145ea69f61b73f5f5e55ff9a24729871fed5ce3317b93653f64143bdead28	ACCEPTANCE_TARGET_MISSING	F00-S02	NOT_EXECUTED
965	fn:mine:setting_page:012	lib/page/mine/setting/setting_page.dart	111145ea69f61b73f5f5e55ff9a24729871fed5ce3317b93653f64143bdead28	ACCEPTANCE_TARGET_MISSING	F00-S02	NOT_EXECUTED
966	fn:mine:setting_page:013	lib/page/mine/setting/setting_page.dart	111145ea69f61b73f5f5e55ff9a24729871fed5ce3317b93653f64143bdead28	ACCEPTANCE_TARGET_MISSING	F00-S02	NOT_EXECUTED
967	fn:mine:setting_page:014	lib/page/mine/setting/setting_page.dart	111145ea69f61b73f5f5e55ff9a24729871fed5ce3317b93653f64143bdead28	ACCEPTANCE_TARGET_MISSING	F00-S02	NOT_EXECUTED
968	fn:mine:setting_page:015	lib/page/mine/setting/setting_page.dart	111145ea69f61b73f5f5e55ff9a24729871fed5ce3317b93653f64143bdead28	ACCEPTANCE_TARGET_MISSING	F00-S02	NOT_EXECUTED
969	fn:mine:setting_page:016	lib/page/mine/setting/setting_page.dart	111145ea69f61b73f5f5e55ff9a24729871fed5ce3317b93653f64143bdead28	ACCEPTANCE_TARGET_MISSING	F00-S02	NOT_EXECUTED
970	fn:mine:setting_page:017	lib/page/mine/setting/setting_page.dart	111145ea69f61b73f5f5e55ff9a24729871fed5ce3317b93653f64143bdead28	ACCEPTANCE_TARGET_MISSING	F00-S02	NOT_EXECUTED
971	fn:mine:storage_space_page:001	lib/page/mine/storage_space/storage_space_page.dart	99ec43c75add1e9f1d73437109ed41d9371d63ebf17c66689cdfe9222765f977	ACCEPTANCE_TARGET_MISSING	F00-S02	NOT_EXECUTED
972	fn:mine:storage_space_page:002	lib/page/mine/storage_space/storage_space_page.dart	99ec43c75add1e9f1d73437109ed41d9371d63ebf17c66689cdfe9222765f977	ACCEPTANCE_TARGET_MISSING	F00-S02	NOT_EXECUTED
973	fn:mine:storage_space_page:003	lib/page/mine/storage_space/storage_space_page.dart	99ec43c75add1e9f1d73437109ed41d9371d63ebf17c66689cdfe9222765f977	ACCEPTANCE_TARGET_MISSING	F00-S02	NOT_EXECUTED
974	fn:mine:storage_space_page:004	lib/page/mine/storage_space/storage_space_page.dart	99ec43c75add1e9f1d73437109ed41d9371d63ebf17c66689cdfe9222765f977	ACCEPTANCE_TARGET_MISSING	F00-S02	NOT_EXECUTED
975	fn:mine:storage_space_page:005	lib/page/mine/storage_space/storage_space_page.dart	99ec43c75add1e9f1d73437109ed41d9371d63ebf17c66689cdfe9222765f977	ACCEPTANCE_TARGET_MISSING	F00-S02	NOT_EXECUTED
976	fn:mine:storage_space_page:006	lib/page/mine/storage_space/storage_space_page.dart	99ec43c75add1e9f1d73437109ed41d9371d63ebf17c66689cdfe9222765f977	ACCEPTANCE_TARGET_MISSING	F00-S02	NOT_EXECUTED
977	fn:mine:storage_space_page:007	lib/page/mine/storage_space/storage_space_page.dart	99ec43c75add1e9f1d73437109ed41d9371d63ebf17c66689cdfe9222765f977	ACCEPTANCE_TARGET_MISSING	F00-S02	NOT_EXECUTED
978	fn:mine:storage_space_page:008	lib/page/mine/storage_space/storage_space_page.dart	99ec43c75add1e9f1d73437109ed41d9371d63ebf17c66689cdfe9222765f977	ACCEPTANCE_TARGET_MISSING	F00-S02	NOT_EXECUTED
979	fn:mine:storage_space_page:009	lib/page/mine/storage_space/storage_space_page.dart	99ec43c75add1e9f1d73437109ed41d9371d63ebf17c66689cdfe9222765f977	ACCEPTANCE_TARGET_MISSING	F00-S02	NOT_EXECUTED
980	fn:mine:storage_space_page:010	lib/page/mine/storage_space/storage_space_page.dart	99ec43c75add1e9f1d73437109ed41d9371d63ebf17c66689cdfe9222765f977	ACCEPTANCE_TARGET_MISSING	F00-S02	NOT_EXECUTED
981	fn:mine:user_collect_detail_page:001	lib/page/mine/user_collect/user_collect_detail_page.dart	d20873e64004f50bc4467896d1fcc8abbb187423508f1e8b994dd61fd4d3922b	ACCEPTANCE_TARGET_MISSING	F00-S02	NOT_EXECUTED
982	fn:mine:user_collect_detail_page:002	lib/page/mine/user_collect/user_collect_detail_page.dart	d20873e64004f50bc4467896d1fcc8abbb187423508f1e8b994dd61fd4d3922b	ACCEPTANCE_TARGET_MISSING	F00-S02	NOT_EXECUTED
983	fn:mine:user_collect_detail_page:003	lib/page/mine/user_collect/user_collect_detail_page.dart	d20873e64004f50bc4467896d1fcc8abbb187423508f1e8b994dd61fd4d3922b	ACCEPTANCE_TARGET_MISSING	F00-S02	NOT_EXECUTED
984	fn:mine:user_collect_detail_page:004	lib/page/mine/user_collect/user_collect_detail_page.dart	d20873e64004f50bc4467896d1fcc8abbb187423508f1e8b994dd61fd4d3922b	ACCEPTANCE_TARGET_MISSING	F00-S02	NOT_EXECUTED
985	fn:mine:user_collect_detail_page:005	lib/page/mine/user_collect/user_collect_detail_page.dart	d20873e64004f50bc4467896d1fcc8abbb187423508f1e8b994dd61fd4d3922b	ACCEPTANCE_TARGET_MISSING	F00-S02	NOT_EXECUTED
986	fn:mine:user_collect_detail_page:006	lib/page/mine/user_collect/user_collect_detail_page.dart	d20873e64004f50bc4467896d1fcc8abbb187423508f1e8b994dd61fd4d3922b	ACCEPTANCE_TARGET_MISSING	F00-S02	NOT_EXECUTED
987	fn:mine:user_collect_detail_page:007	lib/page/mine/user_collect/user_collect_detail_page.dart	d20873e64004f50bc4467896d1fcc8abbb187423508f1e8b994dd61fd4d3922b	ACCEPTANCE_TARGET_MISSING	F00-S02	NOT_EXECUTED
988	fn:mine:user_collect_detail_page:008	lib/page/mine/user_collect/user_collect_detail_page.dart	d20873e64004f50bc4467896d1fcc8abbb187423508f1e8b994dd61fd4d3922b	ACCEPTANCE_TARGET_MISSING	F00-S02	NOT_EXECUTED
989	fn:mine:user_collect_detail_page:009	lib/page/mine/user_collect/user_collect_detail_page.dart	d20873e64004f50bc4467896d1fcc8abbb187423508f1e8b994dd61fd4d3922b	ACCEPTANCE_TARGET_MISSING	F00-S02	NOT_EXECUTED
990	fn:mine:user_collect_detail_page:010	lib/page/mine/user_collect/user_collect_detail_page.dart	d20873e64004f50bc4467896d1fcc8abbb187423508f1e8b994dd61fd4d3922b	ACCEPTANCE_TARGET_MISSING	F00-S02	NOT_EXECUTED
991	fn:mine:user_collect_detail_page:011	lib/page/mine/user_collect/user_collect_detail_page.dart	d20873e64004f50bc4467896d1fcc8abbb187423508f1e8b994dd61fd4d3922b	ACCEPTANCE_TARGET_MISSING	F00-S02	NOT_EXECUTED
992	fn:mine:user_collect_detail_page:012	lib/page/mine/user_collect/user_collect_detail_page.dart	d20873e64004f50bc4467896d1fcc8abbb187423508f1e8b994dd61fd4d3922b	ACCEPTANCE_TARGET_MISSING	F00-S02	NOT_EXECUTED
993	fn:mine:user_collect_page:001	lib/page/mine/user_collect/user_collect_page.dart	0b247fa291e89d09e188e20835eb0172c62b8b6e305e6ceeddded429064f689a	ACCEPTANCE_TARGET_MISSING	F00-S02	NOT_EXECUTED
994	fn:mine:user_collect_page:002	lib/page/mine/user_collect/user_collect_page.dart	0b247fa291e89d09e188e20835eb0172c62b8b6e305e6ceeddded429064f689a	ACCEPTANCE_TARGET_MISSING	F00-S02	NOT_EXECUTED
995	fn:mine:user_collect_page:003	lib/page/mine/user_collect/user_collect_page.dart	0b247fa291e89d09e188e20835eb0172c62b8b6e305e6ceeddded429064f689a	ACCEPTANCE_TARGET_MISSING	F00-S02	NOT_EXECUTED
996	fn:mine:user_collect_page:004	lib/page/mine/user_collect/user_collect_page.dart	0b247fa291e89d09e188e20835eb0172c62b8b6e305e6ceeddded429064f689a	ACCEPTANCE_TARGET_MISSING	F00-S02	NOT_EXECUTED
997	fn:mine:user_collect_page:005	lib/page/mine/user_collect/user_collect_page.dart	0b247fa291e89d09e188e20835eb0172c62b8b6e305e6ceeddded429064f689a	ACCEPTANCE_TARGET_MISSING	F00-S02	NOT_EXECUTED
998	fn:mine:user_collect_page:006	lib/page/mine/user_collect/user_collect_page.dart	0b247fa291e89d09e188e20835eb0172c62b8b6e305e6ceeddded429064f689a	ACCEPTANCE_TARGET_MISSING	F00-S02	NOT_EXECUTED
999	fn:mine:user_collect_page:007	lib/page/mine/user_collect/user_collect_page.dart	0b247fa291e89d09e188e20835eb0172c62b8b6e305e6ceeddded429064f689a	ACCEPTANCE_TARGET_MISSING	F00-S02	NOT_EXECUTED
1000	fn:mine:user_collect_page:008	lib/page/mine/user_collect/user_collect_page.dart	0b247fa291e89d09e188e20835eb0172c62b8b6e305e6ceeddded429064f689a	ACCEPTANCE_TARGET_MISSING	F00-S02	NOT_EXECUTED
1001	fn:mine:user_collect_page:009	lib/page/mine/user_collect/user_collect_page.dart	0b247fa291e89d09e188e20835eb0172c62b8b6e305e6ceeddded429064f689a	ACCEPTANCE_TARGET_MISSING	F00-S02	NOT_EXECUTED
1002	fn:mine:user_collect_page:010	lib/page/mine/user_collect/user_collect_page.dart	0b247fa291e89d09e188e20835eb0172c62b8b6e305e6ceeddded429064f689a	ACCEPTANCE_TARGET_MISSING	F00-S02	NOT_EXECUTED
1003	fn:mine:user_collect_page:011	lib/page/mine/user_collect/user_collect_page.dart	0b247fa291e89d09e188e20835eb0172c62b8b6e305e6ceeddded429064f689a	ACCEPTANCE_TARGET_MISSING	F00-S02	NOT_EXECUTED
1004	fn:mine:user_collect_page:012	lib/page/mine/user_collect/user_collect_page.dart	0b247fa291e89d09e188e20835eb0172c62b8b6e305e6ceeddded429064f689a	ACCEPTANCE_TARGET_MISSING	F00-S02	NOT_EXECUTED
1005	fn:mine:user_collect_page:013	lib/page/mine/user_collect/user_collect_page.dart	0b247fa291e89d09e188e20835eb0172c62b8b6e305e6ceeddded429064f689a	ACCEPTANCE_TARGET_MISSING	F00-S02	NOT_EXECUTED
1006	fn:mine:user_collect_page:014	lib/page/mine/user_collect/user_collect_page.dart	0b247fa291e89d09e188e20835eb0172c62b8b6e305e6ceeddded429064f689a	ACCEPTANCE_TARGET_MISSING	F00-S02	NOT_EXECUTED
1007	fn:mine:user_collect_page:015	lib/page/mine/user_collect/user_collect_page.dart	0b247fa291e89d09e188e20835eb0172c62b8b6e305e6ceeddded429064f689a	ACCEPTANCE_TARGET_MISSING	F00-S02	NOT_EXECUTED
1008	fn:mine:user_collect_page:016	lib/page/mine/user_collect/user_collect_page.dart	0b247fa291e89d09e188e20835eb0172c62b8b6e305e6ceeddded429064f689a	ACCEPTANCE_TARGET_MISSING	F00-S02	NOT_EXECUTED
1009	fn:mine:user_collect_page:017	lib/page/mine/user_collect/user_collect_page.dart	0b247fa291e89d09e188e20835eb0172c62b8b6e305e6ceeddded429064f689a	ACCEPTANCE_TARGET_MISSING	F00-S02	NOT_EXECUTED
1010	fn:mine:user_device_detail_page:001	lib/page/mine/user_device/user_device_detail_page.dart	5c9feee386eb6a87b5b558f645d20e5c4d15a74f7ebbcd8e14847ebce58dcaa5	ACCEPTANCE_TARGET_MISSING	F00-S02	NOT_EXECUTED
1011	fn:mine:user_device_detail_page:002	lib/page/mine/user_device/user_device_detail_page.dart	5c9feee386eb6a87b5b558f645d20e5c4d15a74f7ebbcd8e14847ebce58dcaa5	ACCEPTANCE_TARGET_MISSING	F00-S02	NOT_EXECUTED
1012	fn:mine:user_device_detail_page:003	lib/page/mine/user_device/user_device_detail_page.dart	5c9feee386eb6a87b5b558f645d20e5c4d15a74f7ebbcd8e14847ebce58dcaa5	ACCEPTANCE_TARGET_MISSING	F00-S02	NOT_EXECUTED
1013	fn:mine:user_device_detail_page:004	lib/page/mine/user_device/user_device_detail_page.dart	5c9feee386eb6a87b5b558f645d20e5c4d15a74f7ebbcd8e14847ebce58dcaa5	ACCEPTANCE_TARGET_MISSING	F00-S02	NOT_EXECUTED
1014	fn:mine:user_device_detail_page:005	lib/page/mine/user_device/user_device_detail_page.dart	5c9feee386eb6a87b5b558f645d20e5c4d15a74f7ebbcd8e14847ebce58dcaa5	ACCEPTANCE_TARGET_MISSING	F00-S02	NOT_EXECUTED
1015	fn:mine:user_device_detail_page:006	lib/page/mine/user_device/user_device_detail_page.dart	5c9feee386eb6a87b5b558f645d20e5c4d15a74f7ebbcd8e14847ebce58dcaa5	ACCEPTANCE_TARGET_MISSING	F00-S02	NOT_EXECUTED
1016	fn:mine:user_device_detail_page:007	lib/page/mine/user_device/user_device_detail_page.dart	5c9feee386eb6a87b5b558f645d20e5c4d15a74f7ebbcd8e14847ebce58dcaa5	ACCEPTANCE_TARGET_MISSING	F00-S02	NOT_EXECUTED
1017	fn:mine:user_device_detail_page:008	lib/page/mine/user_device/user_device_detail_page.dart	5c9feee386eb6a87b5b558f645d20e5c4d15a74f7ebbcd8e14847ebce58dcaa5	ACCEPTANCE_TARGET_MISSING	F00-S02	NOT_EXECUTED
1018	fn:mine:user_device_detail_page:009	lib/page/mine/user_device/user_device_detail_page.dart	5c9feee386eb6a87b5b558f645d20e5c4d15a74f7ebbcd8e14847ebce58dcaa5	ACCEPTANCE_TARGET_MISSING	F00-S02	NOT_EXECUTED
1019	fn:mine:user_device_detail_page:010	lib/page/mine/user_device/user_device_detail_page.dart	5c9feee386eb6a87b5b558f645d20e5c4d15a74f7ebbcd8e14847ebce58dcaa5	ACCEPTANCE_TARGET_MISSING	F00-S02	NOT_EXECUTED
1020	fn:mine:user_device_detail_page:011	lib/page/mine/user_device/user_device_detail_page.dart	5c9feee386eb6a87b5b558f645d20e5c4d15a74f7ebbcd8e14847ebce58dcaa5	ACCEPTANCE_TARGET_MISSING	F00-S02	NOT_EXECUTED
1021	fn:mine:user_device_detail_page:012	lib/page/mine/user_device/user_device_detail_page.dart	5c9feee386eb6a87b5b558f645d20e5c4d15a74f7ebbcd8e14847ebce58dcaa5	ACCEPTANCE_TARGET_MISSING	F00-S02	NOT_EXECUTED
1022	fn:mine:user_device_detail_page:013	lib/page/mine/user_device/user_device_detail_page.dart	5c9feee386eb6a87b5b558f645d20e5c4d15a74f7ebbcd8e14847ebce58dcaa5	ACCEPTANCE_TARGET_MISSING	F00-S02	NOT_EXECUTED
1023	fn:mine:user_device_detail_page:014	lib/page/mine/user_device/user_device_detail_page.dart	5c9feee386eb6a87b5b558f645d20e5c4d15a74f7ebbcd8e14847ebce58dcaa5	ACCEPTANCE_TARGET_MISSING	F00-S02	NOT_EXECUTED
1024	fn:mine:user_device_page:001	lib/page/mine/user_device/user_device_page.dart	0d37221290871e3b9c2dc8748a7d12f9b76cba0cd8ec75998d73516e453c612c	ACCEPTANCE_TARGET_MISSING	F00-S02	NOT_EXECUTED
1025	fn:mine:user_device_page:002	lib/page/mine/user_device/user_device_page.dart	0d37221290871e3b9c2dc8748a7d12f9b76cba0cd8ec75998d73516e453c612c	ACCEPTANCE_TARGET_MISSING	F00-S02	NOT_EXECUTED
1026	fn:mine:user_device_page:003	lib/page/mine/user_device/user_device_page.dart	0d37221290871e3b9c2dc8748a7d12f9b76cba0cd8ec75998d73516e453c612c	ACCEPTANCE_TARGET_MISSING	F00-S02	NOT_EXECUTED
1027	fn:mine:user_device_page:004	lib/page/mine/user_device/user_device_page.dart	0d37221290871e3b9c2dc8748a7d12f9b76cba0cd8ec75998d73516e453c612c	ACCEPTANCE_TARGET_MISSING	F00-S02	NOT_EXECUTED
1028	fn:mine:user_device_page:005	lib/page/mine/user_device/user_device_page.dart	0d37221290871e3b9c2dc8748a7d12f9b76cba0cd8ec75998d73516e453c612c	ACCEPTANCE_TARGET_MISSING	F00-S02	NOT_EXECUTED
1029	fn:mine:user_device_page:006	lib/page/mine/user_device/user_device_page.dart	0d37221290871e3b9c2dc8748a7d12f9b76cba0cd8ec75998d73516e453c612c	ACCEPTANCE_TARGET_MISSING	F00-S02	NOT_EXECUTED
1030	fn:mine:user_device_page:007	lib/page/mine/user_device/user_device_page.dart	0d37221290871e3b9c2dc8748a7d12f9b76cba0cd8ec75998d73516e453c612c	ACCEPTANCE_TARGET_MISSING	F00-S02	NOT_EXECUTED
1031	fn:mine:user_device_page:008	lib/page/mine/user_device/user_device_page.dart	0d37221290871e3b9c2dc8748a7d12f9b76cba0cd8ec75998d73516e453c612c	ACCEPTANCE_TARGET_MISSING	F00-S02	NOT_EXECUTED
1032	fn:mine:user_device_page:009	lib/page/mine/user_device/user_device_page.dart	0d37221290871e3b9c2dc8748a7d12f9b76cba0cd8ec75998d73516e453c612c	ACCEPTANCE_TARGET_MISSING	F00-S02	NOT_EXECUTED
1033	fn:mine:user_device_page:010	lib/page/mine/user_device/user_device_page.dart	0d37221290871e3b9c2dc8748a7d12f9b76cba0cd8ec75998d73516e453c612c	ACCEPTANCE_TARGET_MISSING	F00-S02	NOT_EXECUTED
1034	fn:mine:user_device_page:011	lib/page/mine/user_device/user_device_page.dart	0d37221290871e3b9c2dc8748a7d12f9b76cba0cd8ec75998d73516e453c612c	ACCEPTANCE_TARGET_MISSING	F00-S02	NOT_EXECUTED
1035	fn:mine:user_device_page:012	lib/page/mine/user_device/user_device_page.dart	0d37221290871e3b9c2dc8748a7d12f9b76cba0cd8ec75998d73516e453c612c	ACCEPTANCE_TARGET_MISSING	F00-S02	NOT_EXECUTED
1036	fn:mine:user_device_page:013	lib/page/mine/user_device/user_device_page.dart	0d37221290871e3b9c2dc8748a7d12f9b76cba0cd8ec75998d73516e453c612c	ACCEPTANCE_TARGET_MISSING	F00-S02	NOT_EXECUTED
1037	fn:mine:user_device_page:014	lib/page/mine/user_device/user_device_page.dart	0d37221290871e3b9c2dc8748a7d12f9b76cba0cd8ec75998d73516e453c612c	ACCEPTANCE_TARGET_MISSING	F00-S02	NOT_EXECUTED
1038	fn:moment:moment_at_picker_page:001	lib/page/moment/moment_friend_picker/moment_at_picker_page.dart	1b53b913ae4e3771b9f07aed9feb6fa7a05208459672152caab0f3896d53c756	ACCEPTANCE_TARGET_MISSING	F00-S02	NOT_EXECUTED
1039	fn:moment:moment_at_picker_page:002	lib/page/moment/moment_friend_picker/moment_at_picker_page.dart	1b53b913ae4e3771b9f07aed9feb6fa7a05208459672152caab0f3896d53c756	ACCEPTANCE_TARGET_MISSING	F00-S02	NOT_EXECUTED
1040	fn:moment:moment_at_picker_page:003	lib/page/moment/moment_friend_picker/moment_at_picker_page.dart	1b53b913ae4e3771b9f07aed9feb6fa7a05208459672152caab0f3896d53c756	ACCEPTANCE_TARGET_MISSING	F00-S02	NOT_EXECUTED
1041	fn:moment:moment_at_picker_page:004	lib/page/moment/moment_friend_picker/moment_at_picker_page.dart	1b53b913ae4e3771b9f07aed9feb6fa7a05208459672152caab0f3896d53c756	ACCEPTANCE_TARGET_MISSING	F00-S02	NOT_EXECUTED
1042	fn:moment:moment_at_picker_page:005	lib/page/moment/moment_friend_picker/moment_at_picker_page.dart	1b53b913ae4e3771b9f07aed9feb6fa7a05208459672152caab0f3896d53c756	ACCEPTANCE_TARGET_MISSING	F00-S02	NOT_EXECUTED
1043	fn:moment:moment_at_picker_page:006	lib/page/moment/moment_friend_picker/moment_at_picker_page.dart	1b53b913ae4e3771b9f07aed9feb6fa7a05208459672152caab0f3896d53c756	ACCEPTANCE_TARGET_MISSING	F00-S02	NOT_EXECUTED
1044	fn:moment:moment_at_picker_page:007	lib/page/moment/moment_friend_picker/moment_at_picker_page.dart	1b53b913ae4e3771b9f07aed9feb6fa7a05208459672152caab0f3896d53c756	ACCEPTANCE_TARGET_MISSING	F00-S02	NOT_EXECUTED
1045	fn:moment:moment_at_picker_page:008	lib/page/moment/moment_friend_picker/moment_at_picker_page.dart	1b53b913ae4e3771b9f07aed9feb6fa7a05208459672152caab0f3896d53c756	ACCEPTANCE_TARGET_MISSING	F00-S02	NOT_EXECUTED
1046	fn:moment:moment_at_picker_page:009	lib/page/moment/moment_friend_picker/moment_at_picker_page.dart	1b53b913ae4e3771b9f07aed9feb6fa7a05208459672152caab0f3896d53c756	ACCEPTANCE_TARGET_MISSING	F00-S02	NOT_EXECUTED
1047	fn:moment:moment_at_picker_page:010	lib/page/moment/moment_friend_picker/moment_at_picker_page.dart	1b53b913ae4e3771b9f07aed9feb6fa7a05208459672152caab0f3896d53c756	ACCEPTANCE_TARGET_MISSING	F00-S02	NOT_EXECUTED
1048	fn:moment:moment_create_page:001	lib/page/moment/moment_create_page.dart	11d79a3340bf38b6a15df91d43a71a3f11db3332666f38ea45c729f04409f635	ACCEPTANCE_TARGET_MISSING	F00-S02	NOT_EXECUTED
1049	fn:moment:moment_create_page:002	lib/page/moment/moment_create_page.dart	11d79a3340bf38b6a15df91d43a71a3f11db3332666f38ea45c729f04409f635	ACCEPTANCE_TARGET_MISSING	F00-S02	NOT_EXECUTED
1050	fn:moment:moment_create_page:003	lib/page/moment/moment_create_page.dart	11d79a3340bf38b6a15df91d43a71a3f11db3332666f38ea45c729f04409f635	ACCEPTANCE_TARGET_MISSING	F00-S02	NOT_EXECUTED
1051	fn:moment:moment_create_page:004	lib/page/moment/moment_create_page.dart	11d79a3340bf38b6a15df91d43a71a3f11db3332666f38ea45c729f04409f635	ACCEPTANCE_TARGET_MISSING	F00-S02	NOT_EXECUTED
1052	fn:moment:moment_create_page:005	lib/page/moment/moment_create_page.dart	11d79a3340bf38b6a15df91d43a71a3f11db3332666f38ea45c729f04409f635	ACCEPTANCE_TARGET_MISSING	F00-S02	NOT_EXECUTED
1053	fn:moment:moment_create_page:006	lib/page/moment/moment_create_page.dart	11d79a3340bf38b6a15df91d43a71a3f11db3332666f38ea45c729f04409f635	ACCEPTANCE_TARGET_MISSING	F00-S02	NOT_EXECUTED
1054	fn:moment:moment_create_page:007	lib/page/moment/moment_create_page.dart	11d79a3340bf38b6a15df91d43a71a3f11db3332666f38ea45c729f04409f635	ACCEPTANCE_TARGET_MISSING	F00-S02	NOT_EXECUTED
1055	fn:moment:moment_create_page:008	lib/page/moment/moment_create_page.dart	11d79a3340bf38b6a15df91d43a71a3f11db3332666f38ea45c729f04409f635	ACCEPTANCE_TARGET_MISSING	F00-S02	NOT_EXECUTED
1056	fn:moment:moment_create_page:009	lib/page/moment/moment_create_page.dart	11d79a3340bf38b6a15df91d43a71a3f11db3332666f38ea45c729f04409f635	ACCEPTANCE_TARGET_MISSING	F00-S02	NOT_EXECUTED
1057	fn:moment:moment_create_page:010	lib/page/moment/moment_create_page.dart	11d79a3340bf38b6a15df91d43a71a3f11db3332666f38ea45c729f04409f635	ACCEPTANCE_TARGET_MISSING	F00-S02	NOT_EXECUTED
1058	fn:moment:moment_create_page:011	lib/page/moment/moment_create_page.dart	11d79a3340bf38b6a15df91d43a71a3f11db3332666f38ea45c729f04409f635	ACCEPTANCE_TARGET_MISSING	F00-S02	NOT_EXECUTED
1059	fn:moment:moment_create_page:012	lib/page/moment/moment_create_page.dart	11d79a3340bf38b6a15df91d43a71a3f11db3332666f38ea45c729f04409f635	ACCEPTANCE_TARGET_MISSING	F00-S02	NOT_EXECUTED
1060	fn:moment:moment_create_page:013	lib/page/moment/moment_create_page.dart	11d79a3340bf38b6a15df91d43a71a3f11db3332666f38ea45c729f04409f635	ACCEPTANCE_TARGET_MISSING	F00-S02	NOT_EXECUTED
1061	fn:moment:moment_create_page:014	lib/page/moment/moment_create_page.dart	11d79a3340bf38b6a15df91d43a71a3f11db3332666f38ea45c729f04409f635	ACCEPTANCE_TARGET_MISSING	F00-S02	NOT_EXECUTED
1062	fn:moment:moment_detail_page:001	lib/page/moment/moment_detail_page.dart	8c67cc3504913fc2d549095acac64320976ce26dbca0e915b24464fdd61d4366	ACCEPTANCE_TARGET_MISSING	F00-S02	NOT_EXECUTED
1063	fn:moment:moment_detail_page:002	lib/page/moment/moment_detail_page.dart	8c67cc3504913fc2d549095acac64320976ce26dbca0e915b24464fdd61d4366	ACCEPTANCE_TARGET_MISSING	F00-S02	NOT_EXECUTED
1064	fn:moment:moment_detail_page:003	lib/page/moment/moment_detail_page.dart	8c67cc3504913fc2d549095acac64320976ce26dbca0e915b24464fdd61d4366	ACCEPTANCE_TARGET_MISSING	F00-S02	NOT_EXECUTED
1065	fn:moment:moment_detail_page:004	lib/page/moment/moment_detail_page.dart	8c67cc3504913fc2d549095acac64320976ce26dbca0e915b24464fdd61d4366	ACCEPTANCE_TARGET_MISSING	F00-S02	NOT_EXECUTED
1066	fn:moment:moment_detail_page:005	lib/page/moment/moment_detail_page.dart	8c67cc3504913fc2d549095acac64320976ce26dbca0e915b24464fdd61d4366	ACCEPTANCE_TARGET_MISSING	F00-S02	NOT_EXECUTED
1067	fn:moment:moment_detail_page:006	lib/page/moment/moment_detail_page.dart	8c67cc3504913fc2d549095acac64320976ce26dbca0e915b24464fdd61d4366	ACCEPTANCE_TARGET_MISSING	F00-S02	NOT_EXECUTED
1068	fn:moment:moment_detail_page:007	lib/page/moment/moment_detail_page.dart	8c67cc3504913fc2d549095acac64320976ce26dbca0e915b24464fdd61d4366	ACCEPTANCE_TARGET_MISSING	F00-S02	NOT_EXECUTED
1069	fn:moment:moment_detail_page:008	lib/page/moment/moment_detail_page.dart	8c67cc3504913fc2d549095acac64320976ce26dbca0e915b24464fdd61d4366	ACCEPTANCE_TARGET_MISSING	F00-S02	NOT_EXECUTED
1070	fn:moment:moment_detail_page:009	lib/page/moment/moment_detail_page.dart	8c67cc3504913fc2d549095acac64320976ce26dbca0e915b24464fdd61d4366	ACCEPTANCE_TARGET_MISSING	F00-S02	NOT_EXECUTED
1071	fn:moment:moment_detail_page:010	lib/page/moment/moment_detail_page.dart	8c67cc3504913fc2d549095acac64320976ce26dbca0e915b24464fdd61d4366	ACCEPTANCE_TARGET_MISSING	F00-S02	NOT_EXECUTED
1072	fn:moment:moment_detail_page:011	lib/page/moment/moment_detail_page.dart	8c67cc3504913fc2d549095acac64320976ce26dbca0e915b24464fdd61d4366	ACCEPTANCE_TARGET_MISSING	F00-S02	NOT_EXECUTED
1073	fn:moment:moment_detail_page:012	lib/page/moment/moment_detail_page.dart	8c67cc3504913fc2d549095acac64320976ce26dbca0e915b24464fdd61d4366	ACCEPTANCE_TARGET_MISSING	F00-S02	NOT_EXECUTED
1074	fn:moment:moment_detail_page:013	lib/page/moment/moment_detail_page.dart	8c67cc3504913fc2d549095acac64320976ce26dbca0e915b24464fdd61d4366	ACCEPTANCE_TARGET_MISSING	F00-S02	NOT_EXECUTED
1075	fn:moment:moment_feed_page:001	lib/page/moment/moment_feed_page.dart	9190ce8a8f477d8466a6a823cb722fbca75fa9d25fc1676a6b7efa0d2b701763	ACCEPTANCE_TARGET_MISSING	F00-S02	NOT_EXECUTED
1076	fn:moment:moment_feed_page:002	lib/page/moment/moment_feed_page.dart	9190ce8a8f477d8466a6a823cb722fbca75fa9d25fc1676a6b7efa0d2b701763	ACCEPTANCE_TARGET_MISSING	F00-S02	NOT_EXECUTED
1077	fn:moment:moment_feed_page:003	lib/page/moment/moment_feed_page.dart	9190ce8a8f477d8466a6a823cb722fbca75fa9d25fc1676a6b7efa0d2b701763	ACCEPTANCE_TARGET_MISSING	F00-S02	NOT_EXECUTED
1078	fn:moment:moment_feed_page:004	lib/page/moment/moment_feed_page.dart	9190ce8a8f477d8466a6a823cb722fbca75fa9d25fc1676a6b7efa0d2b701763	ACCEPTANCE_TARGET_MISSING	F00-S02	NOT_EXECUTED
1079	fn:moment:moment_feed_page:005	lib/page/moment/moment_feed_page.dart	9190ce8a8f477d8466a6a823cb722fbca75fa9d25fc1676a6b7efa0d2b701763	ACCEPTANCE_TARGET_MISSING	F00-S02	NOT_EXECUTED
1080	fn:moment:moment_feed_page:006	lib/page/moment/moment_feed_page.dart	9190ce8a8f477d8466a6a823cb722fbca75fa9d25fc1676a6b7efa0d2b701763	ACCEPTANCE_TARGET_MISSING	F00-S02	NOT_EXECUTED
1081	fn:moment:moment_feed_page:007	lib/page/moment/moment_feed_page.dart	9190ce8a8f477d8466a6a823cb722fbca75fa9d25fc1676a6b7efa0d2b701763	ACCEPTANCE_TARGET_MISSING	F00-S02	NOT_EXECUTED
1082	fn:moment:moment_feed_page:008	lib/page/moment/moment_feed_page.dart	9190ce8a8f477d8466a6a823cb722fbca75fa9d25fc1676a6b7efa0d2b701763	ACCEPTANCE_TARGET_MISSING	F00-S02	NOT_EXECUTED
1083	fn:moment:moment_feed_page:009	lib/page/moment/moment_feed_page.dart	9190ce8a8f477d8466a6a823cb722fbca75fa9d25fc1676a6b7efa0d2b701763	ACCEPTANCE_TARGET_MISSING	F00-S02	NOT_EXECUTED
1084	fn:moment:moment_feed_page:010	lib/page/moment/moment_feed_page.dart	9190ce8a8f477d8466a6a823cb722fbca75fa9d25fc1676a6b7efa0d2b701763	ACCEPTANCE_TARGET_MISSING	F00-S02	NOT_EXECUTED
1085	fn:moment:moment_feed_page:011	lib/page/moment/moment_feed_page.dart	9190ce8a8f477d8466a6a823cb722fbca75fa9d25fc1676a6b7efa0d2b701763	ACCEPTANCE_TARGET_MISSING	F00-S02	NOT_EXECUTED
1086	fn:moment:moment_feed_page:012	lib/page/moment/moment_feed_page.dart	9190ce8a8f477d8466a6a823cb722fbca75fa9d25fc1676a6b7efa0d2b701763	ACCEPTANCE_TARGET_MISSING	F00-S02	NOT_EXECUTED
1087	fn:moment:moment_feed_page:013	lib/page/moment/moment_feed_page.dart	9190ce8a8f477d8466a6a823cb722fbca75fa9d25fc1676a6b7efa0d2b701763	ACCEPTANCE_TARGET_MISSING	F00-S02	NOT_EXECUTED
1088	fn:moment:moment_friend_picker_page:001	lib/page/moment/moment_friend_picker/moment_friend_picker_page.dart	901e23dbec324b1fb76c6ab5c5396cd0f120641d9c8513bf4d73929ba084af27	ACCEPTANCE_TARGET_MISSING	F00-S02	NOT_EXECUTED
1089	fn:moment:moment_friend_picker_page:002	lib/page/moment/moment_friend_picker/moment_friend_picker_page.dart	901e23dbec324b1fb76c6ab5c5396cd0f120641d9c8513bf4d73929ba084af27	ACCEPTANCE_TARGET_MISSING	F00-S02	NOT_EXECUTED
1090	fn:moment:moment_friend_picker_page:003	lib/page/moment/moment_friend_picker/moment_friend_picker_page.dart	901e23dbec324b1fb76c6ab5c5396cd0f120641d9c8513bf4d73929ba084af27	ACCEPTANCE_TARGET_MISSING	F00-S02	NOT_EXECUTED
1091	fn:moment:moment_friend_picker_page:004	lib/page/moment/moment_friend_picker/moment_friend_picker_page.dart	901e23dbec324b1fb76c6ab5c5396cd0f120641d9c8513bf4d73929ba084af27	ACCEPTANCE_TARGET_MISSING	F00-S02	NOT_EXECUTED
1092	fn:moment:moment_friend_picker_page:005	lib/page/moment/moment_friend_picker/moment_friend_picker_page.dart	901e23dbec324b1fb76c6ab5c5396cd0f120641d9c8513bf4d73929ba084af27	ACCEPTANCE_TARGET_MISSING	F00-S02	NOT_EXECUTED
1093	fn:moment:moment_friend_picker_page:006	lib/page/moment/moment_friend_picker/moment_friend_picker_page.dart	901e23dbec324b1fb76c6ab5c5396cd0f120641d9c8513bf4d73929ba084af27	ACCEPTANCE_TARGET_MISSING	F00-S02	NOT_EXECUTED
1094	fn:moment:moment_friend_picker_page:007	lib/page/moment/moment_friend_picker/moment_friend_picker_page.dart	901e23dbec324b1fb76c6ab5c5396cd0f120641d9c8513bf4d73929ba084af27	ACCEPTANCE_TARGET_MISSING	F00-S02	NOT_EXECUTED
1095	fn:moment:moment_friend_picker_page:008	lib/page/moment/moment_friend_picker/moment_friend_picker_page.dart	901e23dbec324b1fb76c6ab5c5396cd0f120641d9c8513bf4d73929ba084af27	ACCEPTANCE_TARGET_MISSING	F00-S02	NOT_EXECUTED
1096	fn:moment:moment_friend_picker_page:009	lib/page/moment/moment_friend_picker/moment_friend_picker_page.dart	901e23dbec324b1fb76c6ab5c5396cd0f120641d9c8513bf4d73929ba084af27	ACCEPTANCE_TARGET_MISSING	F00-S02	NOT_EXECUTED
1097	fn:moment:moment_friend_picker_page:010	lib/page/moment/moment_friend_picker/moment_friend_picker_page.dart	901e23dbec324b1fb76c6ab5c5396cd0f120641d9c8513bf4d73929ba084af27	ACCEPTANCE_TARGET_MISSING	F00-S02	NOT_EXECUTED
1098	fn:moment:moment_friend_picker_page:011	lib/page/moment/moment_friend_picker/moment_friend_picker_page.dart	901e23dbec324b1fb76c6ab5c5396cd0f120641d9c8513bf4d73929ba084af27	ACCEPTANCE_TARGET_MISSING	F00-S02	NOT_EXECUTED
1099	fn:moment:moment_friend_picker_page:012	lib/page/moment/moment_friend_picker/moment_friend_picker_page.dart	901e23dbec324b1fb76c6ab5c5396cd0f120641d9c8513bf4d73929ba084af27	ACCEPTANCE_TARGET_MISSING	F00-S02	NOT_EXECUTED
1100	fn:moment:moment_notify_page:001	lib/page/moment/moment_notify/moment_notify_page.dart	9e02fc7f3f153cf5a49c70e963b6955bea946c6f895442759cf78f224ef554c4	ACCEPTANCE_TARGET_MISSING	F00-S02	NOT_EXECUTED
1101	fn:moment:moment_notify_page:002	lib/page/moment/moment_notify/moment_notify_page.dart	9e02fc7f3f153cf5a49c70e963b6955bea946c6f895442759cf78f224ef554c4	ACCEPTANCE_TARGET_MISSING	F00-S02	NOT_EXECUTED
1102	fn:moment:moment_notify_page:003	lib/page/moment/moment_notify/moment_notify_page.dart	9e02fc7f3f153cf5a49c70e963b6955bea946c6f895442759cf78f224ef554c4	ACCEPTANCE_TARGET_MISSING	F00-S02	NOT_EXECUTED
1103	fn:moment:moment_notify_page:004	lib/page/moment/moment_notify/moment_notify_page.dart	9e02fc7f3f153cf5a49c70e963b6955bea946c6f895442759cf78f224ef554c4	ACCEPTANCE_TARGET_MISSING	F00-S02	NOT_EXECUTED
1104	fn:moment:moment_notify_page:005	lib/page/moment/moment_notify/moment_notify_page.dart	9e02fc7f3f153cf5a49c70e963b6955bea946c6f895442759cf78f224ef554c4	ACCEPTANCE_TARGET_MISSING	F00-S02	NOT_EXECUTED
1105	fn:moment:moment_notify_page:006	lib/page/moment/moment_notify/moment_notify_page.dart	9e02fc7f3f153cf5a49c70e963b6955bea946c6f895442759cf78f224ef554c4	ACCEPTANCE_TARGET_MISSING	F00-S02	NOT_EXECUTED
1106	fn:moment:moment_notify_page:007	lib/page/moment/moment_notify/moment_notify_page.dart	9e02fc7f3f153cf5a49c70e963b6955bea946c6f895442759cf78f224ef554c4	ACCEPTANCE_TARGET_MISSING	F00-S02	NOT_EXECUTED
1107	fn:moment:moment_notify_page:008	lib/page/moment/moment_notify/moment_notify_page.dart	9e02fc7f3f153cf5a49c70e963b6955bea946c6f895442759cf78f224ef554c4	ACCEPTANCE_TARGET_MISSING	F00-S02	NOT_EXECUTED
1108	fn:moment:moment_notify_page:009	lib/page/moment/moment_notify/moment_notify_page.dart	9e02fc7f3f153cf5a49c70e963b6955bea946c6f895442759cf78f224ef554c4	ACCEPTANCE_TARGET_MISSING	F00-S02	NOT_EXECUTED
1109	fn:moment:moment_notify_page:010	lib/page/moment/moment_notify/moment_notify_page.dart	9e02fc7f3f153cf5a49c70e963b6955bea946c6f895442759cf78f224ef554c4	ACCEPTANCE_TARGET_MISSING	F00-S02	NOT_EXECUTED
1110	fn:moment:moment_notify_page:011	lib/page/moment/moment_notify/moment_notify_page.dart	9e02fc7f3f153cf5a49c70e963b6955bea946c6f895442759cf78f224ef554c4	ACCEPTANCE_TARGET_MISSING	F00-S02	NOT_EXECUTED
1111	fn:moment:moment_notify_page:012	lib/page/moment/moment_notify/moment_notify_page.dart	9e02fc7f3f153cf5a49c70e963b6955bea946c6f895442759cf78f224ef554c4	ACCEPTANCE_TARGET_MISSING	F00-S02	NOT_EXECUTED
1112	fn:organization:human_directory_page:001	lib/modules/organization/presentation/human_directory_page.dart	7762235ebdba660f498cf1de0be35d45c0fa37353a99442b137b03e69e239384	ACCEPTANCE_ORACLE_PLACEHOLDER,ACCEPTANCE_TARGET_MISSING	F00-S02	NOT_EXECUTED
1113	fn:organization:human_directory_page:002	lib/modules/organization/presentation/human_directory_page.dart	7762235ebdba660f498cf1de0be35d45c0fa37353a99442b137b03e69e239384	ACCEPTANCE_ORACLE_PLACEHOLDER,ACCEPTANCE_TARGET_MISSING	F00-S02	NOT_EXECUTED
1114	fn:organization:human_directory_page:003	lib/modules/organization/presentation/human_directory_page.dart	7762235ebdba660f498cf1de0be35d45c0fa37353a99442b137b03e69e239384	ACCEPTANCE_ORACLE_PLACEHOLDER,ACCEPTANCE_TARGET_MISSING	F00-S02	NOT_EXECUTED
1115	fn:organization:human_directory_page:004	lib/modules/organization/presentation/human_directory_page.dart	7762235ebdba660f498cf1de0be35d45c0fa37353a99442b137b03e69e239384	ACCEPTANCE_ORACLE_PLACEHOLDER,ACCEPTANCE_TARGET_MISSING	F00-S02	NOT_EXECUTED
1116	fn:organization:human_directory_page:005	lib/modules/organization/presentation/human_directory_page.dart	7762235ebdba660f498cf1de0be35d45c0fa37353a99442b137b03e69e239384	ACCEPTANCE_ORACLE_PLACEHOLDER,ACCEPTANCE_TARGET_MISSING	F00-S02	NOT_EXECUTED
1117	fn:organization:human_directory_page:006	lib/modules/organization/presentation/human_directory_page.dart	7762235ebdba660f498cf1de0be35d45c0fa37353a99442b137b03e69e239384	ACCEPTANCE_ORACLE_PLACEHOLDER,ACCEPTANCE_TARGET_MISSING	F00-S02	NOT_EXECUTED
1118	fn:organization:human_directory_page:007	lib/modules/organization/presentation/human_directory_page.dart	7762235ebdba660f498cf1de0be35d45c0fa37353a99442b137b03e69e239384	ACCEPTANCE_ORACLE_PLACEHOLDER,ACCEPTANCE_TARGET_MISSING	F00-S02	NOT_EXECUTED
1119	fn:organization:human_directory_page:008	lib/modules/organization/presentation/human_directory_page.dart	7762235ebdba660f498cf1de0be35d45c0fa37353a99442b137b03e69e239384	ACCEPTANCE_ORACLE_PLACEHOLDER,ACCEPTANCE_TARGET_MISSING	F00-S02	NOT_EXECUTED
1120	fn:organization:org_invite_qr_page:001	lib/modules/organization/presentation/org_invite_qr_page.dart	ff931193698ec430a03a1241e303ca7beae30f58f132c59008f2c3575e972b2e	ACCEPTANCE_ORACLE_PLACEHOLDER,ACCEPTANCE_TARGET_MISSING	F00-S02	NOT_EXECUTED
1121	fn:organization:org_invite_qr_page:002	lib/modules/organization/presentation/org_invite_qr_page.dart	ff931193698ec430a03a1241e303ca7beae30f58f132c59008f2c3575e972b2e	ACCEPTANCE_ORACLE_PLACEHOLDER,ACCEPTANCE_TARGET_MISSING	F00-S02	NOT_EXECUTED
1122	fn:organization:org_invite_qr_page:003	lib/modules/organization/presentation/org_invite_qr_page.dart	ff931193698ec430a03a1241e303ca7beae30f58f132c59008f2c3575e972b2e	ACCEPTANCE_ORACLE_PLACEHOLDER,ACCEPTANCE_TARGET_MISSING	F00-S02	NOT_EXECUTED
1123	fn:organization:org_invite_qr_page:004	lib/modules/organization/presentation/org_invite_qr_page.dart	ff931193698ec430a03a1241e303ca7beae30f58f132c59008f2c3575e972b2e	ACCEPTANCE_ORACLE_PLACEHOLDER,ACCEPTANCE_TARGET_MISSING	F00-S02	NOT_EXECUTED
1124	fn:organization:org_invite_qr_page:005	lib/modules/organization/presentation/org_invite_qr_page.dart	ff931193698ec430a03a1241e303ca7beae30f58f132c59008f2c3575e972b2e	ACCEPTANCE_ORACLE_PLACEHOLDER,ACCEPTANCE_TARGET_MISSING	F00-S02	NOT_EXECUTED
1125	fn:organization:org_invite_qr_page:006	lib/modules/organization/presentation/org_invite_qr_page.dart	ff931193698ec430a03a1241e303ca7beae30f58f132c59008f2c3575e972b2e	ACCEPTANCE_ORACLE_PLACEHOLDER,ACCEPTANCE_TARGET_MISSING	F00-S02	NOT_EXECUTED
1126	fn:organization:org_invite_qr_page:007	lib/modules/organization/presentation/org_invite_qr_page.dart	ff931193698ec430a03a1241e303ca7beae30f58f132c59008f2c3575e972b2e	ACCEPTANCE_ORACLE_PLACEHOLDER,ACCEPTANCE_TARGET_MISSING	F00-S02	NOT_EXECUTED
1127	fn:organization:org_invite_qr_page:008	lib/modules/organization/presentation/org_invite_qr_page.dart	ff931193698ec430a03a1241e303ca7beae30f58f132c59008f2c3575e972b2e	ACCEPTANCE_ORACLE_PLACEHOLDER,ACCEPTANCE_TARGET_MISSING	F00-S02	NOT_EXECUTED
1128	fn:organization:org_join_scanner_page:001	lib/modules/organization/presentation/org_join_scanner_page.dart	806955be34fceca205cb97e34a443c9e8c9bd84f74943392ffcbc795e3296705	ACCEPTANCE_ORACLE_PLACEHOLDER,ACCEPTANCE_TARGET_MISSING	F00-S02	NOT_EXECUTED
1129	fn:organization:org_workspace_members_page:001	lib/modules/organization/presentation/org_workspace_members_page.dart	2c2fd0f9723b2248949ae93b6190d4f8b25dceb95ca1ddd54dc7d13fbd7a2626	ACCEPTANCE_ORACLE_PLACEHOLDER,ACCEPTANCE_TARGET_MISSING	F00-S02	NOT_EXECUTED
1130	fn:organization:org_workspace_members_page:002	lib/modules/organization/presentation/org_workspace_members_page.dart	2c2fd0f9723b2248949ae93b6190d4f8b25dceb95ca1ddd54dc7d13fbd7a2626	ACCEPTANCE_ORACLE_PLACEHOLDER,ACCEPTANCE_TARGET_MISSING	F00-S02	NOT_EXECUTED
1131	fn:organization:org_workspace_members_page:003	lib/modules/organization/presentation/org_workspace_members_page.dart	2c2fd0f9723b2248949ae93b6190d4f8b25dceb95ca1ddd54dc7d13fbd7a2626	ACCEPTANCE_ORACLE_PLACEHOLDER,ACCEPTANCE_TARGET_MISSING	F00-S02	NOT_EXECUTED
1132	fn:organization:org_workspace_members_page:004	lib/modules/organization/presentation/org_workspace_members_page.dart	2c2fd0f9723b2248949ae93b6190d4f8b25dceb95ca1ddd54dc7d13fbd7a2626	ACCEPTANCE_ORACLE_PLACEHOLDER,ACCEPTANCE_TARGET_MISSING	F00-S02	NOT_EXECUTED
1133	fn:organization:org_workspace_members_page:005	lib/modules/organization/presentation/org_workspace_members_page.dart	2c2fd0f9723b2248949ae93b6190d4f8b25dceb95ca1ddd54dc7d13fbd7a2626	ACCEPTANCE_ORACLE_PLACEHOLDER,ACCEPTANCE_TARGET_MISSING	F00-S02	NOT_EXECUTED
1134	fn:organization:org_workspace_members_page:006	lib/modules/organization/presentation/org_workspace_members_page.dart	2c2fd0f9723b2248949ae93b6190d4f8b25dceb95ca1ddd54dc7d13fbd7a2626	ACCEPTANCE_ORACLE_PLACEHOLDER,ACCEPTANCE_TARGET_MISSING	F00-S02	NOT_EXECUTED
1135	fn:organization:org_workspace_members_page:007	lib/modules/organization/presentation/org_workspace_members_page.dart	2c2fd0f9723b2248949ae93b6190d4f8b25dceb95ca1ddd54dc7d13fbd7a2626	ACCEPTANCE_ORACLE_PLACEHOLDER,ACCEPTANCE_TARGET_MISSING	F00-S02	NOT_EXECUTED
1136	fn:organization:org_workspace_members_page:008	lib/modules/organization/presentation/org_workspace_members_page.dart	2c2fd0f9723b2248949ae93b6190d4f8b25dceb95ca1ddd54dc7d13fbd7a2626	ACCEPTANCE_ORACLE_PLACEHOLDER,ACCEPTANCE_TARGET_MISSING	F00-S02	NOT_EXECUTED
1137	fn:organization:org_workspace_members_page:009	lib/modules/organization/presentation/org_workspace_members_page.dart	2c2fd0f9723b2248949ae93b6190d4f8b25dceb95ca1ddd54dc7d13fbd7a2626	ACCEPTANCE_ORACLE_PLACEHOLDER,ACCEPTANCE_TARGET_MISSING	F00-S02	NOT_EXECUTED
1138	fn:organization:org_workspace_members_page:010	lib/modules/organization/presentation/org_workspace_members_page.dart	2c2fd0f9723b2248949ae93b6190d4f8b25dceb95ca1ddd54dc7d13fbd7a2626	ACCEPTANCE_ORACLE_PLACEHOLDER,ACCEPTANCE_TARGET_MISSING	F00-S02	NOT_EXECUTED
1139	fn:organization:organization_departments_page:001	lib/modules/organization/presentation/organization_departments_page.dart	ccf815694707078d0dc598eaf8b230551ee64bcd6425a89eaca50abc0b5176f7	ACCEPTANCE_ORACLE_PLACEHOLDER,ACCEPTANCE_TARGET_MISSING	F00-S02	NOT_EXECUTED
1140	fn:organization:organization_departments_page:002	lib/modules/organization/presentation/organization_departments_page.dart	ccf815694707078d0dc598eaf8b230551ee64bcd6425a89eaca50abc0b5176f7	ACCEPTANCE_ORACLE_PLACEHOLDER,ACCEPTANCE_TARGET_MISSING	F00-S02	NOT_EXECUTED
1141	fn:organization:organization_departments_page:003	lib/modules/organization/presentation/organization_departments_page.dart	ccf815694707078d0dc598eaf8b230551ee64bcd6425a89eaca50abc0b5176f7	ACCEPTANCE_ORACLE_PLACEHOLDER,ACCEPTANCE_TARGET_MISSING	F00-S02	NOT_EXECUTED
1142	fn:organization:organization_departments_page:004	lib/modules/organization/presentation/organization_departments_page.dart	ccf815694707078d0dc598eaf8b230551ee64bcd6425a89eaca50abc0b5176f7	ACCEPTANCE_ORACLE_PLACEHOLDER,ACCEPTANCE_TARGET_MISSING	F00-S02	NOT_EXECUTED
1143	fn:organization:organization_departments_page:005	lib/modules/organization/presentation/organization_departments_page.dart	ccf815694707078d0dc598eaf8b230551ee64bcd6425a89eaca50abc0b5176f7	ACCEPTANCE_ORACLE_PLACEHOLDER,ACCEPTANCE_TARGET_MISSING	F00-S02	NOT_EXECUTED
1144	fn:organization:organization_departments_page:006	lib/modules/organization/presentation/organization_departments_page.dart	ccf815694707078d0dc598eaf8b230551ee64bcd6425a89eaca50abc0b5176f7	ACCEPTANCE_ORACLE_PLACEHOLDER,ACCEPTANCE_TARGET_MISSING	F00-S02	NOT_EXECUTED
1145	fn:organization:organization_departments_page:007	lib/modules/organization/presentation/organization_departments_page.dart	ccf815694707078d0dc598eaf8b230551ee64bcd6425a89eaca50abc0b5176f7	ACCEPTANCE_ORACLE_PLACEHOLDER,ACCEPTANCE_TARGET_MISSING	F00-S02	NOT_EXECUTED
1146	fn:organization:organization_departments_page:008	lib/modules/organization/presentation/organization_departments_page.dart	ccf815694707078d0dc598eaf8b230551ee64bcd6425a89eaca50abc0b5176f7	ACCEPTANCE_ORACLE_PLACEHOLDER,ACCEPTANCE_TARGET_MISSING	F00-S02	NOT_EXECUTED
1147	fn:organization:organization_departments_page:009	lib/modules/organization/presentation/organization_departments_page.dart	ccf815694707078d0dc598eaf8b230551ee64bcd6425a89eaca50abc0b5176f7	ACCEPTANCE_ORACLE_PLACEHOLDER,ACCEPTANCE_TARGET_MISSING	F00-S02	NOT_EXECUTED
1148	fn:organization:organization_departments_page:010	lib/modules/organization/presentation/organization_departments_page.dart	ccf815694707078d0dc598eaf8b230551ee64bcd6425a89eaca50abc0b5176f7	ACCEPTANCE_ORACLE_PLACEHOLDER,ACCEPTANCE_TARGET_MISSING	F00-S02	NOT_EXECUTED
1149	fn:organization:organization_departments_page:011	lib/modules/organization/presentation/organization_departments_page.dart	ccf815694707078d0dc598eaf8b230551ee64bcd6425a89eaca50abc0b5176f7	ACCEPTANCE_ORACLE_PLACEHOLDER,ACCEPTANCE_TARGET_MISSING	F00-S02	NOT_EXECUTED
1150	fn:organization:organization_departments_page:012	lib/modules/organization/presentation/organization_departments_page.dart	ccf815694707078d0dc598eaf8b230551ee64bcd6425a89eaca50abc0b5176f7	ACCEPTANCE_ORACLE_PLACEHOLDER,ACCEPTANCE_TARGET_MISSING	F00-S02	NOT_EXECUTED
1151	fn:organization:organization_departments_page:013	lib/modules/organization/presentation/organization_departments_page.dart	ccf815694707078d0dc598eaf8b230551ee64bcd6425a89eaca50abc0b5176f7	ACCEPTANCE_ORACLE_PLACEHOLDER,ACCEPTANCE_TARGET_MISSING	F00-S02	NOT_EXECUTED
1152	fn:organization:organization_departments_page:014	lib/modules/organization/presentation/organization_departments_page.dart	ccf815694707078d0dc598eaf8b230551ee64bcd6425a89eaca50abc0b5176f7	ACCEPTANCE_ORACLE_PLACEHOLDER,ACCEPTANCE_TARGET_MISSING	F00-S02	NOT_EXECUTED
1153	fn:organization:organization_departments_page:015	lib/modules/organization/presentation/organization_departments_page.dart	ccf815694707078d0dc598eaf8b230551ee64bcd6425a89eaca50abc0b5176f7	ACCEPTANCE_ORACLE_PLACEHOLDER,ACCEPTANCE_TARGET_MISSING	F00-S02	NOT_EXECUTED
1154	fn:organization:organization_departments_page:016	lib/modules/organization/presentation/organization_departments_page.dart	ccf815694707078d0dc598eaf8b230551ee64bcd6425a89eaca50abc0b5176f7	ACCEPTANCE_ORACLE_PLACEHOLDER,ACCEPTANCE_TARGET_MISSING	F00-S02	NOT_EXECUTED
1155	fn:organization:organization_departments_page:017	lib/modules/organization/presentation/organization_departments_page.dart	ccf815694707078d0dc598eaf8b230551ee64bcd6425a89eaca50abc0b5176f7	ACCEPTANCE_ORACLE_PLACEHOLDER,ACCEPTANCE_TARGET_MISSING	F00-S02	NOT_EXECUTED
1156	fn:organization:organization_departments_page:018	lib/modules/organization/presentation/organization_departments_page.dart	ccf815694707078d0dc598eaf8b230551ee64bcd6425a89eaca50abc0b5176f7	ACCEPTANCE_ORACLE_PLACEHOLDER,ACCEPTANCE_TARGET_MISSING	F00-S02	NOT_EXECUTED
1157	fn:organization:organization_departments_page:019	lib/modules/organization/presentation/organization_departments_page.dart	ccf815694707078d0dc598eaf8b230551ee64bcd6425a89eaca50abc0b5176f7	ACCEPTANCE_ORACLE_PLACEHOLDER,ACCEPTANCE_TARGET_MISSING	F00-S02	NOT_EXECUTED
1158	fn:organization:organization_detail_page:001	lib/modules/organization/presentation/organization_detail_page.dart	db318b0ded40f086bbb8221e8de0a69c65f7483b78d1c84264a619c2c4f43f98	ACCEPTANCE_ORACLE_PLACEHOLDER,ACCEPTANCE_TARGET_MISSING	F00-S02	NOT_EXECUTED
1159	fn:organization:organization_detail_page:002	lib/modules/organization/presentation/organization_detail_page.dart	db318b0ded40f086bbb8221e8de0a69c65f7483b78d1c84264a619c2c4f43f98	ACCEPTANCE_ORACLE_PLACEHOLDER,ACCEPTANCE_TARGET_MISSING	F00-S02	NOT_EXECUTED
1160	fn:organization:organization_detail_page:003	lib/modules/organization/presentation/organization_detail_page.dart	db318b0ded40f086bbb8221e8de0a69c65f7483b78d1c84264a619c2c4f43f98	ACCEPTANCE_ORACLE_PLACEHOLDER,ACCEPTANCE_TARGET_MISSING	F00-S02	NOT_EXECUTED
1161	fn:organization:organization_detail_page:004	lib/modules/organization/presentation/organization_detail_page.dart	db318b0ded40f086bbb8221e8de0a69c65f7483b78d1c84264a619c2c4f43f98	ACCEPTANCE_ORACLE_PLACEHOLDER,ACCEPTANCE_TARGET_MISSING	F00-S02	NOT_EXECUTED
1162	fn:organization:organization_detail_page:005	lib/modules/organization/presentation/organization_detail_page.dart	db318b0ded40f086bbb8221e8de0a69c65f7483b78d1c84264a619c2c4f43f98	ACCEPTANCE_ORACLE_PLACEHOLDER,ACCEPTANCE_TARGET_MISSING	F00-S02	NOT_EXECUTED
1163	fn:organization:organization_detail_page:006	lib/modules/organization/presentation/organization_detail_page.dart	db318b0ded40f086bbb8221e8de0a69c65f7483b78d1c84264a619c2c4f43f98	ACCEPTANCE_ORACLE_PLACEHOLDER,ACCEPTANCE_TARGET_MISSING	F00-S02	NOT_EXECUTED
1164	fn:organization:organization_detail_page:007	lib/modules/organization/presentation/organization_detail_page.dart	db318b0ded40f086bbb8221e8de0a69c65f7483b78d1c84264a619c2c4f43f98	ACCEPTANCE_ORACLE_PLACEHOLDER,ACCEPTANCE_TARGET_MISSING	F00-S02	NOT_EXECUTED
1165	fn:organization:organization_detail_page:008	lib/modules/organization/presentation/organization_detail_page.dart	db318b0ded40f086bbb8221e8de0a69c65f7483b78d1c84264a619c2c4f43f98	ACCEPTANCE_ORACLE_PLACEHOLDER,ACCEPTANCE_TARGET_MISSING	F00-S02	NOT_EXECUTED
1166	fn:organization:organization_detail_page:009	lib/modules/organization/presentation/organization_detail_page.dart	db318b0ded40f086bbb8221e8de0a69c65f7483b78d1c84264a619c2c4f43f98	ACCEPTANCE_ORACLE_PLACEHOLDER,ACCEPTANCE_TARGET_MISSING	F00-S02	NOT_EXECUTED
1167	fn:organization:organization_detail_page:010	lib/modules/organization/presentation/organization_detail_page.dart	db318b0ded40f086bbb8221e8de0a69c65f7483b78d1c84264a619c2c4f43f98	ACCEPTANCE_ORACLE_PLACEHOLDER,ACCEPTANCE_TARGET_MISSING	F00-S02	NOT_EXECUTED
1168	fn:organization:organization_detail_page:011	lib/modules/organization/presentation/organization_detail_page.dart	db318b0ded40f086bbb8221e8de0a69c65f7483b78d1c84264a619c2c4f43f98	ACCEPTANCE_ORACLE_PLACEHOLDER,ACCEPTANCE_TARGET_MISSING	F00-S02	NOT_EXECUTED
1169	fn:organization:organization_detail_page:012	lib/modules/organization/presentation/organization_detail_page.dart	db318b0ded40f086bbb8221e8de0a69c65f7483b78d1c84264a619c2c4f43f98	ACCEPTANCE_ORACLE_PLACEHOLDER,ACCEPTANCE_TARGET_MISSING	F00-S02	NOT_EXECUTED
1170	fn:organization:organization_detail_page:013	lib/modules/organization/presentation/organization_detail_page.dart	db318b0ded40f086bbb8221e8de0a69c65f7483b78d1c84264a619c2c4f43f98	ACCEPTANCE_ORACLE_PLACEHOLDER,ACCEPTANCE_TARGET_MISSING	F00-S02	NOT_EXECUTED
1171	fn:organization:organization_detail_page:014	lib/modules/organization/presentation/organization_detail_page.dart	db318b0ded40f086bbb8221e8de0a69c65f7483b78d1c84264a619c2c4f43f98	ACCEPTANCE_ORACLE_PLACEHOLDER,ACCEPTANCE_TARGET_MISSING	F00-S02	NOT_EXECUTED
1172	fn:organization:organization_detail_page:015	lib/modules/organization/presentation/organization_detail_page.dart	db318b0ded40f086bbb8221e8de0a69c65f7483b78d1c84264a619c2c4f43f98	ACCEPTANCE_ORACLE_PLACEHOLDER,ACCEPTANCE_TARGET_MISSING	F00-S02	NOT_EXECUTED
1173	fn:organization:organization_detail_page:016	lib/modules/organization/presentation/organization_detail_page.dart	db318b0ded40f086bbb8221e8de0a69c65f7483b78d1c84264a619c2c4f43f98	ACCEPTANCE_ORACLE_PLACEHOLDER,ACCEPTANCE_TARGET_MISSING	F00-S02	NOT_EXECUTED
1174	fn:organization:organization_detail_page:017	lib/modules/organization/presentation/organization_detail_page.dart	db318b0ded40f086bbb8221e8de0a69c65f7483b78d1c84264a619c2c4f43f98	ACCEPTANCE_ORACLE_PLACEHOLDER,ACCEPTANCE_TARGET_MISSING	F00-S02	NOT_EXECUTED
1175	fn:organization:organization_detail_page:018	lib/modules/organization/presentation/organization_detail_page.dart	db318b0ded40f086bbb8221e8de0a69c65f7483b78d1c84264a619c2c4f43f98	ACCEPTANCE_ORACLE_PLACEHOLDER,ACCEPTANCE_TARGET_MISSING	F00-S02	NOT_EXECUTED
1176	fn:organization:organization_detail_page:019	lib/modules/organization/presentation/organization_detail_page.dart	db318b0ded40f086bbb8221e8de0a69c65f7483b78d1c84264a619c2c4f43f98	ACCEPTANCE_ORACLE_PLACEHOLDER,ACCEPTANCE_TARGET_MISSING	F00-S02	NOT_EXECUTED
1177	fn:organization:organization_detail_page:020	lib/modules/organization/presentation/organization_detail_page.dart	db318b0ded40f086bbb8221e8de0a69c65f7483b78d1c84264a619c2c4f43f98	ACCEPTANCE_ORACLE_PLACEHOLDER,ACCEPTANCE_TARGET_MISSING	F00-S02	NOT_EXECUTED
1178	fn:organization:organization_home_page:001	lib/modules/organization/presentation/organization_home_page.dart	fd90213ef87f3296a25f14b0d9095a6f0e2ad19b56e5735116cc99ec5835f365	ACCEPTANCE_ORACLE_PLACEHOLDER,ACCEPTANCE_TARGET_MISSING	F00-S02	NOT_EXECUTED
1179	fn:organization:organization_home_page:002	lib/modules/organization/presentation/organization_home_page.dart	fd90213ef87f3296a25f14b0d9095a6f0e2ad19b56e5735116cc99ec5835f365	ACCEPTANCE_ORACLE_PLACEHOLDER,ACCEPTANCE_TARGET_MISSING	F00-S02	NOT_EXECUTED
1180	fn:organization:organization_home_page:003	lib/modules/organization/presentation/organization_home_page.dart	fd90213ef87f3296a25f14b0d9095a6f0e2ad19b56e5735116cc99ec5835f365	ACCEPTANCE_ORACLE_PLACEHOLDER,ACCEPTANCE_TARGET_MISSING	F00-S02	NOT_EXECUTED
1181	fn:organization:organization_home_page:004	lib/modules/organization/presentation/organization_home_page.dart	fd90213ef87f3296a25f14b0d9095a6f0e2ad19b56e5735116cc99ec5835f365	ACCEPTANCE_ORACLE_PLACEHOLDER,ACCEPTANCE_TARGET_MISSING	F00-S02	NOT_EXECUTED
1182	fn:organization:organization_invitations_page:001	lib/modules/organization/presentation/organization_invitations_page.dart	550c748f674cb76894351a19f3c640fbd9c001d64b0362c3342892d998bf151d	ACCEPTANCE_ORACLE_PLACEHOLDER,ACCEPTANCE_TARGET_MISSING	F00-S02	NOT_EXECUTED
1183	fn:organization:organization_invitations_page:002	lib/modules/organization/presentation/organization_invitations_page.dart	550c748f674cb76894351a19f3c640fbd9c001d64b0362c3342892d998bf151d	ACCEPTANCE_ORACLE_PLACEHOLDER,ACCEPTANCE_TARGET_MISSING	F00-S02	NOT_EXECUTED
1184	fn:organization:organization_invitations_page:003	lib/modules/organization/presentation/organization_invitations_page.dart	550c748f674cb76894351a19f3c640fbd9c001d64b0362c3342892d998bf151d	ACCEPTANCE_ORACLE_PLACEHOLDER,ACCEPTANCE_TARGET_MISSING	F00-S02	NOT_EXECUTED
1185	fn:organization:organization_invitations_page:004	lib/modules/organization/presentation/organization_invitations_page.dart	550c748f674cb76894351a19f3c640fbd9c001d64b0362c3342892d998bf151d	ACCEPTANCE_ORACLE_PLACEHOLDER,ACCEPTANCE_TARGET_MISSING	F00-S02	NOT_EXECUTED
1186	fn:organization:organization_invitations_page:005	lib/modules/organization/presentation/organization_invitations_page.dart	550c748f674cb76894351a19f3c640fbd9c001d64b0362c3342892d998bf151d	ACCEPTANCE_ORACLE_PLACEHOLDER,ACCEPTANCE_TARGET_MISSING	F00-S02	NOT_EXECUTED
1187	fn:organization:organization_invitations_page:006	lib/modules/organization/presentation/organization_invitations_page.dart	550c748f674cb76894351a19f3c640fbd9c001d64b0362c3342892d998bf151d	ACCEPTANCE_ORACLE_PLACEHOLDER,ACCEPTANCE_TARGET_MISSING	F00-S02	NOT_EXECUTED
1188	fn:organization:organization_invitations_page:007	lib/modules/organization/presentation/organization_invitations_page.dart	550c748f674cb76894351a19f3c640fbd9c001d64b0362c3342892d998bf151d	ACCEPTANCE_ORACLE_PLACEHOLDER,ACCEPTANCE_TARGET_MISSING	F00-S02	NOT_EXECUTED
1189	fn:organization:organization_invitations_page:008	lib/modules/organization/presentation/organization_invitations_page.dart	550c748f674cb76894351a19f3c640fbd9c001d64b0362c3342892d998bf151d	ACCEPTANCE_ORACLE_PLACEHOLDER,ACCEPTANCE_TARGET_MISSING	F00-S02	NOT_EXECUTED
1190	fn:organization:organization_invitations_page:009	lib/modules/organization/presentation/organization_invitations_page.dart	550c748f674cb76894351a19f3c640fbd9c001d64b0362c3342892d998bf151d	ACCEPTANCE_ORACLE_PLACEHOLDER,ACCEPTANCE_TARGET_MISSING	F00-S02	NOT_EXECUTED
1191	fn:organization:organization_invitations_page:010	lib/modules/organization/presentation/organization_invitations_page.dart	550c748f674cb76894351a19f3c640fbd9c001d64b0362c3342892d998bf151d	ACCEPTANCE_ORACLE_PLACEHOLDER,ACCEPTANCE_TARGET_MISSING	F00-S02	NOT_EXECUTED
1192	fn:organization:organization_invitations_page:011	lib/modules/organization/presentation/organization_invitations_page.dart	550c748f674cb76894351a19f3c640fbd9c001d64b0362c3342892d998bf151d	ACCEPTANCE_ORACLE_PLACEHOLDER,ACCEPTANCE_TARGET_MISSING	F00-S02	NOT_EXECUTED
1193	fn:organization:organization_manage_page:001	lib/modules/organization/presentation/organization_manage_page.dart	3f36c8d930f31a92970193933138a148346511bd40daccdf3b18424b53fef49b	ACCEPTANCE_ORACLE_PLACEHOLDER,ACCEPTANCE_TARGET_MISSING	F00-S02	NOT_EXECUTED
1194	fn:organization:organization_manage_page:002	lib/modules/organization/presentation/organization_manage_page.dart	3f36c8d930f31a92970193933138a148346511bd40daccdf3b18424b53fef49b	ACCEPTANCE_ORACLE_PLACEHOLDER,ACCEPTANCE_TARGET_MISSING	F00-S02	NOT_EXECUTED
1195	fn:organization:organization_manage_page:003	lib/modules/organization/presentation/organization_manage_page.dart	3f36c8d930f31a92970193933138a148346511bd40daccdf3b18424b53fef49b	ACCEPTANCE_ORACLE_PLACEHOLDER,ACCEPTANCE_TARGET_MISSING	F00-S02	NOT_EXECUTED
1196	fn:organization:organization_manage_page:004	lib/modules/organization/presentation/organization_manage_page.dart	3f36c8d930f31a92970193933138a148346511bd40daccdf3b18424b53fef49b	ACCEPTANCE_ORACLE_PLACEHOLDER,ACCEPTANCE_TARGET_MISSING	F00-S02	NOT_EXECUTED
1197	fn:organization:organization_manage_page:005	lib/modules/organization/presentation/organization_manage_page.dart	3f36c8d930f31a92970193933138a148346511bd40daccdf3b18424b53fef49b	ACCEPTANCE_ORACLE_PLACEHOLDER,ACCEPTANCE_TARGET_MISSING	F00-S02	NOT_EXECUTED
1198	fn:organization:organization_manage_page:006	lib/modules/organization/presentation/organization_manage_page.dart	3f36c8d930f31a92970193933138a148346511bd40daccdf3b18424b53fef49b	ACCEPTANCE_ORACLE_PLACEHOLDER,ACCEPTANCE_TARGET_MISSING	F00-S02	NOT_EXECUTED
1199	fn:organization:organization_manage_page:007	lib/modules/organization/presentation/organization_manage_page.dart	3f36c8d930f31a92970193933138a148346511bd40daccdf3b18424b53fef49b	ACCEPTANCE_ORACLE_PLACEHOLDER,ACCEPTANCE_TARGET_MISSING	F00-S02	NOT_EXECUTED
1200	fn:organization:organization_manage_page:008	lib/modules/organization/presentation/organization_manage_page.dart	3f36c8d930f31a92970193933138a148346511bd40daccdf3b18424b53fef49b	ACCEPTANCE_ORACLE_PLACEHOLDER,ACCEPTANCE_TARGET_MISSING	F00-S02	NOT_EXECUTED
1201	fn:organization:organization_manage_page:009	lib/modules/organization/presentation/organization_manage_page.dart	3f36c8d930f31a92970193933138a148346511bd40daccdf3b18424b53fef49b	ACCEPTANCE_ORACLE_PLACEHOLDER,ACCEPTANCE_TARGET_MISSING	F00-S02	NOT_EXECUTED
1202	fn:organization:organization_manage_page:010	lib/modules/organization/presentation/organization_manage_page.dart	3f36c8d930f31a92970193933138a148346511bd40daccdf3b18424b53fef49b	ACCEPTANCE_ORACLE_PLACEHOLDER,ACCEPTANCE_TARGET_MISSING	F00-S02	NOT_EXECUTED
1203	fn:organization:organization_manage_page:011	lib/modules/organization/presentation/organization_manage_page.dart	3f36c8d930f31a92970193933138a148346511bd40daccdf3b18424b53fef49b	ACCEPTANCE_ORACLE_PLACEHOLDER,ACCEPTANCE_TARGET_MISSING	F00-S02	NOT_EXECUTED
1204	fn:organization:organization_manage_page:012	lib/modules/organization/presentation/organization_manage_page.dart	3f36c8d930f31a92970193933138a148346511bd40daccdf3b18424b53fef49b	ACCEPTANCE_ORACLE_PLACEHOLDER,ACCEPTANCE_TARGET_MISSING	F00-S02	NOT_EXECUTED
1205	fn:organization:organization_manage_page:013	lib/modules/organization/presentation/organization_manage_page.dart	3f36c8d930f31a92970193933138a148346511bd40daccdf3b18424b53fef49b	ACCEPTANCE_ORACLE_PLACEHOLDER,ACCEPTANCE_TARGET_MISSING	F00-S02	NOT_EXECUTED
1206	fn:organization:organization_manage_page:014	lib/modules/organization/presentation/organization_manage_page.dart	3f36c8d930f31a92970193933138a148346511bd40daccdf3b18424b53fef49b	ACCEPTANCE_ORACLE_PLACEHOLDER,ACCEPTANCE_TARGET_MISSING	F00-S02	NOT_EXECUTED
1207	fn:organization:organization_manage_page:015	lib/modules/organization/presentation/organization_manage_page.dart	3f36c8d930f31a92970193933138a148346511bd40daccdf3b18424b53fef49b	ACCEPTANCE_ORACLE_PLACEHOLDER,ACCEPTANCE_TARGET_MISSING	F00-S02	NOT_EXECUTED
1208	fn:organization:organization_member_detail_page:001	lib/modules/organization/presentation/organization_member_detail_page.dart	09cbff1634264547091bf7161da0376a2b604e5a699e1a4a17d621454785cf76	ACCEPTANCE_ORACLE_PLACEHOLDER,ACCEPTANCE_TARGET_MISSING	F00-S02	NOT_EXECUTED
1209	fn:organization:organization_member_detail_page:002	lib/modules/organization/presentation/organization_member_detail_page.dart	09cbff1634264547091bf7161da0376a2b604e5a699e1a4a17d621454785cf76	ACCEPTANCE_ORACLE_PLACEHOLDER,ACCEPTANCE_TARGET_MISSING	F00-S02	NOT_EXECUTED
1210	fn:organization:organization_member_detail_page:003	lib/modules/organization/presentation/organization_member_detail_page.dart	09cbff1634264547091bf7161da0376a2b604e5a699e1a4a17d621454785cf76	ACCEPTANCE_ORACLE_PLACEHOLDER,ACCEPTANCE_TARGET_MISSING	F00-S02	NOT_EXECUTED
1211	fn:organization:organization_member_detail_page:004	lib/modules/organization/presentation/organization_member_detail_page.dart	09cbff1634264547091bf7161da0376a2b604e5a699e1a4a17d621454785cf76	ACCEPTANCE_ORACLE_PLACEHOLDER,ACCEPTANCE_TARGET_MISSING	F00-S02	NOT_EXECUTED
1212	fn:organization:organization_members_page:001	lib/modules/organization/presentation/organization_members_page.dart	d4ad52e183c3e96d3dafd7e67d972c87433808601f6fb2591870594d3b39b206	ACCEPTANCE_ORACLE_PLACEHOLDER,ACCEPTANCE_TARGET_MISSING	F00-S02	NOT_EXECUTED
1213	fn:organization:organization_members_page:002	lib/modules/organization/presentation/organization_members_page.dart	d4ad52e183c3e96d3dafd7e67d972c87433808601f6fb2591870594d3b39b206	ACCEPTANCE_ORACLE_PLACEHOLDER,ACCEPTANCE_TARGET_MISSING	F00-S02	NOT_EXECUTED
1214	fn:organization:organization_members_page:003	lib/modules/organization/presentation/organization_members_page.dart	d4ad52e183c3e96d3dafd7e67d972c87433808601f6fb2591870594d3b39b206	ACCEPTANCE_ORACLE_PLACEHOLDER,ACCEPTANCE_TARGET_MISSING	F00-S02	NOT_EXECUTED
1215	fn:organization:organization_members_page:004	lib/modules/organization/presentation/organization_members_page.dart	d4ad52e183c3e96d3dafd7e67d972c87433808601f6fb2591870594d3b39b206	ACCEPTANCE_ORACLE_PLACEHOLDER,ACCEPTANCE_TARGET_MISSING	F00-S02	NOT_EXECUTED
1216	fn:organization:organization_members_page:005	lib/modules/organization/presentation/organization_members_page.dart	d4ad52e183c3e96d3dafd7e67d972c87433808601f6fb2591870594d3b39b206	ACCEPTANCE_ORACLE_PLACEHOLDER,ACCEPTANCE_TARGET_MISSING	F00-S02	NOT_EXECUTED
1217	fn:organization:organization_members_page:006	lib/modules/organization/presentation/organization_members_page.dart	d4ad52e183c3e96d3dafd7e67d972c87433808601f6fb2591870594d3b39b206	ACCEPTANCE_ORACLE_PLACEHOLDER,ACCEPTANCE_TARGET_MISSING	F00-S02	NOT_EXECUTED
1218	fn:organization:organization_members_page:007	lib/modules/organization/presentation/organization_members_page.dart	d4ad52e183c3e96d3dafd7e67d972c87433808601f6fb2591870594d3b39b206	ACCEPTANCE_ORACLE_PLACEHOLDER,ACCEPTANCE_TARGET_MISSING	F00-S02	NOT_EXECUTED
1219	fn:organization:organization_members_page:008	lib/modules/organization/presentation/organization_members_page.dart	d4ad52e183c3e96d3dafd7e67d972c87433808601f6fb2591870594d3b39b206	ACCEPTANCE_ORACLE_PLACEHOLDER,ACCEPTANCE_TARGET_MISSING	F00-S02	NOT_EXECUTED
1220	fn:organization:organization_members_page:009	lib/modules/organization/presentation/organization_members_page.dart	d4ad52e183c3e96d3dafd7e67d972c87433808601f6fb2591870594d3b39b206	ACCEPTANCE_ORACLE_PLACEHOLDER,ACCEPTANCE_TARGET_MISSING	F00-S02	NOT_EXECUTED
1221	fn:organization:organization_members_page:010	lib/modules/organization/presentation/organization_members_page.dart	d4ad52e183c3e96d3dafd7e67d972c87433808601f6fb2591870594d3b39b206	ACCEPTANCE_ORACLE_PLACEHOLDER,ACCEPTANCE_TARGET_MISSING	F00-S02	NOT_EXECUTED
1222	fn:organization:organization_picker_page:001	lib/modules/organization/presentation/organization_picker_page.dart	820221b5c06a0b6fc08033f5eab02c46bba95dada6947b1c28b2987aa4b5560c	ACCEPTANCE_ORACLE_PLACEHOLDER,ACCEPTANCE_TARGET_MISSING	F00-S02	NOT_EXECUTED
1223	fn:organization:organization_picker_page:002	lib/modules/organization/presentation/organization_picker_page.dart	820221b5c06a0b6fc08033f5eab02c46bba95dada6947b1c28b2987aa4b5560c	ACCEPTANCE_ORACLE_PLACEHOLDER,ACCEPTANCE_TARGET_MISSING	F00-S02	NOT_EXECUTED
1224	fn:organization:organization_picker_page:003	lib/modules/organization/presentation/organization_picker_page.dart	820221b5c06a0b6fc08033f5eab02c46bba95dada6947b1c28b2987aa4b5560c	ACCEPTANCE_ORACLE_PLACEHOLDER,ACCEPTANCE_TARGET_MISSING	F00-S02	NOT_EXECUTED
1225	fn:organization:organization_picker_page:004	lib/modules/organization/presentation/organization_picker_page.dart	820221b5c06a0b6fc08033f5eab02c46bba95dada6947b1c28b2987aa4b5560c	ACCEPTANCE_ORACLE_PLACEHOLDER,ACCEPTANCE_TARGET_MISSING	F00-S02	NOT_EXECUTED
1226	fn:organization:organization_picker_page:005	lib/modules/organization/presentation/organization_picker_page.dart	820221b5c06a0b6fc08033f5eab02c46bba95dada6947b1c28b2987aa4b5560c	ACCEPTANCE_ORACLE_PLACEHOLDER,ACCEPTANCE_TARGET_MISSING	F00-S02	NOT_EXECUTED
1227	fn:organization:organization_picker_page:006	lib/modules/organization/presentation/organization_picker_page.dart	820221b5c06a0b6fc08033f5eab02c46bba95dada6947b1c28b2987aa4b5560c	ACCEPTANCE_ORACLE_PLACEHOLDER,ACCEPTANCE_TARGET_MISSING	F00-S02	NOT_EXECUTED
1228	fn:organization:organization_picker_page:007	lib/modules/organization/presentation/organization_picker_page.dart	820221b5c06a0b6fc08033f5eab02c46bba95dada6947b1c28b2987aa4b5560c	ACCEPTANCE_ORACLE_PLACEHOLDER,ACCEPTANCE_TARGET_MISSING	F00-S02	NOT_EXECUTED
1229	fn:organization:organization_picker_page:008	lib/modules/organization/presentation/organization_picker_page.dart	820221b5c06a0b6fc08033f5eab02c46bba95dada6947b1c28b2987aa4b5560c	ACCEPTANCE_ORACLE_PLACEHOLDER,ACCEPTANCE_TARGET_MISSING	F00-S02	NOT_EXECUTED
1230	fn:organization:organization_picker_page:009	lib/modules/organization/presentation/organization_picker_page.dart	820221b5c06a0b6fc08033f5eab02c46bba95dada6947b1c28b2987aa4b5560c	ACCEPTANCE_ORACLE_PLACEHOLDER,ACCEPTANCE_TARGET_MISSING	F00-S02	NOT_EXECUTED
1231	fn:organization:organization_picker_page:010	lib/modules/organization/presentation/organization_picker_page.dart	820221b5c06a0b6fc08033f5eab02c46bba95dada6947b1c28b2987aa4b5560c	ACCEPTANCE_ORACLE_PLACEHOLDER,ACCEPTANCE_TARGET_MISSING	F00-S02	NOT_EXECUTED
1232	fn:organization:organization_picker_page:011	lib/modules/organization/presentation/organization_picker_page.dart	820221b5c06a0b6fc08033f5eab02c46bba95dada6947b1c28b2987aa4b5560c	ACCEPTANCE_ORACLE_PLACEHOLDER,ACCEPTANCE_TARGET_MISSING	F00-S02	NOT_EXECUTED
1233	fn:organization:organization_picker_page:012	lib/modules/organization/presentation/organization_picker_page.dart	820221b5c06a0b6fc08033f5eab02c46bba95dada6947b1c28b2987aa4b5560c	ACCEPTANCE_ORACLE_PLACEHOLDER,ACCEPTANCE_TARGET_MISSING	F00-S02	NOT_EXECUTED
1234	fn:organization:organization_picker_page:013	lib/modules/organization/presentation/organization_picker_page.dart	820221b5c06a0b6fc08033f5eab02c46bba95dada6947b1c28b2987aa4b5560c	ACCEPTANCE_ORACLE_PLACEHOLDER,ACCEPTANCE_TARGET_MISSING	F00-S02	NOT_EXECUTED
1235	fn:organization:organization_tools_page:001	lib/modules/organization/presentation/organization_tools_page.dart	dc5a635fb3e4cfc330e716411998f9ada96e2fd4f9db73bdb9d8d1643b4c1da1	ACCEPTANCE_ORACLE_PLACEHOLDER,ACCEPTANCE_TARGET_MISSING	F00-S02	NOT_EXECUTED
1236	fn:organization:organization_tools_page:002	lib/modules/organization/presentation/organization_tools_page.dart	dc5a635fb3e4cfc330e716411998f9ada96e2fd4f9db73bdb9d8d1643b4c1da1	ACCEPTANCE_ORACLE_PLACEHOLDER,ACCEPTANCE_TARGET_MISSING	F00-S02	NOT_EXECUTED
1237	fn:organization:organization_tools_page:003	lib/modules/organization/presentation/organization_tools_page.dart	dc5a635fb3e4cfc330e716411998f9ada96e2fd4f9db73bdb9d8d1643b4c1da1	ACCEPTANCE_ORACLE_PLACEHOLDER,ACCEPTANCE_TARGET_MISSING	F00-S02	NOT_EXECUTED
1238	fn:organization:organization_tools_page:004	lib/modules/organization/presentation/organization_tools_page.dart	dc5a635fb3e4cfc330e716411998f9ada96e2fd4f9db73bdb9d8d1643b4c1da1	ACCEPTANCE_ORACLE_PLACEHOLDER,ACCEPTANCE_TARGET_MISSING	F00-S02	NOT_EXECUTED
1239	fn:organization:organization_tools_page:005	lib/modules/organization/presentation/organization_tools_page.dart	dc5a635fb3e4cfc330e716411998f9ada96e2fd4f9db73bdb9d8d1643b4c1da1	ACCEPTANCE_ORACLE_PLACEHOLDER,ACCEPTANCE_TARGET_MISSING	F00-S02	NOT_EXECUTED
1240	fn:organization:organization_tools_page:006	lib/modules/organization/presentation/organization_tools_page.dart	dc5a635fb3e4cfc330e716411998f9ada96e2fd4f9db73bdb9d8d1643b4c1da1	ACCEPTANCE_ORACLE_PLACEHOLDER,ACCEPTANCE_TARGET_MISSING	F00-S02	NOT_EXECUTED
1241	fn:organization:organization_tools_page:007	lib/modules/organization/presentation/organization_tools_page.dart	dc5a635fb3e4cfc330e716411998f9ada96e2fd4f9db73bdb9d8d1643b4c1da1	ACCEPTANCE_ORACLE_PLACEHOLDER,ACCEPTANCE_TARGET_MISSING	F00-S02	NOT_EXECUTED
1242	fn:organization:organization_tools_page:008	lib/modules/organization/presentation/organization_tools_page.dart	dc5a635fb3e4cfc330e716411998f9ada96e2fd4f9db73bdb9d8d1643b4c1da1	ACCEPTANCE_ORACLE_PLACEHOLDER,ACCEPTANCE_TARGET_MISSING	F00-S02	NOT_EXECUTED
1243	fn:organization:organization_tools_page:009	lib/modules/organization/presentation/organization_tools_page.dart	dc5a635fb3e4cfc330e716411998f9ada96e2fd4f9db73bdb9d8d1643b4c1da1	ACCEPTANCE_ORACLE_PLACEHOLDER,ACCEPTANCE_TARGET_MISSING	F00-S02	NOT_EXECUTED
1244	fn:organization:organization_tools_page:010	lib/modules/organization/presentation/organization_tools_page.dart	dc5a635fb3e4cfc330e716411998f9ada96e2fd4f9db73bdb9d8d1643b4c1da1	ACCEPTANCE_ORACLE_PLACEHOLDER,ACCEPTANCE_TARGET_MISSING	F00-S02	NOT_EXECUTED
1245	fn:organization:organization_tools_page:011	lib/modules/organization/presentation/organization_tools_page.dart	dc5a635fb3e4cfc330e716411998f9ada96e2fd4f9db73bdb9d8d1643b4c1da1	ACCEPTANCE_ORACLE_PLACEHOLDER,ACCEPTANCE_TARGET_MISSING	F00-S02	NOT_EXECUTED
1246	fn:passport:forgot_password_page:001	lib/page/passport/forgot_password_page.dart	8a784322911c257a20ac6f6972b8a0d78335e98ea818218737b7782b310ffa91	ACCEPTANCE_TARGET_MISSING	F00-S02	NOT_EXECUTED
1247	fn:passport:forgot_password_page:002	lib/page/passport/forgot_password_page.dart	8a784322911c257a20ac6f6972b8a0d78335e98ea818218737b7782b310ffa91	ACCEPTANCE_TARGET_MISSING	F00-S02	NOT_EXECUTED
1248	fn:passport:forgot_password_page:003	lib/page/passport/forgot_password_page.dart	8a784322911c257a20ac6f6972b8a0d78335e98ea818218737b7782b310ffa91	ACCEPTANCE_TARGET_MISSING	F00-S02	NOT_EXECUTED
1249	fn:passport:forgot_password_page:004	lib/page/passport/forgot_password_page.dart	8a784322911c257a20ac6f6972b8a0d78335e98ea818218737b7782b310ffa91	ACCEPTANCE_TARGET_MISSING	F00-S02	NOT_EXECUTED
1250	fn:passport:forgot_password_page:005	lib/page/passport/forgot_password_page.dart	8a784322911c257a20ac6f6972b8a0d78335e98ea818218737b7782b310ffa91	ACCEPTANCE_TARGET_MISSING	F00-S02	NOT_EXECUTED
1251	fn:passport:forgot_password_page:006	lib/page/passport/forgot_password_page.dart	8a784322911c257a20ac6f6972b8a0d78335e98ea818218737b7782b310ffa91	ACCEPTANCE_TARGET_MISSING	F00-S02	NOT_EXECUTED
1252	fn:passport:forgot_password_page:007	lib/page/passport/forgot_password_page.dart	8a784322911c257a20ac6f6972b8a0d78335e98ea818218737b7782b310ffa91	ACCEPTANCE_TARGET_MISSING	F00-S02	NOT_EXECUTED
1253	fn:passport:forgot_password_page:008	lib/page/passport/forgot_password_page.dart	8a784322911c257a20ac6f6972b8a0d78335e98ea818218737b7782b310ffa91	ACCEPTANCE_TARGET_MISSING	F00-S02	NOT_EXECUTED
1254	fn:passport:forgot_password_page:009	lib/page/passport/forgot_password_page.dart	8a784322911c257a20ac6f6972b8a0d78335e98ea818218737b7782b310ffa91	ACCEPTANCE_TARGET_MISSING	F00-S02	NOT_EXECUTED
1255	fn:passport:forgot_password_page:010	lib/page/passport/forgot_password_page.dart	8a784322911c257a20ac6f6972b8a0d78335e98ea818218737b7782b310ffa91	ACCEPTANCE_TARGET_MISSING	F00-S02	NOT_EXECUTED
1256	fn:passport:forgot_password_page:011	lib/page/passport/forgot_password_page.dart	8a784322911c257a20ac6f6972b8a0d78335e98ea818218737b7782b310ffa91	ACCEPTANCE_TARGET_MISSING	F00-S02	NOT_EXECUTED
1257	fn:passport:forgot_password_page:012	lib/page/passport/forgot_password_page.dart	8a784322911c257a20ac6f6972b8a0d78335e98ea818218737b7782b310ffa91	ACCEPTANCE_TARGET_MISSING	F00-S02	NOT_EXECUTED
1258	fn:passport:forgot_password_pin_code_page:001	lib/page/passport/forgot_password_pin_code_page.dart	ae3a36926d910824dd08434861f6b88703dc40ffae052c519ce2aa5663a48748	ACCEPTANCE_TARGET_MISSING	F00-S02	NOT_EXECUTED
1259	fn:passport:forgot_password_pin_code_page:002	lib/page/passport/forgot_password_pin_code_page.dart	ae3a36926d910824dd08434861f6b88703dc40ffae052c519ce2aa5663a48748	ACCEPTANCE_TARGET_MISSING	F00-S02	NOT_EXECUTED
1260	fn:passport:forgot_password_pin_code_page:003	lib/page/passport/forgot_password_pin_code_page.dart	ae3a36926d910824dd08434861f6b88703dc40ffae052c519ce2aa5663a48748	ACCEPTANCE_TARGET_MISSING	F00-S02	NOT_EXECUTED
1261	fn:passport:forgot_password_pin_code_page:004	lib/page/passport/forgot_password_pin_code_page.dart	ae3a36926d910824dd08434861f6b88703dc40ffae052c519ce2aa5663a48748	ACCEPTANCE_TARGET_MISSING	F00-S02	NOT_EXECUTED
1262	fn:passport:forgot_password_pin_code_page:005	lib/page/passport/forgot_password_pin_code_page.dart	ae3a36926d910824dd08434861f6b88703dc40ffae052c519ce2aa5663a48748	ACCEPTANCE_TARGET_MISSING	F00-S02	NOT_EXECUTED
1263	fn:passport:forgot_password_pin_code_page:006	lib/page/passport/forgot_password_pin_code_page.dart	ae3a36926d910824dd08434861f6b88703dc40ffae052c519ce2aa5663a48748	ACCEPTANCE_TARGET_MISSING	F00-S02	NOT_EXECUTED
1264	fn:passport:forgot_password_pin_code_page:007	lib/page/passport/forgot_password_pin_code_page.dart	ae3a36926d910824dd08434861f6b88703dc40ffae052c519ce2aa5663a48748	ACCEPTANCE_TARGET_MISSING	F00-S02	NOT_EXECUTED
1265	fn:passport:forgot_password_pin_code_page:008	lib/page/passport/forgot_password_pin_code_page.dart	ae3a36926d910824dd08434861f6b88703dc40ffae052c519ce2aa5663a48748	ACCEPTANCE_TARGET_MISSING	F00-S02	NOT_EXECUTED
1266	fn:passport:forgot_password_pin_code_page:009	lib/page/passport/forgot_password_pin_code_page.dart	ae3a36926d910824dd08434861f6b88703dc40ffae052c519ce2aa5663a48748	ACCEPTANCE_TARGET_MISSING	F00-S02	NOT_EXECUTED
1267	fn:passport:forgot_password_pin_code_page:010	lib/page/passport/forgot_password_pin_code_page.dart	ae3a36926d910824dd08434861f6b88703dc40ffae052c519ce2aa5663a48748	ACCEPTANCE_TARGET_MISSING	F00-S02	NOT_EXECUTED
1268	fn:passport:forgot_password_pin_code_page:011	lib/page/passport/forgot_password_pin_code_page.dart	ae3a36926d910824dd08434861f6b88703dc40ffae052c519ce2aa5663a48748	ACCEPTANCE_TARGET_MISSING	F00-S02	NOT_EXECUTED
1269	fn:passport:forgot_password_pin_code_page:012	lib/page/passport/forgot_password_pin_code_page.dart	ae3a36926d910824dd08434861f6b88703dc40ffae052c519ce2aa5663a48748	ACCEPTANCE_TARGET_MISSING	F00-S02	NOT_EXECUTED
1282	fn:passport:manage_account_page:001	lib/page/passport/manage_account_page.dart	cd73456728be19554524355629365aecbc61ec04f2c688c4feca7c2d7a39d8b1	ACCEPTANCE_TARGET_MISSING	F00-S02	NOT_EXECUTED
1283	fn:passport:manage_account_page:002	lib/page/passport/manage_account_page.dart	cd73456728be19554524355629365aecbc61ec04f2c688c4feca7c2d7a39d8b1	ACCEPTANCE_TARGET_MISSING	F00-S02	NOT_EXECUTED
1284	fn:passport:manage_account_page:003	lib/page/passport/manage_account_page.dart	cd73456728be19554524355629365aecbc61ec04f2c688c4feca7c2d7a39d8b1	ACCEPTANCE_TARGET_MISSING	F00-S02	NOT_EXECUTED
1285	fn:passport:manage_account_page:004	lib/page/passport/manage_account_page.dart	cd73456728be19554524355629365aecbc61ec04f2c688c4feca7c2d7a39d8b1	ACCEPTANCE_TARGET_MISSING	F00-S02	NOT_EXECUTED
1286	fn:passport:manage_account_page:005	lib/page/passport/manage_account_page.dart	cd73456728be19554524355629365aecbc61ec04f2c688c4feca7c2d7a39d8b1	ACCEPTANCE_TARGET_MISSING	F00-S02	NOT_EXECUTED
1287	fn:passport:manage_account_page:006	lib/page/passport/manage_account_page.dart	cd73456728be19554524355629365aecbc61ec04f2c688c4feca7c2d7a39d8b1	ACCEPTANCE_TARGET_MISSING	F00-S02	NOT_EXECUTED
1288	fn:passport:manage_account_page:007	lib/page/passport/manage_account_page.dart	cd73456728be19554524355629365aecbc61ec04f2c688c4feca7c2d7a39d8b1	ACCEPTANCE_TARGET_MISSING	F00-S02	NOT_EXECUTED
1289	fn:passport:manage_account_page:008	lib/page/passport/manage_account_page.dart	cd73456728be19554524355629365aecbc61ec04f2c688c4feca7c2d7a39d8b1	ACCEPTANCE_TARGET_MISSING	F00-S02	NOT_EXECUTED
1290	fn:passport:manage_account_page:009	lib/page/passport/manage_account_page.dart	cd73456728be19554524355629365aecbc61ec04f2c688c4feca7c2d7a39d8b1	ACCEPTANCE_TARGET_MISSING	F00-S02	NOT_EXECUTED
1291	fn:passport:manage_account_page:010	lib/page/passport/manage_account_page.dart	cd73456728be19554524355629365aecbc61ec04f2c688c4feca7c2d7a39d8b1	ACCEPTANCE_TARGET_MISSING	F00-S02	NOT_EXECUTED
1292	fn:passport:signup_continue_page:001	lib/page/passport/signup_continue_page.dart	050b064de6016d501862804f1664017599a2399ec647a5f409242942e349e7e2	ACCEPTANCE_TARGET_MISSING	F00-S02	NOT_EXECUTED
1293	fn:passport:signup_continue_page:002	lib/page/passport/signup_continue_page.dart	050b064de6016d501862804f1664017599a2399ec647a5f409242942e349e7e2	ACCEPTANCE_TARGET_MISSING	F00-S02	NOT_EXECUTED
1294	fn:passport:signup_continue_page:003	lib/page/passport/signup_continue_page.dart	050b064de6016d501862804f1664017599a2399ec647a5f409242942e349e7e2	ACCEPTANCE_TARGET_MISSING	F00-S02	NOT_EXECUTED
1295	fn:passport:signup_continue_page:004	lib/page/passport/signup_continue_page.dart	050b064de6016d501862804f1664017599a2399ec647a5f409242942e349e7e2	ACCEPTANCE_TARGET_MISSING	F00-S02	NOT_EXECUTED
1296	fn:passport:signup_continue_page:005	lib/page/passport/signup_continue_page.dart	050b064de6016d501862804f1664017599a2399ec647a5f409242942e349e7e2	ACCEPTANCE_TARGET_MISSING	F00-S02	NOT_EXECUTED
1297	fn:passport:signup_continue_page:006	lib/page/passport/signup_continue_page.dart	050b064de6016d501862804f1664017599a2399ec647a5f409242942e349e7e2	ACCEPTANCE_TARGET_MISSING	F00-S02	NOT_EXECUTED
1298	fn:passport:signup_continue_page:007	lib/page/passport/signup_continue_page.dart	050b064de6016d501862804f1664017599a2399ec647a5f409242942e349e7e2	ACCEPTANCE_TARGET_MISSING	F00-S02	NOT_EXECUTED
1299	fn:passport:signup_continue_page:008	lib/page/passport/signup_continue_page.dart	050b064de6016d501862804f1664017599a2399ec647a5f409242942e349e7e2	ACCEPTANCE_TARGET_MISSING	F00-S02	NOT_EXECUTED
1300	fn:passport:signup_continue_page:009	lib/page/passport/signup_continue_page.dart	050b064de6016d501862804f1664017599a2399ec647a5f409242942e349e7e2	ACCEPTANCE_TARGET_MISSING	F00-S02	NOT_EXECUTED
1301	fn:passport:signup_continue_page:010	lib/page/passport/signup_continue_page.dart	050b064de6016d501862804f1664017599a2399ec647a5f409242942e349e7e2	ACCEPTANCE_TARGET_MISSING	F00-S02	NOT_EXECUTED
1302	fn:passport:signup_continue_page:011	lib/page/passport/signup_continue_page.dart	050b064de6016d501862804f1664017599a2399ec647a5f409242942e349e7e2	ACCEPTANCE_TARGET_MISSING	F00-S02	NOT_EXECUTED
1303	fn:passport:signup_continue_page:012	lib/page/passport/signup_continue_page.dart	050b064de6016d501862804f1664017599a2399ec647a5f409242942e349e7e2	ACCEPTANCE_TARGET_MISSING	F00-S02	NOT_EXECUTED
1316	fn:passport:web_login_page:001	lib/page/passport/web_login_page.dart	35cbcdeeefa6640bf4ef1ede423b515ec740b6e6d19a41592c79689b86793ea0	ACCEPTANCE_TARGET_MISSING	F00-S02	NOT_EXECUTED
1317	fn:passport:web_login_page:002	lib/page/passport/web_login_page.dart	35cbcdeeefa6640bf4ef1ede423b515ec740b6e6d19a41592c79689b86793ea0	ACCEPTANCE_TARGET_MISSING	F00-S02	NOT_EXECUTED
1318	fn:passport:web_login_page:003	lib/page/passport/web_login_page.dart	35cbcdeeefa6640bf4ef1ede423b515ec740b6e6d19a41592c79689b86793ea0	ACCEPTANCE_TARGET_MISSING	F00-S02	NOT_EXECUTED
1319	fn:passport:web_login_page:004	lib/page/passport/web_login_page.dart	35cbcdeeefa6640bf4ef1ede423b515ec740b6e6d19a41592c79689b86793ea0	ACCEPTANCE_TARGET_MISSING	F00-S02	NOT_EXECUTED
1320	fn:passport:web_login_page:005	lib/page/passport/web_login_page.dart	35cbcdeeefa6640bf4ef1ede423b515ec740b6e6d19a41592c79689b86793ea0	ACCEPTANCE_TARGET_MISSING	F00-S02	NOT_EXECUTED
1321	fn:passport:web_login_page:006	lib/page/passport/web_login_page.dart	35cbcdeeefa6640bf4ef1ede423b515ec740b6e6d19a41592c79689b86793ea0	ACCEPTANCE_TARGET_MISSING	F00-S02	NOT_EXECUTED
1322	fn:passport:web_login_page:007	lib/page/passport/web_login_page.dart	35cbcdeeefa6640bf4ef1ede423b515ec740b6e6d19a41592c79689b86793ea0	ACCEPTANCE_TARGET_MISSING	F00-S02	NOT_EXECUTED
1323	fn:passport:web_login_page:008	lib/page/passport/web_login_page.dart	35cbcdeeefa6640bf4ef1ede423b515ec740b6e6d19a41592c79689b86793ea0	ACCEPTANCE_TARGET_MISSING	F00-S02	NOT_EXECUTED
1324	fn:passport:web_login_page:009	lib/page/passport/web_login_page.dart	35cbcdeeefa6640bf4ef1ede423b515ec740b6e6d19a41592c79689b86793ea0	ACCEPTANCE_TARGET_MISSING	F00-S02	NOT_EXECUTED
1325	fn:passport:web_login_page:010	lib/page/passport/web_login_page.dart	35cbcdeeefa6640bf4ef1ede423b515ec740b6e6d19a41592c79689b86793ea0	ACCEPTANCE_TARGET_MISSING	F00-S02	NOT_EXECUTED
1326	fn:passport:web_login_page:011	lib/page/passport/web_login_page.dart	35cbcdeeefa6640bf4ef1ede423b515ec740b6e6d19a41592c79689b86793ea0	ACCEPTANCE_TARGET_MISSING	F00-S02	NOT_EXECUTED
1327	fn:passport:web_login_page:012	lib/page/passport/web_login_page.dart	35cbcdeeefa6640bf4ef1ede423b515ec740b6e6d19a41592c79689b86793ea0	ACCEPTANCE_TARGET_MISSING	F00-S02	NOT_EXECUTED
1328	fn:personal_info:more_page:001	lib/page/personal_info/widget/more_page.dart	5f76ee2b7b4a6a6618a06b525bb3bce49a29b4eb04f8d88d63f77b654452488c	ACCEPTANCE_TARGET_MISSING	F00-S02	NOT_EXECUTED
1329	fn:personal_info:more_page:002	lib/page/personal_info/widget/more_page.dart	5f76ee2b7b4a6a6618a06b525bb3bce49a29b4eb04f8d88d63f77b654452488c	ACCEPTANCE_TARGET_MISSING	F00-S02	NOT_EXECUTED
1330	fn:personal_info:more_page:003	lib/page/personal_info/widget/more_page.dart	5f76ee2b7b4a6a6618a06b525bb3bce49a29b4eb04f8d88d63f77b654452488c	ACCEPTANCE_TARGET_MISSING	F00-S02	NOT_EXECUTED
1331	fn:personal_info:more_page:004	lib/page/personal_info/widget/more_page.dart	5f76ee2b7b4a6a6618a06b525bb3bce49a29b4eb04f8d88d63f77b654452488c	ACCEPTANCE_TARGET_MISSING	F00-S02	NOT_EXECUTED
1332	fn:personal_info:more_page:005	lib/page/personal_info/widget/more_page.dart	5f76ee2b7b4a6a6618a06b525bb3bce49a29b4eb04f8d88d63f77b654452488c	ACCEPTANCE_TARGET_MISSING	F00-S02	NOT_EXECUTED
1333	fn:personal_info:more_page:006	lib/page/personal_info/widget/more_page.dart	5f76ee2b7b4a6a6618a06b525bb3bce49a29b4eb04f8d88d63f77b654452488c	ACCEPTANCE_TARGET_MISSING	F00-S02	NOT_EXECUTED
1334	fn:personal_info:more_page:007	lib/page/personal_info/widget/more_page.dart	5f76ee2b7b4a6a6618a06b525bb3bce49a29b4eb04f8d88d63f77b654452488c	ACCEPTANCE_TARGET_MISSING	F00-S02	NOT_EXECUTED
1335	fn:personal_info:more_page:008	lib/page/personal_info/widget/more_page.dart	5f76ee2b7b4a6a6618a06b525bb3bce49a29b4eb04f8d88d63f77b654452488c	ACCEPTANCE_TARGET_MISSING	F00-S02	NOT_EXECUTED
1336	fn:personal_info:more_page:009	lib/page/personal_info/widget/more_page.dart	5f76ee2b7b4a6a6618a06b525bb3bce49a29b4eb04f8d88d63f77b654452488c	ACCEPTANCE_TARGET_MISSING	F00-S02	NOT_EXECUTED
1337	fn:personal_info:more_page:010	lib/page/personal_info/widget/more_page.dart	5f76ee2b7b4a6a6618a06b525bb3bce49a29b4eb04f8d88d63f77b654452488c	ACCEPTANCE_TARGET_MISSING	F00-S02	NOT_EXECUTED
1338	fn:personal_info:personal_info_page:001	lib/page/personal_info/personal_info/personal_info_page.dart	be4e3e7d711096da5267e347bdaeca25134ea812f74150d8d000819c49fd5a02	ACCEPTANCE_TARGET_MISSING	F00-S02	NOT_EXECUTED
1339	fn:personal_info:personal_info_page:002	lib/page/personal_info/personal_info/personal_info_page.dart	be4e3e7d711096da5267e347bdaeca25134ea812f74150d8d000819c49fd5a02	ACCEPTANCE_TARGET_MISSING	F00-S02	NOT_EXECUTED
1340	fn:personal_info:personal_info_page:003	lib/page/personal_info/personal_info/personal_info_page.dart	be4e3e7d711096da5267e347bdaeca25134ea812f74150d8d000819c49fd5a02	ACCEPTANCE_TARGET_MISSING	F00-S02	NOT_EXECUTED
1341	fn:personal_info:personal_info_page:004	lib/page/personal_info/personal_info/personal_info_page.dart	be4e3e7d711096da5267e347bdaeca25134ea812f74150d8d000819c49fd5a02	ACCEPTANCE_TARGET_MISSING	F00-S02	NOT_EXECUTED
1342	fn:personal_info:personal_info_page:005	lib/page/personal_info/personal_info/personal_info_page.dart	be4e3e7d711096da5267e347bdaeca25134ea812f74150d8d000819c49fd5a02	ACCEPTANCE_TARGET_MISSING	F00-S02	NOT_EXECUTED
1343	fn:personal_info:personal_info_page:006	lib/page/personal_info/personal_info/personal_info_page.dart	be4e3e7d711096da5267e347bdaeca25134ea812f74150d8d000819c49fd5a02	ACCEPTANCE_TARGET_MISSING	F00-S02	NOT_EXECUTED
1344	fn:personal_info:personal_info_page:007	lib/page/personal_info/personal_info/personal_info_page.dart	be4e3e7d711096da5267e347bdaeca25134ea812f74150d8d000819c49fd5a02	ACCEPTANCE_TARGET_MISSING	F00-S02	NOT_EXECUTED
1345	fn:personal_info:personal_info_page:008	lib/page/personal_info/personal_info/personal_info_page.dart	be4e3e7d711096da5267e347bdaeca25134ea812f74150d8d000819c49fd5a02	ACCEPTANCE_TARGET_MISSING	F00-S02	NOT_EXECUTED
1346	fn:personal_info:personal_info_page:009	lib/page/personal_info/personal_info/personal_info_page.dart	be4e3e7d711096da5267e347bdaeca25134ea812f74150d8d000819c49fd5a02	ACCEPTANCE_TARGET_MISSING	F00-S02	NOT_EXECUTED
1347	fn:personal_info:personal_info_page:010	lib/page/personal_info/personal_info/personal_info_page.dart	be4e3e7d711096da5267e347bdaeca25134ea812f74150d8d000819c49fd5a02	ACCEPTANCE_TARGET_MISSING	F00-S02	NOT_EXECUTED
1348	fn:personal_info:personal_info_page:011	lib/page/personal_info/personal_info/personal_info_page.dart	be4e3e7d711096da5267e347bdaeca25134ea812f74150d8d000819c49fd5a02	ACCEPTANCE_TARGET_MISSING	F00-S02	NOT_EXECUTED
1349	fn:personal_info:personal_info_page:012	lib/page/personal_info/personal_info/personal_info_page.dart	be4e3e7d711096da5267e347bdaeca25134ea812f74150d8d000819c49fd5a02	ACCEPTANCE_TARGET_MISSING	F00-S02	NOT_EXECUTED
1350	fn:personal_info:privacy_settings_page:001	lib/page/personal_info/profile/widgets/privacy_settings_page.dart	c6dae15034e1b70c0d65adfe87f9aa233cb72443b675b9f97ff007d106cd460d	ACCEPTANCE_TARGET_MISSING	F00-S02	NOT_EXECUTED
1351	fn:personal_info:privacy_settings_page:002	lib/page/personal_info/profile/widgets/privacy_settings_page.dart	c6dae15034e1b70c0d65adfe87f9aa233cb72443b675b9f97ff007d106cd460d	ACCEPTANCE_TARGET_MISSING	F00-S02	NOT_EXECUTED
1352	fn:personal_info:privacy_settings_page:003	lib/page/personal_info/profile/widgets/privacy_settings_page.dart	c6dae15034e1b70c0d65adfe87f9aa233cb72443b675b9f97ff007d106cd460d	ACCEPTANCE_TARGET_MISSING	F00-S02	NOT_EXECUTED
1353	fn:personal_info:privacy_settings_page:004	lib/page/personal_info/profile/widgets/privacy_settings_page.dart	c6dae15034e1b70c0d65adfe87f9aa233cb72443b675b9f97ff007d106cd460d	ACCEPTANCE_TARGET_MISSING	F00-S02	NOT_EXECUTED
1354	fn:personal_info:privacy_settings_page:005	lib/page/personal_info/profile/widgets/privacy_settings_page.dart	c6dae15034e1b70c0d65adfe87f9aa233cb72443b675b9f97ff007d106cd460d	ACCEPTANCE_TARGET_MISSING	F00-S02	NOT_EXECUTED
1355	fn:personal_info:privacy_settings_page:006	lib/page/personal_info/profile/widgets/privacy_settings_page.dart	c6dae15034e1b70c0d65adfe87f9aa233cb72443b675b9f97ff007d106cd460d	ACCEPTANCE_TARGET_MISSING	F00-S02	NOT_EXECUTED
1356	fn:personal_info:privacy_settings_page:007	lib/page/personal_info/profile/widgets/privacy_settings_page.dart	c6dae15034e1b70c0d65adfe87f9aa233cb72443b675b9f97ff007d106cd460d	ACCEPTANCE_TARGET_MISSING	F00-S02	NOT_EXECUTED
1357	fn:personal_info:privacy_settings_page:008	lib/page/personal_info/profile/widgets/privacy_settings_page.dart	c6dae15034e1b70c0d65adfe87f9aa233cb72443b675b9f97ff007d106cd460d	ACCEPTANCE_TARGET_MISSING	F00-S02	NOT_EXECUTED
1358	fn:personal_info:privacy_settings_page:009	lib/page/personal_info/profile/widgets/privacy_settings_page.dart	c6dae15034e1b70c0d65adfe87f9aa233cb72443b675b9f97ff007d106cd460d	ACCEPTANCE_TARGET_MISSING	F00-S02	NOT_EXECUTED
1359	fn:personal_info:privacy_settings_page:010	lib/page/personal_info/profile/widgets/privacy_settings_page.dart	c6dae15034e1b70c0d65adfe87f9aa233cb72443b675b9f97ff007d106cd460d	ACCEPTANCE_TARGET_MISSING	F00-S02	NOT_EXECUTED
1360	fn:personal_info:profile_page:001	lib/page/personal_info/profile/profile_page.dart	6fba9af721113d9578f918401ed2881cef6cdf45295a77e8199ce4956cae20c5	ACCEPTANCE_TARGET_MISSING	F00-S02	NOT_EXECUTED
1361	fn:personal_info:profile_page:002	lib/page/personal_info/profile/profile_page.dart	6fba9af721113d9578f918401ed2881cef6cdf45295a77e8199ce4956cae20c5	ACCEPTANCE_TARGET_MISSING	F00-S02	NOT_EXECUTED
1362	fn:personal_info:profile_page:003	lib/page/personal_info/profile/profile_page.dart	6fba9af721113d9578f918401ed2881cef6cdf45295a77e8199ce4956cae20c5	ACCEPTANCE_TARGET_MISSING	F00-S02	NOT_EXECUTED
1363	fn:personal_info:profile_page:004	lib/page/personal_info/profile/profile_page.dart	6fba9af721113d9578f918401ed2881cef6cdf45295a77e8199ce4956cae20c5	ACCEPTANCE_TARGET_MISSING	F00-S02	NOT_EXECUTED
1364	fn:personal_info:profile_page:005	lib/page/personal_info/profile/profile_page.dart	6fba9af721113d9578f918401ed2881cef6cdf45295a77e8199ce4956cae20c5	ACCEPTANCE_TARGET_MISSING	F00-S02	NOT_EXECUTED
1365	fn:personal_info:profile_page:006	lib/page/personal_info/profile/profile_page.dart	6fba9af721113d9578f918401ed2881cef6cdf45295a77e8199ce4956cae20c5	ACCEPTANCE_TARGET_MISSING	F00-S02	NOT_EXECUTED
1366	fn:personal_info:profile_page:007	lib/page/personal_info/profile/profile_page.dart	6fba9af721113d9578f918401ed2881cef6cdf45295a77e8199ce4956cae20c5	ACCEPTANCE_TARGET_MISSING	F00-S02	NOT_EXECUTED
1367	fn:personal_info:profile_page:008	lib/page/personal_info/profile/profile_page.dart	6fba9af721113d9578f918401ed2881cef6cdf45295a77e8199ce4956cae20c5	ACCEPTANCE_TARGET_MISSING	F00-S02	NOT_EXECUTED
1368	fn:personal_info:profile_page:009	lib/page/personal_info/profile/profile_page.dart	6fba9af721113d9578f918401ed2881cef6cdf45295a77e8199ce4956cae20c5	ACCEPTANCE_TARGET_MISSING	F00-S02	NOT_EXECUTED
1369	fn:personal_info:profile_page:010	lib/page/personal_info/profile/profile_page.dart	6fba9af721113d9578f918401ed2881cef6cdf45295a77e8199ce4956cae20c5	ACCEPTANCE_TARGET_MISSING	F00-S02	NOT_EXECUTED
1370	fn:personal_info:profile_page:011	lib/page/personal_info/profile/profile_page.dart	6fba9af721113d9578f918401ed2881cef6cdf45295a77e8199ce4956cae20c5	ACCEPTANCE_TARGET_MISSING	F00-S02	NOT_EXECUTED
1371	fn:personal_info:profile_page:012	lib/page/personal_info/profile/profile_page.dart	6fba9af721113d9578f918401ed2881cef6cdf45295a77e8199ce4956cae20c5	ACCEPTANCE_TARGET_MISSING	F00-S02	NOT_EXECUTED
1372	fn:personal_info:set_gender_page:001	lib/page/personal_info/set_gender/set_gender_page.dart	19a1240429e3fef013824c917f4904d9a02e21a3b2fe208af8fa2418ae8fb560	ACCEPTANCE_TARGET_MISSING	F00-S02	NOT_EXECUTED
1373	fn:personal_info:set_gender_page:002	lib/page/personal_info/set_gender/set_gender_page.dart	19a1240429e3fef013824c917f4904d9a02e21a3b2fe208af8fa2418ae8fb560	ACCEPTANCE_TARGET_MISSING	F00-S02	NOT_EXECUTED
1374	fn:personal_info:set_gender_page:003	lib/page/personal_info/set_gender/set_gender_page.dart	19a1240429e3fef013824c917f4904d9a02e21a3b2fe208af8fa2418ae8fb560	ACCEPTANCE_TARGET_MISSING	F00-S02	NOT_EXECUTED
1375	fn:personal_info:set_gender_page:004	lib/page/personal_info/set_gender/set_gender_page.dart	19a1240429e3fef013824c917f4904d9a02e21a3b2fe208af8fa2418ae8fb560	ACCEPTANCE_TARGET_MISSING	F00-S02	NOT_EXECUTED
1376	fn:personal_info:set_gender_page:005	lib/page/personal_info/set_gender/set_gender_page.dart	19a1240429e3fef013824c917f4904d9a02e21a3b2fe208af8fa2418ae8fb560	ACCEPTANCE_TARGET_MISSING	F00-S02	NOT_EXECUTED
1377	fn:personal_info:set_gender_page:006	lib/page/personal_info/set_gender/set_gender_page.dart	19a1240429e3fef013824c917f4904d9a02e21a3b2fe208af8fa2418ae8fb560	ACCEPTANCE_TARGET_MISSING	F00-S02	NOT_EXECUTED
1378	fn:personal_info:set_gender_page:007	lib/page/personal_info/set_gender/set_gender_page.dart	19a1240429e3fef013824c917f4904d9a02e21a3b2fe208af8fa2418ae8fb560	ACCEPTANCE_TARGET_MISSING	F00-S02	NOT_EXECUTED
1379	fn:personal_info:set_gender_page:008	lib/page/personal_info/set_gender/set_gender_page.dart	19a1240429e3fef013824c917f4904d9a02e21a3b2fe208af8fa2418ae8fb560	ACCEPTANCE_TARGET_MISSING	F00-S02	NOT_EXECUTED
1380	fn:personal_info:set_gender_page:009	lib/page/personal_info/set_gender/set_gender_page.dart	19a1240429e3fef013824c917f4904d9a02e21a3b2fe208af8fa2418ae8fb560	ACCEPTANCE_TARGET_MISSING	F00-S02	NOT_EXECUTED
1381	fn:personal_info:set_gender_page:010	lib/page/personal_info/set_gender/set_gender_page.dart	19a1240429e3fef013824c917f4904d9a02e21a3b2fe208af8fa2418ae8fb560	ACCEPTANCE_TARGET_MISSING	F00-S02	NOT_EXECUTED
1382	fn:personal_info:set_nickname_page:001	lib/page/personal_info/set_nickname/set_nickname_page.dart	08d9d86029831520b8f00b42b9982107023f57b726063f8a530cdfce24199dc4	ACCEPTANCE_TARGET_MISSING	F00-S02	NOT_EXECUTED
1383	fn:personal_info:set_nickname_page:002	lib/page/personal_info/set_nickname/set_nickname_page.dart	08d9d86029831520b8f00b42b9982107023f57b726063f8a530cdfce24199dc4	ACCEPTANCE_TARGET_MISSING	F00-S02	NOT_EXECUTED
1384	fn:personal_info:set_nickname_page:003	lib/page/personal_info/set_nickname/set_nickname_page.dart	08d9d86029831520b8f00b42b9982107023f57b726063f8a530cdfce24199dc4	ACCEPTANCE_TARGET_MISSING	F00-S02	NOT_EXECUTED
1385	fn:personal_info:set_nickname_page:004	lib/page/personal_info/set_nickname/set_nickname_page.dart	08d9d86029831520b8f00b42b9982107023f57b726063f8a530cdfce24199dc4	ACCEPTANCE_TARGET_MISSING	F00-S02	NOT_EXECUTED
1386	fn:personal_info:set_nickname_page:005	lib/page/personal_info/set_nickname/set_nickname_page.dart	08d9d86029831520b8f00b42b9982107023f57b726063f8a530cdfce24199dc4	ACCEPTANCE_TARGET_MISSING	F00-S02	NOT_EXECUTED
1387	fn:personal_info:set_nickname_page:006	lib/page/personal_info/set_nickname/set_nickname_page.dart	08d9d86029831520b8f00b42b9982107023f57b726063f8a530cdfce24199dc4	ACCEPTANCE_TARGET_MISSING	F00-S02	NOT_EXECUTED
1388	fn:personal_info:set_nickname_page:007	lib/page/personal_info/set_nickname/set_nickname_page.dart	08d9d86029831520b8f00b42b9982107023f57b726063f8a530cdfce24199dc4	ACCEPTANCE_TARGET_MISSING	F00-S02	NOT_EXECUTED
1389	fn:personal_info:set_nickname_page:008	lib/page/personal_info/set_nickname/set_nickname_page.dart	08d9d86029831520b8f00b42b9982107023f57b726063f8a530cdfce24199dc4	ACCEPTANCE_TARGET_MISSING	F00-S02	NOT_EXECUTED
1390	fn:personal_info:set_nickname_page:009	lib/page/personal_info/set_nickname/set_nickname_page.dart	08d9d86029831520b8f00b42b9982107023f57b726063f8a530cdfce24199dc4	ACCEPTANCE_TARGET_MISSING	F00-S02	NOT_EXECUTED
1391	fn:personal_info:set_nickname_page:010	lib/page/personal_info/set_nickname/set_nickname_page.dart	08d9d86029831520b8f00b42b9982107023f57b726063f8a530cdfce24199dc4	ACCEPTANCE_TARGET_MISSING	F00-S02	NOT_EXECUTED
1392	fn:personal_info:set_nickname_page:011	lib/page/personal_info/set_nickname/set_nickname_page.dart	08d9d86029831520b8f00b42b9982107023f57b726063f8a530cdfce24199dc4	ACCEPTANCE_TARGET_MISSING	F00-S02	NOT_EXECUTED
1393	fn:personal_info:set_nickname_page:012	lib/page/personal_info/set_nickname/set_nickname_page.dart	08d9d86029831520b8f00b42b9982107023f57b726063f8a530cdfce24199dc4	ACCEPTANCE_TARGET_MISSING	F00-S02	NOT_EXECUTED
1394	fn:personal_info:set_region_page:001	lib/page/personal_info/set_region/set_region_page.dart	d1eb6da671ed9e18bd7c0e57d49d79b1563a086216a4e36b7b5eb4964081252a	ACCEPTANCE_TARGET_MISSING	F00-S02	NOT_EXECUTED
1395	fn:personal_info:set_region_page:002	lib/page/personal_info/set_region/set_region_page.dart	d1eb6da671ed9e18bd7c0e57d49d79b1563a086216a4e36b7b5eb4964081252a	ACCEPTANCE_TARGET_MISSING	F00-S02	NOT_EXECUTED
1396	fn:personal_info:set_region_page:003	lib/page/personal_info/set_region/set_region_page.dart	d1eb6da671ed9e18bd7c0e57d49d79b1563a086216a4e36b7b5eb4964081252a	ACCEPTANCE_TARGET_MISSING	F00-S02	NOT_EXECUTED
1397	fn:personal_info:set_region_page:004	lib/page/personal_info/set_region/set_region_page.dart	d1eb6da671ed9e18bd7c0e57d49d79b1563a086216a4e36b7b5eb4964081252a	ACCEPTANCE_TARGET_MISSING	F00-S02	NOT_EXECUTED
1398	fn:personal_info:set_region_page:005	lib/page/personal_info/set_region/set_region_page.dart	d1eb6da671ed9e18bd7c0e57d49d79b1563a086216a4e36b7b5eb4964081252a	ACCEPTANCE_TARGET_MISSING	F00-S02	NOT_EXECUTED
1399	fn:personal_info:set_region_page:006	lib/page/personal_info/set_region/set_region_page.dart	d1eb6da671ed9e18bd7c0e57d49d79b1563a086216a4e36b7b5eb4964081252a	ACCEPTANCE_TARGET_MISSING	F00-S02	NOT_EXECUTED
1400	fn:personal_info:set_region_page:007	lib/page/personal_info/set_region/set_region_page.dart	d1eb6da671ed9e18bd7c0e57d49d79b1563a086216a4e36b7b5eb4964081252a	ACCEPTANCE_TARGET_MISSING	F00-S02	NOT_EXECUTED
1401	fn:personal_info:set_region_page:008	lib/page/personal_info/set_region/set_region_page.dart	d1eb6da671ed9e18bd7c0e57d49d79b1563a086216a4e36b7b5eb4964081252a	ACCEPTANCE_TARGET_MISSING	F00-S02	NOT_EXECUTED
1402	fn:personal_info:set_region_page:009	lib/page/personal_info/set_region/set_region_page.dart	d1eb6da671ed9e18bd7c0e57d49d79b1563a086216a4e36b7b5eb4964081252a	ACCEPTANCE_TARGET_MISSING	F00-S02	NOT_EXECUTED
1403	fn:personal_info:set_region_page:010	lib/page/personal_info/set_region/set_region_page.dart	d1eb6da671ed9e18bd7c0e57d49d79b1563a086216a4e36b7b5eb4964081252a	ACCEPTANCE_TARGET_MISSING	F00-S02	NOT_EXECUTED
1404	fn:personal_info:set_region_page:011	lib/page/personal_info/set_region/set_region_page.dart	d1eb6da671ed9e18bd7c0e57d49d79b1563a086216a4e36b7b5eb4964081252a	ACCEPTANCE_TARGET_MISSING	F00-S02	NOT_EXECUTED
1405	fn:personal_info:update_page:001	lib/page/personal_info/update/update_page.dart	413a82f57c9d1a4011d83ee62b7c05f7f120cebeb947d0fe115c0e284991d478	ACCEPTANCE_TARGET_MISSING	F00-S02	NOT_EXECUTED
1406	fn:personal_info:update_page:002	lib/page/personal_info/update/update_page.dart	413a82f57c9d1a4011d83ee62b7c05f7f120cebeb947d0fe115c0e284991d478	ACCEPTANCE_TARGET_MISSING	F00-S02	NOT_EXECUTED
1407	fn:personal_info:update_page:003	lib/page/personal_info/update/update_page.dart	413a82f57c9d1a4011d83ee62b7c05f7f120cebeb947d0fe115c0e284991d478	ACCEPTANCE_TARGET_MISSING	F00-S02	NOT_EXECUTED
1408	fn:personal_info:update_page:004	lib/page/personal_info/update/update_page.dart	413a82f57c9d1a4011d83ee62b7c05f7f120cebeb947d0fe115c0e284991d478	ACCEPTANCE_TARGET_MISSING	F00-S02	NOT_EXECUTED
1409	fn:personal_info:update_page:005	lib/page/personal_info/update/update_page.dart	413a82f57c9d1a4011d83ee62b7c05f7f120cebeb947d0fe115c0e284991d478	ACCEPTANCE_TARGET_MISSING	F00-S02	NOT_EXECUTED
1410	fn:personal_info:update_page:006	lib/page/personal_info/update/update_page.dart	413a82f57c9d1a4011d83ee62b7c05f7f120cebeb947d0fe115c0e284991d478	ACCEPTANCE_TARGET_MISSING	F00-S02	NOT_EXECUTED
1411	fn:personal_info:update_page:007	lib/page/personal_info/update/update_page.dart	413a82f57c9d1a4011d83ee62b7c05f7f120cebeb947d0fe115c0e284991d478	ACCEPTANCE_TARGET_MISSING	F00-S02	NOT_EXECUTED
1412	fn:personal_info:update_page:008	lib/page/personal_info/update/update_page.dart	413a82f57c9d1a4011d83ee62b7c05f7f120cebeb947d0fe115c0e284991d478	ACCEPTANCE_TARGET_MISSING	F00-S02	NOT_EXECUTED
1413	fn:personal_info:update_page:009	lib/page/personal_info/update/update_page.dart	413a82f57c9d1a4011d83ee62b7c05f7f120cebeb947d0fe115c0e284991d478	ACCEPTANCE_TARGET_MISSING	F00-S02	NOT_EXECUTED
1414	fn:personal_info:update_page:010	lib/page/personal_info/update/update_page.dart	413a82f57c9d1a4011d83ee62b7c05f7f120cebeb947d0fe115c0e284991d478	ACCEPTANCE_TARGET_MISSING	F00-S02	NOT_EXECUTED
1415	fn:personal_info:update_page:011	lib/page/personal_info/update/update_page.dart	413a82f57c9d1a4011d83ee62b7c05f7f120cebeb947d0fe115c0e284991d478	ACCEPTANCE_TARGET_MISSING	F00-S02	NOT_EXECUTED
1416	fn:qrcode:channel_qrcode_page:001	lib/page/qrcode/channel_qrcode_page.dart	96e7a0523519e8918a83ea049c45ede347ae97e1a265fbbc98fbdb743c31c50d	ACCEPTANCE_TARGET_MISSING	F00-S02	NOT_EXECUTED
1417	fn:qrcode:channel_qrcode_page:002	lib/page/qrcode/channel_qrcode_page.dart	96e7a0523519e8918a83ea049c45ede347ae97e1a265fbbc98fbdb743c31c50d	ACCEPTANCE_TARGET_MISSING	F00-S02	NOT_EXECUTED
1418	fn:qrcode:channel_qrcode_page:003	lib/page/qrcode/channel_qrcode_page.dart	96e7a0523519e8918a83ea049c45ede347ae97e1a265fbbc98fbdb743c31c50d	ACCEPTANCE_TARGET_MISSING	F00-S02	NOT_EXECUTED
1419	fn:qrcode:channel_qrcode_page:004	lib/page/qrcode/channel_qrcode_page.dart	96e7a0523519e8918a83ea049c45ede347ae97e1a265fbbc98fbdb743c31c50d	ACCEPTANCE_TARGET_MISSING	F00-S02	NOT_EXECUTED
1420	fn:qrcode:channel_qrcode_page:005	lib/page/qrcode/channel_qrcode_page.dart	96e7a0523519e8918a83ea049c45ede347ae97e1a265fbbc98fbdb743c31c50d	ACCEPTANCE_TARGET_MISSING	F00-S02	NOT_EXECUTED
1421	fn:qrcode:channel_qrcode_page:006	lib/page/qrcode/channel_qrcode_page.dart	96e7a0523519e8918a83ea049c45ede347ae97e1a265fbbc98fbdb743c31c50d	ACCEPTANCE_TARGET_MISSING	F00-S02	NOT_EXECUTED
1422	fn:qrcode:channel_qrcode_page:007	lib/page/qrcode/channel_qrcode_page.dart	96e7a0523519e8918a83ea049c45ede347ae97e1a265fbbc98fbdb743c31c50d	ACCEPTANCE_TARGET_MISSING	F00-S02	NOT_EXECUTED
1423	fn:qrcode:channel_qrcode_page:008	lib/page/qrcode/channel_qrcode_page.dart	96e7a0523519e8918a83ea049c45ede347ae97e1a265fbbc98fbdb743c31c50d	ACCEPTANCE_TARGET_MISSING	F00-S02	NOT_EXECUTED
1424	fn:qrcode:channel_qrcode_page:009	lib/page/qrcode/channel_qrcode_page.dart	96e7a0523519e8918a83ea049c45ede347ae97e1a265fbbc98fbdb743c31c50d	ACCEPTANCE_TARGET_MISSING	F00-S02	NOT_EXECUTED
1425	fn:qrcode:channel_qrcode_page:010	lib/page/qrcode/channel_qrcode_page.dart	96e7a0523519e8918a83ea049c45ede347ae97e1a265fbbc98fbdb743c31c50d	ACCEPTANCE_TARGET_MISSING	F00-S02	NOT_EXECUTED
1426	fn:qrcode:group_qrcode_page:001	lib/page/qrcode/group_qrcode_page.dart	b4498cbdf7e766e61569fb1ccdb3a65003abe4bbe217c5eb30300a39c839225f	ACCEPTANCE_TARGET_MISSING	F00-S02	NOT_EXECUTED
1427	fn:qrcode:group_qrcode_page:002	lib/page/qrcode/group_qrcode_page.dart	b4498cbdf7e766e61569fb1ccdb3a65003abe4bbe217c5eb30300a39c839225f	ACCEPTANCE_TARGET_MISSING	F00-S02	NOT_EXECUTED
1428	fn:qrcode:group_qrcode_page:003	lib/page/qrcode/group_qrcode_page.dart	b4498cbdf7e766e61569fb1ccdb3a65003abe4bbe217c5eb30300a39c839225f	ACCEPTANCE_TARGET_MISSING	F00-S02	NOT_EXECUTED
1429	fn:qrcode:group_qrcode_page:004	lib/page/qrcode/group_qrcode_page.dart	b4498cbdf7e766e61569fb1ccdb3a65003abe4bbe217c5eb30300a39c839225f	ACCEPTANCE_TARGET_MISSING	F00-S02	NOT_EXECUTED
1430	fn:qrcode:group_qrcode_page:005	lib/page/qrcode/group_qrcode_page.dart	b4498cbdf7e766e61569fb1ccdb3a65003abe4bbe217c5eb30300a39c839225f	ACCEPTANCE_TARGET_MISSING	F00-S02	NOT_EXECUTED
1431	fn:qrcode:group_qrcode_page:006	lib/page/qrcode/group_qrcode_page.dart	b4498cbdf7e766e61569fb1ccdb3a65003abe4bbe217c5eb30300a39c839225f	ACCEPTANCE_TARGET_MISSING	F00-S02	NOT_EXECUTED
1432	fn:qrcode:group_qrcode_page:007	lib/page/qrcode/group_qrcode_page.dart	b4498cbdf7e766e61569fb1ccdb3a65003abe4bbe217c5eb30300a39c839225f	ACCEPTANCE_TARGET_MISSING	F00-S02	NOT_EXECUTED
1433	fn:qrcode:group_qrcode_page:008	lib/page/qrcode/group_qrcode_page.dart	b4498cbdf7e766e61569fb1ccdb3a65003abe4bbe217c5eb30300a39c839225f	ACCEPTANCE_TARGET_MISSING	F00-S02	NOT_EXECUTED
1434	fn:qrcode:group_qrcode_page:009	lib/page/qrcode/group_qrcode_page.dart	b4498cbdf7e766e61569fb1ccdb3a65003abe4bbe217c5eb30300a39c839225f	ACCEPTANCE_TARGET_MISSING	F00-S02	NOT_EXECUTED
1435	fn:qrcode:group_qrcode_page:010	lib/page/qrcode/group_qrcode_page.dart	b4498cbdf7e766e61569fb1ccdb3a65003abe4bbe217c5eb30300a39c839225f	ACCEPTANCE_TARGET_MISSING	F00-S02	NOT_EXECUTED
1436	fn:qrcode:group_qrcode_page:011	lib/page/qrcode/group_qrcode_page.dart	b4498cbdf7e766e61569fb1ccdb3a65003abe4bbe217c5eb30300a39c839225f	ACCEPTANCE_TARGET_MISSING	F00-S02	NOT_EXECUTED
1437	fn:qrcode:qrcode_page:001	lib/page/qrcode/qrcode_page.dart	10cb317af9c3b09cea99773339b469edd169099c458ba1012759215890deaf7e	ACCEPTANCE_TARGET_MISSING	F00-S02	NOT_EXECUTED
1438	fn:qrcode:qrcode_page:002	lib/page/qrcode/qrcode_page.dart	10cb317af9c3b09cea99773339b469edd169099c458ba1012759215890deaf7e	ACCEPTANCE_TARGET_MISSING	F00-S02	NOT_EXECUTED
1439	fn:qrcode:qrcode_page:003	lib/page/qrcode/qrcode_page.dart	10cb317af9c3b09cea99773339b469edd169099c458ba1012759215890deaf7e	ACCEPTANCE_TARGET_MISSING	F00-S02	NOT_EXECUTED
1440	fn:qrcode:qrcode_page:004	lib/page/qrcode/qrcode_page.dart	10cb317af9c3b09cea99773339b469edd169099c458ba1012759215890deaf7e	ACCEPTANCE_TARGET_MISSING	F00-S02	NOT_EXECUTED
1441	fn:qrcode:qrcode_page:005	lib/page/qrcode/qrcode_page.dart	10cb317af9c3b09cea99773339b469edd169099c458ba1012759215890deaf7e	ACCEPTANCE_TARGET_MISSING	F00-S02	NOT_EXECUTED
1442	fn:qrcode:qrcode_page:006	lib/page/qrcode/qrcode_page.dart	10cb317af9c3b09cea99773339b469edd169099c458ba1012759215890deaf7e	ACCEPTANCE_TARGET_MISSING	F00-S02	NOT_EXECUTED
1443	fn:qrcode:qrcode_page:007	lib/page/qrcode/qrcode_page.dart	10cb317af9c3b09cea99773339b469edd169099c458ba1012759215890deaf7e	ACCEPTANCE_TARGET_MISSING	F00-S02	NOT_EXECUTED
1444	fn:qrcode:qrcode_page:008	lib/page/qrcode/qrcode_page.dart	10cb317af9c3b09cea99773339b469edd169099c458ba1012759215890deaf7e	ACCEPTANCE_TARGET_MISSING	F00-S02	NOT_EXECUTED
1445	fn:qrcode:qrcode_page:009	lib/page/qrcode/qrcode_page.dart	10cb317af9c3b09cea99773339b469edd169099c458ba1012759215890deaf7e	ACCEPTANCE_TARGET_MISSING	F00-S02	NOT_EXECUTED
1446	fn:qrcode:qrcode_page:010	lib/page/qrcode/qrcode_page.dart	10cb317af9c3b09cea99773339b469edd169099c458ba1012759215890deaf7e	ACCEPTANCE_TARGET_MISSING	F00-S02	NOT_EXECUTED
1447	fn:qrcode:qrcode_page:011	lib/page/qrcode/qrcode_page.dart	10cb317af9c3b09cea99773339b469edd169099c458ba1012759215890deaf7e	ACCEPTANCE_TARGET_MISSING	F00-S02	NOT_EXECUTED
1448	fn:qrcode:user_qrcode_page:001	lib/page/qrcode/user_qrcode_page.dart	35fe23ef19f02078d6c0974f9218befd66a62b52817c8eb955150c11ea15648f	ACCEPTANCE_TARGET_MISSING	F00-S02	NOT_EXECUTED
1449	fn:qrcode:user_qrcode_page:002	lib/page/qrcode/user_qrcode_page.dart	35fe23ef19f02078d6c0974f9218befd66a62b52817c8eb955150c11ea15648f	ACCEPTANCE_TARGET_MISSING	F00-S02	NOT_EXECUTED
1450	fn:qrcode:user_qrcode_page:003	lib/page/qrcode/user_qrcode_page.dart	35fe23ef19f02078d6c0974f9218befd66a62b52817c8eb955150c11ea15648f	ACCEPTANCE_TARGET_MISSING	F00-S02	NOT_EXECUTED
1451	fn:qrcode:user_qrcode_page:004	lib/page/qrcode/user_qrcode_page.dart	35fe23ef19f02078d6c0974f9218befd66a62b52817c8eb955150c11ea15648f	ACCEPTANCE_TARGET_MISSING	F00-S02	NOT_EXECUTED
1452	fn:qrcode:user_qrcode_page:005	lib/page/qrcode/user_qrcode_page.dart	35fe23ef19f02078d6c0974f9218befd66a62b52817c8eb955150c11ea15648f	ACCEPTANCE_TARGET_MISSING	F00-S02	NOT_EXECUTED
1453	fn:qrcode:user_qrcode_page:006	lib/page/qrcode/user_qrcode_page.dart	35fe23ef19f02078d6c0974f9218befd66a62b52817c8eb955150c11ea15648f	ACCEPTANCE_TARGET_MISSING	F00-S02	NOT_EXECUTED
1454	fn:qrcode:user_qrcode_page:007	lib/page/qrcode/user_qrcode_page.dart	35fe23ef19f02078d6c0974f9218befd66a62b52817c8eb955150c11ea15648f	ACCEPTANCE_TARGET_MISSING	F00-S02	NOT_EXECUTED
1455	fn:qrcode:user_qrcode_page:008	lib/page/qrcode/user_qrcode_page.dart	35fe23ef19f02078d6c0974f9218befd66a62b52817c8eb955150c11ea15648f	ACCEPTANCE_TARGET_MISSING	F00-S02	NOT_EXECUTED
1456	fn:qrcode:user_qrcode_page:009	lib/page/qrcode/user_qrcode_page.dart	35fe23ef19f02078d6c0974f9218befd66a62b52817c8eb955150c11ea15648f	ACCEPTANCE_TARGET_MISSING	F00-S02	NOT_EXECUTED
1457	fn:qrcode:user_qrcode_page:010	lib/page/qrcode/user_qrcode_page.dart	35fe23ef19f02078d6c0974f9218befd66a62b52817c8eb955150c11ea15648f	ACCEPTANCE_TARGET_MISSING	F00-S02	NOT_EXECUTED
1458	fn:scanner:qr_login_confirm_page:001	lib/page/scanner/qr_login_confirm_page.dart	c34acb76735e25e4d2320abe422bc016863c6d5a208030c1c9958fae15b665fb	ACCEPTANCE_TARGET_MISSING	F00-S02	NOT_EXECUTED
1459	fn:scanner:qr_login_confirm_page:002	lib/page/scanner/qr_login_confirm_page.dart	c34acb76735e25e4d2320abe422bc016863c6d5a208030c1c9958fae15b665fb	ACCEPTANCE_TARGET_MISSING	F00-S02	NOT_EXECUTED
1460	fn:scanner:qr_login_confirm_page:003	lib/page/scanner/qr_login_confirm_page.dart	c34acb76735e25e4d2320abe422bc016863c6d5a208030c1c9958fae15b665fb	ACCEPTANCE_TARGET_MISSING	F00-S02	NOT_EXECUTED
1461	fn:scanner:qr_login_confirm_page:004	lib/page/scanner/qr_login_confirm_page.dart	c34acb76735e25e4d2320abe422bc016863c6d5a208030c1c9958fae15b665fb	ACCEPTANCE_TARGET_MISSING	F00-S02	NOT_EXECUTED
1462	fn:scanner:qr_login_confirm_page:005	lib/page/scanner/qr_login_confirm_page.dart	c34acb76735e25e4d2320abe422bc016863c6d5a208030c1c9958fae15b665fb	ACCEPTANCE_TARGET_MISSING	F00-S02	NOT_EXECUTED
1463	fn:scanner:qr_login_confirm_page:006	lib/page/scanner/qr_login_confirm_page.dart	c34acb76735e25e4d2320abe422bc016863c6d5a208030c1c9958fae15b665fb	ACCEPTANCE_TARGET_MISSING	F00-S02	NOT_EXECUTED
1464	fn:scanner:qr_login_confirm_page:007	lib/page/scanner/qr_login_confirm_page.dart	c34acb76735e25e4d2320abe422bc016863c6d5a208030c1c9958fae15b665fb	ACCEPTANCE_TARGET_MISSING	F00-S02	NOT_EXECUTED
1465	fn:scanner:qr_login_confirm_page:008	lib/page/scanner/qr_login_confirm_page.dart	c34acb76735e25e4d2320abe422bc016863c6d5a208030c1c9958fae15b665fb	ACCEPTANCE_TARGET_MISSING	F00-S02	NOT_EXECUTED
1466	fn:scanner:qr_login_confirm_page:009	lib/page/scanner/qr_login_confirm_page.dart	c34acb76735e25e4d2320abe422bc016863c6d5a208030c1c9958fae15b665fb	ACCEPTANCE_TARGET_MISSING	F00-S02	NOT_EXECUTED
1467	fn:scanner:scanner_page:001	lib/page/scanner/scanner_page.dart	ddab30560e162c0dbc7d30ca951007ee590b8482dc05d2063518c4f14718a9ff	ACCEPTANCE_TARGET_MISSING	F00-S02	NOT_EXECUTED
1468	fn:scanner:scanner_page:002	lib/page/scanner/scanner_page.dart	ddab30560e162c0dbc7d30ca951007ee590b8482dc05d2063518c4f14718a9ff	ACCEPTANCE_TARGET_MISSING	F00-S02	NOT_EXECUTED
1469	fn:scanner:scanner_page:003	lib/page/scanner/scanner_page.dart	ddab30560e162c0dbc7d30ca951007ee590b8482dc05d2063518c4f14718a9ff	ACCEPTANCE_TARGET_MISSING	F00-S02	NOT_EXECUTED
1470	fn:scanner:scanner_page:004	lib/page/scanner/scanner_page.dart	ddab30560e162c0dbc7d30ca951007ee590b8482dc05d2063518c4f14718a9ff	ACCEPTANCE_TARGET_MISSING	F00-S02	NOT_EXECUTED
1471	fn:scanner:scanner_page:005	lib/page/scanner/scanner_page.dart	ddab30560e162c0dbc7d30ca951007ee590b8482dc05d2063518c4f14718a9ff	ACCEPTANCE_TARGET_MISSING	F00-S02	NOT_EXECUTED
1472	fn:scanner:scanner_page:006	lib/page/scanner/scanner_page.dart	ddab30560e162c0dbc7d30ca951007ee590b8482dc05d2063518c4f14718a9ff	ACCEPTANCE_TARGET_MISSING	F00-S02	NOT_EXECUTED
1473	fn:scanner:scanner_page:007	lib/page/scanner/scanner_page.dart	ddab30560e162c0dbc7d30ca951007ee590b8482dc05d2063518c4f14718a9ff	ACCEPTANCE_TARGET_MISSING	F00-S02	NOT_EXECUTED
1474	fn:scanner:scanner_page:008	lib/page/scanner/scanner_page.dart	ddab30560e162c0dbc7d30ca951007ee590b8482dc05d2063518c4f14718a9ff	ACCEPTANCE_TARGET_MISSING	F00-S02	NOT_EXECUTED
1475	fn:scanner:scanner_page:009	lib/page/scanner/scanner_page.dart	ddab30560e162c0dbc7d30ca951007ee590b8482dc05d2063518c4f14718a9ff	ACCEPTANCE_TARGET_MISSING	F00-S02	NOT_EXECUTED
1476	fn:scanner:scanner_page:010	lib/page/scanner/scanner_page.dart	ddab30560e162c0dbc7d30ca951007ee590b8482dc05d2063518c4f14718a9ff	ACCEPTANCE_TARGET_MISSING	F00-S02	NOT_EXECUTED
1477	fn:scanner:scanner_page:011	lib/page/scanner/scanner_page.dart	ddab30560e162c0dbc7d30ca951007ee590b8482dc05d2063518c4f14718a9ff	ACCEPTANCE_TARGET_MISSING	F00-S02	NOT_EXECUTED
1478	fn:scanner:scanner_page:012	lib/page/scanner/scanner_page.dart	ddab30560e162c0dbc7d30ca951007ee590b8482dc05d2063518c4f14718a9ff	ACCEPTANCE_TARGET_MISSING	F00-S02	NOT_EXECUTED
1479	fn:scanner:scanner_result_page:001	lib/page/scanner/scanner_result_page.dart	59b684e2e217992dcd14d3e6ac0a09313350c1688f94e96b037d263496b456c1	ACCEPTANCE_TARGET_MISSING	F00-S02	NOT_EXECUTED
1480	fn:scanner:scanner_result_page:002	lib/page/scanner/scanner_result_page.dart	59b684e2e217992dcd14d3e6ac0a09313350c1688f94e96b037d263496b456c1	ACCEPTANCE_TARGET_MISSING	F00-S02	NOT_EXECUTED
1481	fn:scanner:scanner_result_page:003	lib/page/scanner/scanner_result_page.dart	59b684e2e217992dcd14d3e6ac0a09313350c1688f94e96b037d263496b456c1	ACCEPTANCE_TARGET_MISSING	F00-S02	NOT_EXECUTED
1482	fn:scanner:scanner_result_page:004	lib/page/scanner/scanner_result_page.dart	59b684e2e217992dcd14d3e6ac0a09313350c1688f94e96b037d263496b456c1	ACCEPTANCE_TARGET_MISSING	F00-S02	NOT_EXECUTED
1483	fn:scanner:scanner_result_page:005	lib/page/scanner/scanner_result_page.dart	59b684e2e217992dcd14d3e6ac0a09313350c1688f94e96b037d263496b456c1	ACCEPTANCE_TARGET_MISSING	F00-S02	NOT_EXECUTED
1484	fn:scanner:scanner_result_page:006	lib/page/scanner/scanner_result_page.dart	59b684e2e217992dcd14d3e6ac0a09313350c1688f94e96b037d263496b456c1	ACCEPTANCE_TARGET_MISSING	F00-S02	NOT_EXECUTED
1485	fn:scanner:scanner_result_page:007	lib/page/scanner/scanner_result_page.dart	59b684e2e217992dcd14d3e6ac0a09313350c1688f94e96b037d263496b456c1	ACCEPTANCE_TARGET_MISSING	F00-S02	NOT_EXECUTED
1486	fn:scanner:scanner_result_page:008	lib/page/scanner/scanner_result_page.dart	59b684e2e217992dcd14d3e6ac0a09313350c1688f94e96b037d263496b456c1	ACCEPTANCE_TARGET_MISSING	F00-S02	NOT_EXECUTED
1487	fn:scanner:scanner_result_page:009	lib/page/scanner/scanner_result_page.dart	59b684e2e217992dcd14d3e6ac0a09313350c1688f94e96b037d263496b456c1	ACCEPTANCE_TARGET_MISSING	F00-S02	NOT_EXECUTED
1488	fn:search:message_search_page:001	lib/page/search/message_search_page.dart	376b3824f99d2f3809afa744581ca669a1b53981c340a9701665100ab1fd132e	ACCEPTANCE_TARGET_MISSING	F00-S02	NOT_EXECUTED
1489	fn:search:message_search_page:002	lib/page/search/message_search_page.dart	376b3824f99d2f3809afa744581ca669a1b53981c340a9701665100ab1fd132e	ACCEPTANCE_TARGET_MISSING	F00-S02	NOT_EXECUTED
1490	fn:search:message_search_page:003	lib/page/search/message_search_page.dart	376b3824f99d2f3809afa744581ca669a1b53981c340a9701665100ab1fd132e	ACCEPTANCE_TARGET_MISSING	F00-S02	NOT_EXECUTED
1491	fn:search:message_search_page:004	lib/page/search/message_search_page.dart	376b3824f99d2f3809afa744581ca669a1b53981c340a9701665100ab1fd132e	ACCEPTANCE_TARGET_MISSING	F00-S02	NOT_EXECUTED
1492	fn:search:message_search_page:005	lib/page/search/message_search_page.dart	376b3824f99d2f3809afa744581ca669a1b53981c340a9701665100ab1fd132e	ACCEPTANCE_TARGET_MISSING	F00-S02	NOT_EXECUTED
1493	fn:search:message_search_page:006	lib/page/search/message_search_page.dart	376b3824f99d2f3809afa744581ca669a1b53981c340a9701665100ab1fd132e	ACCEPTANCE_TARGET_MISSING	F00-S02	NOT_EXECUTED
1494	fn:search:message_search_page:007	lib/page/search/message_search_page.dart	376b3824f99d2f3809afa744581ca669a1b53981c340a9701665100ab1fd132e	ACCEPTANCE_TARGET_MISSING	F00-S02	NOT_EXECUTED
1495	fn:search:message_search_page:008	lib/page/search/message_search_page.dart	376b3824f99d2f3809afa744581ca669a1b53981c340a9701665100ab1fd132e	ACCEPTANCE_TARGET_MISSING	F00-S02	NOT_EXECUTED
1496	fn:search:message_search_page:009	lib/page/search/message_search_page.dart	376b3824f99d2f3809afa744581ca669a1b53981c340a9701665100ab1fd132e	ACCEPTANCE_TARGET_MISSING	F00-S02	NOT_EXECUTED
1497	fn:search:message_search_page:010	lib/page/search/message_search_page.dart	376b3824f99d2f3809afa744581ca669a1b53981c340a9701665100ab1fd132e	ACCEPTANCE_TARGET_MISSING	F00-S02	NOT_EXECUTED
1498	fn:search:message_search_page:011	lib/page/search/message_search_page.dart	376b3824f99d2f3809afa744581ca669a1b53981c340a9701665100ab1fd132e	ACCEPTANCE_TARGET_MISSING	F00-S02	NOT_EXECUTED
1499	fn:search:message_search_page:012	lib/page/search/message_search_page.dart	376b3824f99d2f3809afa744581ca669a1b53981c340a9701665100ab1fd132e	ACCEPTANCE_TARGET_MISSING	F00-S02	NOT_EXECUTED
1500	fn:search:search_chat_page:001	lib/page/search/search_chat_page.dart	f344712b01cfd35c24ea11700f9af2b1f63072531cca3b59b7f5946f4e0b6450	ACCEPTANCE_TARGET_MISSING	F00-S02	NOT_EXECUTED
1501	fn:search:search_chat_page:002	lib/page/search/search_chat_page.dart	f344712b01cfd35c24ea11700f9af2b1f63072531cca3b59b7f5946f4e0b6450	ACCEPTANCE_TARGET_MISSING	F00-S02	NOT_EXECUTED
1502	fn:search:search_chat_page:003	lib/page/search/search_chat_page.dart	f344712b01cfd35c24ea11700f9af2b1f63072531cca3b59b7f5946f4e0b6450	ACCEPTANCE_TARGET_MISSING	F00-S02	NOT_EXECUTED
1503	fn:search:search_chat_page:004	lib/page/search/search_chat_page.dart	f344712b01cfd35c24ea11700f9af2b1f63072531cca3b59b7f5946f4e0b6450	ACCEPTANCE_TARGET_MISSING	F00-S02	NOT_EXECUTED
1504	fn:search:search_chat_page:005	lib/page/search/search_chat_page.dart	f344712b01cfd35c24ea11700f9af2b1f63072531cca3b59b7f5946f4e0b6450	ACCEPTANCE_TARGET_MISSING	F00-S02	NOT_EXECUTED
1505	fn:search:search_chat_page:006	lib/page/search/search_chat_page.dart	f344712b01cfd35c24ea11700f9af2b1f63072531cca3b59b7f5946f4e0b6450	ACCEPTANCE_TARGET_MISSING	F00-S02	NOT_EXECUTED
1506	fn:search:search_chat_page:007	lib/page/search/search_chat_page.dart	f344712b01cfd35c24ea11700f9af2b1f63072531cca3b59b7f5946f4e0b6450	ACCEPTANCE_TARGET_MISSING	F00-S02	NOT_EXECUTED
1507	fn:search:search_chat_page:008	lib/page/search/search_chat_page.dart	f344712b01cfd35c24ea11700f9af2b1f63072531cca3b59b7f5946f4e0b6450	ACCEPTANCE_TARGET_MISSING	F00-S02	NOT_EXECUTED
1508	fn:search:search_chat_page:009	lib/page/search/search_chat_page.dart	f344712b01cfd35c24ea11700f9af2b1f63072531cca3b59b7f5946f4e0b6450	ACCEPTANCE_TARGET_MISSING	F00-S02	NOT_EXECUTED
1509	fn:search:search_chat_page:010	lib/page/search/search_chat_page.dart	f344712b01cfd35c24ea11700f9af2b1f63072531cca3b59b7f5946f4e0b6450	ACCEPTANCE_TARGET_MISSING	F00-S02	NOT_EXECUTED
1510	fn:search:search_chat_page:011	lib/page/search/search_chat_page.dart	f344712b01cfd35c24ea11700f9af2b1f63072531cca3b59b7f5946f4e0b6450	ACCEPTANCE_TARGET_MISSING	F00-S02	NOT_EXECUTED
1511	fn:search:web_search_page:001	lib/page/search/web_search_page.dart	4ac15a4cd33ac11d04bc91f1dc39fbd576b4b2a67e881b7e4d04bc38c6c5357b	ACCEPTANCE_TARGET_MISSING	F00-S02	NOT_EXECUTED
1512	fn:search:web_search_page:002	lib/page/search/web_search_page.dart	4ac15a4cd33ac11d04bc91f1dc39fbd576b4b2a67e881b7e4d04bc38c6c5357b	ACCEPTANCE_TARGET_MISSING	F00-S02	NOT_EXECUTED
1513	fn:search:web_search_page:003	lib/page/search/web_search_page.dart	4ac15a4cd33ac11d04bc91f1dc39fbd576b4b2a67e881b7e4d04bc38c6c5357b	ACCEPTANCE_TARGET_MISSING	F00-S02	NOT_EXECUTED
1514	fn:search:web_search_page:004	lib/page/search/web_search_page.dart	4ac15a4cd33ac11d04bc91f1dc39fbd576b4b2a67e881b7e4d04bc38c6c5357b	ACCEPTANCE_TARGET_MISSING	F00-S02	NOT_EXECUTED
1515	fn:search:web_search_page:005	lib/page/search/web_search_page.dart	4ac15a4cd33ac11d04bc91f1dc39fbd576b4b2a67e881b7e4d04bc38c6c5357b	ACCEPTANCE_TARGET_MISSING	F00-S02	NOT_EXECUTED
1516	fn:search:web_search_page:006	lib/page/search/web_search_page.dart	4ac15a4cd33ac11d04bc91f1dc39fbd576b4b2a67e881b7e4d04bc38c6c5357b	ACCEPTANCE_TARGET_MISSING	F00-S02	NOT_EXECUTED
1517	fn:search:web_search_page:007	lib/page/search/web_search_page.dart	4ac15a4cd33ac11d04bc91f1dc39fbd576b4b2a67e881b7e4d04bc38c6c5357b	ACCEPTANCE_TARGET_MISSING	F00-S02	NOT_EXECUTED
1518	fn:search:web_search_page:008	lib/page/search/web_search_page.dart	4ac15a4cd33ac11d04bc91f1dc39fbd576b4b2a67e881b7e4d04bc38c6c5357b	ACCEPTANCE_TARGET_MISSING	F00-S02	NOT_EXECUTED
1519	fn:search:web_search_page:009	lib/page/search/web_search_page.dart	4ac15a4cd33ac11d04bc91f1dc39fbd576b4b2a67e881b7e4d04bc38c6c5357b	ACCEPTANCE_TARGET_MISSING	F00-S02	NOT_EXECUTED
1520	fn:search:web_search_page:010	lib/page/search/web_search_page.dart	4ac15a4cd33ac11d04bc91f1dc39fbd576b4b2a67e881b7e4d04bc38c6c5357b	ACCEPTANCE_TARGET_MISSING	F00-S02	NOT_EXECUTED
1521	fn:search:web_search_page:011	lib/page/search/web_search_page.dart	4ac15a4cd33ac11d04bc91f1dc39fbd576b4b2a67e881b7e4d04bc38c6c5357b	ACCEPTANCE_TARGET_MISSING	F00-S02	NOT_EXECUTED
1522	fn:search:web_search_page:012	lib/page/search/web_search_page.dart	4ac15a4cd33ac11d04bc91f1dc39fbd576b4b2a67e881b7e4d04bc38c6c5357b	ACCEPTANCE_TARGET_MISSING	F00-S02	NOT_EXECUTED
1523	fn:settings:compliance_key_page:001	lib/page/settings/compliance_key_page.dart	0ddb45be97232c200a56e99b966bb336d27caf50b1fb1ebbd0fa347566b132c3	ACCEPTANCE_ORACLE_PLACEHOLDER,ACCEPTANCE_TARGET_MISSING	F00-S02	NOT_EXECUTED
1524	fn:settings:e2ee_backup_export_page:001	lib/page/settings/e2ee_backup_export_page.dart	12b796eea8e4f13f3e36a7321d655c3acd9730df251b9f904f51974996e016b6	ACCEPTANCE_TARGET_MISSING	F00-S02	NOT_EXECUTED
1525	fn:settings:e2ee_backup_export_page:002	lib/page/settings/e2ee_backup_export_page.dart	12b796eea8e4f13f3e36a7321d655c3acd9730df251b9f904f51974996e016b6	ACCEPTANCE_TARGET_MISSING	F00-S02	NOT_EXECUTED
1526	fn:settings:e2ee_backup_export_page:003	lib/page/settings/e2ee_backup_export_page.dart	12b796eea8e4f13f3e36a7321d655c3acd9730df251b9f904f51974996e016b6	ACCEPTANCE_TARGET_MISSING	F00-S02	NOT_EXECUTED
1527	fn:settings:e2ee_backup_export_page:004	lib/page/settings/e2ee_backup_export_page.dart	12b796eea8e4f13f3e36a7321d655c3acd9730df251b9f904f51974996e016b6	ACCEPTANCE_TARGET_MISSING	F00-S02	NOT_EXECUTED
1528	fn:settings:e2ee_backup_export_page:005	lib/page/settings/e2ee_backup_export_page.dart	12b796eea8e4f13f3e36a7321d655c3acd9730df251b9f904f51974996e016b6	ACCEPTANCE_TARGET_MISSING	F00-S02	NOT_EXECUTED
1529	fn:settings:e2ee_backup_export_page:006	lib/page/settings/e2ee_backup_export_page.dart	12b796eea8e4f13f3e36a7321d655c3acd9730df251b9f904f51974996e016b6	ACCEPTANCE_TARGET_MISSING	F00-S02	NOT_EXECUTED
1530	fn:settings:e2ee_backup_export_page:007	lib/page/settings/e2ee_backup_export_page.dart	12b796eea8e4f13f3e36a7321d655c3acd9730df251b9f904f51974996e016b6	ACCEPTANCE_TARGET_MISSING	F00-S02	NOT_EXECUTED
1531	fn:settings:e2ee_backup_export_page:008	lib/page/settings/e2ee_backup_export_page.dart	12b796eea8e4f13f3e36a7321d655c3acd9730df251b9f904f51974996e016b6	ACCEPTANCE_TARGET_MISSING	F00-S02	NOT_EXECUTED
1532	fn:settings:e2ee_backup_export_page:009	lib/page/settings/e2ee_backup_export_page.dart	12b796eea8e4f13f3e36a7321d655c3acd9730df251b9f904f51974996e016b6	ACCEPTANCE_TARGET_MISSING	F00-S02	NOT_EXECUTED
1533	fn:settings:e2ee_backup_export_page:010	lib/page/settings/e2ee_backup_export_page.dart	12b796eea8e4f13f3e36a7321d655c3acd9730df251b9f904f51974996e016b6	ACCEPTANCE_TARGET_MISSING	F00-S02	NOT_EXECUTED
1534	fn:settings:e2ee_backup_export_page:011	lib/page/settings/e2ee_backup_export_page.dart	12b796eea8e4f13f3e36a7321d655c3acd9730df251b9f904f51974996e016b6	ACCEPTANCE_TARGET_MISSING	F00-S02	NOT_EXECUTED
1535	fn:settings:e2ee_backup_export_page:012	lib/page/settings/e2ee_backup_export_page.dart	12b796eea8e4f13f3e36a7321d655c3acd9730df251b9f904f51974996e016b6	ACCEPTANCE_TARGET_MISSING	F00-S02	NOT_EXECUTED
1548	fn:settings:e2ee_backup_setup_page:001	lib/page/settings/e2ee_backup_setup_page.dart	dd97497635742e5c9a3a1410b564422909b03e9a2f716e8357e2d8e0075fe0b8	ACCEPTANCE_ORACLE_PLACEHOLDER,ACCEPTANCE_TARGET_MISSING	F00-S02	NOT_EXECUTED
1549	fn:settings:e2ee_backup_setup_page:002	lib/page/settings/e2ee_backup_setup_page.dart	dd97497635742e5c9a3a1410b564422909b03e9a2f716e8357e2d8e0075fe0b8	ACCEPTANCE_ORACLE_PLACEHOLDER,ACCEPTANCE_TARGET_MISSING	F00-S02	NOT_EXECUTED
1550	fn:settings:e2ee_backup_setup_page:003	lib/page/settings/e2ee_backup_setup_page.dart	dd97497635742e5c9a3a1410b564422909b03e9a2f716e8357e2d8e0075fe0b8	ACCEPTANCE_ORACLE_PLACEHOLDER,ACCEPTANCE_TARGET_MISSING	F00-S02	NOT_EXECUTED
1551	fn:settings:e2ee_backup_setup_page:004	lib/page/settings/e2ee_backup_setup_page.dart	dd97497635742e5c9a3a1410b564422909b03e9a2f716e8357e2d8e0075fe0b8	ACCEPTANCE_ORACLE_PLACEHOLDER,ACCEPTANCE_TARGET_MISSING	F00-S02	NOT_EXECUTED
1552	fn:settings:e2ee_backup_setup_page:005	lib/page/settings/e2ee_backup_setup_page.dart	dd97497635742e5c9a3a1410b564422909b03e9a2f716e8357e2d8e0075fe0b8	ACCEPTANCE_ORACLE_PLACEHOLDER,ACCEPTANCE_TARGET_MISSING	F00-S02	NOT_EXECUTED
1553	fn:settings:e2ee_backup_setup_page:006	lib/page/settings/e2ee_backup_setup_page.dart	dd97497635742e5c9a3a1410b564422909b03e9a2f716e8357e2d8e0075fe0b8	ACCEPTANCE_ORACLE_PLACEHOLDER,ACCEPTANCE_TARGET_MISSING	F00-S02	NOT_EXECUTED
1554	fn:settings:e2ee_backup_setup_page:007	lib/page/settings/e2ee_backup_setup_page.dart	dd97497635742e5c9a3a1410b564422909b03e9a2f716e8357e2d8e0075fe0b8	ACCEPTANCE_ORACLE_PLACEHOLDER,ACCEPTANCE_TARGET_MISSING	F00-S02	NOT_EXECUTED
1555	fn:settings:e2ee_backup_setup_page:008	lib/page/settings/e2ee_backup_setup_page.dart	dd97497635742e5c9a3a1410b564422909b03e9a2f716e8357e2d8e0075fe0b8	ACCEPTANCE_ORACLE_PLACEHOLDER,ACCEPTANCE_TARGET_MISSING	F00-S02	NOT_EXECUTED
1556	fn:settings:e2ee_backup_setup_page:009	lib/page/settings/e2ee_backup_setup_page.dart	dd97497635742e5c9a3a1410b564422909b03e9a2f716e8357e2d8e0075fe0b8	ACCEPTANCE_ORACLE_PLACEHOLDER,ACCEPTANCE_TARGET_MISSING	F00-S02	NOT_EXECUTED
1557	fn:settings:e2ee_key_recovery_page:001	lib/page/settings/e2ee_key_recovery_page.dart	d4af5b76d35cecd85e90b8d72bc802dcb45a57b5c6b6e1ad56234986d1d0052a	ACCEPTANCE_TARGET_MISSING	F00-S02	NOT_EXECUTED
1558	fn:settings:e2ee_key_recovery_page:002	lib/page/settings/e2ee_key_recovery_page.dart	d4af5b76d35cecd85e90b8d72bc802dcb45a57b5c6b6e1ad56234986d1d0052a	ACCEPTANCE_TARGET_MISSING	F00-S02	NOT_EXECUTED
1559	fn:settings:e2ee_key_recovery_page:003	lib/page/settings/e2ee_key_recovery_page.dart	d4af5b76d35cecd85e90b8d72bc802dcb45a57b5c6b6e1ad56234986d1d0052a	ACCEPTANCE_TARGET_MISSING	F00-S02	NOT_EXECUTED
1560	fn:settings:e2ee_key_recovery_page:004	lib/page/settings/e2ee_key_recovery_page.dart	d4af5b76d35cecd85e90b8d72bc802dcb45a57b5c6b6e1ad56234986d1d0052a	ACCEPTANCE_TARGET_MISSING	F00-S02	NOT_EXECUTED
1561	fn:settings:e2ee_key_recovery_page:005	lib/page/settings/e2ee_key_recovery_page.dart	d4af5b76d35cecd85e90b8d72bc802dcb45a57b5c6b6e1ad56234986d1d0052a	ACCEPTANCE_TARGET_MISSING	F00-S02	NOT_EXECUTED
1562	fn:settings:e2ee_key_recovery_page:006	lib/page/settings/e2ee_key_recovery_page.dart	d4af5b76d35cecd85e90b8d72bc802dcb45a57b5c6b6e1ad56234986d1d0052a	ACCEPTANCE_TARGET_MISSING	F00-S02	NOT_EXECUTED
1563	fn:settings:e2ee_key_recovery_page:007	lib/page/settings/e2ee_key_recovery_page.dart	d4af5b76d35cecd85e90b8d72bc802dcb45a57b5c6b6e1ad56234986d1d0052a	ACCEPTANCE_TARGET_MISSING	F00-S02	NOT_EXECUTED
1564	fn:settings:e2ee_key_recovery_page:008	lib/page/settings/e2ee_key_recovery_page.dart	d4af5b76d35cecd85e90b8d72bc802dcb45a57b5c6b6e1ad56234986d1d0052a	ACCEPTANCE_TARGET_MISSING	F00-S02	NOT_EXECUTED
1565	fn:settings:e2ee_key_recovery_page:009	lib/page/settings/e2ee_key_recovery_page.dart	d4af5b76d35cecd85e90b8d72bc802dcb45a57b5c6b6e1ad56234986d1d0052a	ACCEPTANCE_TARGET_MISSING	F00-S02	NOT_EXECUTED
1566	fn:settings:e2ee_key_recovery_page:010	lib/page/settings/e2ee_key_recovery_page.dart	d4af5b76d35cecd85e90b8d72bc802dcb45a57b5c6b6e1ad56234986d1d0052a	ACCEPTANCE_TARGET_MISSING	F00-S02	NOT_EXECUTED
1567	fn:settings:e2ee_key_recovery_page:011	lib/page/settings/e2ee_key_recovery_page.dart	d4af5b76d35cecd85e90b8d72bc802dcb45a57b5c6b6e1ad56234986d1d0052a	ACCEPTANCE_TARGET_MISSING	F00-S02	NOT_EXECUTED
1568	fn:settings:e2ee_key_recovery_page:012	lib/page/settings/e2ee_key_recovery_page.dart	d4af5b76d35cecd85e90b8d72bc802dcb45a57b5c6b6e1ad56234986d1d0052a	ACCEPTANCE_TARGET_MISSING	F00-S02	NOT_EXECUTED
1569	fn:settings:safety_number_page:001	lib/page/settings/safety_number_page.dart	acf49bd69529b476da89ba9201e924a1b75674d61139a204a316de41115aa5cb	ACCEPTANCE_ORACLE_PLACEHOLDER,ACCEPTANCE_TARGET_MISSING	F00-S02	NOT_EXECUTED
1570	fn:settings:safety_number_page:002	lib/page/settings/safety_number_page.dart	acf49bd69529b476da89ba9201e924a1b75674d61139a204a316de41115aa5cb	ACCEPTANCE_ORACLE_PLACEHOLDER,ACCEPTANCE_TARGET_MISSING	F00-S02	NOT_EXECUTED
1571	fn:settings:safety_number_page:003	lib/page/settings/safety_number_page.dart	acf49bd69529b476da89ba9201e924a1b75674d61139a204a316de41115aa5cb	ACCEPTANCE_ORACLE_PLACEHOLDER,ACCEPTANCE_TARGET_MISSING	F00-S02	NOT_EXECUTED
1572	fn:single:markdown_page:001	lib/page/single/markdown_page.dart	5fd304fd3ebd259dd6e6580920244a734152c3a8feb7809c7856bcc7fa6a36d6	ACCEPTANCE_TARGET_MISSING	F00-S02	NOT_EXECUTED
1573	fn:single:markdown_page:002	lib/page/single/markdown_page.dart	5fd304fd3ebd259dd6e6580920244a734152c3a8feb7809c7856bcc7fa6a36d6	ACCEPTANCE_TARGET_MISSING	F00-S02	NOT_EXECUTED
1574	fn:single:markdown_page:003	lib/page/single/markdown_page.dart	5fd304fd3ebd259dd6e6580920244a734152c3a8feb7809c7856bcc7fa6a36d6	ACCEPTANCE_TARGET_MISSING	F00-S02	NOT_EXECUTED
1575	fn:single:markdown_page:004	lib/page/single/markdown_page.dart	5fd304fd3ebd259dd6e6580920244a734152c3a8feb7809c7856bcc7fa6a36d6	ACCEPTANCE_TARGET_MISSING	F00-S02	NOT_EXECUTED
1576	fn:single:markdown_page:005	lib/page/single/markdown_page.dart	5fd304fd3ebd259dd6e6580920244a734152c3a8feb7809c7856bcc7fa6a36d6	ACCEPTANCE_TARGET_MISSING	F00-S02	NOT_EXECUTED
1577	fn:single:markdown_page:006	lib/page/single/markdown_page.dart	5fd304fd3ebd259dd6e6580920244a734152c3a8feb7809c7856bcc7fa6a36d6	ACCEPTANCE_TARGET_MISSING	F00-S02	NOT_EXECUTED
1578	fn:single:markdown_page:007	lib/page/single/markdown_page.dart	5fd304fd3ebd259dd6e6580920244a734152c3a8feb7809c7856bcc7fa6a36d6	ACCEPTANCE_TARGET_MISSING	F00-S02	NOT_EXECUTED
1579	fn:single:markdown_page:008	lib/page/single/markdown_page.dart	5fd304fd3ebd259dd6e6580920244a734152c3a8feb7809c7856bcc7fa6a36d6	ACCEPTANCE_TARGET_MISSING	F00-S02	NOT_EXECUTED
1580	fn:single:markdown_page:009	lib/page/single/markdown_page.dart	5fd304fd3ebd259dd6e6580920244a734152c3a8feb7809c7856bcc7fa6a36d6	ACCEPTANCE_TARGET_MISSING	F00-S02	NOT_EXECUTED
1581	fn:single:network_failure_guidance_page:001	lib/page/single/network_failure_guidance_page.dart	4daec6e2da154ab0d46ebfd6c090e99b056f166d9152775de540b5904af3e914	ACCEPTANCE_TARGET_MISSING	F00-S02	NOT_EXECUTED
1582	fn:single:network_failure_guidance_page:002	lib/page/single/network_failure_guidance_page.dart	4daec6e2da154ab0d46ebfd6c090e99b056f166d9152775de540b5904af3e914	ACCEPTANCE_TARGET_MISSING	F00-S02	NOT_EXECUTED
1583	fn:single:network_failure_guidance_page:003	lib/page/single/network_failure_guidance_page.dart	4daec6e2da154ab0d46ebfd6c090e99b056f166d9152775de540b5904af3e914	ACCEPTANCE_TARGET_MISSING	F00-S02	NOT_EXECUTED
1584	fn:single:network_failure_guidance_page:004	lib/page/single/network_failure_guidance_page.dart	4daec6e2da154ab0d46ebfd6c090e99b056f166d9152775de540b5904af3e914	ACCEPTANCE_TARGET_MISSING	F00-S02	NOT_EXECUTED
1585	fn:single:network_failure_guidance_page:005	lib/page/single/network_failure_guidance_page.dart	4daec6e2da154ab0d46ebfd6c090e99b056f166d9152775de540b5904af3e914	ACCEPTANCE_TARGET_MISSING	F00-S02	NOT_EXECUTED
1586	fn:single:network_failure_guidance_page:006	lib/page/single/network_failure_guidance_page.dart	4daec6e2da154ab0d46ebfd6c090e99b056f166d9152775de540b5904af3e914	ACCEPTANCE_TARGET_MISSING	F00-S02	NOT_EXECUTED
1587	fn:single:network_failure_guidance_page:007	lib/page/single/network_failure_guidance_page.dart	4daec6e2da154ab0d46ebfd6c090e99b056f166d9152775de540b5904af3e914	ACCEPTANCE_TARGET_MISSING	F00-S02	NOT_EXECUTED
1588	fn:single:network_failure_guidance_page:008	lib/page/single/network_failure_guidance_page.dart	4daec6e2da154ab0d46ebfd6c090e99b056f166d9152775de540b5904af3e914	ACCEPTANCE_TARGET_MISSING	F00-S02	NOT_EXECUTED
1589	fn:single:terms_of_service_page:001	lib/page/single/terms_of_service_page.dart	8d7fd88ce59d9a829e12f935c6ef12300f0baea393d3aa7dbeb04b9f4f0dd40e	ACCEPTANCE_TARGET_MISSING	F00-S02	NOT_EXECUTED
1590	fn:single:terms_of_service_page:002	lib/page/single/terms_of_service_page.dart	8d7fd88ce59d9a829e12f935c6ef12300f0baea393d3aa7dbeb04b9f4f0dd40e	ACCEPTANCE_TARGET_MISSING	F00-S02	NOT_EXECUTED
1591	fn:single:terms_of_service_page:003	lib/page/single/terms_of_service_page.dart	8d7fd88ce59d9a829e12f935c6ef12300f0baea393d3aa7dbeb04b9f4f0dd40e	ACCEPTANCE_TARGET_MISSING	F00-S02	NOT_EXECUTED
1592	fn:single:terms_of_service_page:004	lib/page/single/terms_of_service_page.dart	8d7fd88ce59d9a829e12f935c6ef12300f0baea393d3aa7dbeb04b9f4f0dd40e	ACCEPTANCE_TARGET_MISSING	F00-S02	NOT_EXECUTED
1593	fn:single:terms_of_service_page:005	lib/page/single/terms_of_service_page.dart	8d7fd88ce59d9a829e12f935c6ef12300f0baea393d3aa7dbeb04b9f4f0dd40e	ACCEPTANCE_TARGET_MISSING	F00-S02	NOT_EXECUTED
1594	fn:single:terms_of_service_page:006	lib/page/single/terms_of_service_page.dart	8d7fd88ce59d9a829e12f935c6ef12300f0baea393d3aa7dbeb04b9f4f0dd40e	ACCEPTANCE_TARGET_MISSING	F00-S02	NOT_EXECUTED
1595	fn:single:terms_of_service_page:007	lib/page/single/terms_of_service_page.dart	8d7fd88ce59d9a829e12f935c6ef12300f0baea393d3aa7dbeb04b9f4f0dd40e	ACCEPTANCE_TARGET_MISSING	F00-S02	NOT_EXECUTED
1596	fn:single:terms_of_service_page:008	lib/page/single/terms_of_service_page.dart	8d7fd88ce59d9a829e12f935c6ef12300f0baea393d3aa7dbeb04b9f4f0dd40e	ACCEPTANCE_TARGET_MISSING	F00-S02	NOT_EXECUTED
1597	fn:single:upgrade_page:001	lib/page/single/upgrade_page.dart	4b7fcc4cf8c2cf3462f47eee04fe5591380e218baca920c9fc8b215dd0b0ee83	ACCEPTANCE_TARGET_MISSING	F00-S02	NOT_EXECUTED
1598	fn:single:upgrade_page:002	lib/page/single/upgrade_page.dart	4b7fcc4cf8c2cf3462f47eee04fe5591380e218baca920c9fc8b215dd0b0ee83	ACCEPTANCE_TARGET_MISSING	F00-S02	NOT_EXECUTED
1599	fn:single:upgrade_page:003	lib/page/single/upgrade_page.dart	4b7fcc4cf8c2cf3462f47eee04fe5591380e218baca920c9fc8b215dd0b0ee83	ACCEPTANCE_TARGET_MISSING	F00-S02	NOT_EXECUTED
1600	fn:single:upgrade_page:004	lib/page/single/upgrade_page.dart	4b7fcc4cf8c2cf3462f47eee04fe5591380e218baca920c9fc8b215dd0b0ee83	ACCEPTANCE_TARGET_MISSING	F00-S02	NOT_EXECUTED
1601	fn:single:upgrade_page:005	lib/page/single/upgrade_page.dart	4b7fcc4cf8c2cf3462f47eee04fe5591380e218baca920c9fc8b215dd0b0ee83	ACCEPTANCE_TARGET_MISSING	F00-S02	NOT_EXECUTED
1602	fn:single:upgrade_page:006	lib/page/single/upgrade_page.dart	4b7fcc4cf8c2cf3462f47eee04fe5591380e218baca920c9fc8b215dd0b0ee83	ACCEPTANCE_TARGET_MISSING	F00-S02	NOT_EXECUTED
1603	fn:single:upgrade_page:007	lib/page/single/upgrade_page.dart	4b7fcc4cf8c2cf3462f47eee04fe5591380e218baca920c9fc8b215dd0b0ee83	ACCEPTANCE_TARGET_MISSING	F00-S02	NOT_EXECUTED
1604	fn:single:upgrade_page:008	lib/page/single/upgrade_page.dart	4b7fcc4cf8c2cf3462f47eee04fe5591380e218baca920c9fc8b215dd0b0ee83	ACCEPTANCE_TARGET_MISSING	F00-S02	NOT_EXECUTED
1605	fn:single:upgrade_page:009	lib/page/single/upgrade_page.dart	4b7fcc4cf8c2cf3462f47eee04fe5591380e218baca920c9fc8b215dd0b0ee83	ACCEPTANCE_TARGET_MISSING	F00-S02	NOT_EXECUTED
1606	fn:single:upgrade_page:010	lib/page/single/upgrade_page.dart	4b7fcc4cf8c2cf3462f47eee04fe5591380e218baca920c9fc8b215dd0b0ee83	ACCEPTANCE_TARGET_MISSING	F00-S02	NOT_EXECUTED
1607	fn:single:upgrade_page:011	lib/page/single/upgrade_page.dart	4b7fcc4cf8c2cf3462f47eee04fe5591380e218baca920c9fc8b215dd0b0ee83	ACCEPTANCE_TARGET_MISSING	F00-S02	NOT_EXECUTED
1608	fn:single:upgrade_page:012	lib/page/single/upgrade_page.dart	4b7fcc4cf8c2cf3462f47eee04fe5591380e218baca920c9fc8b215dd0b0ee83	ACCEPTANCE_TARGET_MISSING	F00-S02	NOT_EXECUTED
1609	fn:single:video_viewer_page:001	lib/page/single/video_viewer_page.dart	2b5b26b219caad2cf40dca5809584e36f1eed8f6109212e129a3495469d45ebf	ACCEPTANCE_TARGET_MISSING	F00-S02	NOT_EXECUTED
1610	fn:single:video_viewer_page:002	lib/page/single/video_viewer_page.dart	2b5b26b219caad2cf40dca5809584e36f1eed8f6109212e129a3495469d45ebf	ACCEPTANCE_TARGET_MISSING	F00-S02	NOT_EXECUTED
1611	fn:single:video_viewer_page:003	lib/page/single/video_viewer_page.dart	2b5b26b219caad2cf40dca5809584e36f1eed8f6109212e129a3495469d45ebf	ACCEPTANCE_TARGET_MISSING	F00-S02	NOT_EXECUTED
1612	fn:single:video_viewer_page:004	lib/page/single/video_viewer_page.dart	2b5b26b219caad2cf40dca5809584e36f1eed8f6109212e129a3495469d45ebf	ACCEPTANCE_TARGET_MISSING	F00-S02	NOT_EXECUTED
1613	fn:single:video_viewer_page:005	lib/page/single/video_viewer_page.dart	2b5b26b219caad2cf40dca5809584e36f1eed8f6109212e129a3495469d45ebf	ACCEPTANCE_TARGET_MISSING	F00-S02	NOT_EXECUTED
1614	fn:single:video_viewer_page:006	lib/page/single/video_viewer_page.dart	2b5b26b219caad2cf40dca5809584e36f1eed8f6109212e129a3495469d45ebf	ACCEPTANCE_TARGET_MISSING	F00-S02	NOT_EXECUTED
1615	fn:single:video_viewer_page:007	lib/page/single/video_viewer_page.dart	2b5b26b219caad2cf40dca5809584e36f1eed8f6109212e129a3495469d45ebf	ACCEPTANCE_TARGET_MISSING	F00-S02	NOT_EXECUTED
1616	fn:single:video_viewer_page:008	lib/page/single/video_viewer_page.dart	2b5b26b219caad2cf40dca5809584e36f1eed8f6109212e129a3495469d45ebf	ACCEPTANCE_TARGET_MISSING	F00-S02	NOT_EXECUTED
1617	fn:single:video_viewer_page:009	lib/page/single/video_viewer_page.dart	2b5b26b219caad2cf40dca5809584e36f1eed8f6109212e129a3495469d45ebf	ACCEPTANCE_TARGET_MISSING	F00-S02	NOT_EXECUTED
1618	fn:single:video_viewer_page:010	lib/page/single/video_viewer_page.dart	2b5b26b219caad2cf40dca5809584e36f1eed8f6109212e129a3495469d45ebf	ACCEPTANCE_TARGET_MISSING	F00-S02	NOT_EXECUTED
1619	fn:single:video_viewer_page:011	lib/page/single/video_viewer_page.dart	2b5b26b219caad2cf40dca5809584e36f1eed8f6109212e129a3495469d45ebf	ACCEPTANCE_TARGET_MISSING	F00-S02	NOT_EXECUTED
1620	fn:splash:splash_page:001	lib/page/splash/splash_page.dart	ddc130fcb78773e4a5515101795ada99e0052ebf086996cc07f469547250f316	ACCEPTANCE_TARGET_MISSING	F00-S02	NOT_EXECUTED
1621	fn:splash:splash_page:002	lib/page/splash/splash_page.dart	ddc130fcb78773e4a5515101795ada99e0052ebf086996cc07f469547250f316	ACCEPTANCE_TARGET_MISSING	F00-S02	NOT_EXECUTED
1622	fn:splash:splash_page:003	lib/page/splash/splash_page.dart	ddc130fcb78773e4a5515101795ada99e0052ebf086996cc07f469547250f316	ACCEPTANCE_TARGET_MISSING	F00-S02	NOT_EXECUTED
1623	fn:splash:splash_page:004	lib/page/splash/splash_page.dart	ddc130fcb78773e4a5515101795ada99e0052ebf086996cc07f469547250f316	ACCEPTANCE_TARGET_MISSING	F00-S02	NOT_EXECUTED
1624	fn:splash:splash_page:005	lib/page/splash/splash_page.dart	ddc130fcb78773e4a5515101795ada99e0052ebf086996cc07f469547250f316	ACCEPTANCE_TARGET_MISSING	F00-S02	NOT_EXECUTED
1625	fn:splash:splash_page:006	lib/page/splash/splash_page.dart	ddc130fcb78773e4a5515101795ada99e0052ebf086996cc07f469547250f316	ACCEPTANCE_TARGET_MISSING	F00-S02	NOT_EXECUTED
1626	fn:splash:splash_page:007	lib/page/splash/splash_page.dart	ddc130fcb78773e4a5515101795ada99e0052ebf086996cc07f469547250f316	ACCEPTANCE_TARGET_MISSING	F00-S02	NOT_EXECUTED
1627	fn:splash:splash_page:008	lib/page/splash/splash_page.dart	ddc130fcb78773e4a5515101795ada99e0052ebf086996cc07f469547250f316	ACCEPTANCE_TARGET_MISSING	F00-S02	NOT_EXECUTED
1628	fn:splash:splash_page:009	lib/page/splash/splash_page.dart	ddc130fcb78773e4a5515101795ada99e0052ebf086996cc07f469547250f316	ACCEPTANCE_TARGET_MISSING	F00-S02	NOT_EXECUTED
1629	fn:splash:splash_page:010	lib/page/splash/splash_page.dart	ddc130fcb78773e4a5515101795ada99e0052ebf086996cc07f469547250f316	ACCEPTANCE_TARGET_MISSING	F00-S02	NOT_EXECUTED
1630	fn:splash:splash_page:011	lib/page/splash/splash_page.dart	ddc130fcb78773e4a5515101795ada99e0052ebf086996cc07f469547250f316	ACCEPTANCE_TARGET_MISSING	F00-S02	NOT_EXECUTED
1631	fn:splash:splash_page:012	lib/page/splash/splash_page.dart	ddc130fcb78773e4a5515101795ada99e0052ebf086996cc07f469547250f316	ACCEPTANCE_TARGET_MISSING	F00-S02	NOT_EXECUTED
1632	fn:user_tag:contact_tag_detail_page:001	lib/page/user_tag/contact_tag_detail/contact_tag_detail_page.dart	9c38c25049fc2f47db0ef507a21bf85992bb27a374bf7c66895e77c917f0a36d	ACCEPTANCE_TARGET_MISSING	F00-S02	NOT_EXECUTED
1633	fn:user_tag:contact_tag_detail_page:002	lib/page/user_tag/contact_tag_detail/contact_tag_detail_page.dart	9c38c25049fc2f47db0ef507a21bf85992bb27a374bf7c66895e77c917f0a36d	ACCEPTANCE_TARGET_MISSING	F00-S02	NOT_EXECUTED
1634	fn:user_tag:contact_tag_detail_page:003	lib/page/user_tag/contact_tag_detail/contact_tag_detail_page.dart	9c38c25049fc2f47db0ef507a21bf85992bb27a374bf7c66895e77c917f0a36d	ACCEPTANCE_TARGET_MISSING	F00-S02	NOT_EXECUTED
1635	fn:user_tag:contact_tag_detail_page:004	lib/page/user_tag/contact_tag_detail/contact_tag_detail_page.dart	9c38c25049fc2f47db0ef507a21bf85992bb27a374bf7c66895e77c917f0a36d	ACCEPTANCE_TARGET_MISSING	F00-S02	NOT_EXECUTED
1636	fn:user_tag:contact_tag_detail_page:005	lib/page/user_tag/contact_tag_detail/contact_tag_detail_page.dart	9c38c25049fc2f47db0ef507a21bf85992bb27a374bf7c66895e77c917f0a36d	ACCEPTANCE_TARGET_MISSING	F00-S02	NOT_EXECUTED
1637	fn:user_tag:contact_tag_detail_page:006	lib/page/user_tag/contact_tag_detail/contact_tag_detail_page.dart	9c38c25049fc2f47db0ef507a21bf85992bb27a374bf7c66895e77c917f0a36d	ACCEPTANCE_TARGET_MISSING	F00-S02	NOT_EXECUTED
1638	fn:user_tag:contact_tag_detail_page:007	lib/page/user_tag/contact_tag_detail/contact_tag_detail_page.dart	9c38c25049fc2f47db0ef507a21bf85992bb27a374bf7c66895e77c917f0a36d	ACCEPTANCE_TARGET_MISSING	F00-S02	NOT_EXECUTED
1639	fn:user_tag:contact_tag_detail_page:008	lib/page/user_tag/contact_tag_detail/contact_tag_detail_page.dart	9c38c25049fc2f47db0ef507a21bf85992bb27a374bf7c66895e77c917f0a36d	ACCEPTANCE_TARGET_MISSING	F00-S02	NOT_EXECUTED
1640	fn:user_tag:contact_tag_detail_page:009	lib/page/user_tag/contact_tag_detail/contact_tag_detail_page.dart	9c38c25049fc2f47db0ef507a21bf85992bb27a374bf7c66895e77c917f0a36d	ACCEPTANCE_TARGET_MISSING	F00-S02	NOT_EXECUTED
1641	fn:user_tag:contact_tag_detail_page:010	lib/page/user_tag/contact_tag_detail/contact_tag_detail_page.dart	9c38c25049fc2f47db0ef507a21bf85992bb27a374bf7c66895e77c917f0a36d	ACCEPTANCE_TARGET_MISSING	F00-S02	NOT_EXECUTED
1642	fn:user_tag:contact_tag_detail_page:011	lib/page/user_tag/contact_tag_detail/contact_tag_detail_page.dart	9c38c25049fc2f47db0ef507a21bf85992bb27a374bf7c66895e77c917f0a36d	ACCEPTANCE_TARGET_MISSING	F00-S02	NOT_EXECUTED
1643	fn:user_tag:contact_tag_list_page:001	lib/page/user_tag/contact_tag_list/contact_tag_list_page.dart	cb46f062b127f124b5abe3f60f4715dea2dd0d05e6534a3e6b08bd3d1c4f11e6	ACCEPTANCE_TARGET_MISSING	F00-S02	NOT_EXECUTED
1644	fn:user_tag:contact_tag_list_page:002	lib/page/user_tag/contact_tag_list/contact_tag_list_page.dart	cb46f062b127f124b5abe3f60f4715dea2dd0d05e6534a3e6b08bd3d1c4f11e6	ACCEPTANCE_TARGET_MISSING	F00-S02	NOT_EXECUTED
1645	fn:user_tag:contact_tag_list_page:003	lib/page/user_tag/contact_tag_list/contact_tag_list_page.dart	cb46f062b127f124b5abe3f60f4715dea2dd0d05e6534a3e6b08bd3d1c4f11e6	ACCEPTANCE_TARGET_MISSING	F00-S02	NOT_EXECUTED
1646	fn:user_tag:contact_tag_list_page:004	lib/page/user_tag/contact_tag_list/contact_tag_list_page.dart	cb46f062b127f124b5abe3f60f4715dea2dd0d05e6534a3e6b08bd3d1c4f11e6	ACCEPTANCE_TARGET_MISSING	F00-S02	NOT_EXECUTED
1647	fn:user_tag:contact_tag_list_page:005	lib/page/user_tag/contact_tag_list/contact_tag_list_page.dart	cb46f062b127f124b5abe3f60f4715dea2dd0d05e6534a3e6b08bd3d1c4f11e6	ACCEPTANCE_TARGET_MISSING	F00-S02	NOT_EXECUTED
1648	fn:user_tag:contact_tag_list_page:006	lib/page/user_tag/contact_tag_list/contact_tag_list_page.dart	cb46f062b127f124b5abe3f60f4715dea2dd0d05e6534a3e6b08bd3d1c4f11e6	ACCEPTANCE_TARGET_MISSING	F00-S02	NOT_EXECUTED
1649	fn:user_tag:contact_tag_list_page:007	lib/page/user_tag/contact_tag_list/contact_tag_list_page.dart	cb46f062b127f124b5abe3f60f4715dea2dd0d05e6534a3e6b08bd3d1c4f11e6	ACCEPTANCE_TARGET_MISSING	F00-S02	NOT_EXECUTED
1650	fn:user_tag:contact_tag_list_page:008	lib/page/user_tag/contact_tag_list/contact_tag_list_page.dart	cb46f062b127f124b5abe3f60f4715dea2dd0d05e6534a3e6b08bd3d1c4f11e6	ACCEPTANCE_TARGET_MISSING	F00-S02	NOT_EXECUTED
1651	fn:user_tag:contact_tag_list_page:009	lib/page/user_tag/contact_tag_list/contact_tag_list_page.dart	cb46f062b127f124b5abe3f60f4715dea2dd0d05e6534a3e6b08bd3d1c4f11e6	ACCEPTANCE_TARGET_MISSING	F00-S02	NOT_EXECUTED
1652	fn:user_tag:contact_tag_list_page:010	lib/page/user_tag/contact_tag_list/contact_tag_list_page.dart	cb46f062b127f124b5abe3f60f4715dea2dd0d05e6534a3e6b08bd3d1c4f11e6	ACCEPTANCE_TARGET_MISSING	F00-S02	NOT_EXECUTED
1653	fn:user_tag:contact_tag_list_page:011	lib/page/user_tag/contact_tag_list/contact_tag_list_page.dart	cb46f062b127f124b5abe3f60f4715dea2dd0d05e6534a3e6b08bd3d1c4f11e6	ACCEPTANCE_TARGET_MISSING	F00-S02	NOT_EXECUTED
1654	fn:user_tag:contact_tag_list_page:012	lib/page/user_tag/contact_tag_list/contact_tag_list_page.dart	cb46f062b127f124b5abe3f60f4715dea2dd0d05e6534a3e6b08bd3d1c4f11e6	ACCEPTANCE_TARGET_MISSING	F00-S02	NOT_EXECUTED
1655	fn:user_tag:select_tag_friend_page:001	lib/page/user_tag/contact_tag_detail/select_tag_friend_page.dart	33b35bb73180af669a1a9756b29f2d1b5e0c1b02e21c4434fcbb9645565cb7fa	ACCEPTANCE_TARGET_MISSING	F00-S02	NOT_EXECUTED
1656	fn:user_tag:select_tag_friend_page:002	lib/page/user_tag/contact_tag_detail/select_tag_friend_page.dart	33b35bb73180af669a1a9756b29f2d1b5e0c1b02e21c4434fcbb9645565cb7fa	ACCEPTANCE_TARGET_MISSING	F00-S02	NOT_EXECUTED
1657	fn:user_tag:select_tag_friend_page:003	lib/page/user_tag/contact_tag_detail/select_tag_friend_page.dart	33b35bb73180af669a1a9756b29f2d1b5e0c1b02e21c4434fcbb9645565cb7fa	ACCEPTANCE_TARGET_MISSING	F00-S02	NOT_EXECUTED
1658	fn:user_tag:select_tag_friend_page:004	lib/page/user_tag/contact_tag_detail/select_tag_friend_page.dart	33b35bb73180af669a1a9756b29f2d1b5e0c1b02e21c4434fcbb9645565cb7fa	ACCEPTANCE_TARGET_MISSING	F00-S02	NOT_EXECUTED
1659	fn:user_tag:select_tag_friend_page:005	lib/page/user_tag/contact_tag_detail/select_tag_friend_page.dart	33b35bb73180af669a1a9756b29f2d1b5e0c1b02e21c4434fcbb9645565cb7fa	ACCEPTANCE_TARGET_MISSING	F00-S02	NOT_EXECUTED
1660	fn:user_tag:select_tag_friend_page:006	lib/page/user_tag/contact_tag_detail/select_tag_friend_page.dart	33b35bb73180af669a1a9756b29f2d1b5e0c1b02e21c4434fcbb9645565cb7fa	ACCEPTANCE_TARGET_MISSING	F00-S02	NOT_EXECUTED
1661	fn:user_tag:select_tag_friend_page:007	lib/page/user_tag/contact_tag_detail/select_tag_friend_page.dart	33b35bb73180af669a1a9756b29f2d1b5e0c1b02e21c4434fcbb9645565cb7fa	ACCEPTANCE_TARGET_MISSING	F00-S02	NOT_EXECUTED
1662	fn:user_tag:select_tag_friend_page:008	lib/page/user_tag/contact_tag_detail/select_tag_friend_page.dart	33b35bb73180af669a1a9756b29f2d1b5e0c1b02e21c4434fcbb9645565cb7fa	ACCEPTANCE_TARGET_MISSING	F00-S02	NOT_EXECUTED
1663	fn:user_tag:select_tag_friend_page:009	lib/page/user_tag/contact_tag_detail/select_tag_friend_page.dart	33b35bb73180af669a1a9756b29f2d1b5e0c1b02e21c4434fcbb9645565cb7fa	ACCEPTANCE_TARGET_MISSING	F00-S02	NOT_EXECUTED
1664	fn:user_tag:select_tag_friend_page:010	lib/page/user_tag/contact_tag_detail/select_tag_friend_page.dart	33b35bb73180af669a1a9756b29f2d1b5e0c1b02e21c4434fcbb9645565cb7fa	ACCEPTANCE_TARGET_MISSING	F00-S02	NOT_EXECUTED
1665	fn:user_tag:select_tag_friend_page:011	lib/page/user_tag/contact_tag_detail/select_tag_friend_page.dart	33b35bb73180af669a1a9756b29f2d1b5e0c1b02e21c4434fcbb9645565cb7fa	ACCEPTANCE_TARGET_MISSING	F00-S02	NOT_EXECUTED
1666	fn:user_tag:select_tag_friend_page:012	lib/page/user_tag/contact_tag_detail/select_tag_friend_page.dart	33b35bb73180af669a1a9756b29f2d1b5e0c1b02e21c4434fcbb9645565cb7fa	ACCEPTANCE_TARGET_MISSING	F00-S02	NOT_EXECUTED
1667	fn:user_tag:tag_relation_page:001	lib/page/user_tag/user_tag_relation/tag_relation_page.dart	aa73cf7227b51bf640f9c6be3092e9b6e80bd77cadd3a8de87c34de44e95e851	ACCEPTANCE_TARGET_MISSING	F00-S02	NOT_EXECUTED
1668	fn:user_tag:tag_relation_page:002	lib/page/user_tag/user_tag_relation/tag_relation_page.dart	aa73cf7227b51bf640f9c6be3092e9b6e80bd77cadd3a8de87c34de44e95e851	ACCEPTANCE_TARGET_MISSING	F00-S02	NOT_EXECUTED
1669	fn:user_tag:tag_relation_page:003	lib/page/user_tag/user_tag_relation/tag_relation_page.dart	aa73cf7227b51bf640f9c6be3092e9b6e80bd77cadd3a8de87c34de44e95e851	ACCEPTANCE_TARGET_MISSING	F00-S02	NOT_EXECUTED
1670	fn:user_tag:tag_relation_page:004	lib/page/user_tag/user_tag_relation/tag_relation_page.dart	aa73cf7227b51bf640f9c6be3092e9b6e80bd77cadd3a8de87c34de44e95e851	ACCEPTANCE_TARGET_MISSING	F00-S02	NOT_EXECUTED
1671	fn:user_tag:tag_relation_page:005	lib/page/user_tag/user_tag_relation/tag_relation_page.dart	aa73cf7227b51bf640f9c6be3092e9b6e80bd77cadd3a8de87c34de44e95e851	ACCEPTANCE_TARGET_MISSING	F00-S02	NOT_EXECUTED
1672	fn:user_tag:tag_relation_page:006	lib/page/user_tag/user_tag_relation/tag_relation_page.dart	aa73cf7227b51bf640f9c6be3092e9b6e80bd77cadd3a8de87c34de44e95e851	ACCEPTANCE_TARGET_MISSING	F00-S02	NOT_EXECUTED
1673	fn:user_tag:tag_relation_page:007	lib/page/user_tag/user_tag_relation/tag_relation_page.dart	aa73cf7227b51bf640f9c6be3092e9b6e80bd77cadd3a8de87c34de44e95e851	ACCEPTANCE_TARGET_MISSING	F00-S02	NOT_EXECUTED
1674	fn:user_tag:tag_relation_page:008	lib/page/user_tag/user_tag_relation/tag_relation_page.dart	aa73cf7227b51bf640f9c6be3092e9b6e80bd77cadd3a8de87c34de44e95e851	ACCEPTANCE_TARGET_MISSING	F00-S02	NOT_EXECUTED
1675	fn:user_tag:tag_relation_page:009	lib/page/user_tag/user_tag_relation/tag_relation_page.dart	aa73cf7227b51bf640f9c6be3092e9b6e80bd77cadd3a8de87c34de44e95e851	ACCEPTANCE_TARGET_MISSING	F00-S02	NOT_EXECUTED
1676	fn:user_tag:tag_relation_page:010	lib/page/user_tag/user_tag_relation/tag_relation_page.dart	aa73cf7227b51bf640f9c6be3092e9b6e80bd77cadd3a8de87c34de44e95e851	ACCEPTANCE_TARGET_MISSING	F00-S02	NOT_EXECUTED
1677	fn:user_tag:tag_relation_page:011	lib/page/user_tag/user_tag_relation/tag_relation_page.dart	aa73cf7227b51bf640f9c6be3092e9b6e80bd77cadd3a8de87c34de44e95e851	ACCEPTANCE_TARGET_MISSING	F00-S02	NOT_EXECUTED
1678	fn:user_tag:tag_relation_page:012	lib/page/user_tag/user_tag_relation/tag_relation_page.dart	aa73cf7227b51bf640f9c6be3092e9b6e80bd77cadd3a8de87c34de44e95e851	ACCEPTANCE_TARGET_MISSING	F00-S02	NOT_EXECUTED
1679	fn:user_tag:user_tag_save_page:001	lib/page/user_tag/user_tag_save/user_tag_save_page.dart	b49939829f45c2f2c3237907c39e0aec21cbd322918f99bdf546741cd9b7c6c7	ACCEPTANCE_TARGET_MISSING	F00-S02	NOT_EXECUTED
1680	fn:user_tag:user_tag_save_page:002	lib/page/user_tag/user_tag_save/user_tag_save_page.dart	b49939829f45c2f2c3237907c39e0aec21cbd322918f99bdf546741cd9b7c6c7	ACCEPTANCE_TARGET_MISSING	F00-S02	NOT_EXECUTED
1681	fn:user_tag:user_tag_save_page:003	lib/page/user_tag/user_tag_save/user_tag_save_page.dart	b49939829f45c2f2c3237907c39e0aec21cbd322918f99bdf546741cd9b7c6c7	ACCEPTANCE_TARGET_MISSING	F00-S02	NOT_EXECUTED
1682	fn:user_tag:user_tag_save_page:004	lib/page/user_tag/user_tag_save/user_tag_save_page.dart	b49939829f45c2f2c3237907c39e0aec21cbd322918f99bdf546741cd9b7c6c7	ACCEPTANCE_TARGET_MISSING	F00-S02	NOT_EXECUTED
1683	fn:user_tag:user_tag_save_page:005	lib/page/user_tag/user_tag_save/user_tag_save_page.dart	b49939829f45c2f2c3237907c39e0aec21cbd322918f99bdf546741cd9b7c6c7	ACCEPTANCE_TARGET_MISSING	F00-S02	NOT_EXECUTED
1684	fn:user_tag:user_tag_save_page:006	lib/page/user_tag/user_tag_save/user_tag_save_page.dart	b49939829f45c2f2c3237907c39e0aec21cbd322918f99bdf546741cd9b7c6c7	ACCEPTANCE_TARGET_MISSING	F00-S02	NOT_EXECUTED
1685	fn:user_tag:user_tag_save_page:007	lib/page/user_tag/user_tag_save/user_tag_save_page.dart	b49939829f45c2f2c3237907c39e0aec21cbd322918f99bdf546741cd9b7c6c7	ACCEPTANCE_TARGET_MISSING	F00-S02	NOT_EXECUTED
1686	fn:user_tag:user_tag_save_page:008	lib/page/user_tag/user_tag_save/user_tag_save_page.dart	b49939829f45c2f2c3237907c39e0aec21cbd322918f99bdf546741cd9b7c6c7	ACCEPTANCE_TARGET_MISSING	F00-S02	NOT_EXECUTED
1687	fn:user_tag:user_tag_save_page:009	lib/page/user_tag/user_tag_save/user_tag_save_page.dart	b49939829f45c2f2c3237907c39e0aec21cbd322918f99bdf546741cd9b7c6c7	ACCEPTANCE_TARGET_MISSING	F00-S02	NOT_EXECUTED
1688	fn:user_tag:user_tag_save_page:010	lib/page/user_tag/user_tag_save/user_tag_save_page.dart	b49939829f45c2f2c3237907c39e0aec21cbd322918f99bdf546741cd9b7c6c7	ACCEPTANCE_TARGET_MISSING	F00-S02	NOT_EXECUTED
1689	fn:user_tag:user_tag_save_page:011	lib/page/user_tag/user_tag_save/user_tag_save_page.dart	b49939829f45c2f2c3237907c39e0aec21cbd322918f99bdf546741cd9b7c6c7	ACCEPTANCE_TARGET_MISSING	F00-S02	NOT_EXECUTED
1690	fn:wallet:red_packet_detail_page:001	lib/page/wallet/red_packet_detail_page.dart	a8cdd9e8489e4b0dfcf4270c45c1330cef185a931dfbf35c7cac6c3d8a2e7439	ACCEPTANCE_TARGET_MISSING	F00-S02	NOT_EXECUTED
1691	fn:wallet:red_packet_detail_page:002	lib/page/wallet/red_packet_detail_page.dart	a8cdd9e8489e4b0dfcf4270c45c1330cef185a931dfbf35c7cac6c3d8a2e7439	ACCEPTANCE_TARGET_MISSING	F00-S02	NOT_EXECUTED
1692	fn:wallet:red_packet_detail_page:003	lib/page/wallet/red_packet_detail_page.dart	a8cdd9e8489e4b0dfcf4270c45c1330cef185a931dfbf35c7cac6c3d8a2e7439	ACCEPTANCE_TARGET_MISSING	F00-S02	NOT_EXECUTED
1693	fn:wallet:red_packet_detail_page:004	lib/page/wallet/red_packet_detail_page.dart	a8cdd9e8489e4b0dfcf4270c45c1330cef185a931dfbf35c7cac6c3d8a2e7439	ACCEPTANCE_TARGET_MISSING	F00-S02	NOT_EXECUTED
1694	fn:wallet:red_packet_detail_page:005	lib/page/wallet/red_packet_detail_page.dart	a8cdd9e8489e4b0dfcf4270c45c1330cef185a931dfbf35c7cac6c3d8a2e7439	ACCEPTANCE_TARGET_MISSING	F00-S02	NOT_EXECUTED
1695	fn:wallet:red_packet_detail_page:006	lib/page/wallet/red_packet_detail_page.dart	a8cdd9e8489e4b0dfcf4270c45c1330cef185a931dfbf35c7cac6c3d8a2e7439	ACCEPTANCE_TARGET_MISSING	F00-S02	NOT_EXECUTED
1696	fn:wallet:red_packet_detail_page:007	lib/page/wallet/red_packet_detail_page.dart	a8cdd9e8489e4b0dfcf4270c45c1330cef185a931dfbf35c7cac6c3d8a2e7439	ACCEPTANCE_TARGET_MISSING	F00-S02	NOT_EXECUTED
1697	fn:wallet:red_packet_detail_page:008	lib/page/wallet/red_packet_detail_page.dart	a8cdd9e8489e4b0dfcf4270c45c1330cef185a931dfbf35c7cac6c3d8a2e7439	ACCEPTANCE_TARGET_MISSING	F00-S02	NOT_EXECUTED
1698	fn:wallet:red_packet_detail_page:009	lib/page/wallet/red_packet_detail_page.dart	a8cdd9e8489e4b0dfcf4270c45c1330cef185a931dfbf35c7cac6c3d8a2e7439	ACCEPTANCE_TARGET_MISSING	F00-S02	NOT_EXECUTED
1699	fn:wallet:red_packet_detail_page:010	lib/page/wallet/red_packet_detail_page.dart	a8cdd9e8489e4b0dfcf4270c45c1330cef185a931dfbf35c7cac6c3d8a2e7439	ACCEPTANCE_TARGET_MISSING	F00-S02	NOT_EXECUTED
1700	fn:wallet:red_packet_detail_page:011	lib/page/wallet/red_packet_detail_page.dart	a8cdd9e8489e4b0dfcf4270c45c1330cef185a931dfbf35c7cac6c3d8a2e7439	ACCEPTANCE_TARGET_MISSING	F00-S02	NOT_EXECUTED
1701	fn:wallet:red_packet_detail_page:012	lib/page/wallet/red_packet_detail_page.dart	a8cdd9e8489e4b0dfcf4270c45c1330cef185a931dfbf35c7cac6c3d8a2e7439	ACCEPTANCE_TARGET_MISSING	F00-S02	NOT_EXECUTED
1702	fn:wallet:red_packet_send_page:001	lib/page/wallet/red_packet_send_page.dart	ef3c01b9cecc093f8c077d3a28e2ae5d2aacf76db20c6d86d96dfb30f9ccfc47	ACCEPTANCE_TARGET_MISSING	F00-S02	NOT_EXECUTED
1703	fn:wallet:red_packet_send_page:002	lib/page/wallet/red_packet_send_page.dart	ef3c01b9cecc093f8c077d3a28e2ae5d2aacf76db20c6d86d96dfb30f9ccfc47	ACCEPTANCE_TARGET_MISSING	F00-S02	NOT_EXECUTED
1704	fn:wallet:red_packet_send_page:003	lib/page/wallet/red_packet_send_page.dart	ef3c01b9cecc093f8c077d3a28e2ae5d2aacf76db20c6d86d96dfb30f9ccfc47	ACCEPTANCE_TARGET_MISSING	F00-S02	NOT_EXECUTED
1705	fn:wallet:red_packet_send_page:004	lib/page/wallet/red_packet_send_page.dart	ef3c01b9cecc093f8c077d3a28e2ae5d2aacf76db20c6d86d96dfb30f9ccfc47	ACCEPTANCE_TARGET_MISSING	F00-S02	NOT_EXECUTED
1706	fn:wallet:red_packet_send_page:005	lib/page/wallet/red_packet_send_page.dart	ef3c01b9cecc093f8c077d3a28e2ae5d2aacf76db20c6d86d96dfb30f9ccfc47	ACCEPTANCE_TARGET_MISSING	F00-S02	NOT_EXECUTED
1707	fn:wallet:red_packet_send_page:006	lib/page/wallet/red_packet_send_page.dart	ef3c01b9cecc093f8c077d3a28e2ae5d2aacf76db20c6d86d96dfb30f9ccfc47	ACCEPTANCE_TARGET_MISSING	F00-S02	NOT_EXECUTED
1708	fn:wallet:red_packet_send_page:007	lib/page/wallet/red_packet_send_page.dart	ef3c01b9cecc093f8c077d3a28e2ae5d2aacf76db20c6d86d96dfb30f9ccfc47	ACCEPTANCE_TARGET_MISSING	F00-S02	NOT_EXECUTED
1709	fn:wallet:red_packet_send_page:008	lib/page/wallet/red_packet_send_page.dart	ef3c01b9cecc093f8c077d3a28e2ae5d2aacf76db20c6d86d96dfb30f9ccfc47	ACCEPTANCE_TARGET_MISSING	F00-S02	NOT_EXECUTED
1710	fn:wallet:red_packet_send_page:009	lib/page/wallet/red_packet_send_page.dart	ef3c01b9cecc093f8c077d3a28e2ae5d2aacf76db20c6d86d96dfb30f9ccfc47	ACCEPTANCE_TARGET_MISSING	F00-S02	NOT_EXECUTED
1711	fn:wallet:red_packet_send_page:010	lib/page/wallet/red_packet_send_page.dart	ef3c01b9cecc093f8c077d3a28e2ae5d2aacf76db20c6d86d96dfb30f9ccfc47	ACCEPTANCE_TARGET_MISSING	F00-S02	NOT_EXECUTED
1712	fn:wallet:red_packet_send_page:011	lib/page/wallet/red_packet_send_page.dart	ef3c01b9cecc093f8c077d3a28e2ae5d2aacf76db20c6d86d96dfb30f9ccfc47	ACCEPTANCE_TARGET_MISSING	F00-S02	NOT_EXECUTED
1713	fn:wallet:red_packet_send_page:012	lib/page/wallet/red_packet_send_page.dart	ef3c01b9cecc093f8c077d3a28e2ae5d2aacf76db20c6d86d96dfb30f9ccfc47	ACCEPTANCE_TARGET_MISSING	F00-S02	NOT_EXECUTED
1738	fn:wallet:withdraw_page:001	lib/page/wallet/withdraw_page.dart	9aa7305e51d0b13b9a6bfce9a04e8f5ed711fbfefd8f4eb449d4582716f6763a	ACCEPTANCE_TARGET_MISSING	F00-S02	NOT_EXECUTED
1739	fn:wallet:withdraw_page:002	lib/page/wallet/withdraw_page.dart	9aa7305e51d0b13b9a6bfce9a04e8f5ed711fbfefd8f4eb449d4582716f6763a	ACCEPTANCE_TARGET_MISSING	F00-S02	NOT_EXECUTED
1740	fn:wallet:withdraw_page:003	lib/page/wallet/withdraw_page.dart	9aa7305e51d0b13b9a6bfce9a04e8f5ed711fbfefd8f4eb449d4582716f6763a	ACCEPTANCE_TARGET_MISSING	F00-S02	NOT_EXECUTED
1741	fn:wallet:withdraw_page:004	lib/page/wallet/withdraw_page.dart	9aa7305e51d0b13b9a6bfce9a04e8f5ed711fbfefd8f4eb449d4582716f6763a	ACCEPTANCE_TARGET_MISSING	F00-S02	NOT_EXECUTED
1742	fn:wallet:withdraw_page:005	lib/page/wallet/withdraw_page.dart	9aa7305e51d0b13b9a6bfce9a04e8f5ed711fbfefd8f4eb449d4582716f6763a	ACCEPTANCE_TARGET_MISSING	F00-S02	NOT_EXECUTED
1743	fn:wallet:withdraw_page:006	lib/page/wallet/withdraw_page.dart	9aa7305e51d0b13b9a6bfce9a04e8f5ed711fbfefd8f4eb449d4582716f6763a	ACCEPTANCE_TARGET_MISSING	F00-S02	NOT_EXECUTED
1744	fn:wallet:withdraw_page:007	lib/page/wallet/withdraw_page.dart	9aa7305e51d0b13b9a6bfce9a04e8f5ed711fbfefd8f4eb449d4582716f6763a	ACCEPTANCE_TARGET_MISSING	F00-S02	NOT_EXECUTED
1745	fn:wallet:withdraw_page:008	lib/page/wallet/withdraw_page.dart	9aa7305e51d0b13b9a6bfce9a04e8f5ed711fbfefd8f4eb449d4582716f6763a	ACCEPTANCE_TARGET_MISSING	F00-S02	NOT_EXECUTED
1746	fn:wallet:withdraw_page:009	lib/page/wallet/withdraw_page.dart	9aa7305e51d0b13b9a6bfce9a04e8f5ed711fbfefd8f4eb449d4582716f6763a	ACCEPTANCE_TARGET_MISSING	F00-S02	NOT_EXECUTED
1747	fn:wallet:withdraw_page:010	lib/page/wallet/withdraw_page.dart	9aa7305e51d0b13b9a6bfce9a04e8f5ed711fbfefd8f4eb449d4582716f6763a	ACCEPTANCE_TARGET_MISSING	F00-S02	NOT_EXECUTED
1748	fn:wallet:withdraw_page:011	lib/page/wallet/withdraw_page.dart	9aa7305e51d0b13b9a6bfce9a04e8f5ed711fbfefd8f4eb449d4582716f6763a	ACCEPTANCE_TARGET_MISSING	F00-S02	NOT_EXECUTED
1749	fn:wallet:withdraw_page:012	lib/page/wallet/withdraw_page.dart	9aa7305e51d0b13b9a6bfce9a04e8f5ed711fbfefd8f4eb449d4582716f6763a	ACCEPTANCE_TARGET_MISSING	F00-S02	NOT_EXECUTED
1750	fn:wallet:withdraw_page:013	lib/page/wallet/withdraw_page.dart	9aa7305e51d0b13b9a6bfce9a04e8f5ed711fbfefd8f4eb449d4582716f6763a	ACCEPTANCE_TARGET_MISSING	F00-S02	NOT_EXECUTED
1751	fn:web_shell:web_shell_page:001	lib/page/web_shell/web_shell_page.dart	da74eacd67b79bd87175f68e68344659864bc0e1f6e06eba2cc52dc74240b780	ACCEPTANCE_TARGET_MISSING	F00-S02	NOT_EXECUTED
1752	fn:web_shell:web_shell_page:002	lib/page/web_shell/web_shell_page.dart	da74eacd67b79bd87175f68e68344659864bc0e1f6e06eba2cc52dc74240b780	ACCEPTANCE_TARGET_MISSING	F00-S02	NOT_EXECUTED
1753	fn:web_shell:web_shell_page:003	lib/page/web_shell/web_shell_page.dart	da74eacd67b79bd87175f68e68344659864bc0e1f6e06eba2cc52dc74240b780	ACCEPTANCE_TARGET_MISSING	F00-S02	NOT_EXECUTED
1754	fn:web_shell:web_shell_page:004	lib/page/web_shell/web_shell_page.dart	da74eacd67b79bd87175f68e68344659864bc0e1f6e06eba2cc52dc74240b780	ACCEPTANCE_TARGET_MISSING	F00-S02	NOT_EXECUTED
1755	fn:web_shell:web_shell_page:005	lib/page/web_shell/web_shell_page.dart	da74eacd67b79bd87175f68e68344659864bc0e1f6e06eba2cc52dc74240b780	ACCEPTANCE_TARGET_MISSING	F00-S02	NOT_EXECUTED
1756	fn:web_shell:web_shell_page:006	lib/page/web_shell/web_shell_page.dart	da74eacd67b79bd87175f68e68344659864bc0e1f6e06eba2cc52dc74240b780	ACCEPTANCE_TARGET_MISSING	F00-S02	NOT_EXECUTED
1757	fn:web_shell:web_shell_page:007	lib/page/web_shell/web_shell_page.dart	da74eacd67b79bd87175f68e68344659864bc0e1f6e06eba2cc52dc74240b780	ACCEPTANCE_TARGET_MISSING	F00-S02	NOT_EXECUTED
1758	fn:web_shell:web_shell_page:008	lib/page/web_shell/web_shell_page.dart	da74eacd67b79bd87175f68e68344659864bc0e1f6e06eba2cc52dc74240b780	ACCEPTANCE_TARGET_MISSING	F00-S02	NOT_EXECUTED
1759	fn:web_shell:web_shell_page:009	lib/page/web_shell/web_shell_page.dart	da74eacd67b79bd87175f68e68344659864bc0e1f6e06eba2cc52dc74240b780	ACCEPTANCE_TARGET_MISSING	F00-S02	NOT_EXECUTED
1760	fn:web_shell:web_shell_page:010	lib/page/web_shell/web_shell_page.dart	da74eacd67b79bd87175f68e68344659864bc0e1f6e06eba2cc52dc74240b780	ACCEPTANCE_TARGET_MISSING	F00-S02	NOT_EXECUTED
1761	fn:web_shell:web_shell_page:011	lib/page/web_shell/web_shell_page.dart	da74eacd67b79bd87175f68e68344659864bc0e1f6e06eba2cc52dc74240b780	ACCEPTANCE_TARGET_MISSING	F00-S02	NOT_EXECUTED
1762	fn:welcome:welcome_page:001	lib/page/welcome/welcome_page.dart	2e8dbb8f064e9fee6bbe3d1916b640e0c782b256a5592de32ee1071240070917	ACCEPTANCE_TARGET_MISSING	F00-S02	NOT_EXECUTED
1763	fn:welcome:welcome_page:002	lib/page/welcome/welcome_page.dart	2e8dbb8f064e9fee6bbe3d1916b640e0c782b256a5592de32ee1071240070917	ACCEPTANCE_TARGET_MISSING	F00-S02	NOT_EXECUTED
1764	fn:welcome:welcome_page:003	lib/page/welcome/welcome_page.dart	2e8dbb8f064e9fee6bbe3d1916b640e0c782b256a5592de32ee1071240070917	ACCEPTANCE_TARGET_MISSING	F00-S02	NOT_EXECUTED
1765	fn:welcome:welcome_page:004	lib/page/welcome/welcome_page.dart	2e8dbb8f064e9fee6bbe3d1916b640e0c782b256a5592de32ee1071240070917	ACCEPTANCE_TARGET_MISSING	F00-S02	NOT_EXECUTED
1766	fn:welcome:welcome_page:005	lib/page/welcome/welcome_page.dart	2e8dbb8f064e9fee6bbe3d1916b640e0c782b256a5592de32ee1071240070917	ACCEPTANCE_TARGET_MISSING	F00-S02	NOT_EXECUTED
1767	fn:welcome:welcome_page:006	lib/page/welcome/welcome_page.dart	2e8dbb8f064e9fee6bbe3d1916b640e0c782b256a5592de32ee1071240070917	ACCEPTANCE_TARGET_MISSING	F00-S02	NOT_EXECUTED
1768	fn:welcome:welcome_page:007	lib/page/welcome/welcome_page.dart	2e8dbb8f064e9fee6bbe3d1916b640e0c782b256a5592de32ee1071240070917	ACCEPTANCE_TARGET_MISSING	F00-S02	NOT_EXECUTED
1769	fn:welcome:welcome_page:008	lib/page/welcome/welcome_page.dart	2e8dbb8f064e9fee6bbe3d1916b640e0c782b256a5592de32ee1071240070917	ACCEPTANCE_TARGET_MISSING	F00-S02	NOT_EXECUTED
1770	fn:welcome:welcome_page:009	lib/page/welcome/welcome_page.dart	2e8dbb8f064e9fee6bbe3d1916b640e0c782b256a5592de32ee1071240070917	ACCEPTANCE_TARGET_MISSING	F00-S02	NOT_EXECUTED
1771	fn:welcome:welcome_page:010	lib/page/welcome/welcome_page.dart	2e8dbb8f064e9fee6bbe3d1916b640e0c782b256a5592de32ee1071240070917	ACCEPTANCE_TARGET_MISSING	F00-S02	NOT_EXECUTED
1772	fn:welcome:welcome_page:011	lib/page/welcome/welcome_page.dart	2e8dbb8f064e9fee6bbe3d1916b640e0c782b256a5592de32ee1071240070917	ACCEPTANCE_TARGET_MISSING	F00-S02	NOT_EXECUTED
1773	fn:welcome:welcome_page:012	lib/page/welcome/welcome_page.dart	2e8dbb8f064e9fee6bbe3d1916b640e0c782b256a5592de32ee1071240070917	ACCEPTANCE_TARGET_MISSING	F00-S02	NOT_EXECUTED
1774	fn:workspace:project_channels_page:001	lib/page/workspace/project/w2/project_channels_page.dart	ec2755021e5c6c0578262bb2325b5b949e2a5494ca89c6666b94a6ebfc142339	ACCEPTANCE_TARGET_MISSING	F00-S02	NOT_EXECUTED
1775	fn:workspace:project_channels_page:002	lib/page/workspace/project/w2/project_channels_page.dart	ec2755021e5c6c0578262bb2325b5b949e2a5494ca89c6666b94a6ebfc142339	ACCEPTANCE_TARGET_MISSING	F00-S02	NOT_EXECUTED
1776	fn:workspace:project_channels_page:003	lib/page/workspace/project/w2/project_channels_page.dart	ec2755021e5c6c0578262bb2325b5b949e2a5494ca89c6666b94a6ebfc142339	ACCEPTANCE_TARGET_MISSING	F00-S02	NOT_EXECUTED
1777	fn:workspace:project_channels_page:004	lib/page/workspace/project/w2/project_channels_page.dart	ec2755021e5c6c0578262bb2325b5b949e2a5494ca89c6666b94a6ebfc142339	ACCEPTANCE_TARGET_MISSING	F00-S02	NOT_EXECUTED
1778	fn:workspace:project_channels_page:005	lib/page/workspace/project/w2/project_channels_page.dart	ec2755021e5c6c0578262bb2325b5b949e2a5494ca89c6666b94a6ebfc142339	ACCEPTANCE_TARGET_MISSING	F00-S02	NOT_EXECUTED
1779	fn:workspace:project_channels_page:006	lib/page/workspace/project/w2/project_channels_page.dart	ec2755021e5c6c0578262bb2325b5b949e2a5494ca89c6666b94a6ebfc142339	ACCEPTANCE_TARGET_MISSING	F00-S02	NOT_EXECUTED
1780	fn:workspace:project_channels_page:007	lib/page/workspace/project/w2/project_channels_page.dart	ec2755021e5c6c0578262bb2325b5b949e2a5494ca89c6666b94a6ebfc142339	ACCEPTANCE_TARGET_MISSING	F00-S02	NOT_EXECUTED
1781	fn:workspace:project_channels_page:008	lib/page/workspace/project/w2/project_channels_page.dart	ec2755021e5c6c0578262bb2325b5b949e2a5494ca89c6666b94a6ebfc142339	ACCEPTANCE_TARGET_MISSING	F00-S02	NOT_EXECUTED
1782	fn:workspace:project_channels_page:009	lib/page/workspace/project/w2/project_channels_page.dart	ec2755021e5c6c0578262bb2325b5b949e2a5494ca89c6666b94a6ebfc142339	ACCEPTANCE_TARGET_MISSING	F00-S02	NOT_EXECUTED
1783	fn:workspace:project_channels_page:010	lib/page/workspace/project/w2/project_channels_page.dart	ec2755021e5c6c0578262bb2325b5b949e2a5494ca89c6666b94a6ebfc142339	ACCEPTANCE_TARGET_MISSING	F00-S02	NOT_EXECUTED
1784	fn:workspace:project_channels_page:011	lib/page/workspace/project/w2/project_channels_page.dart	ec2755021e5c6c0578262bb2325b5b949e2a5494ca89c6666b94a6ebfc142339	ACCEPTANCE_TARGET_MISSING	F00-S02	NOT_EXECUTED
1785	fn:workspace:project_create_page:001	lib/page/workspace/project/home/project_create_page.dart	93d09574499cceda9d31df3f7d5131d85a1861f60d62a7f622374bec3c699ffa	ACCEPTANCE_TARGET_MISSING	F00-S02	NOT_EXECUTED
1786	fn:workspace:project_create_page:002	lib/page/workspace/project/home/project_create_page.dart	93d09574499cceda9d31df3f7d5131d85a1861f60d62a7f622374bec3c699ffa	ACCEPTANCE_TARGET_MISSING	F00-S02	NOT_EXECUTED
1787	fn:workspace:project_create_page:003	lib/page/workspace/project/home/project_create_page.dart	93d09574499cceda9d31df3f7d5131d85a1861f60d62a7f622374bec3c699ffa	ACCEPTANCE_TARGET_MISSING	F00-S02	NOT_EXECUTED
1788	fn:workspace:project_create_page:004	lib/page/workspace/project/home/project_create_page.dart	93d09574499cceda9d31df3f7d5131d85a1861f60d62a7f622374bec3c699ffa	ACCEPTANCE_TARGET_MISSING	F00-S02	NOT_EXECUTED
1789	fn:workspace:project_create_page:005	lib/page/workspace/project/home/project_create_page.dart	93d09574499cceda9d31df3f7d5131d85a1861f60d62a7f622374bec3c699ffa	ACCEPTANCE_TARGET_MISSING	F00-S02	NOT_EXECUTED
1790	fn:workspace:project_create_page:006	lib/page/workspace/project/home/project_create_page.dart	93d09574499cceda9d31df3f7d5131d85a1861f60d62a7f622374bec3c699ffa	ACCEPTANCE_TARGET_MISSING	F00-S02	NOT_EXECUTED
1791	fn:workspace:project_create_page:007	lib/page/workspace/project/home/project_create_page.dart	93d09574499cceda9d31df3f7d5131d85a1861f60d62a7f622374bec3c699ffa	ACCEPTANCE_TARGET_MISSING	F00-S02	NOT_EXECUTED
1792	fn:workspace:project_create_page:008	lib/page/workspace/project/home/project_create_page.dart	93d09574499cceda9d31df3f7d5131d85a1861f60d62a7f622374bec3c699ffa	ACCEPTANCE_TARGET_MISSING	F00-S02	NOT_EXECUTED
1793	fn:workspace:project_create_page:009	lib/page/workspace/project/home/project_create_page.dart	93d09574499cceda9d31df3f7d5131d85a1861f60d62a7f622374bec3c699ffa	ACCEPTANCE_TARGET_MISSING	F00-S02	NOT_EXECUTED
1794	fn:workspace:project_detail_page:001	lib/page/workspace/project/home/project_detail_page.dart	5e84d9be1329e84fb9c9d56c71f5f233baa59ac4b5e8ad791a8ba7a892062fe7	ACCEPTANCE_TARGET_MISSING	F00-S02	NOT_EXECUTED
1795	fn:workspace:project_detail_page:002	lib/page/workspace/project/home/project_detail_page.dart	5e84d9be1329e84fb9c9d56c71f5f233baa59ac4b5e8ad791a8ba7a892062fe7	ACCEPTANCE_TARGET_MISSING	F00-S02	NOT_EXECUTED
1796	fn:workspace:project_detail_page:003	lib/page/workspace/project/home/project_detail_page.dart	5e84d9be1329e84fb9c9d56c71f5f233baa59ac4b5e8ad791a8ba7a892062fe7	ACCEPTANCE_TARGET_MISSING	F00-S02	NOT_EXECUTED
1797	fn:workspace:project_detail_page:004	lib/page/workspace/project/home/project_detail_page.dart	5e84d9be1329e84fb9c9d56c71f5f233baa59ac4b5e8ad791a8ba7a892062fe7	ACCEPTANCE_TARGET_MISSING	F00-S02	NOT_EXECUTED
1798	fn:workspace:project_detail_page:005	lib/page/workspace/project/home/project_detail_page.dart	5e84d9be1329e84fb9c9d56c71f5f233baa59ac4b5e8ad791a8ba7a892062fe7	ACCEPTANCE_TARGET_MISSING	F00-S02	NOT_EXECUTED
1799	fn:workspace:project_detail_page:006	lib/page/workspace/project/home/project_detail_page.dart	5e84d9be1329e84fb9c9d56c71f5f233baa59ac4b5e8ad791a8ba7a892062fe7	ACCEPTANCE_TARGET_MISSING	F00-S02	NOT_EXECUTED
1800	fn:workspace:project_detail_page:007	lib/page/workspace/project/home/project_detail_page.dart	5e84d9be1329e84fb9c9d56c71f5f233baa59ac4b5e8ad791a8ba7a892062fe7	ACCEPTANCE_TARGET_MISSING	F00-S02	NOT_EXECUTED
1801	fn:workspace:project_detail_page:008	lib/page/workspace/project/home/project_detail_page.dart	5e84d9be1329e84fb9c9d56c71f5f233baa59ac4b5e8ad791a8ba7a892062fe7	ACCEPTANCE_TARGET_MISSING	F00-S02	NOT_EXECUTED
1802	fn:workspace:project_detail_page:009	lib/page/workspace/project/home/project_detail_page.dart	5e84d9be1329e84fb9c9d56c71f5f233baa59ac4b5e8ad791a8ba7a892062fe7	ACCEPTANCE_TARGET_MISSING	F00-S02	NOT_EXECUTED
1803	fn:workspace:project_detail_page:010	lib/page/workspace/project/home/project_detail_page.dart	5e84d9be1329e84fb9c9d56c71f5f233baa59ac4b5e8ad791a8ba7a892062fe7	ACCEPTANCE_TARGET_MISSING	F00-S02	NOT_EXECUTED
1804	fn:workspace:project_detail_page:011	lib/page/workspace/project/home/project_detail_page.dart	5e84d9be1329e84fb9c9d56c71f5f233baa59ac4b5e8ad791a8ba7a892062fe7	ACCEPTANCE_TARGET_MISSING	F00-S02	NOT_EXECUTED
1805	fn:workspace:project_insights_page:001	lib/page/workspace/project/w2/project_insights_page.dart	502c0d2f236b4b097d1ca116e04bd415c3d76087fc27047ce3bcfd9ee626045b	ACCEPTANCE_TARGET_MISSING	F00-S02	NOT_EXECUTED
1806	fn:workspace:project_insights_page:002	lib/page/workspace/project/w2/project_insights_page.dart	502c0d2f236b4b097d1ca116e04bd415c3d76087fc27047ce3bcfd9ee626045b	ACCEPTANCE_TARGET_MISSING	F00-S02	NOT_EXECUTED
1807	fn:workspace:project_insights_page:003	lib/page/workspace/project/w2/project_insights_page.dart	502c0d2f236b4b097d1ca116e04bd415c3d76087fc27047ce3bcfd9ee626045b	ACCEPTANCE_TARGET_MISSING	F00-S02	NOT_EXECUTED
1808	fn:workspace:project_insights_page:004	lib/page/workspace/project/w2/project_insights_page.dart	502c0d2f236b4b097d1ca116e04bd415c3d76087fc27047ce3bcfd9ee626045b	ACCEPTANCE_TARGET_MISSING	F00-S02	NOT_EXECUTED
1809	fn:workspace:project_insights_page:005	lib/page/workspace/project/w2/project_insights_page.dart	502c0d2f236b4b097d1ca116e04bd415c3d76087fc27047ce3bcfd9ee626045b	ACCEPTANCE_TARGET_MISSING	F00-S02	NOT_EXECUTED
1810	fn:workspace:project_insights_page:006	lib/page/workspace/project/w2/project_insights_page.dart	502c0d2f236b4b097d1ca116e04bd415c3d76087fc27047ce3bcfd9ee626045b	ACCEPTANCE_TARGET_MISSING	F00-S02	NOT_EXECUTED
1811	fn:workspace:project_insights_page:007	lib/page/workspace/project/w2/project_insights_page.dart	502c0d2f236b4b097d1ca116e04bd415c3d76087fc27047ce3bcfd9ee626045b	ACCEPTANCE_TARGET_MISSING	F00-S02	NOT_EXECUTED
1812	fn:workspace:project_insights_page:008	lib/page/workspace/project/w2/project_insights_page.dart	502c0d2f236b4b097d1ca116e04bd415c3d76087fc27047ce3bcfd9ee626045b	ACCEPTANCE_TARGET_MISSING	F00-S02	NOT_EXECUTED
1813	fn:workspace:project_insights_page:009	lib/page/workspace/project/w2/project_insights_page.dart	502c0d2f236b4b097d1ca116e04bd415c3d76087fc27047ce3bcfd9ee626045b	ACCEPTANCE_TARGET_MISSING	F00-S02	NOT_EXECUTED
1814	fn:workspace:project_insights_page:010	lib/page/workspace/project/w2/project_insights_page.dart	502c0d2f236b4b097d1ca116e04bd415c3d76087fc27047ce3bcfd9ee626045b	ACCEPTANCE_TARGET_MISSING	F00-S02	NOT_EXECUTED
1815	fn:workspace:project_members_page:001	lib/page/workspace/project/w2/project_members_page.dart	2c4b94d5df00c987c9453ae51c6430e8bbf578505a4de03bab4903f2c09210c1	ACCEPTANCE_TARGET_MISSING	F00-S02	NOT_EXECUTED
1816	fn:workspace:project_members_page:002	lib/page/workspace/project/w2/project_members_page.dart	2c4b94d5df00c987c9453ae51c6430e8bbf578505a4de03bab4903f2c09210c1	ACCEPTANCE_TARGET_MISSING	F00-S02	NOT_EXECUTED
1817	fn:workspace:project_members_page:003	lib/page/workspace/project/w2/project_members_page.dart	2c4b94d5df00c987c9453ae51c6430e8bbf578505a4de03bab4903f2c09210c1	ACCEPTANCE_TARGET_MISSING	F00-S02	NOT_EXECUTED
1818	fn:workspace:project_members_page:004	lib/page/workspace/project/w2/project_members_page.dart	2c4b94d5df00c987c9453ae51c6430e8bbf578505a4de03bab4903f2c09210c1	ACCEPTANCE_TARGET_MISSING	F00-S02	NOT_EXECUTED
1819	fn:workspace:project_members_page:005	lib/page/workspace/project/w2/project_members_page.dart	2c4b94d5df00c987c9453ae51c6430e8bbf578505a4de03bab4903f2c09210c1	ACCEPTANCE_TARGET_MISSING	F00-S02	NOT_EXECUTED
1820	fn:workspace:project_members_page:006	lib/page/workspace/project/w2/project_members_page.dart	2c4b94d5df00c987c9453ae51c6430e8bbf578505a4de03bab4903f2c09210c1	ACCEPTANCE_TARGET_MISSING	F00-S02	NOT_EXECUTED
1821	fn:workspace:project_members_page:007	lib/page/workspace/project/w2/project_members_page.dart	2c4b94d5df00c987c9453ae51c6430e8bbf578505a4de03bab4903f2c09210c1	ACCEPTANCE_TARGET_MISSING	F00-S02	NOT_EXECUTED
1822	fn:workspace:project_members_page:008	lib/page/workspace/project/w2/project_members_page.dart	2c4b94d5df00c987c9453ae51c6430e8bbf578505a4de03bab4903f2c09210c1	ACCEPTANCE_TARGET_MISSING	F00-S02	NOT_EXECUTED
1823	fn:workspace:project_members_page:009	lib/page/workspace/project/w2/project_members_page.dart	2c4b94d5df00c987c9453ae51c6430e8bbf578505a4de03bab4903f2c09210c1	ACCEPTANCE_TARGET_MISSING	F00-S02	NOT_EXECUTED
1824	fn:workspace:project_members_page:010	lib/page/workspace/project/w2/project_members_page.dart	2c4b94d5df00c987c9453ae51c6430e8bbf578505a4de03bab4903f2c09210c1	ACCEPTANCE_TARGET_MISSING	F00-S02	NOT_EXECUTED
1825	fn:workspace:project_members_page:011	lib/page/workspace/project/w2/project_members_page.dart	2c4b94d5df00c987c9453ae51c6430e8bbf578505a4de03bab4903f2c09210c1	ACCEPTANCE_TARGET_MISSING	F00-S02	NOT_EXECUTED
1826	fn:workspace:project_members_page:012	lib/page/workspace/project/w2/project_members_page.dart	2c4b94d5df00c987c9453ae51c6430e8bbf578505a4de03bab4903f2c09210c1	ACCEPTANCE_TARGET_MISSING	F00-S02	NOT_EXECUTED
1827	fn:workspace:project_members_page:013	lib/page/workspace/project/w2/project_members_page.dart	2c4b94d5df00c987c9453ae51c6430e8bbf578505a4de03bab4903f2c09210c1	ACCEPTANCE_TARGET_MISSING	F00-S02	NOT_EXECUTED
1828	fn:workspace:project_milestones_page:001	lib/page/workspace/project/w2/project_milestones_page.dart	cd92cd5ca76c539c9fefcc7d184eb565dfdad69cf5d3a7dc704467356ff7bace	ACCEPTANCE_TARGET_MISSING	F00-S02	NOT_EXECUTED
1829	fn:workspace:project_milestones_page:002	lib/page/workspace/project/w2/project_milestones_page.dart	cd92cd5ca76c539c9fefcc7d184eb565dfdad69cf5d3a7dc704467356ff7bace	ACCEPTANCE_TARGET_MISSING	F00-S02	NOT_EXECUTED
1830	fn:workspace:project_milestones_page:003	lib/page/workspace/project/w2/project_milestones_page.dart	cd92cd5ca76c539c9fefcc7d184eb565dfdad69cf5d3a7dc704467356ff7bace	ACCEPTANCE_TARGET_MISSING	F00-S02	NOT_EXECUTED
1831	fn:workspace:project_milestones_page:004	lib/page/workspace/project/w2/project_milestones_page.dart	cd92cd5ca76c539c9fefcc7d184eb565dfdad69cf5d3a7dc704467356ff7bace	ACCEPTANCE_TARGET_MISSING	F00-S02	NOT_EXECUTED
1832	fn:workspace:project_milestones_page:005	lib/page/workspace/project/w2/project_milestones_page.dart	cd92cd5ca76c539c9fefcc7d184eb565dfdad69cf5d3a7dc704467356ff7bace	ACCEPTANCE_TARGET_MISSING	F00-S02	NOT_EXECUTED
1833	fn:workspace:project_milestones_page:006	lib/page/workspace/project/w2/project_milestones_page.dart	cd92cd5ca76c539c9fefcc7d184eb565dfdad69cf5d3a7dc704467356ff7bace	ACCEPTANCE_TARGET_MISSING	F00-S02	NOT_EXECUTED
1834	fn:workspace:project_milestones_page:007	lib/page/workspace/project/w2/project_milestones_page.dart	cd92cd5ca76c539c9fefcc7d184eb565dfdad69cf5d3a7dc704467356ff7bace	ACCEPTANCE_TARGET_MISSING	F00-S02	NOT_EXECUTED
1835	fn:workspace:project_milestones_page:008	lib/page/workspace/project/w2/project_milestones_page.dart	cd92cd5ca76c539c9fefcc7d184eb565dfdad69cf5d3a7dc704467356ff7bace	ACCEPTANCE_TARGET_MISSING	F00-S02	NOT_EXECUTED
1836	fn:workspace:project_milestones_page:009	lib/page/workspace/project/w2/project_milestones_page.dart	cd92cd5ca76c539c9fefcc7d184eb565dfdad69cf5d3a7dc704467356ff7bace	ACCEPTANCE_TARGET_MISSING	F00-S02	NOT_EXECUTED
1837	fn:workspace:project_milestones_page:010	lib/page/workspace/project/w2/project_milestones_page.dart	cd92cd5ca76c539c9fefcc7d184eb565dfdad69cf5d3a7dc704467356ff7bace	ACCEPTANCE_TARGET_MISSING	F00-S02	NOT_EXECUTED
1838	fn:workspace:project_milestones_page:011	lib/page/workspace/project/w2/project_milestones_page.dart	cd92cd5ca76c539c9fefcc7d184eb565dfdad69cf5d3a7dc704467356ff7bace	ACCEPTANCE_TARGET_MISSING	F00-S02	NOT_EXECUTED
1839	fn:workspace:project_milestones_page:012	lib/page/workspace/project/w2/project_milestones_page.dart	cd92cd5ca76c539c9fefcc7d184eb565dfdad69cf5d3a7dc704467356ff7bace	ACCEPTANCE_TARGET_MISSING	F00-S02	NOT_EXECUTED
1840	fn:workspace:project_milestones_page:013	lib/page/workspace/project/w2/project_milestones_page.dart	cd92cd5ca76c539c9fefcc7d184eb565dfdad69cf5d3a7dc704467356ff7bace	ACCEPTANCE_TARGET_MISSING	F00-S02	NOT_EXECUTED
1841	fn:workspace:task_form_page:001	lib/page/workspace/project/tasks/task_form_page.dart	a2a3f0df54f30bf7f702b1bf858d8f78ac1d17bff3a5a81cd122f3e810f62901	ACCEPTANCE_TARGET_MISSING	F00-S02	NOT_EXECUTED
1842	fn:workspace:task_form_page:002	lib/page/workspace/project/tasks/task_form_page.dart	a2a3f0df54f30bf7f702b1bf858d8f78ac1d17bff3a5a81cd122f3e810f62901	ACCEPTANCE_TARGET_MISSING	F00-S02	NOT_EXECUTED
1843	fn:workspace:task_form_page:003	lib/page/workspace/project/tasks/task_form_page.dart	a2a3f0df54f30bf7f702b1bf858d8f78ac1d17bff3a5a81cd122f3e810f62901	ACCEPTANCE_TARGET_MISSING	F00-S02	NOT_EXECUTED
1844	fn:workspace:task_form_page:004	lib/page/workspace/project/tasks/task_form_page.dart	a2a3f0df54f30bf7f702b1bf858d8f78ac1d17bff3a5a81cd122f3e810f62901	ACCEPTANCE_TARGET_MISSING	F00-S02	NOT_EXECUTED
1845	fn:workspace:task_form_page:005	lib/page/workspace/project/tasks/task_form_page.dart	a2a3f0df54f30bf7f702b1bf858d8f78ac1d17bff3a5a81cd122f3e810f62901	ACCEPTANCE_TARGET_MISSING	F00-S02	NOT_EXECUTED
1846	fn:workspace:task_form_page:006	lib/page/workspace/project/tasks/task_form_page.dart	a2a3f0df54f30bf7f702b1bf858d8f78ac1d17bff3a5a81cd122f3e810f62901	ACCEPTANCE_TARGET_MISSING	F00-S02	NOT_EXECUTED
1847	fn:workspace:task_form_page:007	lib/page/workspace/project/tasks/task_form_page.dart	a2a3f0df54f30bf7f702b1bf858d8f78ac1d17bff3a5a81cd122f3e810f62901	ACCEPTANCE_TARGET_MISSING	F00-S02	NOT_EXECUTED
1848	fn:workspace:task_form_page:008	lib/page/workspace/project/tasks/task_form_page.dart	a2a3f0df54f30bf7f702b1bf858d8f78ac1d17bff3a5a81cd122f3e810f62901	ACCEPTANCE_TARGET_MISSING	F00-S02	NOT_EXECUTED
1849	fn:workspace:task_form_page:009	lib/page/workspace/project/tasks/task_form_page.dart	a2a3f0df54f30bf7f702b1bf858d8f78ac1d17bff3a5a81cd122f3e810f62901	ACCEPTANCE_TARGET_MISSING	F00-S02	NOT_EXECUTED
1850	fn:workspace:task_form_page:010	lib/page/workspace/project/tasks/task_form_page.dart	a2a3f0df54f30bf7f702b1bf858d8f78ac1d17bff3a5a81cd122f3e810f62901	ACCEPTANCE_TARGET_MISSING	F00-S02	NOT_EXECUTED
1851	fn:workspace:task_form_page:011	lib/page/workspace/project/tasks/task_form_page.dart	a2a3f0df54f30bf7f702b1bf858d8f78ac1d17bff3a5a81cd122f3e810f62901	ACCEPTANCE_TARGET_MISSING	F00-S02	NOT_EXECUTED
1852	fn:workspace:task_form_page:012	lib/page/workspace/project/tasks/task_form_page.dart	a2a3f0df54f30bf7f702b1bf858d8f78ac1d17bff3a5a81cd122f3e810f62901	ACCEPTANCE_TARGET_MISSING	F00-S02	NOT_EXECUTED
1853	fn:workspace:task_form_page:013	lib/page/workspace/project/tasks/task_form_page.dart	a2a3f0df54f30bf7f702b1bf858d8f78ac1d17bff3a5a81cd122f3e810f62901	ACCEPTANCE_TARGET_MISSING	F00-S02	NOT_EXECUTED
1854	fn:workspace:workspace_branding_page:001	lib/page/workspace/workspace_branding_page.dart	841de41b488ba4ac36f94766f047dac460cca7a12479e6830f8007fded68a09a	ACCEPTANCE_TARGET_MISSING	F00-S02	NOT_EXECUTED
1855	fn:workspace:workspace_branding_page:002	lib/page/workspace/workspace_branding_page.dart	841de41b488ba4ac36f94766f047dac460cca7a12479e6830f8007fded68a09a	ACCEPTANCE_TARGET_MISSING	F00-S02	NOT_EXECUTED
1856	fn:workspace:workspace_branding_page:003	lib/page/workspace/workspace_branding_page.dart	841de41b488ba4ac36f94766f047dac460cca7a12479e6830f8007fded68a09a	ACCEPTANCE_TARGET_MISSING	F00-S02	NOT_EXECUTED
1857	fn:workspace:workspace_branding_page:004	lib/page/workspace/workspace_branding_page.dart	841de41b488ba4ac36f94766f047dac460cca7a12479e6830f8007fded68a09a	ACCEPTANCE_TARGET_MISSING	F00-S02	NOT_EXECUTED
1858	fn:workspace:workspace_branding_page:005	lib/page/workspace/workspace_branding_page.dart	841de41b488ba4ac36f94766f047dac460cca7a12479e6830f8007fded68a09a	ACCEPTANCE_TARGET_MISSING	F00-S02	NOT_EXECUTED
1859	fn:workspace:workspace_branding_page:006	lib/page/workspace/workspace_branding_page.dart	841de41b488ba4ac36f94766f047dac460cca7a12479e6830f8007fded68a09a	ACCEPTANCE_TARGET_MISSING	F00-S02	NOT_EXECUTED
1860	fn:workspace:workspace_branding_page:007	lib/page/workspace/workspace_branding_page.dart	841de41b488ba4ac36f94766f047dac460cca7a12479e6830f8007fded68a09a	ACCEPTANCE_TARGET_MISSING	F00-S02	NOT_EXECUTED
1861	fn:workspace:workspace_branding_page:008	lib/page/workspace/workspace_branding_page.dart	841de41b488ba4ac36f94766f047dac460cca7a12479e6830f8007fded68a09a	ACCEPTANCE_TARGET_MISSING	F00-S02	NOT_EXECUTED
1862	fn:workspace:workspace_branding_page:009	lib/page/workspace/workspace_branding_page.dart	841de41b488ba4ac36f94766f047dac460cca7a12479e6830f8007fded68a09a	ACCEPTANCE_TARGET_MISSING	F00-S02	NOT_EXECUTED
1863	fn:workspace:workspace_branding_page:010	lib/page/workspace/workspace_branding_page.dart	841de41b488ba4ac36f94766f047dac460cca7a12479e6830f8007fded68a09a	ACCEPTANCE_TARGET_MISSING	F00-S02	NOT_EXECUTED
1864	fn:workspace:workspace_branding_page:011	lib/page/workspace/workspace_branding_page.dart	841de41b488ba4ac36f94766f047dac460cca7a12479e6830f8007fded68a09a	ACCEPTANCE_TARGET_MISSING	F00-S02	NOT_EXECUTED
1865	fn:workspace:workspace_channel_detail_page:001	lib/page/workspace/workspace_channel_detail_page.dart	9387f21bf561b0bc46a44a7c1c6d155363e35f2b6861574ba3225257b07d6ab0	ACCEPTANCE_TARGET_MISSING	F00-S02	NOT_EXECUTED
1866	fn:workspace:workspace_channel_detail_page:002	lib/page/workspace/workspace_channel_detail_page.dart	9387f21bf561b0bc46a44a7c1c6d155363e35f2b6861574ba3225257b07d6ab0	ACCEPTANCE_TARGET_MISSING	F00-S02	NOT_EXECUTED
1867	fn:workspace:workspace_channel_detail_page:003	lib/page/workspace/workspace_channel_detail_page.dart	9387f21bf561b0bc46a44a7c1c6d155363e35f2b6861574ba3225257b07d6ab0	ACCEPTANCE_TARGET_MISSING	F00-S02	NOT_EXECUTED
1868	fn:workspace:workspace_channel_detail_page:004	lib/page/workspace/workspace_channel_detail_page.dart	9387f21bf561b0bc46a44a7c1c6d155363e35f2b6861574ba3225257b07d6ab0	ACCEPTANCE_TARGET_MISSING	F00-S02	NOT_EXECUTED
1869	fn:workspace:workspace_channel_detail_page:005	lib/page/workspace/workspace_channel_detail_page.dart	9387f21bf561b0bc46a44a7c1c6d155363e35f2b6861574ba3225257b07d6ab0	ACCEPTANCE_TARGET_MISSING	F00-S02	NOT_EXECUTED
1870	fn:workspace:workspace_channel_detail_page:006	lib/page/workspace/workspace_channel_detail_page.dart	9387f21bf561b0bc46a44a7c1c6d155363e35f2b6861574ba3225257b07d6ab0	ACCEPTANCE_TARGET_MISSING	F00-S02	NOT_EXECUTED
1871	fn:workspace:workspace_channel_detail_page:007	lib/page/workspace/workspace_channel_detail_page.dart	9387f21bf561b0bc46a44a7c1c6d155363e35f2b6861574ba3225257b07d6ab0	ACCEPTANCE_TARGET_MISSING	F00-S02	NOT_EXECUTED
1872	fn:workspace:workspace_channel_detail_page:008	lib/page/workspace/workspace_channel_detail_page.dart	9387f21bf561b0bc46a44a7c1c6d155363e35f2b6861574ba3225257b07d6ab0	ACCEPTANCE_TARGET_MISSING	F00-S02	NOT_EXECUTED
1873	fn:workspace:workspace_channel_detail_page:009	lib/page/workspace/workspace_channel_detail_page.dart	9387f21bf561b0bc46a44a7c1c6d155363e35f2b6861574ba3225257b07d6ab0	ACCEPTANCE_TARGET_MISSING	F00-S02	NOT_EXECUTED
1874	fn:workspace:workspace_channels_page:001	lib/page/workspace/workspace_channels_page.dart	9f079bc7e23cea1ee2d61c1c1c0aed6e3c9b27e07272c9b59793441142845bfd	ACCEPTANCE_TARGET_MISSING	F00-S02	NOT_EXECUTED
1875	fn:workspace:workspace_channels_page:002	lib/page/workspace/workspace_channels_page.dart	9f079bc7e23cea1ee2d61c1c1c0aed6e3c9b27e07272c9b59793441142845bfd	ACCEPTANCE_TARGET_MISSING	F00-S02	NOT_EXECUTED
1876	fn:workspace:workspace_channels_page:003	lib/page/workspace/workspace_channels_page.dart	9f079bc7e23cea1ee2d61c1c1c0aed6e3c9b27e07272c9b59793441142845bfd	ACCEPTANCE_TARGET_MISSING	F00-S02	NOT_EXECUTED
1877	fn:workspace:workspace_channels_page:004	lib/page/workspace/workspace_channels_page.dart	9f079bc7e23cea1ee2d61c1c1c0aed6e3c9b27e07272c9b59793441142845bfd	ACCEPTANCE_TARGET_MISSING	F00-S02	NOT_EXECUTED
1878	fn:workspace:workspace_channels_page:005	lib/page/workspace/workspace_channels_page.dart	9f079bc7e23cea1ee2d61c1c1c0aed6e3c9b27e07272c9b59793441142845bfd	ACCEPTANCE_TARGET_MISSING	F00-S02	NOT_EXECUTED
1879	fn:workspace:workspace_channels_page:006	lib/page/workspace/workspace_channels_page.dart	9f079bc7e23cea1ee2d61c1c1c0aed6e3c9b27e07272c9b59793441142845bfd	ACCEPTANCE_TARGET_MISSING	F00-S02	NOT_EXECUTED
1880	fn:workspace:workspace_channels_page:007	lib/page/workspace/workspace_channels_page.dart	9f079bc7e23cea1ee2d61c1c1c0aed6e3c9b27e07272c9b59793441142845bfd	ACCEPTANCE_TARGET_MISSING	F00-S02	NOT_EXECUTED
1881	fn:workspace:workspace_channels_page:008	lib/page/workspace/workspace_channels_page.dart	9f079bc7e23cea1ee2d61c1c1c0aed6e3c9b27e07272c9b59793441142845bfd	ACCEPTANCE_TARGET_MISSING	F00-S02	NOT_EXECUTED
1882	fn:workspace:workspace_conversations_page:001	lib/page/workspace/workspace_conversations_page.dart	0c0bae384a22a183a9f1d1cecf0c7e4c5603952d959cba540b0d1d95ffb371cf	ACCEPTANCE_ORACLE_PLACEHOLDER,ACCEPTANCE_TARGET_MISSING	F00-S02	NOT_EXECUTED
1883	fn:workspace:workspace_conversations_page:002	lib/page/workspace/workspace_conversations_page.dart	0c0bae384a22a183a9f1d1cecf0c7e4c5603952d959cba540b0d1d95ffb371cf	ACCEPTANCE_ORACLE_PLACEHOLDER,ACCEPTANCE_TARGET_MISSING	F00-S02	NOT_EXECUTED
1884	fn:workspace:workspace_create_page:001	lib/page/workspace/workspace_create_page.dart	e8b00f3d3d53e1b6d95d9329f50de4ea760e99c723bd36c802bb421bfd55e2cf	ACCEPTANCE_TARGET_MISSING	F00-S02	NOT_EXECUTED
1885	fn:workspace:workspace_create_page:002	lib/page/workspace/workspace_create_page.dart	e8b00f3d3d53e1b6d95d9329f50de4ea760e99c723bd36c802bb421bfd55e2cf	ACCEPTANCE_TARGET_MISSING	F00-S02	NOT_EXECUTED
1886	fn:workspace:workspace_create_page:003	lib/page/workspace/workspace_create_page.dart	e8b00f3d3d53e1b6d95d9329f50de4ea760e99c723bd36c802bb421bfd55e2cf	ACCEPTANCE_TARGET_MISSING	F00-S02	NOT_EXECUTED
1887	fn:workspace:workspace_create_page:004	lib/page/workspace/workspace_create_page.dart	e8b00f3d3d53e1b6d95d9329f50de4ea760e99c723bd36c802bb421bfd55e2cf	ACCEPTANCE_TARGET_MISSING	F00-S02	NOT_EXECUTED
1888	fn:workspace:workspace_create_page:005	lib/page/workspace/workspace_create_page.dart	e8b00f3d3d53e1b6d95d9329f50de4ea760e99c723bd36c802bb421bfd55e2cf	ACCEPTANCE_TARGET_MISSING	F00-S02	NOT_EXECUTED
1889	fn:workspace:workspace_create_page:006	lib/page/workspace/workspace_create_page.dart	e8b00f3d3d53e1b6d95d9329f50de4ea760e99c723bd36c802bb421bfd55e2cf	ACCEPTANCE_TARGET_MISSING	F00-S02	NOT_EXECUTED
1890	fn:workspace:workspace_create_page:007	lib/page/workspace/workspace_create_page.dart	e8b00f3d3d53e1b6d95d9329f50de4ea760e99c723bd36c802bb421bfd55e2cf	ACCEPTANCE_TARGET_MISSING	F00-S02	NOT_EXECUTED
1891	fn:workspace:workspace_create_page:008	lib/page/workspace/workspace_create_page.dart	e8b00f3d3d53e1b6d95d9329f50de4ea760e99c723bd36c802bb421bfd55e2cf	ACCEPTANCE_TARGET_MISSING	F00-S02	NOT_EXECUTED
1892	fn:workspace:workspace_create_page:009	lib/page/workspace/workspace_create_page.dart	e8b00f3d3d53e1b6d95d9329f50de4ea760e99c723bd36c802bb421bfd55e2cf	ACCEPTANCE_TARGET_MISSING	F00-S02	NOT_EXECUTED
1893	fn:workspace:workspace_create_page:010	lib/page/workspace/workspace_create_page.dart	e8b00f3d3d53e1b6d95d9329f50de4ea760e99c723bd36c802bb421bfd55e2cf	ACCEPTANCE_TARGET_MISSING	F00-S02	NOT_EXECUTED
1894	fn:workspace:workspace_groups_page:001	lib/page/workspace/workspace_groups_page.dart	5e6014aaef82783df44a4e81a3c45268466f58488e821a577c34521d9509f100	ACCEPTANCE_TARGET_MISSING	F00-S02	NOT_EXECUTED
1895	fn:workspace:workspace_groups_page:002	lib/page/workspace/workspace_groups_page.dart	5e6014aaef82783df44a4e81a3c45268466f58488e821a577c34521d9509f100	ACCEPTANCE_TARGET_MISSING	F00-S02	NOT_EXECUTED
1896	fn:workspace:workspace_groups_page:003	lib/page/workspace/workspace_groups_page.dart	5e6014aaef82783df44a4e81a3c45268466f58488e821a577c34521d9509f100	ACCEPTANCE_TARGET_MISSING	F00-S02	NOT_EXECUTED
1897	fn:workspace:workspace_groups_page:004	lib/page/workspace/workspace_groups_page.dart	5e6014aaef82783df44a4e81a3c45268466f58488e821a577c34521d9509f100	ACCEPTANCE_TARGET_MISSING	F00-S02	NOT_EXECUTED
1898	fn:workspace:workspace_groups_page:005	lib/page/workspace/workspace_groups_page.dart	5e6014aaef82783df44a4e81a3c45268466f58488e821a577c34521d9509f100	ACCEPTANCE_TARGET_MISSING	F00-S02	NOT_EXECUTED
1899	fn:workspace:workspace_groups_page:006	lib/page/workspace/workspace_groups_page.dart	5e6014aaef82783df44a4e81a3c45268466f58488e821a577c34521d9509f100	ACCEPTANCE_TARGET_MISSING	F00-S02	NOT_EXECUTED
1900	fn:workspace:workspace_groups_page:007	lib/page/workspace/workspace_groups_page.dart	5e6014aaef82783df44a4e81a3c45268466f58488e821a577c34521d9509f100	ACCEPTANCE_TARGET_MISSING	F00-S02	NOT_EXECUTED
1901	fn:workspace:workspace_groups_page:008	lib/page/workspace/workspace_groups_page.dart	5e6014aaef82783df44a4e81a3c45268466f58488e821a577c34521d9509f100	ACCEPTANCE_TARGET_MISSING	F00-S02	NOT_EXECUTED
1902	fn:workspace:workspace_invite_page:001	lib/page/workspace/workspace_invite_page.dart	f67b2e82ed2f9c2e8179f2aa5acfca4acaa0627cac088e14c898a904b89bc9a0	ACCEPTANCE_TARGET_MISSING	F00-S02	NOT_EXECUTED
1903	fn:workspace:workspace_invite_page:002	lib/page/workspace/workspace_invite_page.dart	f67b2e82ed2f9c2e8179f2aa5acfca4acaa0627cac088e14c898a904b89bc9a0	ACCEPTANCE_TARGET_MISSING	F00-S02	NOT_EXECUTED
1904	fn:workspace:workspace_invite_page:003	lib/page/workspace/workspace_invite_page.dart	f67b2e82ed2f9c2e8179f2aa5acfca4acaa0627cac088e14c898a904b89bc9a0	ACCEPTANCE_TARGET_MISSING	F00-S02	NOT_EXECUTED
1905	fn:workspace:workspace_invite_page:004	lib/page/workspace/workspace_invite_page.dart	f67b2e82ed2f9c2e8179f2aa5acfca4acaa0627cac088e14c898a904b89bc9a0	ACCEPTANCE_TARGET_MISSING	F00-S02	NOT_EXECUTED
1906	fn:workspace:workspace_invite_page:005	lib/page/workspace/workspace_invite_page.dart	f67b2e82ed2f9c2e8179f2aa5acfca4acaa0627cac088e14c898a904b89bc9a0	ACCEPTANCE_TARGET_MISSING	F00-S02	NOT_EXECUTED
1907	fn:workspace:workspace_invite_page:006	lib/page/workspace/workspace_invite_page.dart	f67b2e82ed2f9c2e8179f2aa5acfca4acaa0627cac088e14c898a904b89bc9a0	ACCEPTANCE_TARGET_MISSING	F00-S02	NOT_EXECUTED
1908	fn:workspace:workspace_invite_page:007	lib/page/workspace/workspace_invite_page.dart	f67b2e82ed2f9c2e8179f2aa5acfca4acaa0627cac088e14c898a904b89bc9a0	ACCEPTANCE_TARGET_MISSING	F00-S02	NOT_EXECUTED
1909	fn:workspace:workspace_invite_page:008	lib/page/workspace/workspace_invite_page.dart	f67b2e82ed2f9c2e8179f2aa5acfca4acaa0627cac088e14c898a904b89bc9a0	ACCEPTANCE_TARGET_MISSING	F00-S02	NOT_EXECUTED
1910	fn:workspace:workspace_invite_page:009	lib/page/workspace/workspace_invite_page.dart	f67b2e82ed2f9c2e8179f2aa5acfca4acaa0627cac088e14c898a904b89bc9a0	ACCEPTANCE_TARGET_MISSING	F00-S02	NOT_EXECUTED
1911	fn:workspace:workspace_invite_page:010	lib/page/workspace/workspace_invite_page.dart	f67b2e82ed2f9c2e8179f2aa5acfca4acaa0627cac088e14c898a904b89bc9a0	ACCEPTANCE_TARGET_MISSING	F00-S02	NOT_EXECUTED
1912	fn:workspace:workspace_invite_page:011	lib/page/workspace/workspace_invite_page.dart	f67b2e82ed2f9c2e8179f2aa5acfca4acaa0627cac088e14c898a904b89bc9a0	ACCEPTANCE_TARGET_MISSING	F00-S02	NOT_EXECUTED
1913	fn:workspace:workspace_invite_page:012	lib/page/workspace/workspace_invite_page.dart	f67b2e82ed2f9c2e8179f2aa5acfca4acaa0627cac088e14c898a904b89bc9a0	ACCEPTANCE_TARGET_MISSING	F00-S02	NOT_EXECUTED
1914	fn:workspace:workspace_invite_page:013	lib/page/workspace/workspace_invite_page.dart	f67b2e82ed2f9c2e8179f2aa5acfca4acaa0627cac088e14c898a904b89bc9a0	ACCEPTANCE_TARGET_MISSING	F00-S02	NOT_EXECUTED
1915	fn:workspace:workspace_invite_page:014	lib/page/workspace/workspace_invite_page.dart	f67b2e82ed2f9c2e8179f2aa5acfca4acaa0627cac088e14c898a904b89bc9a0	ACCEPTANCE_TARGET_MISSING	F00-S02	NOT_EXECUTED
1916	fn:workspace:workspace_invite_page:015	lib/page/workspace/workspace_invite_page.dart	f67b2e82ed2f9c2e8179f2aa5acfca4acaa0627cac088e14c898a904b89bc9a0	ACCEPTANCE_TARGET_MISSING	F00-S02	NOT_EXECUTED
1917	fn:workspace:workspace_invite_page:016	lib/page/workspace/workspace_invite_page.dart	f67b2e82ed2f9c2e8179f2aa5acfca4acaa0627cac088e14c898a904b89bc9a0	ACCEPTANCE_TARGET_MISSING	F00-S02	NOT_EXECUTED
1918	fn:workspace:workspace_invite_page:017	lib/page/workspace/workspace_invite_page.dart	f67b2e82ed2f9c2e8179f2aa5acfca4acaa0627cac088e14c898a904b89bc9a0	ACCEPTANCE_TARGET_MISSING	F00-S02	NOT_EXECUTED
1919	fn:workspace:workspace_join_page:001	lib/page/workspace/workspace_join_page.dart	ecde9d4dd1a8f32a8acef86226eb83e3c0103b3c392321fc828be751cbe67bf5	ACCEPTANCE_TARGET_MISSING	F00-S02	NOT_EXECUTED
1920	fn:workspace:workspace_join_page:002	lib/page/workspace/workspace_join_page.dart	ecde9d4dd1a8f32a8acef86226eb83e3c0103b3c392321fc828be751cbe67bf5	ACCEPTANCE_TARGET_MISSING	F00-S02	NOT_EXECUTED
1921	fn:workspace:workspace_join_page:003	lib/page/workspace/workspace_join_page.dart	ecde9d4dd1a8f32a8acef86226eb83e3c0103b3c392321fc828be751cbe67bf5	ACCEPTANCE_TARGET_MISSING	F00-S02	NOT_EXECUTED
1922	fn:workspace:workspace_join_page:004	lib/page/workspace/workspace_join_page.dart	ecde9d4dd1a8f32a8acef86226eb83e3c0103b3c392321fc828be751cbe67bf5	ACCEPTANCE_TARGET_MISSING	F00-S02	NOT_EXECUTED
1923	fn:workspace:workspace_join_page:005	lib/page/workspace/workspace_join_page.dart	ecde9d4dd1a8f32a8acef86226eb83e3c0103b3c392321fc828be751cbe67bf5	ACCEPTANCE_TARGET_MISSING	F00-S02	NOT_EXECUTED
1924	fn:workspace:workspace_join_page:006	lib/page/workspace/workspace_join_page.dart	ecde9d4dd1a8f32a8acef86226eb83e3c0103b3c392321fc828be751cbe67bf5	ACCEPTANCE_TARGET_MISSING	F00-S02	NOT_EXECUTED
1925	fn:workspace:workspace_join_page:007	lib/page/workspace/workspace_join_page.dart	ecde9d4dd1a8f32a8acef86226eb83e3c0103b3c392321fc828be751cbe67bf5	ACCEPTANCE_TARGET_MISSING	F00-S02	NOT_EXECUTED
1926	fn:workspace:workspace_join_page:008	lib/page/workspace/workspace_join_page.dart	ecde9d4dd1a8f32a8acef86226eb83e3c0103b3c392321fc828be751cbe67bf5	ACCEPTANCE_TARGET_MISSING	F00-S02	NOT_EXECUTED
1927	fn:workspace:workspace_join_page:009	lib/page/workspace/workspace_join_page.dart	ecde9d4dd1a8f32a8acef86226eb83e3c0103b3c392321fc828be751cbe67bf5	ACCEPTANCE_TARGET_MISSING	F00-S02	NOT_EXECUTED
1928	fn:workspace:workspace_join_page:010	lib/page/workspace/workspace_join_page.dart	ecde9d4dd1a8f32a8acef86226eb83e3c0103b3c392321fc828be751cbe67bf5	ACCEPTANCE_TARGET_MISSING	F00-S02	NOT_EXECUTED
1929	fn:workspace:workspace_join_page:011	lib/page/workspace/workspace_join_page.dart	ecde9d4dd1a8f32a8acef86226eb83e3c0103b3c392321fc828be751cbe67bf5	ACCEPTANCE_TARGET_MISSING	F00-S02	NOT_EXECUTED
1930	fn:workspace:workspace_members_page:001	lib/page/workspace/workspace_members_page.dart	25af7883de79507334b49bfe0de2b4c4552422cd516ff1e4221b63554ae54e52	ACCEPTANCE_TARGET_MISSING	F00-S02	NOT_EXECUTED
1931	fn:workspace:workspace_members_page:002	lib/page/workspace/workspace_members_page.dart	25af7883de79507334b49bfe0de2b4c4552422cd516ff1e4221b63554ae54e52	ACCEPTANCE_TARGET_MISSING	F00-S02	NOT_EXECUTED
1932	fn:workspace:workspace_members_page:003	lib/page/workspace/workspace_members_page.dart	25af7883de79507334b49bfe0de2b4c4552422cd516ff1e4221b63554ae54e52	ACCEPTANCE_TARGET_MISSING	F00-S02	NOT_EXECUTED
1933	fn:workspace:workspace_members_page:004	lib/page/workspace/workspace_members_page.dart	25af7883de79507334b49bfe0de2b4c4552422cd516ff1e4221b63554ae54e52	ACCEPTANCE_TARGET_MISSING	F00-S02	NOT_EXECUTED
1934	fn:workspace:workspace_members_page:005	lib/page/workspace/workspace_members_page.dart	25af7883de79507334b49bfe0de2b4c4552422cd516ff1e4221b63554ae54e52	ACCEPTANCE_TARGET_MISSING	F00-S02	NOT_EXECUTED
1935	fn:workspace:workspace_members_page:006	lib/page/workspace/workspace_members_page.dart	25af7883de79507334b49bfe0de2b4c4552422cd516ff1e4221b63554ae54e52	ACCEPTANCE_TARGET_MISSING	F00-S02	NOT_EXECUTED
1936	fn:workspace:workspace_members_page:007	lib/page/workspace/workspace_members_page.dart	25af7883de79507334b49bfe0de2b4c4552422cd516ff1e4221b63554ae54e52	ACCEPTANCE_TARGET_MISSING	F00-S02	NOT_EXECUTED
1937	fn:workspace:workspace_members_page:008	lib/page/workspace/workspace_members_page.dart	25af7883de79507334b49bfe0de2b4c4552422cd516ff1e4221b63554ae54e52	ACCEPTANCE_TARGET_MISSING	F00-S02	NOT_EXECUTED
1938	fn:workspace:workspace_members_page:009	lib/page/workspace/workspace_members_page.dart	25af7883de79507334b49bfe0de2b4c4552422cd516ff1e4221b63554ae54e52	ACCEPTANCE_TARGET_MISSING	F00-S02	NOT_EXECUTED
1939	fn:workspace:workspace_members_page:010	lib/page/workspace/workspace_members_page.dart	25af7883de79507334b49bfe0de2b4c4552422cd516ff1e4221b63554ae54e52	ACCEPTANCE_TARGET_MISSING	F00-S02	NOT_EXECUTED
1940	fn:workspace:workspace_members_page:011	lib/page/workspace/workspace_members_page.dart	25af7883de79507334b49bfe0de2b4c4552422cd516ff1e4221b63554ae54e52	ACCEPTANCE_TARGET_MISSING	F00-S02	NOT_EXECUTED
1941	fn:workspace:workspace_members_page:012	lib/page/workspace/workspace_members_page.dart	25af7883de79507334b49bfe0de2b4c4552422cd516ff1e4221b63554ae54e52	ACCEPTANCE_TARGET_MISSING	F00-S02	NOT_EXECUTED
1942	fn:workspace:workspace_members_page:013	lib/page/workspace/workspace_members_page.dart	25af7883de79507334b49bfe0de2b4c4552422cd516ff1e4221b63554ae54e52	ACCEPTANCE_TARGET_MISSING	F00-S02	NOT_EXECUTED
1943	fn:workspace:workspace_overview_page:001	lib/page/workspace/workspace_overview_page.dart	7cff11cbf03636184bff786f98b722b1dbddf2cb9368d8abee44d8167b3e8ccb	ACCEPTANCE_TARGET_MISSING	F00-S02	NOT_EXECUTED
1944	fn:workspace:workspace_overview_page:002	lib/page/workspace/workspace_overview_page.dart	7cff11cbf03636184bff786f98b722b1dbddf2cb9368d8abee44d8167b3e8ccb	ACCEPTANCE_TARGET_MISSING	F00-S02	NOT_EXECUTED
1945	fn:workspace:workspace_overview_page:003	lib/page/workspace/workspace_overview_page.dart	7cff11cbf03636184bff786f98b722b1dbddf2cb9368d8abee44d8167b3e8ccb	ACCEPTANCE_TARGET_MISSING	F00-S02	NOT_EXECUTED
1946	fn:workspace:workspace_overview_page:004	lib/page/workspace/workspace_overview_page.dart	7cff11cbf03636184bff786f98b722b1dbddf2cb9368d8abee44d8167b3e8ccb	ACCEPTANCE_TARGET_MISSING	F00-S02	NOT_EXECUTED
1947	fn:workspace:workspace_overview_page:005	lib/page/workspace/workspace_overview_page.dart	7cff11cbf03636184bff786f98b722b1dbddf2cb9368d8abee44d8167b3e8ccb	ACCEPTANCE_TARGET_MISSING	F00-S02	NOT_EXECUTED
1948	fn:workspace:workspace_overview_page:006	lib/page/workspace/workspace_overview_page.dart	7cff11cbf03636184bff786f98b722b1dbddf2cb9368d8abee44d8167b3e8ccb	ACCEPTANCE_TARGET_MISSING	F00-S02	NOT_EXECUTED
1949	fn:workspace:workspace_overview_page:007	lib/page/workspace/workspace_overview_page.dart	7cff11cbf03636184bff786f98b722b1dbddf2cb9368d8abee44d8167b3e8ccb	ACCEPTANCE_TARGET_MISSING	F00-S02	NOT_EXECUTED
1950	fn:workspace:workspace_overview_page:008	lib/page/workspace/workspace_overview_page.dart	7cff11cbf03636184bff786f98b722b1dbddf2cb9368d8abee44d8167b3e8ccb	ACCEPTANCE_TARGET_MISSING	F00-S02	NOT_EXECUTED
1951	fn:workspace:workspace_overview_page:009	lib/page/workspace/workspace_overview_page.dart	7cff11cbf03636184bff786f98b722b1dbddf2cb9368d8abee44d8167b3e8ccb	ACCEPTANCE_TARGET_MISSING	F00-S02	NOT_EXECUTED
1952	fn:workspace:workspace_overview_page:010	lib/page/workspace/workspace_overview_page.dart	7cff11cbf03636184bff786f98b722b1dbddf2cb9368d8abee44d8167b3e8ccb	ACCEPTANCE_TARGET_MISSING	F00-S02	NOT_EXECUTED
1953	fn:workspace:workspace_overview_page:011	lib/page/workspace/workspace_overview_page.dart	7cff11cbf03636184bff786f98b722b1dbddf2cb9368d8abee44d8167b3e8ccb	ACCEPTANCE_TARGET_MISSING	F00-S02	NOT_EXECUTED
1954	fn:workspace:workspace_picker_page:001	lib/page/workspace/workspace_picker_page.dart	456044f6f1be4e363a584cf364101094c199448b2163acc5934c95418e2827a5	ACCEPTANCE_TARGET_MISSING	F00-S02	NOT_EXECUTED
1955	fn:workspace:workspace_picker_page:002	lib/page/workspace/workspace_picker_page.dart	456044f6f1be4e363a584cf364101094c199448b2163acc5934c95418e2827a5	ACCEPTANCE_TARGET_MISSING	F00-S02	NOT_EXECUTED
1956	fn:workspace:workspace_picker_page:003	lib/page/workspace/workspace_picker_page.dart	456044f6f1be4e363a584cf364101094c199448b2163acc5934c95418e2827a5	ACCEPTANCE_TARGET_MISSING	F00-S02	NOT_EXECUTED
1957	fn:workspace:workspace_picker_page:004	lib/page/workspace/workspace_picker_page.dart	456044f6f1be4e363a584cf364101094c199448b2163acc5934c95418e2827a5	ACCEPTANCE_TARGET_MISSING	F00-S02	NOT_EXECUTED
1958	fn:workspace:workspace_picker_page:005	lib/page/workspace/workspace_picker_page.dart	456044f6f1be4e363a584cf364101094c199448b2163acc5934c95418e2827a5	ACCEPTANCE_TARGET_MISSING	F00-S02	NOT_EXECUTED
1959	fn:workspace:workspace_picker_page:006	lib/page/workspace/workspace_picker_page.dart	456044f6f1be4e363a584cf364101094c199448b2163acc5934c95418e2827a5	ACCEPTANCE_TARGET_MISSING	F00-S02	NOT_EXECUTED
1960	fn:workspace:workspace_picker_page:007	lib/page/workspace/workspace_picker_page.dart	456044f6f1be4e363a584cf364101094c199448b2163acc5934c95418e2827a5	ACCEPTANCE_TARGET_MISSING	F00-S02	NOT_EXECUTED
1961	fn:workspace:workspace_picker_page:008	lib/page/workspace/workspace_picker_page.dart	456044f6f1be4e363a584cf364101094c199448b2163acc5934c95418e2827a5	ACCEPTANCE_TARGET_MISSING	F00-S02	NOT_EXECUTED
1962	fn:workspace:workspace_picker_page:009	lib/page/workspace/workspace_picker_page.dart	456044f6f1be4e363a584cf364101094c199448b2163acc5934c95418e2827a5	ACCEPTANCE_TARGET_MISSING	F00-S02	NOT_EXECUTED
1963	fn:workspace:workspace_picker_page:010	lib/page/workspace/workspace_picker_page.dart	456044f6f1be4e363a584cf364101094c199448b2163acc5934c95418e2827a5	ACCEPTANCE_TARGET_MISSING	F00-S02	NOT_EXECUTED
1964	fn:workspace:workspace_picker_page:011	lib/page/workspace/workspace_picker_page.dart	456044f6f1be4e363a584cf364101094c199448b2163acc5934c95418e2827a5	ACCEPTANCE_TARGET_MISSING	F00-S02	NOT_EXECUTED
1965	fn:workspace:workspace_projects_page:001	lib/page/workspace/workspace_projects_page.dart	62968067bb96aa6cc76a538e513c36aeb4bf982f32563690f54ed35c37cefdc7	ACCEPTANCE_TARGET_MISSING	F00-S02	NOT_EXECUTED
1966	fn:workspace:workspace_projects_page:002	lib/page/workspace/workspace_projects_page.dart	62968067bb96aa6cc76a538e513c36aeb4bf982f32563690f54ed35c37cefdc7	ACCEPTANCE_TARGET_MISSING	F00-S02	NOT_EXECUTED
1967	fn:workspace:workspace_projects_page:003	lib/page/workspace/workspace_projects_page.dart	62968067bb96aa6cc76a538e513c36aeb4bf982f32563690f54ed35c37cefdc7	ACCEPTANCE_TARGET_MISSING	F00-S02	NOT_EXECUTED
1968	fn:workspace:workspace_projects_page:004	lib/page/workspace/workspace_projects_page.dart	62968067bb96aa6cc76a538e513c36aeb4bf982f32563690f54ed35c37cefdc7	ACCEPTANCE_TARGET_MISSING	F00-S02	NOT_EXECUTED
1969	fn:workspace:workspace_projects_page:005	lib/page/workspace/workspace_projects_page.dart	62968067bb96aa6cc76a538e513c36aeb4bf982f32563690f54ed35c37cefdc7	ACCEPTANCE_TARGET_MISSING	F00-S02	NOT_EXECUTED
1970	fn:workspace:workspace_projects_page:006	lib/page/workspace/workspace_projects_page.dart	62968067bb96aa6cc76a538e513c36aeb4bf982f32563690f54ed35c37cefdc7	ACCEPTANCE_TARGET_MISSING	F00-S02	NOT_EXECUTED
1971	fn:workspace:workspace_projects_page:007	lib/page/workspace/workspace_projects_page.dart	62968067bb96aa6cc76a538e513c36aeb4bf982f32563690f54ed35c37cefdc7	ACCEPTANCE_TARGET_MISSING	F00-S02	NOT_EXECUTED
1972	fn:workspace:workspace_projects_page:008	lib/page/workspace/workspace_projects_page.dart	62968067bb96aa6cc76a538e513c36aeb4bf982f32563690f54ed35c37cefdc7	ACCEPTANCE_TARGET_MISSING	F00-S02	NOT_EXECUTED
1973	fn:workspace:workspace_projects_page:009	lib/page/workspace/workspace_projects_page.dart	62968067bb96aa6cc76a538e513c36aeb4bf982f32563690f54ed35c37cefdc7	ACCEPTANCE_TARGET_MISSING	F00-S02	NOT_EXECUTED
1974	fn:workspace:workspace_projects_page:010	lib/page/workspace/workspace_projects_page.dart	62968067bb96aa6cc76a538e513c36aeb4bf982f32563690f54ed35c37cefdc7	ACCEPTANCE_TARGET_MISSING	F00-S02	NOT_EXECUTED
1975	fn:workspace_shell:enterprise_shell_page:001	lib/page/workspace_shell/enterprise_shell_page.dart	930a8b74d49a9cffc5262907d8a11151f55430cc623e03c8f8dc19908b0832f3	ACCEPTANCE_ORACLE_PLACEHOLDER,ACCEPTANCE_TARGET_MISSING	F00-S02	NOT_EXECUTED
1976	fn:workspace_shell:enterprise_shell_page:002	lib/page/workspace_shell/enterprise_shell_page.dart	930a8b74d49a9cffc5262907d8a11151f55430cc623e03c8f8dc19908b0832f3	ACCEPTANCE_ORACLE_PLACEHOLDER,ACCEPTANCE_TARGET_MISSING	F00-S02	NOT_EXECUTED
1977	fn:workspace_shell:enterprise_shell_page:003	lib/page/workspace_shell/enterprise_shell_page.dart	930a8b74d49a9cffc5262907d8a11151f55430cc623e03c8f8dc19908b0832f3	ACCEPTANCE_ORACLE_PLACEHOLDER,ACCEPTANCE_TARGET_MISSING	F00-S02	NOT_EXECUTED
1978	fn:workspace_shell:workspace_shell_page:001	lib/page/workspace_shell/workspace_shell_page.dart	b1bab46f6d29ccd2ed006cdc77c4f28c17ca3d5fc7a243fde589c72952389ec3	ACCEPTANCE_ORACLE_PLACEHOLDER,ACCEPTANCE_TARGET_MISSING	F00-S02	NOT_EXECUTED
