00:00 +0: loading /Users/leeyi/project/imboy.pub/imboyapp/test/unit_test/service/e2ee/inbound_ack_ordering_test.dart
00:00 +0: /Users/leeyi/project/imboy.pub/imboyapp/test/unit_test/service/e2ee/inbound_ack_ordering_test.dart: action 处理成功后才发送 transport ACK
🔍 [RETRY_SCAN] 开始扫描失败消息...
📥 [processMessage] type=C2C, msgId=action-success-001, from=unknown, to=unknown
🔄 处理action消息: action=future-compatible-action, msgId=action-success-001, type=C2C
⚠️ [handleActionMessage] 未知的action类型: future-compatible-action
✅ [ACK_MANAGER] AckManager initialized
📤 [ACK_MANAGER] 发送ACK: msgId=action-success-001, type=C2C, retryCount=0
🧹 [QUEUE] 启动定期清理 Timer
✅ [ACK_MANAGER] ACK发送成功: msgId=action-success-001, retryCount=0
📊 [RETRY_SCAN] 扫描完成: 发现 0 条失败消息，添加 0 条到重试队列
🗑️ [ACK_MANAGER] 已取消所有 Timer
00:00 +1: /Users/leeyi/project/imboy.pub/imboyapp/test/unit_test/service/e2ee/inbound_ack_ordering_test.dart: action 持久化失败不得发送 transport ACK
📥 [processMessage] type=C2C, msgId=action-failure-001, from=peer-1, to=unknown
🔄 处理action消息: action=message_reaction, msgId=action-failure-001, type=C2C
❌ [_handleReactionAction] 处理消息表情失败: StateError
❌ [handleActionMessage] 处理action消息异常: action=message_reaction, error=StateError
✅ [ACK_MANAGER] AckManager initialized
🗑️ [ACK_MANAGER] 已取消所有 Timer
00:00 +2: /Users/leeyi/project/imboy.pub/imboyapp/test/unit_test/service/e2ee/group_revocation_semantics_test.dart: (setUpAll)
00:00 +2: /Users/leeyi/project/imboy.pub/imboyapp/test/unit_test/service/e2ee/group_revocation_semantics_test.dart: AC-17 场景1：撤销与发送/分发并发 → 下一条消息 rotate 且旧设备出局 stale 后发送必须 rotate，被踢设备不在新 room key，旧 inbound 解不开新密文
*** Request ***
uri: http://127.0.0.1:9800/api/v1/e2ee/group_history_grant?gid=9201&session_id=QeC3q%2FAdC28AaGPqizrjDtR9imb6UmpElv1Fuw2kpu4
method: GET
responseType: ResponseType.json
followRedirects: true
persistentConnection: true
connectTimeout: 0:01:00.000000
sendTimeout: 0:01:00.000000
receiveTimeout: 0:01:00.000000
transformTimeout: null
receiveDataWhenStatusError: true
extra: {}

*** Response ***
uri: http://127.0.0.1:9800/api/v1/e2ee/group_history_grant?gid=9201&session_id=QeC3q%2FAdC28AaGPqizrjDtR9imb6UmpElv1Fuw2kpu4

[group_session] history grant unavailable scope=9201 error=BadRequestException
[group_session] rotate scope=9201 session=QeC3q/AdC28AaGPqizrjDtR9imb6UmpElv1Fuw2kpu4 devices=3
*** Request ***
uri: http://127.0.0.1:9800/api/v1/e2ee/group_history_grant?gid=9201&session_id=%2Fe%2FPAsQ6jgC8A9xMXNbP9gg5edhD0H2OEY8buIxrynk
method: GET
responseType: ResponseType.json
followRedirects: true
persistentConnection: true
connectTimeout: 0:01:00.000000
sendTimeout: 0:01:00.000000
receiveTimeout: 0:01:00.000000
transformTimeout: null
receiveDataWhenStatusError: true
extra: {}

*** Response ***
uri: http://127.0.0.1:9800/api/v1/e2ee/group_history_grant?gid=9201&session_id=%2Fe%2FPAsQ6jgC8A9xMXNbP9gg5edhD0H2OEY8buIxrynk

[group_session] history grant unavailable scope=9201 error=BadRequestException
[group_session] rotate scope=9201 session=/e/PAsQ6jgC8A9xMXNbP9gg5edhD0H2OEY8buIxrynk devices=2
00:00 +3: /Users/leeyi/project/imboy.pub/imboyapp/test/unit_test/service/e2ee/group_revocation_semantics_test.dart: AC-17 场景2：漏 S2C → 策略兜底后下一次发送前强制校验并 rotate 漏收 leave 时不误 rotate（缓存内），markGroupStale 兜底后强刷快照 rotate
*** Request ***
uri: http://127.0.0.1:9800/api/v1/e2ee/group_history_grant?gid=9202&session_id=qMWTdm7klS7pB9d0VwQCrZdwYmmne2qQrx5mmUud10A
method: GET
responseType: ResponseType.json
followRedirects: true
persistentConnection: true
connectTimeout: 0:01:00.000000
sendTimeout: 0:01:00.000000
receiveTimeout: 0:01:00.000000
transformTimeout: null
receiveDataWhenStatusError: true
extra: {}

*** Response ***
uri: http://127.0.0.1:9800/api/v1/e2ee/group_history_grant?gid=9202&session_id=qMWTdm7klS7pB9d0VwQCrZdwYmmne2qQrx5mmUud10A

[group_session] history grant unavailable scope=9202 error=BadRequestException
[group_session] rotate scope=9202 session=qMWTdm7klS7pB9d0VwQCrZdwYmmne2qQrx5mmUud10A devices=3
*** Request ***
uri: http://127.0.0.1:9800/api/v1/e2ee/group_history_grant?gid=9202&session_id=2s2qxpdTVhAqaWvfIEuYb2YJHVlNPUmX5yw9TG0cCKA
method: GET
responseType: ResponseType.json
followRedirects: true
persistentConnection: true
connectTimeout: 0:01:00.000000
sendTimeout: 0:01:00.000000
receiveTimeout: 0:01:00.000000
transformTimeout: null
receiveDataWhenStatusError: true
extra: {}

*** Response ***
uri: http://127.0.0.1:9800/api/v1/e2ee/group_history_grant?gid=9202&session_id=2s2qxpdTVhAqaWvfIEuYb2YJHVlNPUmX5yw9TG0cCKA

[group_session] history grant unavailable scope=9202 error=BadRequestException
[group_session] rotate scope=9202 session=2s2qxpdTVhAqaWvfIEuYb2YJHVlNPUmX5yw9TG0cCKA devices=2
00:00 +4: /Users/leeyi/project/imboy.pub/imboyapp/test/unit_test/service/e2ee/group_revocation_semantics_test.dart: AC-17 场景3：离线旧会话 → 本地旧 room key 不得解密轮换后消息 无新 key fail-closed + 旧 inbound 被拒 + 恢复授权区间不放行撤销后消息
*** Request ***
uri: http://127.0.0.1:9800/api/v1/e2ee/group_history_grant?gid=9203&session_id=5KvB02uAgOGUB%2B%2BW8kAW%2B5H8Y6T6nhZt7avvVUlGH5A
method: GET
responseType: ResponseType.json
followRedirects: true
persistentConnection: true
connectTimeout: 0:01:00.000000
sendTimeout: 0:01:00.000000
receiveTimeout: 0:01:00.000000
transformTimeout: null
receiveDataWhenStatusError: true
extra: {}

*** Response ***
uri: http://127.0.0.1:9800/api/v1/e2ee/group_history_grant?gid=9203&session_id=5KvB02uAgOGUB%2B%2BW8kAW%2B5H8Y6T6nhZt7avvVUlGH5A

[group_session] history grant unavailable scope=9203 error=BadRequestException
[group_session] rotate scope=9203 session=5KvB02uAgOGUB++W8kAW+5H8Y6T6nhZt7avvVUlGH5A devices=3
*** Request ***
uri: http://127.0.0.1:9800/api/v1/e2ee/group_history_grant?gid=9203&session_id=hiIHyI2Uxwub0fACqsK86KSs%2Fg%2BMClVkg%2FjkiySbbJs
method: GET
responseType: ResponseType.json
followRedirects: true
persistentConnection: true
connectTimeout: 0:01:00.000000
sendTimeout: 0:01:00.000000
receiveTimeout: 0:01:00.000000
transformTimeout: null
receiveDataWhenStatusError: true
extra: {}

*** Response ***
uri: http://127.0.0.1:9800/api/v1/e2ee/group_history_grant?gid=9203&session_id=hiIHyI2Uxwub0fACqsK86KSs%2Fg%2BMClVkg%2FjkiySbbJs

[group_session] history grant unavailable scope=9203 error=BadRequestException
[group_session] rotate scope=9203 session=hiIHyI2Uxwub0fACqsK86KSs/g+MClVkg/jkiySbbJs devices=2
00:00 +5: /Users/leeyi/project/imboy.pub/imboyapp/test/unit_test/service/e2ee/group_revocation_semantics_test.dart: AC-17 场景4：重连后旧 recipient → 误投 room key 必须过权威 grant 验证 grant denied 时拒存 room key，被踢设备重连后仍无法解密
[group_session] history grant unavailable scope=9204 error=StateError
[38;5;196m┌───────────────────────────────────────────────────────────────────────────────────────────────────────────────────────[0m
[38;5;196m│ #0   AppLogger.error (package:imboy/service/app_logger.dart:115:18)[0m
[38;5;196m│ #1   GroupSessionService.handleRoomKeyMessage (package:imboy/service/group_session_service.dart:523:21)[0m
[38;5;196m├┄┄┄┄┄┄┄┄┄┄┄┄┄┄┄┄┄┄┄┄┄┄┄┄┄┄┄┄┄┄┄┄┄┄┄┄┄┄┄┄┄┄┄┄┄┄┄┄┄┄┄┄┄┄┄┄┄┄┄┄┄┄┄┄┄┄┄┄┄┄┄┄┄┄┄┄┄┄┄┄┄┄┄┄┄┄┄┄┄┄┄┄┄┄┄┄┄┄┄┄┄┄┄┄┄┄┄┄┄┄┄┄┄┄┄┄┄┄┄[0m
[38;5;196m│ ⛔ [group_session] 权威 grant 验证失败，拒存群 room key scope=9204 session=6WUp+11yCUjbEftYpGCbnOHlCviJ9WwGjpU5/7ZFm/k[0m
[38;5;196m└───────────────────────────────────────────────────────────────────────────────────────────────────────────────────────[0m
00:00 +6: /Users/leeyi/project/imboy.pub/imboyapp/test/unit_test/service/e2ee/group_revocation_semantics_test.dart: AC-17 场景4：重连后旧 recipient → 误投 room key 必须过权威 grant 验证 合法成员 grant 通过时 room key 正常落地（对照组，不误伤）
[group_session] 收到 room key scope=9205 session=KUEL9GNHXXqR4hxCWs5kz2fpiOizqbLORjpu6TVLId4
00:00 +7: /Users/leeyi/project/imboy.pub/imboyapp/test/unit_test/service/e2ee/group_revocation_semantics_test.dart: AC-17 C2G 固定套件门（C07 enforcePeerSupportsRequired scope:c2g） 全部 recipient 具备 Olm 身份 → 通过（不抛、不计数）
00:00 +8: /Users/leeyi/project/imboy.pub/imboyapp/test/unit_test/service/e2ee/group_revocation_semantics_test.dart: AC-17 C2G 固定套件门（C07 enforcePeerSupportsRequired scope:c2g） 任一设备无 Olm 身份（旧端仅 RSA）→ 拒发 + 计数，不降级
[group_session][AC-17] C2G 套件门拒发：设备不支持 Megolm 套件 gid=9207 did=legacy_did uid=1002
00:00 +9: /Users/leeyi/project/imboy.pub/imboyapp/test/unit_test/service/e2ee/group_revocation_semantics_test.dart: AC-17 C2G 固定套件门（C07 enforcePeerSupportsRequired scope:c2g） 服务端能力列表查询失败（空表语义）→ 全部设备视为不支持 → 拒发
[group_session][AC-17] C2G 套件门拒发：设备不支持 Megolm 套件 gid=9208 did=did_a uid=1001
00:00 +10: /Users/leeyi/project/imboy.pub/imboyapp/test/unit_test/service/e2ee/group_revocation_semantics_test.dart: AC-17 C2G 固定套件门（C07 enforcePeerSupportsRequired scope:c2g） 设备归属未知（didToUid 无映射）→ fail-closed 拒发，不猜测
[group_session][AC-17] C2G 套件门拒发：设备归属未知 gid=9209 did=orphan_did（能力未知 = 不支持，不猜测）
00:00 +11: /Users/leeyi/project/imboy.pub/imboyapp/test/unit_test/service/e2ee/group_revocation_semantics_test.dart: AC-17 C2G 固定套件门（C07 enforcePeerSupportsRequired scope:c2g） 无远端 recipient（单人自持会话）→ 直接通过
00:00 +12: /Users/leeyi/project/imboy.pub/imboyapp/test/unit_test/service/e2ee/group_revocation_semantics_test.dart: AC-17 C2G 固定套件门（C07 enforcePeerSupportsRequired scope:c2g） 发送链集成：群成员设备不支持 Megolm → encryptGroupMessage 显式失败
[group_session][AC-17] C2G 套件门拒发：设备不支持 Megolm 套件 gid=9211 did=legacy_did uid=uid_legacy_did
00:00 +13: /Users/leeyi/project/imboy.pub/imboyapp/test/unit_test/service/e2ee/group_revocation_semantics_test.dart: AC-18 伪造负例：room key / grant 篡改全部拒绝 伪造 session_id（payload 声明与密钥实际 session 不一致）→ 丢弃
[38;5;196m┌───────────────────────────────────────────────────────────────────────────────────────────────────────────────────────[0m
[38;5;196m│ #0   AppLogger.error (package:imboy/service/app_logger.dart:115:18)[0m
[38;5;196m│ #1   GroupSessionService.handleRoomKeyMessage (package:imboy/service/group_session_service.dart:507:19)[0m
[38;5;196m├┄┄┄┄┄┄┄┄┄┄┄┄┄┄┄┄┄┄┄┄┄┄┄┄┄┄┄┄┄┄┄┄┄┄┄┄┄┄┄┄┄┄┄┄┄┄┄┄┄┄┄┄┄┄┄┄┄┄┄┄┄┄┄┄┄┄┄┄┄┄┄┄┄┄┄┄┄┄┄┄┄┄┄┄┄┄┄┄┄┄┄┄┄┄┄┄┄┄┄┄┄┄┄┄┄┄┄┄┄┄┄┄┄┄┄┄┄┄┄[0m
[38;5;196m│ ⛔ [group_session] session_id 不匹配，丢弃 scope=9212[0m
[38;5;196m└───────────────────────────────────────────────────────────────────────────────────────────────────────────────────────[0m
00:00 +14: /Users/leeyi/project/imboy.pub/imboyapp/test/unit_test/service/e2ee/group_revocation_semantics_test.dart: AC-18 伪造负例：room key / grant 篡改全部拒绝 伪造恢复 grant（epoch/scope/version/source 篡改）→ parse 失败 → 解密 fail-closed
00:00 +15: /Users/leeyi/project/imboy.pub/imboyapp/test/unit_test/service/e2ee/group_revocation_semantics_test.dart: AC-18 伪造负例：room key / grant 篡改全部拒绝 跨 generation 重放：恢复 grant 世代与服务器当前世代不一致 → 拒绝
00:00 +16: /Users/leeyi/project/imboy.pub/imboyapp/test/unit_test/service/e2ee/group_revocation_semantics_test.dart: (tearDownAll)
00:00 +16: /Users/leeyi/project/imboy.pub/imboyapp/test/unit_test/service/e2ee/e2ee_protocol_test.dart: ProtocolSuite.fromMetadata — 兼容矩阵（ADR 02 §3.2 冻结） v1 OLM.V1 → olm
00:00 +17: /Users/leeyi/project/imboy.pub/imboyapp/test/unit_test/service/e2ee/e2ee_protocol_test.dart: ProtocolSuite.fromMetadata — 兼容矩阵（ADR 02 §3.2 冻结） v1 MEGOLM.V1 → megolm
00:00 +18: /Users/leeyi/project/imboy.pub/imboyapp/test/unit_test/service/e2ee/e2ee_protocol_test.dart: ProtocolSuite.fromMetadata — 兼容矩阵（ADR 02 §3.2 冻结） v1 RSA-OAEP-256+AES-256-GCM → rsa-oaep
00:00 +19: /Users/leeyi/project/imboy.pub/imboyapp/test/unit_test/service/e2ee/e2ee_protocol_test.dart: ProtocolSuite.fromMetadata — 兼容矩阵（ADR 02 §3.2 冻结） v2 三元组 protocol=olm version=1 → olm
00:00 +20: /Users/leeyi/project/imboy.pub/imboyapp/test/unit_test/service/e2ee/e2ee_protocol_test.dart: ProtocolSuite.fromMetadata — 兼容矩阵（ADR 02 §3.2 冻结） v2 优先于 v1（双写时取 protocol 三元组）
00:00 +21: /Users/leeyi/project/imboy.pub/imboyapp/test/unit_test/service/e2ee/e2ee_protocol_test.dart: ProtocolSuite.fromMetadata — 兼容矩阵（ADR 02 §3.2 冻结） 未知 e2ee_suite 抛 FormatException（不静默 fallback）
00:00 +22: /Users/leeyi/project/imboy.pub/imboyapp/test/unit_test/service/e2ee/e2ee_protocol_test.dart: ProtocolSuite — 三元组语义 wire 格式 PROTOCOL.VERSION
00:00 +23: /Users/leeyi/project/imboy.pub/imboyapp/test/unit_test/service/e2ee/e2ee_protocol_test.dart: ProtocolSuite — 三元组语义 legacyWire 双写兼容旧客户端（OLM.V1 等）
00:00 +24: /Users/leeyi/project/imboy.pub/imboyapp/test/unit_test/service/e2ee/e2ee_protocol_test.dart: ProtocolSuite — 三元组语义 == / hashCode 基于三元组
00:00 +25: /Users/leeyi/project/imboy.pub/imboyapp/test/unit_test/service/e2ee/e2ee_protocol_test.dart: ProtocolSuite — 三元组语义 mls 占位 version=0 reserved
00:00 +26: /Users/leeyi/project/imboy.pub/imboyapp/test/unit_test/service/e2ee/e2ee_protocol_test.dart: E2eeProtocolRegistry（ADR 02 §9.1 T-02-01..05） T-02-02: 同名 protocol 重复 register 抛 StateError
00:00 +27: /Users/leeyi/project/imboy.pub/imboyapp/test/unit_test/service/e2ee/e2ee_protocol_test.dart: E2eeProtocolRegistry（ADR 02 §9.1 T-02-01..05） T-02-01: resolve 对 3 种 legacy 字符串 + v2 三元组返回正确 impl
00:00 +28: /Users/leeyi/project/imboy.pub/imboyapp/test/unit_test/service/e2ee/e2ee_protocol_test.dart: E2eeProtocolRegistry（ADR 02 §9.1 T-02-01..05） T-02-03: resolve 未注册 protocol 抛 StateError（不静默 fallback）
00:00 +29: /Users/leeyi/project/imboy.pub/imboyapp/test/unit_test/service/e2ee/e2ee_protocol_test.dart: E2eeProtocolRegistry（ADR 02 §9.1 T-02-01..05） T-02-04: all() = 已 register 集合（未注册的 MLS 不出现）
00:00 +30: /Users/leeyi/project/imboy.pub/imboyapp/test/unit_test/service/e2ee/e2ee_protocol_test.dart: E2eeProtocolRegistry（ADR 02 §9.1 T-02-01..05） T-02-05: 新增 FakeProtocol(suite=fake) 后业务层可路由，无需改路由逻辑
00:01 +31: /Users/leeyi/project/imboy.pub/imboyapp/test/unit_test/service/e2ee/db_key_fail_closed_test.dart: read 抛异常（Keychain 不可用）：getOrCreateKey fail-closed 向上抛
00:01 +32: /Users/leeyi/project/imboy.pub/imboyapp/test/unit_test/service/e2ee/db_key_fail_closed_test.dart: key 缺失且 write 失败：不得返回未持久化的新 key
00:01 +33: /Users/leeyi/project/imboy.pub/imboyapp/test/unit_test/service/e2ee/db_key_fail_closed_test.dart: 正常路径：生成 256-bit hex key 并可读回
00:01 +34: /Users/leeyi/project/imboy.pub/imboyapp/test/unit_test/service/e2ee/db_key_fail_closed_test.dart: key 为空串时视为缺失并重新生成（不留空密码口子）
00:01 +35: /Users/leeyi/project/imboy.pub/imboyapp/test/unit_test/service/e2ee/db_key_fail_closed_test.dart: hasKey 在存储异常时向上抛（不静默报 false）
00:01 +36: /Users/leeyi/project/imboy.pub/imboyapp/test/unit_test/service/e2ee/db_key_fail_closed_test.dart: sqlite.dart：getOrCreateKey 调用无 catch 降级为空密码
00:01 +37: /Users/leeyi/project/imboy.pub/imboyapp/test/unit_test/service/e2ee/db_key_fail_closed_test.dart: openEncryptedDatabase：加密平台不静默丢弃密码
00:01 +38: /Users/leeyi/project/imboy.pub/imboyapp/test/unit_test/service/e2ee/retry_downgrade_guard_test.dart: isDowngradedCipherRetryBlocked（AC-06 重试防降级） 加密必需 + C2C 行套件为 olm → 放行
00:01 +39: /Users/leeyi/project/imboy.pub/imboyapp/test/unit_test/service/e2ee/retry_downgrade_guard_test.dart: isDowngradedCipherRetryBlocked（AC-06 重试防降级） 加密必需 + C2C 行套件为 RSA legacy（e2ee_ver 1 wire）→ 拦截
00:01 +40: /Users/leeyi/project/imboy.pub/imboyapp/test/unit_test/service/e2ee/retry_downgrade_guard_test.dart: isDowngradedCipherRetryBlocked（AC-06 重试防降级） 加密必需 + C2G 行套件为 megolm → 放行
00:01 +41: /Users/leeyi/project/imboy.pub/imboyapp/test/unit_test/service/e2ee/retry_downgrade_guard_test.dart: isDowngradedCipherRetryBlocked（AC-06 重试防降级） 加密必需 + C2G 行套件为 olm（scope 错配）→ 拦截
00:01 +42: /Users/leeyi/project/imboy.pub/imboyapp/test/unit_test/service/e2ee/retry_downgrade_guard_test.dart: isDowngradedCipherRetryBlocked（AC-06 重试防降级） 加密必需 + 元数据无法判读套件（protocol/e2ee_suite 均缺）→ fail-closed 拦截
00:01 +43: /Users/leeyi/project/imboy.pub/imboyapp/test/unit_test/service/e2ee/retry_downgrade_guard_test.dart: isDowngradedCipherRetryBlocked（AC-06 重试防降级） 策略不要求加密（明文部署）→ 不拦密文行（降级判定只在加密必需下生效）
00:01 +44: /Users/leeyi/project/imboy.pub/imboyapp/test/unit_test/service/e2ee/retry_downgrade_guard_test.dart: isDowngradedCipherRetryBlocked（AC-06 重试防降级） e2ee 为空/null → 不属于本闸门（由明文闸门处理）
00:01 +45: /Users/leeyi/project/imboy.pub/imboyapp/test/unit_test/service/e2ee/retry_downgrade_guard_test.dart: isDowngradedCipherRetryBlocked（AC-06 重试防降级） v2 双写形态（protocol 三元组 + legacy e2ee_suite）优先按 protocol 判读
00:01 +46: /Users/leeyi/project/imboy.pub/imboyapp/test/unit_test/service/e2ee/v3_receive_path_e2e_test.dart: (setUpAll)
00:01 +46: /Users/leeyi/project/imboy.pub/imboyapp/test/unit_test/service/e2ee/v3_receive_path_e2e_test.dart: PFv3 接收侧接线 v3 fan-out 消息必须被识别并解出明文
00:01 +47: /Users/leeyi/project/imboy.pub/imboyapp/test/unit_test/service/e2ee/v3_receive_path_e2e_test.dart: PFv3 接收侧接线 已完成同帧可幂等确认，同 ID 篡改密文必须拒绝
*** sqflite warning ***

You are changing sqflite default factory.
Be aware of the potential side effects. Any library using sqflite
will have this factory as the default for all operations.

*** sqflite warning ***

00:01 +48: /Users/leeyi/project/imboy.pub/imboyapp/test/unit_test/service/e2ee/v3_receive_path_e2e_test.dart: PFv3 接收侧接线 非 v3 信封必须返回 null，交回 v1/v2 路径处理
*** sqflite warning ***

You are changing sqflite default factory.
Be aware of the potential side effects. Any library using sqflite
will have this factory as the default for all operations.

*** sqflite warning ***

00:01 +49: /Users/leeyi/project/imboy.pub/imboyapp/test/unit_test/service/e2ee/v3_receive_path_e2e_test.dart: PFv3 接收侧接线 无 e2ee 的明文消息必须返回 null
*** sqflite warning ***

You are changing sqflite default factory.
Be aware of the potential side effects. Any library using sqflite
will have this factory as the default for all operations.

*** sqflite warning ***

00:01 +50: /Users/leeyi/project/imboy.pub/imboyapp/test/unit_test/service/e2ee/v3_receive_path_e2e_test.dart: PFv3 接收侧接线 v3 信封损坏时必须返回失败分类，而不是 null 或静默丢弃
*** sqflite warning ***

You are changing sqflite default factory.
Be aware of the potential side effects. Any library using sqflite
will have this factory as the default for all operations.

*** sqflite warning ***

00:01 +51: /Users/leeyi/project/imboy.pub/imboyapp/test/unit_test/service/e2ee/v3_receive_path_e2e_test.dart: PFv3 接收侧接线 C2G Megolm v2 扁平 metadata 必须走 Megolm 入站路由
*** sqflite warning ***

You are changing sqflite default factory.
Be aware of the potential side effects. Any library using sqflite
will have this factory as the default for all operations.

*** sqflite warning ***

00:01 +52: /Users/leeyi/project/imboy.pub/imboyapp/test/unit_test/service/e2ee/v3_receive_path_e2e_test.dart: PFv3 失败行自愈重试 含 _e2ee_raw 的 v3 失败行重试必须解出明文（修复前恒跳过）
*** sqflite warning ***

You are changing sqflite default factory.
Be aware of the potential side effects. Any library using sqflite
will have this factory as the default for all operations.

*** sqflite warning ***

✅ [E2EE] v3 重试解密成功
00:01 +53: /Users/leeyi/project/imboy.pub/imboyapp/test/unit_test/service/e2ee/v3_receive_path_e2e_test.dart: PFv3 失败行自愈重试 密文损坏时 v3 重试必须保持失败占位（幂等失败语义）
*** sqflite warning ***

You are changing sqflite default factory.
Be aware of the potential side effects. Any library using sqflite
will have this factory as the default for all operations.

*** sqflite warning ***

❌ [E2EE] v3 重试解密失败
00:02 +54: /Users/leeyi/project/imboy.pub/imboyapp/test/unit_test/service/e2ee/v3_receive_path_e2e_test.dart: (tearDownAll)
00:02 +54: /Users/leeyi/project/imboy.pub/imboyapp/test/unit_test/service/e2ee/protected_frame_v3_roundtrip_test.dart: (setUpAll)
00:02 +54: /Users/leeyi/project/imboy.pub/imboyapp/test/unit_test/service/e2ee/protected_frame_v3_roundtrip_test.dart: ProtectedFrameV3 roundtrip 正向 roundtrip：payload 完整恢复
00:02 +55: /Users/leeyi/project/imboy.pub/imboyapp/test/unit_test/service/e2ee/protected_frame_v3_roundtrip_test.dart: ProtectedFrameV3 roundtrip 篡改 header_hash → _e2ee_failed
*** sqflite warning ***

You are changing sqflite default factory.
Be aware of the potential side effects. Any library using sqflite
will have this factory as the default for all operations.

*** sqflite warning ***

00:02 +56: /Users/leeyi/project/imboy.pub/imboyapp/test/unit_test/service/e2ee/protected_frame_v3_roundtrip_test.dart: ProtectedFrameV3 roundtrip 篡改 ciphertext → _e2ee_failed（inner_frame 解析失败）
*** sqflite warning ***

You are changing sqflite default factory.
Be aware of the potential side effects. Any library using sqflite
will have this factory as the default for all operations.

*** sqflite warning ***

00:02 +57: /Users/leeyi/project/imboy.pub/imboyapp/test/unit_test/service/e2ee/protected_frame_v3_roundtrip_test.dart: ProtectedFrameV3 roundtrip meta_version != 3 走旧路径（不进入 v3）
*** sqflite warning ***

You are changing sqflite default factory.
Be aware of the potential side effects. Any library using sqflite
will have this factory as the default for all operations.

*** sqflite warning ***

00:02 +58: /Users/leeyi/project/imboy.pub/imboyapp/test/unit_test/service/e2ee/protected_frame_v3_roundtrip_test.dart: ProtectedFrameV3 roundtrip 非加密消息（e2ee=null）直接透传
*** sqflite warning ***

You are changing sqflite default factory.
Be aware of the potential side effects. Any library using sqflite
will have this factory as the default for all operations.

*** sqflite warning ***

00:02 +59: /Users/leeyi/project/imboy.pub/imboyapp/test/unit_test/service/e2ee/protected_frame_v3_roundtrip_test.dart: ProtectedFrameV3 roundtrip E2EE-012 Context Binding Guard (Systematic Tampering) 篡改 transport id -> 拒绝
*** sqflite warning ***

You are changing sqflite default factory.
Be aware of the potential side effects. Any library using sqflite
will have this factory as the default for all operations.

*** sqflite warning ***

00:02 +60: /Users/leeyi/project/imboy.pub/imboyapp/test/unit_test/service/e2ee/protected_frame_v3_roundtrip_test.dart: ProtectedFrameV3 roundtrip E2EE-012 Context Binding Guard (Systematic Tampering) 篡改 transport from -> 拒绝
*** sqflite warning ***

You are changing sqflite default factory.
Be aware of the potential side effects. Any library using sqflite
will have this factory as the default for all operations.

*** sqflite warning ***

00:02 +61: /Users/leeyi/project/imboy.pub/imboyapp/test/unit_test/service/e2ee/protected_frame_v3_roundtrip_test.dart: ProtectedFrameV3 roundtrip E2EE-012 Context Binding Guard (Systematic Tampering) 篡改 transport to -> 拒绝
*** sqflite warning ***

You are changing sqflite default factory.
Be aware of the potential side effects. Any library using sqflite
will have this factory as the default for all operations.

*** sqflite warning ***

00:02 +62: /Users/leeyi/project/imboy.pub/imboyapp/test/unit_test/service/e2ee/protected_frame_v3_roundtrip_test.dart: ProtectedFrameV3 roundtrip E2EE-012 Context Binding Guard (Systematic Tampering) 篡改 transport type -> 拒绝
*** sqflite warning ***

You are changing sqflite default factory.
Be aware of the potential side effects. Any library using sqflite
will have this factory as the default for all operations.

*** sqflite warning ***

00:02 +63: /Users/leeyi/project/imboy.pub/imboyapp/test/unit_test/service/e2ee/protected_frame_v3_roundtrip_test.dart: ProtectedFrameV3 roundtrip E2EE-012 Context Binding Guard (Systematic Tampering) 篡改 transport msg_type -> 拒绝
*** sqflite warning ***

You are changing sqflite default factory.
Be aware of the potential side effects. Any library using sqflite
will have this factory as the default for all operations.

*** sqflite warning ***

00:02 +64: /Users/leeyi/project/imboy.pub/imboyapp/test/unit_test/service/e2ee/protected_frame_v3_roundtrip_test.dart: ProtectedFrameV3 roundtrip E2EE-012 Context Binding Guard (Systematic Tampering) 篡改 transport sender_did -> 拒绝
*** sqflite warning ***

You are changing sqflite default factory.
Be aware of the potential side effects. Any library using sqflite
will have this factory as the default for all operations.

*** sqflite warning ***

00:02 +65: /Users/leeyi/project/imboy.pub/imboyapp/test/unit_test/service/e2ee/protected_frame_v3_roundtrip_test.dart: ProtectedFrameV3 roundtrip E2EE-012 Context Binding Guard (Systematic Tampering) 篡改 transport session_id -> 拒绝
*** sqflite warning ***

You are changing sqflite default factory.
Be aware of the potential side effects. Any library using sqflite
will have this factory as the default for all operations.

*** sqflite warning ***

00:02 +66: /Users/leeyi/project/imboy.pub/imboyapp/test/unit_test/service/e2ee/protected_frame_v3_roundtrip_test.dart: (tearDownAll)
00:02 +66: /Users/leeyi/project/imboy.pub/imboyapp/test/unit_test/service/e2ee/attachment_forward_test.dart: 1. decide 纯判定矩阵 源不带 content key（纯文本/明文附件）→ 照旧原样转发
00:02 +67: /Users/leeyi/project/imboy.pub/imboyapp/test/unit_test/service/e2ee/attachment_forward_test.dart: 1. decide 纯判定矩阵 带 key + 目标加密 + 源三元组完整 → 重封装
00:02 +68: /Users/leeyi/project/imboy.pub/imboyapp/test/unit_test/service/e2ee/attachment_forward_test.dart: 1. decide 纯判定矩阵 带 key + 目标 payload 不加密（AI 域已确认豁免 / 全局 plaintext）→ 拒绝
00:02 +69: /Users/leeyi/project/imboy.pub/imboyapp/test/unit_test/service/e2ee/attachment_forward_test.dart: 1. decide 纯判定矩阵 带 key + 源绑定输入推不出（uk3 前缀非标）→ fail-closed 拒绝
00:02 +70: /Users/leeyi/project/imboy.pub/imboyapp/test/unit_test/service/e2ee/attachment_forward_test.dart: 2. C2C→C2C 加密会话转发全链 (setUpAll)
00:02 +70: /Users/leeyi/project/imboy.pub/imboyapp/test/unit_test/service/e2ee/attachment_forward_test.dart: 2. C2C→C2C 加密会话转发全链 接收方（目标会话）可打开，内容与原件逐字节一致
00:02 +71: /Users/leeyi/project/imboy.pub/imboyapp/test/unit_test/service/e2ee/attachment_forward_test.dart: 2. C2C→C2C 加密会话转发全链 新 key / 新 nonce 与原件互异；密文与原件互异（绝不复用）
00:02 +72: /Users/leeyi/project/imboy.pub/imboyapp/test/unit_test/service/e2ee/attachment_forward_test.dart: 2. C2C→C2C 加密会话转发全链 新消息 id 下按旧 descriptor 打不开（ATT-01 回归锚点仍在）
00:02 +73: /Users/leeyi/project/imboy.pub/imboyapp/test/unit_test/service/e2ee/attachment_forward_test.dart: 2. C2C→C2C 加密会话转发全链 confirm 键白名单 + anchor=新消息 id + scope=目标会话
00:02 +74: /Users/leeyi/project/imboy.pub/imboyapp/test/unit_test/service/e2ee/attachment_forward_test.dart: 2. C2C→C2C 加密会话转发全链 fileHash256 == 新密文哈希（与服务端 confirm 同值）
00:02 +75: /Users/leeyi/project/imboy.pub/imboyapp/test/unit_test/service/e2ee/attachment_forward_test.dart: 2. C2C→C2C 加密会话转发全链 原件在源会话仍可打开（重封装不破坏原件）
00:02 +76: /Users/leeyi/project/imboy.pub/imboyapp/test/unit_test/service/e2ee/attachment_forward_test.dart: 2. C2C→C2C 加密会话转发全链 (tearDownAll)
00:02 +76: /Users/leeyi/project/imboy.pub/imboyapp/test/unit_test/service/e2ee/attachment_forward_test.dart: 3. 跨域转发（C2G↔C2C） C2C 源 → C2G 目标：群成员按群会话语境可打开
00:02 +77: /Users/leeyi/project/imboy.pub/imboyapp/test/unit_test/service/e2ee/attachment_forward_test.dart: 3. 跨域转发（C2G↔C2C） C2G 源 → C2C 目标：转发者以群成员身份解出原件，单聊语境重封装
00:02 +78: /Users/leeyi/project/imboy.pub/imboyapp/test/unit_test/service/e2ee/attachment_forward_test.dart: 4. 视频双对象：thumb 与主体同生同灭重封装 (setUpAll)
00:02 +78: /Users/leeyi/project/imboy.pub/imboyapp/test/unit_test/service/e2ee/attachment_forward_test.dart: 4. 视频双对象：thumb 与主体同生同灭重封装 两次上传：先 thumb 后主体（Slice 7 顺序）
00:02 +79: /Users/leeyi/project/imboy.pub/imboyapp/test/unit_test/service/e2ee/attachment_forward_test.dart: 4. 视频双对象：thumb 与主体同生同灭重封装 新主 descriptor.thumb == 新 thumb descriptor；四元 key/nonce 互异
00:02 +80: /Users/leeyi/project/imboy.pub/imboyapp/test/unit_test/service/e2ee/attachment_forward_test.dart: 4. 视频双对象：thumb 与主体同生同灭重封装 接收方可打开主体与缩略图，内容与原件一致
00:02 +81: /Users/leeyi/project/imboy.pub/imboyapp/test/unit_test/service/e2ee/attachment_forward_test.dart: 4. 视频双对象：thumb 与主体同生同灭重封装 两次 confirm 都带 anchor=新消息 id 与 cipher 判别位
00:02 +82: /Users/leeyi/project/imboy.pub/imboyapp/test/unit_test/service/e2ee/attachment_forward_test.dart: 4. 视频双对象：thumb 与主体同生同灭重封装 (tearDownAll)
00:02 +82: /Users/leeyi/project/imboy.pub/imboyapp/test/unit_test/service/e2ee/attachment_forward_test.dart: 5. 失败路径（无半转发状态） 原件下载失败 → fetch_failed，抛出即无消息落库素材
00:02 +83: /Users/leeyi/project/imboy.pub/imboyapp/test/unit_test/service/e2ee/attachment_forward_test.dart: 5. 失败路径（无半转发状态） 原件认证解密失败（密文被腐蚀 / 缺钥）→ open_failed
00:02 +84: /Users/leeyi/project/imboy.pub/imboyapp/test/unit_test/service/e2ee/attachment_forward_test.dart: 5. 失败路径（无半转发状态） 源绑定推不出（C2S 等非标源）→ undecryptable
00:02 +85: /Users/leeyi/project/imboy.pub/imboyapp/test/unit_test/service/e2ee/attachment_forward_test.dart: 5. 失败路径（无半转发状态） 目标会话推不出 scope_ref（矛盾态防御）→ undecryptable 而非裸异常穿透
00:02 +86: /Users/leeyi/project/imboy.pub/imboyapp/test/unit_test/service/e2ee/attachment_forward_test.dart: 5. 失败路径（无半转发状态） 重上传失败（confirm 拒绝）→ upload_failed，不再产出消息引用
00:02 +87: /Users/leeyi/project/imboy.pub/imboyapp/test/unit_test/service/e2ee/attachment_forward_test.dart: 5. 失败路径（无半转发状态） thumb 下载失败同样整体失败（半封装状态不可接受）
00:02 +88: /Users/leeyi/project/imboy.pub/imboyapp/test/unit_test/service/e2ee/attachment_forward_test.dart: 6. 明文目标域：三域一致性（拒绝 + 既有双闸门原样保留） decide 拒绝明文目标域（转发动作处显式失败，不落库）
00:02 +89: /Users/leeyi/project/imboy.pub/imboyapp/test/unit_test/service/e2ee/attachment_forward_test.dart: 6. 明文目标域：三域一致性（拒绝 + 既有双闸门原样保留） 纵深防御：若旧客户端仍把 descriptor 复制进明文 payload，双闸门仍拦（C04/C06 语义不变）
00:02 +90: /Users/leeyi/project/imboy.pub/imboyapp/test/unit_test/service/e2ee/attachment_forward_test.dart: 6. 明文目标域：三域一致性（拒绝 + 既有双闸门原样保留） 无 descriptor 的源转发到明文域：不拦（明文附件照旧）
00:02 +91: /Users/leeyi/project/imboy.pub/imboyapp/test/unit_test/service/e2ee/attachment_forward_test.dart: 7. 幂等：重试 = 全新密钥，绝不复用 同一源两次重封装（不同新消息 id）：key/nonce/object 两两互异且各自可打开
00:02 +92: /Users/leeyi/project/imboy.pub/imboyapp/test/unit_test/service/e2ee/attachment_forward_test.dart: 8. applyForwardedAttachment：payload 覆盖纯函数 uri / descriptor / file_hash256 / size 全部替换为目标会话新值
00:02 +93: /Users/leeyi/project/imboy.pub/imboyapp/test/unit_test/service/e2ee/attachment_forward_test.dart: 8. applyForwardedAttachment：payload 覆盖纯函数 thumb 为 map（视频 EntityImage）→ uri/file_hash256 更新
00:02 +94: /Users/leeyi/project/imboy.pub/imboyapp/test/unit_test/service/e2ee/attachment_forward_test.dart: 8. applyForwardedAttachment：payload 覆盖纯函数 thumb 为字符串（位置消息）→ 整体替换为新 object_key
00:03 +95: /Users/leeyi/project/imboy.pub/imboyapp/test/unit_test/service/e2ee/fan_out_per_device_test.dart: (setUpAll)
00:03 +95: /Users/leeyi/project/imboy.pub/imboyapp/test/unit_test/service/e2ee/fan_out_per_device_test.dart: S2.2 fan-out 接收侧 正向：路由到本设备信封并解密
00:03 +96: /Users/leeyi/project/imboy.pub/imboyapp/test/unit_test/service/e2ee/fan_out_per_device_test.dart: S2.2 fan-out 接收侧 devices 缺失 → fail-closed（fan_out_missing_devices）
*** sqflite warning ***

You are changing sqflite default factory.
Be aware of the potential side effects. Any library using sqflite
will have this factory as the default for all operations.

*** sqflite warning ***

00:03 +97: /Users/leeyi/project/imboy.pub/imboyapp/test/unit_test/service/e2ee/fan_out_per_device_test.dart: S2.2 fan-out 接收侧 本设备无信封 → fail-closed（no_device_envelope）
*** sqflite warning ***

You are changing sqflite default factory.
Be aware of the potential side effects. Any library using sqflite
will have this factory as the default for all operations.

*** sqflite warning ***

00:03 +98: /Users/leeyi/project/imboy.pub/imboyapp/test/unit_test/service/e2ee/fan_out_per_device_test.dart: S2.2 fan-out 接收侧 篡改本设备信封 → _e2ee_failed（不影响 fail-closed 语义）
*** sqflite warning ***

You are changing sqflite default factory.
Be aware of the potential side effects. Any library using sqflite
will have this factory as the default for all operations.

*** sqflite warning ***

00:03 +99: /Users/leeyi/project/imboy.pub/imboyapp/test/unit_test/service/e2ee/fan_out_per_device_test.dart: S2.2 fan-out 线格式契约 多设备信封结构完整：每个设备独立 header_hash + ciphertext
*** sqflite warning ***

You are changing sqflite default factory.
Be aware of the potential side effects. Any library using sqflite
will have this factory as the default for all operations.

*** sqflite warning ***

00:03 +100: /Users/leeyi/project/imboy.pub/imboyapp/test/unit_test/service/e2ee/fan_out_per_device_test.dart: S2.2 fan-out 线格式契约 外层 e2ee 元数据格式正确
*** sqflite warning ***

You are changing sqflite default factory.
Be aware of the potential side effects. Any library using sqflite
will have this factory as the default for all operations.

*** sqflite warning ***

00:03 +101: /Users/leeyi/project/imboy.pub/imboyapp/test/unit_test/service/e2ee/fan_out_per_device_test.dart: (tearDownAll)
00:03 +101: /Users/leeyi/project/imboy.pub/imboyapp/test/unit_test/service/e2ee/mutation_matrix_test.dart: (setUpAll)
00:03 +101: /Users/leeyi/project/imboy.pub/imboyapp/test/unit_test/service/e2ee/mutation_matrix_test.dart: E2EE-024 Mutation Matrix Tests Systematic Mutation Matrix yields 100% Rejection Rate
[e2ee] v3 协议解密异常: FormatException
00:03 +102: /Users/leeyi/project/imboy.pub/imboyapp/test/unit_test/service/e2ee/mutation_matrix_test.dart: (tearDownAll)
00:03 +102: /Users/leeyi/project/imboy.pub/imboyapp/test/unit_test/service/e2ee/safety_number_device_set_trust_test.dart: (setUpAll)
00:03 +102: /Users/leeyi/project/imboy.pub/imboyapp/test/unit_test/service/e2ee/safety_number_device_set_trust_test.dart: AC-15 设备集合异常检测（刷新 + 告警，不崩溃不静默） 对端新增设备 → newDevice 事件 + 密钥缓存被刷新
E2EE: 已清除用户 200 的公钥缓存
[SafetyNumber][AC-15] new remote devices: peer=200 added={b-new}
00:03 +103: /Users/leeyi/project/imboy.pub/imboyapp/test/unit_test/service/e2ee/safety_number_device_set_trust_test.dart: AC-15 设备集合异常检测（刷新 + 告警，不崩溃不静默） 负例：对端新增/换设备 → 聚合码变化 → 旧「已验证」不沿用（需重验）
E2EE: 已清除用户 200 的公钥缓存
[SafetyNumber][AC-15] missing remote devices: peer=200 removed={b-new}
E2EE: 已清除用户 200 的公钥缓存
[SafetyNumber][AC-15] new remote devices: peer=200 added={b-new}
00:03 +104: /Users/leeyi/project/imboy.pub/imboyapp/test/unit_test/service/e2ee/safety_number_device_set_trust_test.dart: AC-15 设备集合异常检测（刷新 + 告警，不崩溃不静默） 负例：对端设备换钥（同设备 ID、新 identity）→ 聚合码变化 → 旧验证同样失效
E2EE: 已清除用户 200 的公钥缓存
[SafetyNumber][AC-15] missing remote devices: peer=200 removed={b-new}
00:04 +105: /Users/leeyi/project/imboy.pub/imboyapp/test/unit_test/service/e2ee/safety_number_device_set_trust_test.dart: AC-15 设备集合异常检测（刷新 + 告警，不崩溃不静默） 对端设备消失（遗漏）→ missingDevice 事件
E2EE: 已清除用户 200 的公钥缓存
[SafetyNumber][AC-15] missing remote devices: peer=200 removed={b-2}
00:04 +106: /Users/leeyi/project/imboy.pub/imboyapp/test/unit_test/service/e2ee/safety_number_device_set_trust_test.dart: AC-15 设备集合异常检测（刷新 + 告警，不崩溃不静默） 集合无变化 → 不产生事件（基线记录幂等）
E2EE: 已清除用户 200 的公钥缓存
[SafetyNumber][AC-15] new remote devices: peer=200 added={b-2}
00:04 +107: /Users/leeyi/project/imboy.pub/imboyapp/test/unit_test/service/e2ee/safety_number_device_set_trust_test.dart: AC-15 信任标记生命周期 markVerified 绑定聚合码 + 记录批准集合；isCurrentNumberVerified 生效
00:04 +108: /Users/leeyi/project/imboy.pub/imboyapp/test/unit_test/service/e2ee/safety_number_device_set_trust_test.dart: AC-15 信任标记生命周期 invalidateTrust 清除标记 + 广播失效事件（换钥 → 需重验，非静默沿用）
[SafetyNumber][AC-15] trust invalidated: peer=200 reason=peer_key_changed
00:04 +109: /Users/leeyi/project/imboy.pub/imboyapp/test/unit_test/service/e2ee/safety_number_device_set_trust_test.dart: AC-15 信任标记生命周期 invalidateTrust 对从未验证的 peer 幂等返回 false（无事件）
00:04 +110: /Users/leeyi/project/imboy.pub/imboyapp/test/unit_test/service/e2ee/safety_number_device_set_trust_test.dart: AC-15 换钥联动：bootstrap 常驻订阅 → 信任失效 E2EEPeerKeyChangedEvent（S2C e2ee_key_changed）触发 invalidateTrust
[SafetyNumber][AC-15] trust invalidated: peer=200 reason=peer_key_changed
00:04 +111: /Users/leeyi/project/imboy.pub/imboyapp/test/unit_test/service/e2ee/safety_number_device_set_trust_test.dart: AC-15 换钥联动：bootstrap 常驻订阅 → 信任失效 E2EETrustChangedEvent 撤销（revoked）触发 invalidateTrust
[SafetyNumber][AC-15] trust invalidated: peer=200 reason=trust_revoked
00:04 +112: /Users/leeyi/project/imboy.pub/imboyapp/test/unit_test/service/e2ee/safety_number_device_set_trust_test.dart: 批准集合持久化为排序 JSON（debug 快照）
00:04 +113: /Users/leeyi/project/imboy.pub/imboyapp/test/unit_test/service/e2ee/safety_number_device_set_trust_test.dart: (tearDownAll)
00:04 +113: /Users/leeyi/project/imboy.pub/imboyapp/test/unit_test/service/e2ee/attachment_key_isolation_test.dart: 1. 每对象独立 content key / nonce ⚠️ 同会话、同消息、同 attachmentId 的两个附件对象 key 不同
00:04 +114: /Users/leeyi/project/imboy.pub/imboyapp/test/unit_test/service/e2ee/attachment_key_isolation_test.dart: 1. 每对象独立 content key / nonce ⚠️ 同 key 下换 nonce、同 nonce 下换 key → 密文都不同（无确定性复现）
00:04 +115: /Users/leeyi/project/imboy.pub/imboyapp/test/unit_test/service/e2ee/attachment_key_isolation_test.dart: 1. 每对象独立 content key / nonce 生产生成器跨对象碰撞不可达（Random.secure 抽样 64 次全互异）
00:04 +116: /Users/leeyi/project/imboy.pub/imboyapp/test/unit_test/service/e2ee/attachment_key_isolation_test.dart: 1. 每对象独立 content key / nonce 块内 nonce 派生对 index 单射（同对象内不同块永不撞 nonce）
00:04 +117: /Users/leeyi/project/imboy.pub/imboyapp/test/unit_test/service/e2ee/attachment_key_isolation_test.dart: 2. nonce 复用是灾难（演示为什么必须独立） ⚠️ 同 key+同 nonce 加密两份明文 → c1⊕c2 = p1⊕p2（keystream 重放）
00:04 +118: /Users/leeyi/project/imboy.pub/imboyapp/test/unit_test/service/e2ee/attachment_key_isolation_test.dart: 2. nonce 复用是灾难（演示为什么必须独立） ⚠️ descriptor 构造层直接拒绝：thumb 与主体同 base_nonce → 抛
00:04 +119: /Users/leeyi/project/imboy.pub/imboyapp/test/unit_test/service/e2ee/attachment_key_isolation_test.dart: 2. nonce 复用是灾难（演示为什么必须独立） ⚠️ descriptor 构造层直接拒绝：thumb 与主体同 content_key → 抛
00:04 +120: /Users/leeyi/project/imboy.pub/imboyapp/test/unit_test/service/e2ee/attachment_key_isolation_test.dart: 3. descriptor 替换攻击（认证容器的整体/交叉替换） ⚠️ 对象 A 的密文 + 对象 B 的 descriptor → open 拒绝
00:04 +121: /Users/leeyi/project/imboy.pub/imboyapp/test/unit_test/service/e2ee/attachment_key_isolation_test.dart: 3. descriptor 替换攻击（认证容器的整体/交叉替换） ⚠️ 经接收侧消息面替换（payload 挂 B 的 descriptor、下载到 A 的密文）
00:04 +122: /Users/leeyi/project/imboy.pub/imboyapp/test/unit_test/service/e2ee/attachment_key_isolation_test.dart: 3. descriptor 替换攻击（认证容器的整体/交叉替换） ⚠️ B 的 descriptor 字段逐项伪装成 A（仅保留 key/nonce）→ 仍拒绝
00:04 +123: /Users/leeyi/project/imboy.pub/imboyapp/test/unit_test/service/e2ee/attachment_key_isolation_test.dart: 3. descriptor 替换攻击（认证容器的整体/交叉替换） ⚠️ 缩略图 descriptor 交叉替换（A.thumb 换成 B.thumb）→ 拒绝
00:04 +124: /Users/leeyi/project/imboy.pub/imboyapp/test/unit_test/service/e2ee/attachment_key_isolation_test.dart: 3. descriptor 替换攻击（认证容器的整体/交叉替换） 对照组：未替换时主体与缩略图各自可开（防恒抛）
00:04 +125: /Users/leeyi/project/imboy.pub/imboyapp/test/unit_test/service/e2ee/attachment_key_isolation_test.dart: 4. 跨会话替换（conversation_ref 绑定拒绝） ⚠️ 同一密文搬到另一个 C2C 会话（对端换人）→ 拒绝
00:04 +126: /Users/leeyi/project/imboy.pub/imboyapp/test/unit_test/service/e2ee/attachment_key_isolation_test.dart: 4. 跨会话替换（conversation_ref 绑定拒绝） ⚠️ C2C 密文被搬进 C2G 会话（类型替换）→ 拒绝
00:04 +127: /Users/leeyi/project/imboy.pub/imboyapp/test/unit_test/service/e2ee/attachment_key_isolation_test.dart: 4. 跨会话替换（conversation_ref 绑定拒绝） ⚠️ 冒充另一个发送者 → 拒绝
00:04 +128: /Users/leeyi/project/imboy.pub/imboyapp/test/unit_test/service/e2ee/attachment_key_isolation_test.dart: 4. 跨会话替换（conversation_ref 绑定拒绝） 对照组：原会话原消息 → 可开（本组正向锚点）
00:04 +129: /Users/leeyi/project/imboy.pub/imboyapp/test/unit_test/service/e2ee/attachment_key_isolation_test.dart: 5. 截断与换块（矩阵补格：跨对象块替换） ⚠️ 跨对象换块：A 的第 0 块被换成 B 的第 0 块（同长）→ 拒绝
00:04 +130: /Users/leeyi/project/imboy.pub/imboyapp/test/unit_test/service/e2ee/attachment_key_isolation_test.dart: 5. 截断与换块（矩阵补格：跨对象块替换） ⚠️ 截断中间块（保留总长拼接）→ 末块长度校验拒绝
00:04 +131: /Users/leeyi/project/imboy.pub/imboyapp/test/unit_test/service/e2ee/attachment_key_isolation_test.dart: 6. binding 输入的会话维度 conversation_id 不同 → 绑定值不同（跨会话替换的另一面）
00:04 +132: /Users/leeyi/project/imboy.pub/imboyapp/test/unit_test/service/e2ee/production_session_ref_wiring_test.dart: (setUpAll)
00:04 +132: /Users/leeyi/project/imboy.pub/imboyapp/test/unit_test/service/e2ee/production_session_ref_wiring_test.dart: E2EE-025 session_ref 契约 RC-01a 空 sessionRef 必须抛错（ADR 15 §3.1 冻结字段：1..256 字节）
00:04 +133: /Users/leeyi/project/imboy.pub/imboyapp/test/unit_test/service/e2ee/production_session_ref_wiring_test.dart: E2EE-025 session_ref 契约 RC-01b header.session_ref 非空且等于 protocol_metadata.session_id
*** sqflite warning ***

You are changing sqflite default factory.
Be aware of the potential side effects. Any library using sqflite
will have this factory as the default for all operations.

*** sqflite warning ***

00:04 +134: /Users/leeyi/project/imboy.pub/imboyapp/test/unit_test/service/e2ee/production_session_ref_wiring_test.dart: E2EE-012/024 复核：其余 context binding 项的生产后果 header.message_id 与外层 payload.id 不等 → context_mismatch_id
*** sqflite warning ***

You are changing sqflite default factory.
Be aware of the potential side effects. Any library using sqflite
will have this factory as the default for all operations.

*** sqflite warning ***

00:04 +135: /Users/leeyi/project/imboy.pub/imboyapp/test/unit_test/service/e2ee/production_session_ref_wiring_test.dart: E2EE-012/024 复核：其余 context binding 项的生产后果 header.message_type 恒 text 而外层是 image → context_mismatch_msg_type
*** sqflite warning ***

You are changing sqflite default factory.
Be aware of the potential side effects. Any library using sqflite
will have this factory as the default for all operations.

*** sqflite warning ***

00:04 +136: /Users/leeyi/project/imboy.pub/imboyapp/test/unit_test/service/e2ee/production_session_ref_wiring_test.dart: E2EE-012/024 复核：正向可用性门（修复后必须绿） 业务 id 与外层一致时必须被接受（message_id 不再自造）
*** sqflite warning ***

You are changing sqflite default factory.
Be aware of the potential side effects. Any library using sqflite
will have this factory as the default for all operations.

*** sqflite warning ***

00:04 +137: /Users/leeyi/project/imboy.pub/imboyapp/test/unit_test/service/e2ee/production_session_ref_wiring_test.dart: E2EE-012/024 复核：正向可用性门（修复后必须绿） 非文本消息（image/video/audio/file）与外层一致时必须被接受
*** sqflite warning ***

You are changing sqflite default factory.
Be aware of the potential side effects. Any library using sqflite
will have this factory as the default for all operations.

*** sqflite warning ***

00:04 +138: /Users/leeyi/project/imboy.pub/imboyapp/test/unit_test/service/e2ee/production_session_ref_wiring_test.dart: E2EE-025 选项 C 接收侧语义 RC-02 首条合法消息必须被接受（counter=0 不得被误判 replay）
*** sqflite warning ***

You are changing sqflite default factory.
Be aware of the potential side effects. Any library using sqflite
will have this factory as the default for all operations.

*** sqflite warning ***

00:04 +139: /Users/leeyi/project/imboy.pub/imboyapp/test/unit_test/service/e2ee/production_session_ref_wiring_test.dart: E2EE-025 选项 C 接收侧语义 RC-04 同一会话内 counter 恒 0 的多条消息全部可读，0 误判 replay
*** sqflite warning ***

You are changing sqflite default factory.
Be aware of the potential side effects. Any library using sqflite
will have this factory as the default for all operations.

*** sqflite warning ***

00:04 +140: /Users/leeyi/project/imboy.pub/imboyapp/test/unit_test/service/e2ee/production_session_ref_wiring_test.dart: E2EE-025 选项 C 接收侧语义 RC-04b 递减的 epoch_or_counter 不得被判 replay
*** sqflite warning ***

You are changing sqflite default factory.
Be aware of the potential side effects. Any library using sqflite
will have this factory as the default for all operations.

*** sqflite warning ***

00:04 +141: /Users/leeyi/project/imboy.pub/imboyapp/test/unit_test/service/e2ee/production_session_ref_wiring_test.dart: (tearDownAll)
00:05 +141: /Users/leeyi/project/imboy.pub/imboyapp/test/unit_test/service/e2ee/attachment_open_e2e_test.dart: 1. 正向可用性：两端算出同一个绑定值，密文可开 C2C：收件人用消息字段重算即可开封，明文逐字节相同
00:05 +142: /Users/leeyi/project/imboy.pub/imboyapp/test/unit_test/service/e2ee/attachment_open_e2e_test.dart: 1. 正向可用性：两端算出同一个绑定值，密文可开 ⚠️ C2G：群成员（既非发送者也不在 uk3 里）同样能开
00:05 +143: /Users/leeyi/project/imboy.pub/imboyapp/test/unit_test/service/e2ee/attachment_open_e2e_test.dart: 1. 正向可用性：两端算出同一个绑定值，密文可开 大于一块（多块 + 末块不满）也能完整还原
00:05 +144: /Users/leeyi/project/imboy.pub/imboyapp/test/unit_test/service/e2ee/attachment_open_e2e_test.dart: 2. ATT-01：附件被搬走 → 拒绝 搬到另一条消息（message_id 变）→ 拒绝
00:05 +145: /Users/leeyi/project/imboy.pub/imboyapp/test/unit_test/service/e2ee/attachment_open_e2e_test.dart: 2. ATT-01：附件被搬走 → 拒绝 搬到另一个会话（对端换人）→ 拒绝
00:05 +146: /Users/leeyi/project/imboy.pub/imboyapp/test/unit_test/service/e2ee/attachment_open_e2e_test.dart: 2. ATT-01：附件被搬走 → 拒绝 冒充另一个发送者 → 拒绝
00:05 +147: /Users/leeyi/project/imboy.pub/imboyapp/test/unit_test/service/e2ee/attachment_open_e2e_test.dart: 3. ATT-02：块被动过 → 拒绝 翻一个 bit → 拒绝
00:05 +148: /Users/leeyi/project/imboy.pub/imboyapp/test/unit_test/service/e2ee/attachment_open_e2e_test.dart: 3. ATT-02：块被动过 → 拒绝 两块整体互换 → 拒绝
00:05 +149: /Users/leeyi/project/imboy.pub/imboyapp/test/unit_test/service/e2ee/attachment_open_e2e_test.dart: 3. ATT-02：块被动过 → 拒绝 截断（少一块）→ 拒绝
00:05 +150: /Users/leeyi/project/imboy.pub/imboyapp/test/unit_test/service/e2ee/attachment_open_e2e_test.dart: 3. ATT-02：块被动过 → 拒绝 追加一块（多出字节）→ 拒绝
00:05 +151: /Users/leeyi/project/imboy.pub/imboyapp/test/unit_test/service/e2ee/attachment_open_e2e_test.dart: 4. ATT-03：descriptor 字段被改（含一条能力边界对照组） 改 plain_size → 拒绝（chunk_count 自洽闸门先拦）
00:05 +152: /Users/leeyi/project/imboy.pub/imboyapp/test/unit_test/service/e2ee/attachment_open_e2e_test.dart: 4. ATT-03：descriptor 字段被改（含一条能力边界对照组） 改 chunk_count → 拒绝
00:05 +153: /Users/leeyi/project/imboy.pub/imboyapp/test/unit_test/service/e2ee/attachment_open_e2e_test.dart: 4. ATT-03：descriptor 字段被改（含一条能力边界对照组） ⚠️ 对照组：改 mime **不**被本层拒绝（它不在块 AAD 内）
00:05 +154: /Users/leeyi/project/imboy.pub/imboyapp/test/unit_test/service/e2ee/attachment_open_e2e_test.dart: 4. ATT-03：descriptor 字段被改（含一条能力边界对照组） 改 attachment_id → 拒绝（它进每块 AAD）
00:05 +155: /Users/leeyi/project/imboy.pub/imboyapp/test/unit_test/service/e2ee/attachment_open_e2e_test.dart: 4. ATT-03：descriptor 字段被改（含一条能力边界对照组） content_key 被换 → 拒绝
00:05 +156: /Users/leeyi/project/imboy.pub/imboyapp/test/unit_test/service/e2ee/attachment_open_e2e_test.dart: 5. 兼容性与 fail-closed 没有 descriptor → 返回 null（历史明文附件照旧直读）
00:05 +157: /Users/leeyi/project/imboy.pub/imboyapp/test/unit_test/service/e2ee/attachment_open_e2e_test.dart: 5. 兼容性与 fail-closed ⚠️ descriptor 存在但坏掉 → 抛异常，**绝不**退回明文直读
00:05 +158: /Users/leeyi/project/imboy.pub/imboyapp/test/unit_test/service/e2ee/attachment_open_e2e_test.dart: 5. 兼容性与 fail-closed 库里读出的 Map<dynamic, dynamic>（含嵌套）也能解析
00:05 +159: /Users/leeyi/project/imboy.pub/imboyapp/test/unit_test/service/e2ee/attachment_open_e2e_test.dart: 5. 兼容性与 fail-closed C2S / 未知会话类型 → 抛异常，不拿空串兜底
00:05 +160: /Users/leeyi/project/imboy.pub/imboyapp/test/unit_test/service/e2ee/attachment_open_e2e_test.dart: 6. conversation_id 推导：发送侧 scope_ref 与接收侧同源 C2C：与 deriveUploadScope 的 scope_ref 同值（防两份实现漂移）
00:05 +161: /Users/leeyi/project/imboy.pub/imboyapp/test/unit_test/service/e2ee/attachment_open_e2e_test.dart: 6. conversation_id 推导：发送侧 scope_ref 与接收侧同源 C2C：收发方向对调后同值
00:05 +162: /Users/leeyi/project/imboy.pub/imboyapp/test/unit_test/service/e2ee/attachment_open_e2e_test.dart: 6. conversation_id 推导：发送侧 scope_ref 与接收侧同源 C2G：等于 group_id；C2S/空 → null
00:05 +163: /Users/leeyi/project/imboy.pub/imboyapp/test/unit_test/service/e2ee/metadata_visibility_inventory_test.dart: PFv3 protected_header 字段集合 == 白名单（元数据暴露面快照）
00:05 +164: /Users/leeyi/project/imboy.pub/imboyapp/test/unit_test/service/e2ee/metadata_visibility_inventory_test.dart: PFv3 外层信封字段集合 == 白名单（5 字段，无额外外露）
00:05 +165: /Users/leeyi/project/imboy.pub/imboyapp/test/unit_test/service/e2ee/metadata_visibility_inventory_test.dart: PFv3 header 内含时序元数据 created_at_ms（现状固化，非认可）
00:05 +166: /Users/leeyi/project/imboy.pub/imboyapp/test/unit_test/service/e2ee/metadata_visibility_inventory_test.dart: sendWsMsg 顶层 msg 字段集合 == 白名单（9 字段）
00:05 +167: /Users/leeyi/project/imboy.pub/imboyapp/test/unit_test/service/e2ee/metadata_visibility_inventory_test.dart: 发送帧顶层不携带可推断内容/长度的明文字段
00:05 +168: /Users/leeyi/project/imboy.pub/imboyapp/test/unit_test/service/e2ee/metadata_visibility_inventory_test.dart: 加密分支 removeKeys 含 client_send_ts（发送时刻不随密文外露）
00:05 +169: /Users/leeyi/project/imboy.pub/imboyapp/test/unit_test/service/e2ee/metadata_visibility_inventory_test.dart: C2C fan-out e2ee 信封字段集合 == 白名单（6 字段 + devices 映射）
00:05 +170: /Users/leeyi/project/imboy.pub/imboyapp/test/unit_test/service/e2ee/metadata_visibility_inventory_test.dart: 编辑消息仅向 e2ee 外层附加 edit_of/relay_action 路由引用
00:05 +171: /Users/leeyi/project/imboy.pub/imboyapp/test/unit_test/service/e2ee/metadata_visibility_inventory_test.dart: typing 帧 inputMessage 字段集合 == 白名单（8 字段、payload 仅 status）
00:05 +172: /Users/leeyi/project/imboy.pub/imboyapp/test/unit_test/service/e2ee/metadata_visibility_inventory_test.dart: 已读回执 buildReadReceiptItem 字段集合 == 白名单
00:05 +173: /Users/leeyi/project/imboy.pub/imboyapp/test/unit_test/service/e2ee/metadata_visibility_inventory_test.dart: typing 发送节流常量为 3 秒（时序指纹抑制的现状锚点）
00:05 +174: /Users/leeyi/project/imboy.pub/imboyapp/test/unit_test/service/e2ee/metadata_visibility_inventory_test.dart: Olm protocol_metadata 键集合 == 白名单（7 键）
00:05 +175: /Users/leeyi/project/imboy.pub/imboyapp/test/unit_test/service/e2ee/metadata_visibility_inventory_test.dart: Megolm protocol_metadata 键集合 == 白名单（5-7 键）
00:05 +176: /Users/leeyi/project/imboy.pub/imboyapp/test/unit_test/service/e2ee/metadata_visibility_inventory_test.dart: PFv3 信封无 padding 机制：ciphertext 长度直接随明文变化（现状固化）
00:05 +177: /Users/leeyi/project/imboy.pub/imboyapp/test/unit_test/service/e2ee/ratchet_persist_crash_injection_test.dart: (setUpAll)
00:05 +177: /Users/leeyi/project/imboy.pub/imboyapp/test/unit_test/service/e2ee/ratchet_persist_crash_injection_test.dart: RED→GREEN: session pickle 写失败 → 异常上抛、无密文交付、内存 ratchet 态被驱逐
00:05 +178: /Users/leeyi/project/imboy.pub/imboyapp/test/unit_test/service/e2ee/ratchet_persist_crash_injection_test.dart: 正常路径顺序：密文返回前 ratchet 状态已在事务存储（先持久化后交付）
00:05 +179: /Users/leeyi/project/imboy.pub/imboyapp/test/unit_test/service/e2ee/ratchet_persist_crash_injection_test.dart: (tearDownAll)
00:06 +179: /Users/leeyi/project/imboy.pub/imboyapp/test/unit_test/service/e2ee/otk_refill_policy_test.dart: otkRefillCount 决策 对照组：余量为 0 时必须补满（这条今天就成立，改后仍须成立）
00:06 +180: /Users/leeyi/project/imboy.pub/imboyapp/test/unit_test/service/e2ee/otk_refill_policy_test.dart: otkRefillCount 决策 余量充足 → 不补
00:06 +181: /Users/leeyi/project/imboy.pub/imboyapp/test/unit_test/service/e2ee/otk_refill_policy_test.dart: otkRefillCount 决策 余量低于水位 → 补到目标值
00:06 +182: /Users/leeyi/project/imboy.pub/imboyapp/test/unit_test/service/e2ee/otk_refill_policy_test.dart: otkRefillCount 决策 fail-closed：余量未知 → 不补（不得在未知状态上做全量替换）
00:06 +183: /Users/leeyi/project/imboy.pub/imboyapp/test/unit_test/service/e2ee/otk_refill_policy_test.dart: otkRefillCount 决策 未知与 0 必须区分对待
00:06 +184: /Users/leeyi/project/imboy.pub/imboyapp/test/unit_test/service/e2ee/otk_refill_policy_test.dart: otkRefillCount 决策 seed：首次注册不依赖查询，直接铺满
00:06 +185: /Users/leeyi/project/imboy.pub/imboyapp/test/unit_test/service/e2ee/otk_refill_policy_test.dart: prekey_count 响应解析 正常载荷 → 取出 count
00:06 +186: /Users/leeyi/project/imboy.pub/imboyapp/test/unit_test/service/e2ee/otk_refill_policy_test.dart: prekey_count 响应解析 缺字段 / 类型不对 / 非 Map → null（未知），不得当 0
00:06 +187: /Users/leeyi/project/imboy.pub/imboyapp/test/unit_test/service/e2ee/otk_refill_policy_test.dart: prekey_count 响应解析 负数视为未知（服务端不会返回，收到即异常）
00:06 +188: /Users/leeyi/project/imboy.pub/imboyapp/test/unit_test/service/e2ee/otk_refill_policy_test.dart: 端点常量 必须指向服务端第五刀注册的路由
00:06 +189: /Users/leeyi/project/imboy.pub/imboyapp/test/unit_test/service/e2ee/decrypt_error_taxonomy_test.dart: (setUpAll)
00:06 +189: /Users/leeyi/project/imboy.pub/imboyapp/test/unit_test/service/e2ee/decrypt_error_taxonomy_test.dart: v3 接收侧错误分类（ADR 15 §5） 重复投递必须可识别，不得压成 decrypt_error
00:06 +190: /Users/leeyi/project/imboy.pub/imboyapp/test/unit_test/service/e2ee/decrypt_error_taxonomy_test.dart: v3 接收侧错误分类（ADR 15 §5） CryptoStore 提交故障必须可识别为可重试，不得压成 decrypt_error
*** sqflite warning ***

You are changing sqflite default factory.
Be aware of the potential side effects. Any library using sqflite
will have this factory as the default for all operations.

*** sqflite warning ***

00:06 +191: /Users/leeyi/project/imboy.pub/imboyapp/test/unit_test/service/e2ee/decrypt_error_taxonomy_test.dart: v3 接收侧错误分类（ADR 15 §5） 真实解密失败仍归类为 decrypt_error（分类不过度细化）
*** sqflite warning ***

You are changing sqflite default factory.
Be aware of the potential side effects. Any library using sqflite
will have this factory as the default for all operations.

*** sqflite warning ***

[e2ee] v3 协议解密异常: E2eeDecryptException
00:06 +192: /Users/leeyi/project/imboy.pub/imboyapp/test/unit_test/service/e2ee/decrypt_error_taxonomy_test.dart: v3 接收侧错误分类（ADR 15 §5） 错误分类不得泄漏秘密细节
*** sqflite warning ***

You are changing sqflite default factory.
Be aware of the potential side effects. Any library using sqflite
will have this factory as the default for all operations.

*** sqflite warning ***

[e2ee] v3 协议解密异常: _Exception
00:06 +193: /Users/leeyi/project/imboy.pub/imboyapp/test/unit_test/service/e2ee/decrypt_error_taxonomy_test.dart: (tearDownAll)
00:07 +193: /Users/leeyi/project/imboy.pub/imboyapp/test/unit_test/service/e2ee/c2c_fanout_suite_policy_wiring_test.dart: (setUpAll)
00:07 +193: /Users/leeyi/project/imboy.pub/imboyapp/test/unit_test/service/e2ee/c2c_fanout_suite_policy_wiring_test.dart: AC-06 生产调用链：encryptPayload 经过固定套件门卫 对端存在不支持 Olm 的活跃设备 → 显式 FixedSuiteIncompatibleException，且不落任何 outbox 密文
[38;5;196m┌───────────────────────────────────────────────────────────────────────────────────────────────────────────────────────[0m
[38;5;196m│ #0   AppLogger.error (package:imboy/service/app_logger.dart:115:18)[0m
[38;5;196m│ #1   SqliteService.query (package:imboy/service/sqlite.dart:894:17)[0m
[38;5;196m├┄┄┄┄┄┄┄┄┄┄┄┄┄┄┄┄┄┄┄┄┄┄┄┄┄┄┄┄┄┄┄┄┄┄┄┄┄┄┄┄┄┄┄┄┄┄┄┄┄┄┄┄┄┄┄┄┄┄┄┄┄┄┄┄┄┄┄┄┄┄┄┄┄┄┄┄┄┄┄┄┄┄┄┄┄┄┄┄┄┄┄┄┄┄┄┄┄┄┄┄┄┄┄┄┄┄┄┄┄┄┄┄┄┄┄┄┄┄┄[0m
[38;5;196m│ ⛔ SQL query error: table=contact, error=SqfliteFfiException(sqlite_error: 1, , SqliteException(1): while preparing statement, no such table: contact, SQL logic error (code 1)[0m
[38;5;196m│ ⛔   Causing statement: SELECT peer_id, nickname, avatar, account, status, remark, tag, region, sign, source, gender, is_friend, is_from, category_id, account_type, last_seen_at, updated_at FROM contact WHERE user_id = ? and peer_id = ?}) DatabaseException(SqliteException(1): while preparing statement, no such table: contact, SQL logic error (code 1)[0m
[38;5;196m│ ⛔   Causing statement: SELECT peer_id, nickname, avatar, account, status, remark, tag, region, sign, source, gender, is_friend, is_from, category_id, account_type, last_seen_at, updated_at FROM contact WHERE user_id = ? and peer_id = ?) sql 'SELECT peer_id, nickname, avatar, account, status, remark, tag, region, sign, source, gender, is_friend, is_from, category_id, account_type, last_seen_at, updated_at FROM contact WHERE user_id = ? and peer_id = ?' args [100, 200] {details: {database: {path: :memory:, id: 1, readOnly: false, singleInstance: false}}}[0m
[38;5;196m└───────────────────────────────────────────────────────────────────────────────────────────────────────────────────────[0m
00:07 +194: /Users/leeyi/project/imboy.pub/imboyapp/test/unit_test/service/e2ee/c2c_fanout_suite_policy_wiring_test.dart: AC-06 生产调用链：encryptPayload 经过固定套件门卫 对端全部设备支持 Olm → 门卫放行（不因门卫抛错）
00:07 +195: /Users/leeyi/project/imboy.pub/imboyapp/test/unit_test/service/e2ee/c2c_fanout_suite_policy_wiring_test.dart: AC-06 门卫单元语义（fail-closed 细节） 能力列表为空（查询失败）→ 拒绝全部设备（能力未知=不支持）
00:07 +196: /Users/leeyi/project/imboy.pub/imboyapp/test/unit_test/service/e2ee/c2c_fanout_suite_policy_wiring_test.dart: AC-06 门卫单元语义（fail-closed 细节） 混合集合：不支持设备被点名（peerDeviceId 指向首个不兼容设备）
00:07 +197: /Users/leeyi/project/imboy.pub/imboyapp/test/unit_test/service/e2ee/c2c_fanout_suite_policy_wiring_test.dart: AC-06 门卫单元语义（fail-closed 细节）  幽灵设备（Olm 列表有、fan-out 集合没有）→ 告警事件而非崩溃
[E2EE][AC-15] ghost devices detected: peer=200 ghost={b-ghost} fanout={b-1}
00:07 +198: /Users/leeyi/project/imboy.pub/imboyapp/test/unit_test/service/e2ee/c2c_fanout_suite_policy_wiring_test.dart: json 编码的 fan-out 信封在 outbox 断言中可被识别
00:07 +199: /Users/leeyi/project/imboy.pub/imboyapp/test/unit_test/service/e2ee/c2c_fanout_suite_policy_wiring_test.dart: AC-06 用户可见错误映射（稳定错误码 → 专属 i18n 文案） FixedSuiteIncompatibleException 路由到 e2eeErrPeerSuiteUnsupported 而非兜底
00:07 +200: /Users/leeyi/project/imboy.pub/imboyapp/test/unit_test/service/e2ee/c2c_fanout_suite_policy_wiring_test.dart: AC-06 用户可见错误映射（稳定错误码 → 专属 i18n 文案） 空能力集（能力未知=不支持）同样路由到专用键
00:07 +201: /Users/leeyi/project/imboy.pub/imboyapp/test/unit_test/service/e2ee/c2c_fanout_suite_policy_wiring_test.dart: ghost exclusion cannot bypass target capability validation
00:07 +202: /Users/leeyi/project/imboy.pub/imboyapp/test/unit_test/service/e2ee/c2c_fanout_suite_policy_wiring_test.dart: (tearDownAll)
00:07 +202: /Users/leeyi/project/imboy.pub/imboyapp/test/unit_test/service/e2ee/log_redactor_e2ee_test.dart: 64-hex 密钥（db_cipher_key 值形态）被脱敏
00:07 +203: /Users/leeyi/project/imboy.pub/imboyapp/test/unit_test/service/e2ee/log_redactor_e2ee_test.dart: SQLCipher rawKey 字面量 x'..' 被脱敏
00:07 +204: /Users/leeyi/project/imboy.pub/imboyapp/test/unit_test/service/e2ee/log_redactor_e2ee_test.dart: PEM 私钥块整体被脱敏
00:07 +205: /Users/leeyi/project/imboy.pub/imboyapp/test/unit_test/service/e2ee/log_redactor_e2ee_test.dart: 既有形态不回归：JWT / Bearer / 手机号 / 邮箱
00:07 +206: /Users/leeyi/project/imboy.pub/imboyapp/test/unit_test/service/e2ee/log_redactor_e2ee_test.dart: 不误伤：短 hex / 纯数字 TSID / 普通文本 / 哈希摘要（<64）
00:07 +207: /Users/leeyi/project/imboy.pub/imboyapp/test/unit_test/service/e2ee/log_redactor_e2ee_test.dart: scrubDynamic 嵌套结构中的密钥值同样脱敏
00:07 +208: /Users/leeyi/project/imboy.pub/imboyapp/test/unit_test/service/e2ee/log_redactor_e2ee_test.dart: AppLogger error/fatal 出口经过 LogRedactor.scrubText
00:07 +209: /Users/leeyi/project/imboy.pub/imboyapp/test/unit_test/service/e2ee/log_redactor_e2ee_test.dart: logging_privacy_guard 红线不回归（E2EE 服务异常日志形态）
00:07 +210: /Users/leeyi/project/imboy.pub/imboyapp/test/unit_test/service/e2ee/olm_ratchet_pfs_pcs_test.dart: (setUpAll)
00:07 +210: /Users/leeyi/project/imboy.pub/imboyapp/test/unit_test/service/e2ee/olm_ratchet_pfs_pcs_test.dart: vodozemac 0.7 兼容配置固定为 Olm session config v1
00:07 +211: /Users/leeyi/project/imboy.pub/imboyapp/test/unit_test/service/e2ee/olm_ratchet_pfs_pcs_test.dart: vodozemac Olm 运行时可用性 双 Account 可建立会话并往返加解密
00:07 +212: /Users/leeyi/project/imboy.pub/imboyapp/test/unit_test/service/e2ee/olm_ratchet_pfs_pcs_test.dart: olm_pfs_old_session_cannot_decrypt (T5) 旧 session 快照无法解密后续 DH ratchet 世代消息
00:07 +213: /Users/leeyi/project/imboy.pub/imboyapp/test/unit_test/service/e2ee/olm_ratchet_pfs_pcs_test.dart: olm_pcs_recovery (T5) 攻陷后一次新 DH ratchet 即愈合，攻陷者失去后续读取能力
00:07 +214: /Users/leeyi/project/imboy.pub/imboyapp/test/unit_test/service/e2ee/olm_ratchet_pfs_pcs_test.dart: (tearDownAll)
00:08 +214: /Users/leeyi/project/imboy.pub/imboyapp/test/unit_test/service/e2ee/fallback_forget_characterization_test.dart: (setUpAll)
00:08 +214: /Users/leeyi/project/imboy.pub/imboyapp/test/unit_test/service/e2ee/fallback_forget_characterization_test.dart: forgetFallbackKey 的实际语义 对照组：全新账号（无 fallback key）→ 返回 false
00:08 +215: /Users/leeyi/project/imboy.pub/imboyapp/test/unit_test/service/e2ee/fallback_forget_characterization_test.dart: forgetFallbackKey 的实际语义 只有一把（从未轮换）→ 返回 false，且**该 key 仍可解密**
00:08 +216: /Users/leeyi/project/imboy.pub/imboyapp/test/unit_test/service/e2ee/fallback_forget_characterization_test.dart: forgetFallbackKey 的实际语义 轮换过一次 → 返回 true；丢的是**上一把**，当前那把保留
00:08 +217: /Users/leeyi/project/imboy.pub/imboyapp/test/unit_test/service/e2ee/fallback_forget_characterization_test.dart: 留存期：轮换本身就会挤掉"上上把" 连续轮换两次后，第一把已不可用（最多只保留 current + previous）
00:08 +218: /Users/leeyi/project/imboy.pub/imboyapp/test/unit_test/service/e2ee/fallback_forget_characterization_test.dart: (tearDownAll)
00:08 +218: /Users/leeyi/project/imboy.pub/imboyapp/test/unit_test/service/e2ee/attachment_encryptor_test.dart: 1. 拍板值 chunk_size 默认 1 MiB
00:08 +219: /Users/leeyi/project/imboy.pub/imboyapp/test/unit_test/service/e2ee/attachment_encryptor_test.dart: 1. 拍板值 100MB 上限下块数 ≤ 100（拍板时的依据）
00:08 +220: /Users/leeyi/project/imboy.pub/imboyapp/test/unit_test/service/e2ee/attachment_encryptor_test.dart: 1. 拍板值 随机密钥/nonce 长度正确且不恒定
00:08 +221: /Users/leeyi/project/imboy.pub/imboyapp/test/unit_test/service/e2ee/attachment_encryptor_test.dart: 2. 正向可用性：封装后必须能原样开封 各种长度往返（含空、单块、跨块、恰好整除）
00:08 +222: /Users/leeyi/project/imboy.pub/imboyapp/test/unit_test/service/e2ee/attachment_encryptor_test.dart: 2. 正向可用性：封装后必须能原样开封 默认 1 MiB 分块下的大文件往返（跨 3 块）
00:09 +223: /Users/leeyi/project/imboy.pub/imboyapp/test/unit_test/service/e2ee/attachment_encryptor_test.dart: 2. 正向可用性：封装后必须能原样开封 默认 1 MiB 分块下的大文件往返（跨 3 块）
00:09 +224: /Users/leeyi/project/imboy.pub/imboyapp/test/unit_test/service/e2ee/attachment_encryptor_test.dart: 2. 正向可用性：封装后必须能原样开封 默认 1 MiB 分块下的大文件往返（跨 3 块）
00:09 +225: /Users/leeyi/project/imboy.pub/imboyapp/test/unit_test/service/e2ee/attachment_encryptor_test.dart: 2. 正向可用性：封装后必须能原样开封 默认 1 MiB 分块下的大文件往返（跨 3 块）
00:09 +226: /Users/leeyi/project/imboy.pub/imboyapp/test/unit_test/service/e2ee/attachment_encryptor_test.dart: 2. 正向可用性：封装后必须能原样开封 默认 1 MiB 分块下的大文件往返（跨 3 块）
00:09 +227: /Users/leeyi/project/imboy.pub/imboyapp/test/unit_test/service/e2ee/attachment_encryptor_test.dart: 2. 正向可用性：封装后必须能原样开封 默认 1 MiB 分块下的大文件往返（跨 3 块）
00:09 +228: /Users/leeyi/project/imboy.pub/imboyapp/test/unit_test/service/e2ee/attachment_encryptor_test.dart: 2. 正向可用性：封装后必须能原样开封 默认 1 MiB 分块下的大文件往返（跨 3 块）
00:09 +229: /Users/leeyi/project/imboy.pub/imboyapp/test/unit_test/service/e2ee/attachment_encryptor_test.dart: 2. 正向可用性：封装后必须能原样开封 默认 1 MiB 分块下的大文件往返（跨 3 块）
00:09 +230: /Users/leeyi/project/imboy.pub/imboyapp/test/unit_test/service/e2ee/attachment_encryptor_test.dart: 2. 正向可用性：封装后必须能原样开封 默认 1 MiB 分块下的大文件往返（跨 3 块）
00:09 +231: /Users/leeyi/project/imboy.pub/imboyapp/test/unit_test/service/e2ee/attachment_encryptor_test.dart: 2. 正向可用性：封装后必须能原样开封 默认 1 MiB 分块下的大文件往返（跨 3 块）
00:09 +232: /Users/leeyi/project/imboy.pub/imboyapp/test/unit_test/service/e2ee/attachment_encryptor_test.dart: 2. 正向可用性：封装后必须能原样开封 默认 1 MiB 分块下的大文件往返（跨 3 块）
00:09 +233: /Users/leeyi/project/imboy.pub/imboyapp/test/unit_test/service/e2ee/attachment_encryptor_test.dart: 2. 正向可用性：封装后必须能原样开封 默认 1 MiB 分块下的大文件往返（跨 3 块）
00:09 +234: /Users/leeyi/project/imboy.pub/imboyapp/test/unit_test/service/e2ee/attachment_encryptor_test.dart: 2. 正向可用性：封装后必须能原样开封 默认 1 MiB 分块下的大文件往返（跨 3 块）
00:09 +235: /Users/leeyi/project/imboy.pub/imboyapp/test/unit_test/service/e2ee/attachment_encryptor_test.dart: 2. 正向可用性：封装后必须能原样开封 默认 1 MiB 分块下的大文件往返（跨 3 块）
00:09 +236: /Users/leeyi/project/imboy.pub/imboyapp/test/unit_test/service/e2ee/attachment_encryptor_test.dart: 2. 正向可用性：封装后必须能原样开封 默认 1 MiB 分块下的大文件往返（跨 3 块）
00:09 +237: /Users/leeyi/project/imboy.pub/imboyapp/test/unit_test/service/e2ee/attachment_encryptor_test.dart: 2. 正向可用性：封装后必须能原样开封 默认 1 MiB 分块下的大文件往返（跨 3 块）
00:09 +238: /Users/leeyi/project/imboy.pub/imboyapp/test/unit_test/service/e2ee/attachment_encryptor_test.dart: 2. 正向可用性：封装后必须能原样开封 默认 1 MiB 分块下的大文件往返（跨 3 块）
00:09 +239: /Users/leeyi/project/imboy.pub/imboyapp/test/unit_test/service/e2ee/attachment_encryptor_test.dart: 2. 正向可用性：封装后必须能原样开封 默认 1 MiB 分块下的大文件往返（跨 3 块）
00:10 +240: /Users/leeyi/project/imboy.pub/imboyapp/test/unit_test/service/e2ee/attachment_encryptor_test.dart: 2. 正向可用性：封装后必须能原样开封 默认 1 MiB 分块下的大文件往返（跨 3 块）
00:10 +241: /Users/leeyi/project/imboy.pub/imboyapp/test/unit_test/service/e2ee/attachment_encryptor_test.dart: 2. 正向可用性：封装后必须能原样开封 默认 1 MiB 分块下的大文件往返（跨 3 块）
00:10 +242: /Users/leeyi/project/imboy.pub/imboyapp/test/unit_test/service/e2ee/attachment_encryptor_test.dart: 2. 正向可用性：封装后必须能原样开封 默认 1 MiB 分块下的大文件往返（跨 3 块）
00:10 +243: /Users/leeyi/project/imboy.pub/imboyapp/test/unit_test/service/e2ee/attachment_encryptor_test.dart: 2. 正向可用性：封装后必须能原样开封 默认 1 MiB 分块下的大文件往返（跨 3 块）
00:10 +244: /Users/leeyi/project/imboy.pub/imboyapp/test/unit_test/service/e2ee/attachment_encryptor_test.dart: 2. 正向可用性：封装后必须能原样开封 默认 1 MiB 分块下的大文件往返（跨 3 块）
00:10 +245: /Users/leeyi/project/imboy.pub/imboyapp/test/unit_test/service/e2ee/attachment_encryptor_test.dart: 2. 正向可用性：封装后必须能原样开封 默认 1 MiB 分块下的大文件往返（跨 3 块）
00:10 +246: /Users/leeyi/project/imboy.pub/imboyapp/test/unit_test/service/e2ee/attachment_encryptor_test.dart: 2. 正向可用性：封装后必须能原样开封 默认 1 MiB 分块下的大文件往返（跨 3 块）
00:10 +247: /Users/leeyi/project/imboy.pub/imboyapp/test/unit_test/service/e2ee/attachment_encryptor_test.dart: 2. 正向可用性：封装后必须能原样开封 默认 1 MiB 分块下的大文件往返（跨 3 块）
00:10 +248: /Users/leeyi/project/imboy.pub/imboyapp/test/unit_test/service/e2ee/attachment_encryptor_test.dart: 2. 正向可用性：封装后必须能原样开封 默认 1 MiB 分块下的大文件往返（跨 3 块）
00:10 +249: /Users/leeyi/project/imboy.pub/imboyapp/test/unit_test/service/e2ee/attachment_encryptor_test.dart: 2. 正向可用性：封装后必须能原样开封 默认 1 MiB 分块下的大文件往返（跨 3 块）
00:10 +250: /Users/leeyi/project/imboy.pub/imboyapp/test/unit_test/service/e2ee/attachment_encryptor_test.dart: 2. 正向可用性：封装后必须能原样开封 默认 1 MiB 分块下的大文件往返（跨 3 块）
00:10 +251: /Users/leeyi/project/imboy.pub/imboyapp/test/unit_test/service/e2ee/attachment_encryptor_test.dart: 2. 正向可用性：封装后必须能原样开封 默认 1 MiB 分块下的大文件往返（跨 3 块）
00:10 +252: /Users/leeyi/project/imboy.pub/imboyapp/test/unit_test/service/e2ee/attachment_encryptor_test.dart: 2. 正向可用性：封装后必须能原样开封 默认 1 MiB 分块下的大文件往返（跨 3 块）
00:10 +253: /Users/leeyi/project/imboy.pub/imboyapp/test/unit_test/service/e2ee/attachment_encryptor_test.dart: 2. 正向可用性：封装后必须能原样开封 默认 1 MiB 分块下的大文件往返（跨 3 块）
00:10 +254: /Users/leeyi/project/imboy.pub/imboyapp/test/unit_test/service/e2ee/attachment_encryptor_test.dart: 2. 正向可用性：封装后必须能原样开封 默认 1 MiB 分块下的大文件往返（跨 3 块）
00:10 +255: /Users/leeyi/project/imboy.pub/imboyapp/test/unit_test/service/e2ee/attachment_encryptor_test.dart: 2. 正向可用性：封装后必须能原样开封 默认 1 MiB 分块下的大文件往返（跨 3 块）
00:10 +256: /Users/leeyi/project/imboy.pub/imboyapp/test/unit_test/service/e2ee/attachment_encryptor_test.dart: 2. 正向可用性：封装后必须能原样开封 默认 1 MiB 分块下的大文件往返（跨 3 块）
00:10 +257: /Users/leeyi/project/imboy.pub/imboyapp/test/unit_test/service/e2ee/attachment_encryptor_test.dart: 2. 正向可用性：封装后必须能原样开封 默认 1 MiB 分块下的大文件往返（跨 3 块）
00:10 +258: /Users/leeyi/project/imboy.pub/imboyapp/test/unit_test/service/e2ee/attachment_encryptor_test.dart: 2. 正向可用性：封装后必须能原样开封 默认 1 MiB 分块下的大文件往返（跨 3 块）
00:10 +259: /Users/leeyi/project/imboy.pub/imboyapp/test/unit_test/service/e2ee/attachment_encryptor_test.dart: 2. 正向可用性：封装后必须能原样开封 默认 1 MiB 分块下的大文件往返（跨 3 块）
00:10 +260: /Users/leeyi/project/imboy.pub/imboyapp/test/unit_test/service/e2ee/attachment_encryptor_test.dart: 2. 正向可用性：封装后必须能原样开封 默认 1 MiB 分块下的大文件往返（跨 3 块）
00:10 +261: /Users/leeyi/project/imboy.pub/imboyapp/test/unit_test/service/e2ee/attachment_encryptor_test.dart: 2. 正向可用性：封装后必须能原样开封 默认 1 MiB 分块下的大文件往返（跨 3 块）
00:10 +262: /Users/leeyi/project/imboy.pub/imboyapp/test/unit_test/service/e2ee/attachment_encryptor_test.dart: 2. 正向可用性：封装后必须能原样开封 默认 1 MiB 分块下的大文件往返（跨 3 块）
00:10 +263: /Users/leeyi/project/imboy.pub/imboyapp/test/unit_test/service/e2ee/attachment_encryptor_test.dart: 2. 正向可用性：封装后必须能原样开封 默认 1 MiB 分块下的大文件往返（跨 3 块）
00:10 +264: /Users/leeyi/project/imboy.pub/imboyapp/test/unit_test/service/e2ee/attachment_encryptor_test.dart: 2. 正向可用性：封装后必须能原样开封 默认 1 MiB 分块下的大文件往返（跨 3 块）
00:10 +265: /Users/leeyi/project/imboy.pub/imboyapp/test/unit_test/service/e2ee/attachment_encryptor_test.dart: 2. 正向可用性：封装后必须能原样开封 默认 1 MiB 分块下的大文件往返（跨 3 块）
00:10 +266: /Users/leeyi/project/imboy.pub/imboyapp/test/unit_test/service/e2ee/attachment_encryptor_test.dart: 2. 正向可用性：封装后必须能原样开封 默认 1 MiB 分块下的大文件往返（跨 3 块）
00:10 +267: /Users/leeyi/project/imboy.pub/imboyapp/test/unit_test/service/e2ee/attachment_encryptor_test.dart: 2. 正向可用性：封装后必须能原样开封 默认 1 MiB 分块下的大文件往返（跨 3 块）
00:10 +268: /Users/leeyi/project/imboy.pub/imboyapp/test/unit_test/service/e2ee/attachment_encryptor_test.dart: 2. 正向可用性：封装后必须能原样开封 默认 1 MiB 分块下的大文件往返（跨 3 块）
00:10 +269: /Users/leeyi/project/imboy.pub/imboyapp/test/unit_test/service/e2ee/attachment_encryptor_test.dart: 2. 正向可用性：封装后必须能原样开封 默认 1 MiB 分块下的大文件往返（跨 3 块）
00:10 +270: /Users/leeyi/project/imboy.pub/imboyapp/test/unit_test/service/e2ee/attachment_encryptor_test.dart: 2. 正向可用性：封装后必须能原样开封 默认 1 MiB 分块下的大文件往返（跨 3 块）
00:10 +271: /Users/leeyi/project/imboy.pub/imboyapp/test/unit_test/service/e2ee/attachment_encryptor_test.dart: 2. 正向可用性：封装后必须能原样开封 默认 1 MiB 分块下的大文件往返（跨 3 块）
00:10 +272: /Users/leeyi/project/imboy.pub/imboyapp/test/unit_test/service/e2ee/attachment_encryptor_test.dart: 2. 正向可用性：封装后必须能原样开封 默认 1 MiB 分块下的大文件往返（跨 3 块）
00:10 +273: /Users/leeyi/project/imboy.pub/imboyapp/test/unit_test/service/e2ee/attachment_encryptor_test.dart: 2. 正向可用性：封装后必须能原样开封 默认 1 MiB 分块下的大文件往返（跨 3 块）
00:10 +274: /Users/leeyi/project/imboy.pub/imboyapp/test/unit_test/service/e2ee/attachment_encryptor_test.dart: 2. 正向可用性：封装后必须能原样开封 默认 1 MiB 分块下的大文件往返（跨 3 块）
00:10 +275: /Users/leeyi/project/imboy.pub/imboyapp/test/unit_test/service/e2ee/attachment_encryptor_test.dart: 2. 正向可用性：封装后必须能原样开封 默认 1 MiB 分块下的大文件往返（跨 3 块）
00:11 +276: /Users/leeyi/project/imboy.pub/imboyapp/test/unit_test/service/e2ee/attachment_encryptor_test.dart: 2. 正向可用性：封装后必须能原样开封 默认 1 MiB 分块下的大文件往返（跨 3 块）
00:11 +277: /Users/leeyi/project/imboy.pub/imboyapp/test/unit_test/service/e2ee/attachment_encryptor_test.dart: 2. 正向可用性：封装后必须能原样开封 默认 1 MiB 分块下的大文件往返（跨 3 块）
00:11 +278: /Users/leeyi/project/imboy.pub/imboyapp/test/unit_test/service/e2ee/attachment_encryptor_test.dart: 2. 正向可用性：封装后必须能原样开封 默认 1 MiB 分块下的大文件往返（跨 3 块）
00:11 +279: /Users/leeyi/project/imboy.pub/imboyapp/test/unit_test/service/e2ee/attachment_encryptor_test.dart: 2. 正向可用性：封装后必须能原样开封 默认 1 MiB 分块下的大文件往返（跨 3 块）
00:11 +280: /Users/leeyi/project/imboy.pub/imboyapp/test/unit_test/service/e2ee/attachment_encryptor_test.dart: 2. 正向可用性：封装后必须能原样开封 默认 1 MiB 分块下的大文件往返（跨 3 块）
00:11 +281: /Users/leeyi/project/imboy.pub/imboyapp/test/unit_test/service/e2ee/attachment_encryptor_test.dart: 2. 正向可用性：封装后必须能原样开封 默认 1 MiB 分块下的大文件往返（跨 3 块）
00:11 +282: /Users/leeyi/project/imboy.pub/imboyapp/test/unit_test/service/e2ee/attachment_encryptor_test.dart: 2. 正向可用性：封装后必须能原样开封 默认 1 MiB 分块下的大文件往返（跨 3 块）
00:11 +283: /Users/leeyi/project/imboy.pub/imboyapp/test/unit_test/service/e2ee/attachment_encryptor_test.dart: 2. 正向可用性：封装后必须能原样开封 默认 1 MiB 分块下的大文件往返（跨 3 块）
00:11 +284: /Users/leeyi/project/imboy.pub/imboyapp/test/unit_test/service/e2ee/attachment_encryptor_test.dart: 2. 正向可用性：封装后必须能原样开封 默认 1 MiB 分块下的大文件往返（跨 3 块）
00:11 +285: /Users/leeyi/project/imboy.pub/imboyapp/test/unit_test/service/e2ee/attachment_encryptor_test.dart: 2. 正向可用性：封装后必须能原样开封 默认 1 MiB 分块下的大文件往返（跨 3 块）
00:11 +286: /Users/leeyi/project/imboy.pub/imboyapp/test/unit_test/service/e2ee/attachment_encryptor_test.dart: 2. 正向可用性：封装后必须能原样开封 默认 1 MiB 分块下的大文件往返（跨 3 块）
00:11 +287: /Users/leeyi/project/imboy.pub/imboyapp/test/unit_test/service/e2ee/attachment_encryptor_test.dart: 2. 正向可用性：封装后必须能原样开封 默认 1 MiB 分块下的大文件往返（跨 3 块）
00:11 +288: /Users/leeyi/project/imboy.pub/imboyapp/test/unit_test/service/e2ee/attachment_encryptor_test.dart: 2. 正向可用性：封装后必须能原样开封 默认 1 MiB 分块下的大文件往返（跨 3 块）
00:11 +289: /Users/leeyi/project/imboy.pub/imboyapp/test/unit_test/service/e2ee/attachment_encryptor_test.dart: 2. 正向可用性：封装后必须能原样开封 默认 1 MiB 分块下的大文件往返（跨 3 块）
00:11 +290: /Users/leeyi/project/imboy.pub/imboyapp/test/unit_test/service/e2ee/attachment_encryptor_test.dart: 2. 正向可用性：封装后必须能原样开封 默认 1 MiB 分块下的大文件往返（跨 3 块）
00:11 +291: /Users/leeyi/project/imboy.pub/imboyapp/test/unit_test/service/e2ee/attachment_encryptor_test.dart: 2. 正向可用性：封装后必须能原样开封 默认 1 MiB 分块下的大文件往返（跨 3 块）
00:11 +292: /Users/leeyi/project/imboy.pub/imboyapp/test/unit_test/service/e2ee/attachment_encryptor_test.dart: 2. 正向可用性：封装后必须能原样开封 默认 1 MiB 分块下的大文件往返（跨 3 块）
00:11 +293: /Users/leeyi/project/imboy.pub/imboyapp/test/unit_test/service/e2ee/attachment_encryptor_test.dart: 2. 正向可用性：封装后必须能原样开封 默认 1 MiB 分块下的大文件往返（跨 3 块）
00:11 +294: /Users/leeyi/project/imboy.pub/imboyapp/test/unit_test/service/e2ee/megolm_backup_section_test.dart: pack/unpack 导出前按 session 刷新服务端有限授权快照
00:11 +295: /Users/leeyi/project/imboy.pub/imboyapp/test/unit_test/service/e2ee/megolm_backup_section_test.dart: pack/unpack 导出前按 session 刷新服务端有限授权快照
00:11 +296: /Users/leeyi/project/imboy.pub/imboyapp/test/unit_test/service/e2ee/megolm_backup_section_test.dart: pack/unpack 导出前按 session 刷新服务端有限授权快照
00:11 +297: /Users/leeyi/project/imboy.pub/imboyapp/test/unit_test/service/e2ee/megolm_backup_section_test.dart: pack/unpack 导出前按 session 刷新服务端有限授权快照
00:11 +298: /Users/leeyi/project/imboy.pub/imboyapp/test/unit_test/service/e2ee/megolm_backup_section_test.dart: pack/unpack 导出前按 session 刷新服务端有限授权快照
00:11 +299: /Users/leeyi/project/imboy.pub/imboyapp/test/unit_test/service/e2ee/megolm_backup_section_test.dart: pack/unpack 导出前按 session 刷新服务端有限授权快照
00:11 +300: /Users/leeyi/project/imboy.pub/imboyapp/test/unit_test/service/e2ee/megolm_backup_section_test.dart: pack/unpack 导出前按 session 刷新服务端有限授权快照
00:11 +301: /Users/leeyi/project/imboy.pub/imboyapp/test/unit_test/service/e2ee/megolm_backup_section_test.dart: pack/unpack 导出前按 session 刷新服务端有限授权快照
00:11 +302: /Users/leeyi/project/imboy.pub/imboyapp/test/unit_test/service/e2ee/megolm_backup_section_test.dart: pack/unpack 导出前按 session 刷新服务端有限授权快照
00:11 +303: /Users/leeyi/project/imboy.pub/imboyapp/test/unit_test/service/e2ee/megolm_backup_section_test.dart: pack/unpack 导出前按 session 刷新服务端有限授权快照
00:11 +304: /Users/leeyi/project/imboy.pub/imboyapp/test/unit_test/service/e2ee/megolm_backup_section_test.dart: pack/unpack 导出前按 session 刷新服务端有限授权快照
00:11 +305: /Users/leeyi/project/imboy.pub/imboyapp/test/unit_test/service/e2ee/megolm_backup_section_test.dart: pack/unpack 导出前按 session 刷新服务端有限授权快照
00:11 +306: /Users/leeyi/project/imboy.pub/imboyapp/test/unit_test/service/e2ee/megolm_backup_section_test.dart: pack/unpack 导出前按 session 刷新服务端有限授权快照
00:11 +307: /Users/leeyi/project/imboy.pub/imboyapp/test/unit_test/service/e2ee/megolm_backup_section_test.dart: pack/unpack 导出前按 session 刷新服务端有限授权快照
00:11 +308: /Users/leeyi/project/imboy.pub/imboyapp/test/unit_test/service/e2ee/megolm_backup_section_test.dart: pack/unpack 导出前按 session 刷新服务端有限授权快照
00:11 +309: /Users/leeyi/project/imboy.pub/imboyapp/test/unit_test/service/e2ee/megolm_backup_section_test.dart: pack/unpack 导出前按 session 刷新服务端有限授权快照
00:11 +310: /Users/leeyi/project/imboy.pub/imboyapp/test/unit_test/service/e2ee/megolm_backup_section_test.dart: pack/unpack 导出前按 session 刷新服务端有限授权快照
00:11 +311: /Users/leeyi/project/imboy.pub/imboyapp/test/unit_test/service/e2ee/megolm_backup_section_test.dart: pack/unpack 导出前按 session 刷新服务端有限授权快照
00:11 +312: /Users/leeyi/project/imboy.pub/imboyapp/test/unit_test/service/e2ee/megolm_backup_section_test.dart: pack/unpack 导出前按 session 刷新服务端有限授权快照
00:11 +313: /Users/leeyi/project/imboy.pub/imboyapp/test/unit_test/service/e2ee/megolm_backup_section_test.dart: pack/unpack 导出前按 session 刷新服务端有限授权快照
00:11 +314: /Users/leeyi/project/imboy.pub/imboyapp/test/unit_test/service/e2ee/megolm_backup_section_test.dart: pack/unpack 导出前按 session 刷新服务端有限授权快照
00:11 +315: /Users/leeyi/project/imboy.pub/imboyapp/test/unit_test/service/e2ee/megolm_backup_section_test.dart: pack/unpack 导出前按 session 刷新服务端有限授权快照
00:11 +316: /Users/leeyi/project/imboy.pub/imboyapp/test/unit_test/service/e2ee/megolm_backup_section_test.dart: pack/unpack 导出前按 session 刷新服务端有限授权快照
00:11 +317: /Users/leeyi/project/imboy.pub/imboyapp/test/unit_test/service/e2ee/megolm_backup_section_test.dart: pack/unpack 导出前按 session 刷新服务端有限授权快照
00:11 +318: /Users/leeyi/project/imboy.pub/imboyapp/test/unit_test/service/e2ee/megolm_backup_section_test.dart: pack/unpack 导出前按 session 刷新服务端有限授权快照
00:11 +319: /Users/leeyi/project/imboy.pub/imboyapp/test/unit_test/service/e2ee/megolm_backup_section_test.dart: pack/unpack 导出前按 session 刷新服务端有限授权快照
00:11 +320: /Users/leeyi/project/imboy.pub/imboyapp/test/unit_test/service/e2ee/megolm_backup_section_test.dart: pack/unpack 导出前按 session 刷新服务端有限授权快照
00:11 +321: /Users/leeyi/project/imboy.pub/imboyapp/test/unit_test/service/e2ee/megolm_backup_section_test.dart: pack/unpack 导出前按 session 刷新服务端有限授权快照
00:11 +322: /Users/leeyi/project/imboy.pub/imboyapp/test/unit_test/service/e2ee/megolm_backup_section_test.dart: pack/unpack 导出前按 session 刷新服务端有限授权快照
00:11 +323: /Users/leeyi/project/imboy.pub/imboyapp/test/unit_test/service/e2ee/megolm_backup_section_test.dart: pack/unpack 导出前按 session 刷新服务端有限授权快照
00:11 +324: /Users/leeyi/project/imboy.pub/imboyapp/test/unit_test/service/e2ee/megolm_backup_section_test.dart: pack/unpack 导出前按 session 刷新服务端有限授权快照
00:11 +325: /Users/leeyi/project/imboy.pub/imboyapp/test/unit_test/service/e2ee/megolm_backup_section_test.dart: pack/unpack 导出前按 session 刷新服务端有限授权快照
00:11 +326: /Users/leeyi/project/imboy.pub/imboyapp/test/unit_test/service/e2ee/megolm_backup_section_test.dart: pack/unpack 导出前按 session 刷新服务端有限授权快照
00:11 +327: /Users/leeyi/project/imboy.pub/imboyapp/test/unit_test/service/e2ee/megolm_backup_section_test.dart: pack/unpack 导出前按 session 刷新服务端有限授权快照
00:11 +328: /Users/leeyi/project/imboy.pub/imboyapp/test/unit_test/service/e2ee/megolm_backup_section_test.dart: pack/unpack 导出前按 session 刷新服务端有限授权快照
00:11 +329: /Users/leeyi/project/imboy.pub/imboyapp/test/unit_test/service/e2ee/megolm_backup_section_test.dart: pack/unpack 导出前按 session 刷新服务端有限授权快照
00:11 +330: /Users/leeyi/project/imboy.pub/imboyapp/test/unit_test/service/e2ee/megolm_backup_section_test.dart: pack/unpack 导出前按 session 刷新服务端有限授权快照
00:11 +331: /Users/leeyi/project/imboy.pub/imboyapp/test/unit_test/service/e2ee/megolm_backup_section_test.dart: pack/unpack 导出前按 session 刷新服务端有限授权快照
00:12 +332: /Users/leeyi/project/imboy.pub/imboyapp/test/unit_test/service/e2ee/megolm_backup_section_test.dart: pack/unpack 导出前按 session 刷新服务端有限授权快照
00:12 +333: /Users/leeyi/project/imboy.pub/imboyapp/test/unit_test/service/e2ee/megolm_backup_section_test.dart: pack/unpack 导出前按 session 刷新服务端有限授权快照
00:12 +334: /Users/leeyi/project/imboy.pub/imboyapp/test/unit_test/service/e2ee/megolm_backup_section_test.dart: pack/unpack 导出前按 session 刷新服务端有限授权快照
00:12 +334: /Users/leeyi/project/imboy.pub/imboyapp/test/unit_test/service/e2ee/fallback_rotation_wiring_test.dart: 从未记录过轮换时刻 → 必须轮换并上报
[olm] fallback key rotated
00:12 +335: /Users/leeyi/project/imboy.pub/imboyapp/test/unit_test/service/e2ee/megolm_backup_section_test.dart: pack/unpack 导出前按 session 刷新服务端有限授权快照
00:12 +335: /Users/leeyi/project/imboy.pub/imboyapp/test/unit_test/service/e2ee/fallback_rotation_wiring_test.dart: 对照组：刚轮换过 → 不得再次上报
[olm] fallback key rotated
00:12 +336: /Users/leeyi/project/imboy.pub/imboyapp/test/unit_test/service/e2ee/megolm_backup_section_test.dart: pack/unpack 导出前按 session 刷新服务端有限授权快照
00:12 +336: /Users/leeyi/project/imboy.pub/imboyapp/test/unit_test/service/e2ee/fallback_rotation_wiring_test.dart: 时刻过期 → 再次轮换，且 keyId 与上一次不同
[olm] fallback key rotated
[olm] fallback key rotated
00:12 +337: /Users/leeyi/project/imboy.pub/imboyapp/test/unit_test/service/e2ee/megolm_backup_section_test.dart: pack/unpack 导出前按 session 刷新服务端有限授权快照
00:12 +338: /Users/leeyi/project/imboy.pub/imboyapp/test/unit_test/service/e2ee/megolm_backup_section_test.dart: pack/unpack 导出前按 session 刷新服务端有限授权快照
00:12 +338: /Users/leeyi/project/imboy.pub/imboyapp/test/unit_test/service/e2ee/decrypt_on_read_v3_gap_test.dart: decrypt-on-read 路径的 v3 缺口（实证） 对照组：同一行数据经 decryptInboundV3 必须可读
*** sqflite warning ***

You are changing sqflite default factory.
Be aware of the potential side effects. Any library using sqflite
will have this factory as the default for all operations.

*** sqflite warning ***

00:12 +339: /Users/leeyi/project/imboy.pub/imboyapp/test/unit_test/service/e2ee/megolm_backup_section_test.dart: pack/unpack 导出前按 session 刷新服务端有限授权快照
00:12 +339: /Users/leeyi/project/imboy.pub/imboyapp/test/unit_test/service/e2ee/decrypt_on_read_v3_gap_test.dart: 读时拒绝畸形信封且日志不暴露消息标识与原始原因
*** sqflite warning ***

You are changing sqflite default factory.
Be aware of the potential side effects. Any library using sqflite
will have this factory as the default for all operations.

*** sqflite warning ***

📊 [E2EE_METRICS] decrypt failure: envelope_invalid total=1
00:12 +340: /Users/leeyi/project/imboy.pub/imboyapp/test/unit_test/service/e2ee/megolm_backup_section_test.dart: pack/unpack 导出前按 session 刷新服务端有限授权快照
00:12 +340: /Users/leeyi/project/imboy.pub/imboyapp/test/unit_test/service/e2ee/decrypt_on_read_v3_gap_test.dart: decrypt-on-read v3 正向可用性（生产入口 toTypeMessage） v3 离线行经 toTypeMessage 能读出明文
*** sqflite warning ***

You are changing sqflite default factory.
Be aware of the potential side effects. Any library using sqflite
will have this factory as the default for all operations.

*** sqflite warning ***

✅ toTypeMessage: v3 解密成功
✅ [MessageTypeNormalizer] 有效类型: text
00:12 +341: /Users/leeyi/project/imboy.pub/imboyapp/test/unit_test/service/e2ee/megolm_backup_section_test.dart: pack/unpack 导出前按 session 刷新服务端有限授权快照
00:12 +341: /Users/leeyi/project/imboy.pub/imboyapp/test/unit_test/service/e2ee/decrypt_on_read_v3_gap_test.dart: decrypt-on-read v3 正向可用性（生产入口 toTypeMessage） 缺 sender_did 的旧行必须 fail-closed 且不得暴露密文
*** sqflite warning ***

You are changing sqflite default factory.
Be aware of the potential side effects. Any library using sqflite
will have this factory as the default for all operations.

*** sqflite warning ***

⚠️ toTypeMessage: v3 解密失败，reason=context_mismatch_sender_did
📊 [E2EE_METRICS] decrypt failure: context_mismatch_sender_did total=1
00:12 +342: /Users/leeyi/project/imboy.pub/imboyapp/test/unit_test/service/e2ee/megolm_backup_section_test.dart: pack/unpack 导出前按 session 刷新服务端有限授权快照
00:12 +342: /Users/leeyi/project/imboy.pub/imboyapp/test/unit_test/service/e2ee/decrypt_on_read_v3_gap_test.dart: decrypt-on-read 路径接线状态（结构级） toTypeMessage 必须先经 decryptInboundV3 分流，再回落 v1/v2
*** sqflite warning ***

You are changing sqflite default factory.
Be aware of the potential side effects. Any library using sqflite
will have this factory as the default for all operations.

*** sqflite warning ***

00:13 +343: /Users/leeyi/project/imboy.pub/imboyapp/test/unit_test/service/e2ee/megolm_backup_section_test.dart: pack/unpack 导出前按 session 刷新服务端有限授权快照
00:13 +344: /Users/leeyi/project/imboy.pub/imboyapp/test/unit_test/service/e2ee/megolm_backup_section_test.dart: pack/unpack 导出前按 session 刷新服务端有限授权快照
00:13 +345: /Users/leeyi/project/imboy.pub/imboyapp/test/unit_test/service/e2ee/megolm_backup_section_test.dart: pack/unpack 导出前按 session 刷新服务端有限授权快照
00:13 +346: /Users/leeyi/project/imboy.pub/imboyapp/test/unit_test/service/e2ee/megolm_backup_section_test.dart: pack/unpack 导出前按 session 刷新服务端有限授权快照
00:13 +347: /Users/leeyi/project/imboy.pub/imboyapp/test/unit_test/service/e2ee/megolm_backup_section_test.dart: pack/unpack 导出前按 session 刷新服务端有限授权快照
00:13 +348: /Users/leeyi/project/imboy.pub/imboyapp/test/unit_test/service/e2ee/megolm_backup_section_test.dart: pack/unpack 导出前按 session 刷新服务端有限授权快照
00:13 +349: /Users/leeyi/project/imboy.pub/imboyapp/test/unit_test/service/e2ee/megolm_backup_section_test.dart: pack/unpack 导出前按 session 刷新服务端有限授权快照
00:13 +350: /Users/leeyi/project/imboy.pub/imboyapp/test/unit_test/service/e2ee/megolm_backup_section_test.dart: pack/unpack 导出前按 session 刷新服务端有限授权快照
00:13 +351: /Users/leeyi/project/imboy.pub/imboyapp/test/unit_test/service/e2ee/megolm_backup_section_test.dart: pack/unpack 导出前按 session 刷新服务端有限授权快照
00:13 +352: /Users/leeyi/project/imboy.pub/imboyapp/test/unit_test/service/e2ee/megolm_backup_section_test.dart: pack/unpack 导出前按 session 刷新服务端有限授权快照
00:13 +353: /Users/leeyi/project/imboy.pub/imboyapp/test/unit_test/service/e2ee/megolm_backup_section_test.dart: pack/unpack 导出前按 session 刷新服务端有限授权快照
00:13 +354: /Users/leeyi/project/imboy.pub/imboyapp/test/unit_test/service/e2ee/megolm_backup_section_test.dart: pack/unpack 导出前按 session 刷新服务端有限授权快照
00:13 +355: /Users/leeyi/project/imboy.pub/imboyapp/test/unit_test/service/e2ee/megolm_backup_section_test.dart: pack/unpack 导出前按 session 刷新服务端有限授权快照
00:13 +356: /Users/leeyi/project/imboy.pub/imboyapp/test/unit_test/service/e2ee/megolm_backup_section_test.dart: pack/unpack 导出前按 session 刷新服务端有限授权快照
00:13 +357: /Users/leeyi/project/imboy.pub/imboyapp/test/unit_test/service/e2ee/megolm_backup_section_test.dart: pack/unpack 导出前按 session 刷新服务端有限授权快照
00:13 +358: /Users/leeyi/project/imboy.pub/imboyapp/test/unit_test/service/e2ee/megolm_backup_section_test.dart: pack/unpack 导出前按 session 刷新服务端有限授权快照
00:13 +359: /Users/leeyi/project/imboy.pub/imboyapp/test/unit_test/service/e2ee/megolm_backup_section_test.dart: pack/unpack 导出前按 session 刷新服务端有限授权快照
00:13 +360: /Users/leeyi/project/imboy.pub/imboyapp/test/unit_test/service/e2ee/megolm_backup_section_test.dart: pack/unpack 导出前按 session 刷新服务端有限授权快照
00:13 +361: /Users/leeyi/project/imboy.pub/imboyapp/test/unit_test/service/e2ee/megolm_backup_section_test.dart: pack/unpack 导出前按 session 刷新服务端有限授权快照
00:13 +362: /Users/leeyi/project/imboy.pub/imboyapp/test/unit_test/service/e2ee/megolm_backup_section_test.dart: pack/unpack 导出前按 session 刷新服务端有限授权快照
00:13 +363: /Users/leeyi/project/imboy.pub/imboyapp/test/unit_test/service/e2ee/megolm_backup_section_test.dart: pack/unpack 导出前按 session 刷新服务端有限授权快照
00:13 +364: /Users/leeyi/project/imboy.pub/imboyapp/test/unit_test/service/e2ee/megolm_backup_section_test.dart: pack/unpack 导出前按 session 刷新服务端有限授权快照
00:13 +365: /Users/leeyi/project/imboy.pub/imboyapp/test/unit_test/service/e2ee/megolm_backup_section_test.dart: pack/unpack 导出前按 session 刷新服务端有限授权快照
00:13 +366: /Users/leeyi/project/imboy.pub/imboyapp/test/unit_test/service/e2ee/megolm_backup_section_test.dart: pack/unpack 导出前按 session 刷新服务端有限授权快照
00:13 +367: /Users/leeyi/project/imboy.pub/imboyapp/test/unit_test/service/e2ee/megolm_backup_section_test.dart: pack/unpack 导出前按 session 刷新服务端有限授权快照
00:13 +368: /Users/leeyi/project/imboy.pub/imboyapp/test/unit_test/service/e2ee/megolm_backup_section_test.dart: pack/unpack 导出前按 session 刷新服务端有限授权快照
00:13 +369: /Users/leeyi/project/imboy.pub/imboyapp/test/unit_test/service/e2ee/megolm_backup_section_test.dart: pack/unpack 导出前按 session 刷新服务端有限授权快照
00:13 +370: /Users/leeyi/project/imboy.pub/imboyapp/test/unit_test/service/e2ee/megolm_backup_section_test.dart: pack/unpack 导出前按 session 刷新服务端有限授权快照
00:13 +371: /Users/leeyi/project/imboy.pub/imboyapp/test/unit_test/service/e2ee/megolm_backup_section_test.dart: pack/unpack 导出前按 session 刷新服务端有限授权快照
00:13 +372: /Users/leeyi/project/imboy.pub/imboyapp/test/unit_test/service/e2ee/megolm_backup_section_test.dart: pack/unpack 导出前按 session 刷新服务端有限授权快照
00:13 +373: /Users/leeyi/project/imboy.pub/imboyapp/test/unit_test/service/e2ee/megolm_backup_section_test.dart: pack/unpack 导出前按 session 刷新服务端有限授权快照
00:13 +374: /Users/leeyi/project/imboy.pub/imboyapp/test/unit_test/service/e2ee/megolm_backup_section_test.dart: pack/unpack 导出前按 session 刷新服务端有限授权快照
00:13 +375: /Users/leeyi/project/imboy.pub/imboyapp/test/unit_test/service/e2ee/megolm_backup_section_test.dart: pack/unpack 导出前按 session 刷新服务端有限授权快照
00:13 +376: /Users/leeyi/project/imboy.pub/imboyapp/test/unit_test/service/e2ee/megolm_backup_section_test.dart: pack/unpack 导出前按 session 刷新服务端有限授权快照
00:13 +377: /Users/leeyi/project/imboy.pub/imboyapp/test/unit_test/service/e2ee/megolm_backup_section_test.dart: pack/unpack 导出前按 session 刷新服务端有限授权快照
00:13 +378: /Users/leeyi/project/imboy.pub/imboyapp/test/unit_test/service/e2ee/megolm_backup_section_test.dart: pack/unpack 导出前按 session 刷新服务端有限授权快照
00:13 +379: /Users/leeyi/project/imboy.pub/imboyapp/test/unit_test/service/e2ee/megolm_backup_section_test.dart: pack/unpack 导出前按 session 刷新服务端有限授权快照
00:13 +380: /Users/leeyi/project/imboy.pub/imboyapp/test/unit_test/service/e2ee/megolm_backup_section_test.dart: pack/unpack 导出前按 session 刷新服务端有限授权快照
00:13 +381: /Users/leeyi/project/imboy.pub/imboyapp/test/unit_test/service/e2ee/megolm_backup_section_test.dart: pack/unpack 导出前按 session 刷新服务端有限授权快照
00:13 +382: /Users/leeyi/project/imboy.pub/imboyapp/test/unit_test/service/e2ee/megolm_backup_section_test.dart: pack/unpack 导出前按 session 刷新服务端有限授权快照
00:13 +383: /Users/leeyi/project/imboy.pub/imboyapp/test/unit_test/service/e2ee/megolm_backup_section_test.dart: pack/unpack 导出前按 session 刷新服务端有限授权快照
00:13 +384: /Users/leeyi/project/imboy.pub/imboyapp/test/unit_test/service/e2ee/megolm_backup_section_test.dart: pack/unpack 导出前按 session 刷新服务端有限授权快照
00:13 +385: /Users/leeyi/project/imboy.pub/imboyapp/test/unit_test/service/e2ee/megolm_backup_section_test.dart: pack/unpack 导出前按 session 刷新服务端有限授权快照
00:13 +386: /Users/leeyi/project/imboy.pub/imboyapp/test/unit_test/service/e2ee/megolm_backup_section_test.dart: pack/unpack 导出前按 session 刷新服务端有限授权快照
00:13 +387: /Users/leeyi/project/imboy.pub/imboyapp/test/unit_test/service/e2ee/megolm_backup_section_test.dart: pack/unpack 导出前按 session 刷新服务端有限授权快照
00:13 +388: /Users/leeyi/project/imboy.pub/imboyapp/test/unit_test/service/e2ee/megolm_backup_section_test.dart: pack/unpack 导出前按 session 刷新服务端有限授权快照
00:13 +389: /Users/leeyi/project/imboy.pub/imboyapp/test/unit_test/service/e2ee/megolm_backup_section_test.dart: pack/unpack 导出前按 session 刷新服务端有限授权快照
00:13 +390: /Users/leeyi/project/imboy.pub/imboyapp/test/unit_test/service/e2ee/megolm_backup_section_test.dart: pack/unpack 导出前按 session 刷新服务端有限授权快照
00:13 +391: /Users/leeyi/project/imboy.pub/imboyapp/test/unit_test/service/e2ee/megolm_backup_section_test.dart: pack/unpack 导出前按 session 刷新服务端有限授权快照
00:13 +392: /Users/leeyi/project/imboy.pub/imboyapp/test/unit_test/service/e2ee/megolm_backup_section_test.dart: pack/unpack 导出前按 session 刷新服务端有限授权快照
00:13 +393: /Users/leeyi/project/imboy.pub/imboyapp/test/unit_test/service/e2ee/megolm_backup_section_test.dart: pack/unpack 导出前按 session 刷新服务端有限授权快照
00:13 +394: /Users/leeyi/project/imboy.pub/imboyapp/test/unit_test/service/e2ee/megolm_backup_section_test.dart: pack/unpack 导出前按 session 刷新服务端有限授权快照
00:13 +395: /Users/leeyi/project/imboy.pub/imboyapp/test/unit_test/service/e2ee/megolm_backup_section_test.dart: pack/unpack 导出前按 session 刷新服务端有限授权快照
00:13 +396: /Users/leeyi/project/imboy.pub/imboyapp/test/unit_test/service/e2ee/megolm_backup_section_test.dart: pack/unpack 导出前按 session 刷新服务端有限授权快照
00:13 +397: /Users/leeyi/project/imboy.pub/imboyapp/test/unit_test/service/e2ee/megolm_backup_section_test.dart: pack/unpack 导出前按 session 刷新服务端有限授权快照
00:13 +398: /Users/leeyi/project/imboy.pub/imboyapp/test/unit_test/service/e2ee/megolm_backup_section_test.dart: pack/unpack 导出前按 session 刷新服务端有限授权快照
00:13 +399: /Users/leeyi/project/imboy.pub/imboyapp/test/unit_test/service/e2ee/megolm_backup_section_test.dart: pack/unpack 导出前按 session 刷新服务端有限授权快照
00:13 +400: /Users/leeyi/project/imboy.pub/imboyapp/test/unit_test/service/e2ee/megolm_backup_section_test.dart: pack/unpack 导出前按 session 刷新服务端有限授权快照
00:13 +401: /Users/leeyi/project/imboy.pub/imboyapp/test/unit_test/service/e2ee/megolm_backup_section_test.dart: pack/unpack 导出前按 session 刷新服务端有限授权快照
00:13 +402: /Users/leeyi/project/imboy.pub/imboyapp/test/unit_test/service/e2ee/megolm_backup_section_test.dart: pack/unpack 导出前按 session 刷新服务端有限授权快照
00:13 +403: /Users/leeyi/project/imboy.pub/imboyapp/test/unit_test/service/e2ee/megolm_backup_section_test.dart: pack/unpack 导出前按 session 刷新服务端有限授权快照
00:13 +404: /Users/leeyi/project/imboy.pub/imboyapp/test/unit_test/service/e2ee/megolm_backup_section_test.dart: pack/unpack 导出前按 session 刷新服务端有限授权快照
00:13 +405: /Users/leeyi/project/imboy.pub/imboyapp/test/unit_test/service/e2ee/megolm_backup_section_test.dart: pack/unpack 导出前按 session 刷新服务端有限授权快照
00:14 +406: /Users/leeyi/project/imboy.pub/imboyapp/test/unit_test/service/e2ee/megolm_backup_section_test.dart: pack/unpack 导出前按 session 刷新服务端有限授权快照
00:14 +407: /Users/leeyi/project/imboy.pub/imboyapp/test/unit_test/service/e2ee/megolm_backup_section_test.dart: pack/unpack 导出前按 session 刷新服务端有限授权快照
00:14 +408: /Users/leeyi/project/imboy.pub/imboyapp/test/unit_test/service/e2ee/megolm_backup_section_test.dart: pack/unpack 导出前按 session 刷新服务端有限授权快照
00:14 +409: /Users/leeyi/project/imboy.pub/imboyapp/test/unit_test/service/e2ee/megolm_backup_section_test.dart: pack/unpack 导出前按 session 刷新服务端有限授权快照
00:14 +410: /Users/leeyi/project/imboy.pub/imboyapp/test/unit_test/service/e2ee/megolm_backup_section_test.dart: pack/unpack 导出前按 session 刷新服务端有限授权快照
00:14 +411: /Users/leeyi/project/imboy.pub/imboyapp/test/unit_test/service/e2ee/megolm_backup_section_test.dart: pack/unpack 导出前按 session 刷新服务端有限授权快照
00:14 +412: /Users/leeyi/project/imboy.pub/imboyapp/test/unit_test/service/e2ee/megolm_backup_section_test.dart: pack/unpack 导出前按 session 刷新服务端有限授权快照
00:14 +413: /Users/leeyi/project/imboy.pub/imboyapp/test/unit_test/service/e2ee/megolm_backup_section_test.dart: pack/unpack 导出前按 session 刷新服务端有限授权快照
00:14 +414: /Users/leeyi/project/imboy.pub/imboyapp/test/unit_test/service/e2ee/megolm_backup_section_test.dart: pack/unpack 导出前按 session 刷新服务端有限授权快照
00:14 +415: /Users/leeyi/project/imboy.pub/imboyapp/test/unit_test/service/e2ee/megolm_backup_section_test.dart: pack/unpack 导出前按 session 刷新服务端有限授权快照
00:14 +416: /Users/leeyi/project/imboy.pub/imboyapp/test/unit_test/service/e2ee/megolm_backup_section_test.dart: pack/unpack 导出前按 session 刷新服务端有限授权快照
00:14 +417: /Users/leeyi/project/imboy.pub/imboyapp/test/unit_test/service/e2ee/megolm_backup_section_test.dart: pack/unpack 导出前按 session 刷新服务端有限授权快照
00:15 +418: /Users/leeyi/project/imboy.pub/imboyapp/test/unit_test/service/e2ee/megolm_backup_section_test.dart: pack/unpack 导出前按 session 刷新服务端有限授权快照
00:15 +419: /Users/leeyi/project/imboy.pub/imboyapp/test/unit_test/service/e2ee/megolm_backup_section_test.dart: pack/unpack 导出前按 session 刷新服务端有限授权快照
00:15 +420: /Users/leeyi/project/imboy.pub/imboyapp/test/unit_test/service/e2ee/megolm_backup_section_test.dart: pack/unpack 导出前按 session 刷新服务端有限授权快照
00:15 +421: /Users/leeyi/project/imboy.pub/imboyapp/test/unit_test/service/e2ee/megolm_backup_section_test.dart: pack/unpack 导出前按 session 刷新服务端有限授权快照
00:15 +422: /Users/leeyi/project/imboy.pub/imboyapp/test/unit_test/service/e2ee/megolm_backup_section_test.dart: pack/unpack 导出前按 session 刷新服务端有限授权快照
00:15 +423: /Users/leeyi/project/imboy.pub/imboyapp/test/unit_test/service/e2ee/megolm_backup_section_test.dart: pack/unpack 导出前按 session 刷新服务端有限授权快照
00:15 +424: /Users/leeyi/project/imboy.pub/imboyapp/test/unit_test/service/e2ee/megolm_backup_section_test.dart: pack/unpack 导出前按 session 刷新服务端有限授权快照
00:15 +425: /Users/leeyi/project/imboy.pub/imboyapp/test/unit_test/service/e2ee/megolm_backup_section_test.dart: pack/unpack 导出前按 session 刷新服务端有限授权快照
00:15 +426: /Users/leeyi/project/imboy.pub/imboyapp/test/unit_test/service/e2ee/megolm_backup_section_test.dart: pack/unpack 导出前按 session 刷新服务端有限授权快照
00:15 +427: /Users/leeyi/project/imboy.pub/imboyapp/test/unit_test/service/e2ee/megolm_backup_section_test.dart: pack/unpack 导出前按 session 刷新服务端有限授权快照
00:15 +428: /Users/leeyi/project/imboy.pub/imboyapp/test/unit_test/service/e2ee/megolm_backup_section_test.dart: pack/unpack 导出前按 session 刷新服务端有限授权快照
00:15 +429: /Users/leeyi/project/imboy.pub/imboyapp/test/unit_test/service/e2ee/megolm_backup_section_test.dart: pack/unpack 导出前按 session 刷新服务端有限授权快照
00:15 +430: /Users/leeyi/project/imboy.pub/imboyapp/test/unit_test/service/e2ee/megolm_backup_section_test.dart: pack/unpack 导出前按 session 刷新服务端有限授权快照
00:15 +431: /Users/leeyi/project/imboy.pub/imboyapp/test/unit_test/service/e2ee/megolm_backup_section_test.dart: pack/unpack 导出前按 session 刷新服务端有限授权快照
00:15 +432: /Users/leeyi/project/imboy.pub/imboyapp/test/unit_test/service/e2ee/megolm_backup_section_test.dart: pack/unpack 导出前按 session 刷新服务端有限授权快照
00:15 +433: /Users/leeyi/project/imboy.pub/imboyapp/test/unit_test/service/e2ee/megolm_backup_section_test.dart: pack/unpack 导出前按 session 刷新服务端有限授权快照
00:15 +434: /Users/leeyi/project/imboy.pub/imboyapp/test/unit_test/service/e2ee/megolm_backup_section_test.dart: pack/unpack 导出前按 session 刷新服务端有限授权快照
00:15 +435: /Users/leeyi/project/imboy.pub/imboyapp/test/unit_test/service/e2ee/megolm_backup_section_test.dart: pack/unpack 导出前按 session 刷新服务端有限授权快照
00:15 +436: /Users/leeyi/project/imboy.pub/imboyapp/test/unit_test/service/e2ee/megolm_backup_section_test.dart: pack/unpack 导出前按 session 刷新服务端有限授权快照
00:15 +437: /Users/leeyi/project/imboy.pub/imboyapp/test/unit_test/service/e2ee/megolm_backup_section_test.dart: pack/unpack 导出前按 session 刷新服务端有限授权快照
00:15 +438: /Users/leeyi/project/imboy.pub/imboyapp/test/unit_test/service/e2ee/megolm_backup_section_test.dart: pack/unpack 导出前按 session 刷新服务端有限授权快照
00:15 +439: /Users/leeyi/project/imboy.pub/imboyapp/test/unit_test/service/e2ee/megolm_backup_section_test.dart: pack/unpack 导出前按 session 刷新服务端有限授权快照
00:15 +440: /Users/leeyi/project/imboy.pub/imboyapp/test/unit_test/service/e2ee/megolm_backup_section_test.dart: pack/unpack 导出前按 session 刷新服务端有限授权快照
00:15 +441: /Users/leeyi/project/imboy.pub/imboyapp/test/unit_test/service/e2ee/megolm_backup_section_test.dart: pack/unpack 导出前按 session 刷新服务端有限授权快照
00:15 +442: /Users/leeyi/project/imboy.pub/imboyapp/test/unit_test/service/e2ee/megolm_backup_section_test.dart: pack/unpack 导出前按 session 刷新服务端有限授权快照
00:15 +443: /Users/leeyi/project/imboy.pub/imboyapp/test/unit_test/service/e2ee/megolm_backup_section_test.dart: pack/unpack 导出前按 session 刷新服务端有限授权快照
00:15 +444: /Users/leeyi/project/imboy.pub/imboyapp/test/unit_test/service/e2ee/megolm_backup_section_test.dart: pack/unpack 导出前按 session 刷新服务端有限授权快照
00:15 +445: /Users/leeyi/project/imboy.pub/imboyapp/test/unit_test/service/e2ee/megolm_backup_section_test.dart: pack/unpack 导出前按 session 刷新服务端有限授权快照
00:15 +446: /Users/leeyi/project/imboy.pub/imboyapp/test/unit_test/service/e2ee/megolm_backup_section_test.dart: pack/unpack 导出前按 session 刷新服务端有限授权快照
00:15 +447: /Users/leeyi/project/imboy.pub/imboyapp/test/unit_test/service/e2ee/megolm_backup_section_test.dart: pack/unpack 导出前按 session 刷新服务端有限授权快照
00:15 +448: /Users/leeyi/project/imboy.pub/imboyapp/test/unit_test/service/e2ee/megolm_backup_section_test.dart: pack/unpack 导出前按 session 刷新服务端有限授权快照
00:15 +449: /Users/leeyi/project/imboy.pub/imboyapp/test/unit_test/service/e2ee/megolm_backup_section_test.dart: pack/unpack 导出前按 session 刷新服务端有限授权快照
00:15 +450: /Users/leeyi/project/imboy.pub/imboyapp/test/unit_test/service/e2ee/megolm_backup_section_test.dart: pack/unpack 导出前按 session 刷新服务端有限授权快照
00:15 +451: /Users/leeyi/project/imboy.pub/imboyapp/test/unit_test/service/e2ee/megolm_backup_section_test.dart: pack/unpack 导出前按 session 刷新服务端有限授权快照
00:15 +452: /Users/leeyi/project/imboy.pub/imboyapp/test/unit_test/service/e2ee/megolm_backup_section_test.dart: pack/unpack 导出前按 session 刷新服务端有限授权快照
00:15 +453: /Users/leeyi/project/imboy.pub/imboyapp/test/unit_test/service/e2ee/megolm_backup_section_test.dart: pack/unpack 导出前按 session 刷新服务端有限授权快照
00:15 +454: /Users/leeyi/project/imboy.pub/imboyapp/test/unit_test/service/e2ee/megolm_backup_section_test.dart: pack/unpack 导出前按 session 刷新服务端有限授权快照
00:15 +455: /Users/leeyi/project/imboy.pub/imboyapp/test/unit_test/service/e2ee/megolm_backup_section_test.dart: pack/unpack 导出前按 session 刷新服务端有限授权快照
00:15 +456: /Users/leeyi/project/imboy.pub/imboyapp/test/unit_test/service/e2ee/megolm_backup_section_test.dart: pack/unpack 导出前按 session 刷新服务端有限授权快照
00:15 +457: /Users/leeyi/project/imboy.pub/imboyapp/test/unit_test/service/e2ee/megolm_backup_section_test.dart: pack/unpack 导出前按 session 刷新服务端有限授权快照
00:15 +458: /Users/leeyi/project/imboy.pub/imboyapp/test/unit_test/service/e2ee/megolm_backup_section_test.dart: pack/unpack 导出前按 session 刷新服务端有限授权快照
00:15 +459: /Users/leeyi/project/imboy.pub/imboyapp/test/unit_test/service/e2ee/megolm_backup_section_test.dart: pack/unpack 导出前按 session 刷新服务端有限授权快照
00:15 +460: /Users/leeyi/project/imboy.pub/imboyapp/test/unit_test/service/e2ee/megolm_backup_section_test.dart: pack/unpack 导出前按 session 刷新服务端有限授权快照
00:15 +460: /Users/leeyi/project/imboy.pub/imboyapp/test/unit_test/service/e2ee/outbox_read_side_wiring_test.dart: (setUpAll)
🔍 [RETRY_SCAN] 开始扫描失败消息...
[38;5;196m┌───────────────────────────────────────────────────────────────────────────────────────────────────────────────────────[0m
[38;5;196m│ #0   AppLogger.error (package:imboy/service/app_logger.dart:115:18)[0m
[38;5;196m│ #1   SqliteService.query (package:imboy/service/sqlite.dart:894:17)[0m
[38;5;196m├┄┄┄┄┄┄┄┄┄┄┄┄┄┄┄┄┄┄┄┄┄┄┄┄┄┄┄┄┄┄┄┄┄┄┄┄┄┄┄┄┄┄┄┄┄┄┄┄┄┄┄┄┄┄┄┄┄┄┄┄┄┄┄┄┄┄┄┄┄┄┄┄┄┄┄┄┄┄┄┄┄┄┄┄┄┄┄┄┄┄┄┄┄┄┄┄┄┄┄┄┄┄┄┄┄┄┄┄┄┄┄┄┄┄┄┄┄┄┄[0m
[38;5;196m│ ⛔ SQL query error: table=msg_c2g, error=SqfliteFfiException(sqlite_error: 1, , SqliteException(1): while preparing statement, no such table: msg_c2g, SQL logic error (code 1)[0m
[38;5;196m│ ⛔   Causing statement: SELECT auto_id, id, type, from_id, to_id, payload, created_at, is_author, status, conversation_uk3, topic_id, msg_type, "action", e2ee FROM msg_c2g WHERE status IN (?,?) AND is_author=? ORDER BY created_at DESC, auto_id DESC LIMIT 100}) DatabaseException(SqliteException(1): while preparing statement, no such table: msg_c2g, SQL logic error (code 1)[0m
[38;5;196m│ ⛔   Causing statement: SELECT auto_id, id, type, from_id, to_id, payload, created_at, is_author, status, conversation_uk3, topic_id, msg_type, "action", e2ee FROM msg_c2g WHERE status IN (?,?) AND is_author=? ORDER BY created_at DESC, auto_id DESC LIMIT 100) sql 'SELECT auto_id, id, type, from_id, to_id, payload, created_at, is_author, status, conversation_uk3, topic_id, msg_type, "action", e2ee FROM msg_c2g WHERE status IN (?,?) AND is_author=? ORDER BY created_at DESC, auto_id DESC LIMIT 100' args [10, 12, 1] {details: {database: {path: :memory:, id: 1, readOnly: false, singleInstance: false}}}[0m
[38;5;196m└───────────────────────────────────────────────────────────────────────────────────────────────────────────────────────[0m
⚠️ [RETRY_SCAN] 扫描表 c2g 失败: SqfliteFfiException(sqlite_error: 1, , SqliteException(1): while preparing statement, no such table: msg_c2g, SQL logic error (code 1)
  Causing statement: SELECT auto_id, id, type, from_id, to_id, payload, created_at, is_author, status, conversation_uk3, topic_id, msg_type, "action", e2ee FROM msg_c2g WHERE status IN (?,?) AND is_author=? ORDER BY created_at DESC, auto_id DESC LIMIT 100}) DatabaseException(SqliteException(1): while preparing statement, no such table: msg_c2g, SQL logic error (code 1)
  Causing statement: SELECT auto_id, id, type, from_id, to_id, payload, created_at, is_author, status, conversation_uk3, topic_id, msg_type, "action", e2ee FROM msg_c2g WHERE status IN (?,?) AND is_author=? ORDER BY created_at DESC, auto_id DESC LIMIT 100) sql 'SELECT auto_id, id, type, from_id, to_id, payload, created_at, is_author, status, conversation_uk3, topic_id, msg_type, "action", e2ee FROM msg_c2g WHERE status IN (?,?) AND is_author=? ORDER BY created_at DESC, auto_id DESC LIMIT 100' args [10, 12, 1] {details: {database: {path: :memory:, id: 1, readOnly: false, singleInstance: false}}}
[38;5;196m┌───────────────────────────────────────────────────────────────────────────────────────────────────────────────────────[0m
[38;5;196m│ #0   AppLogger.error (package:imboy/service/app_logger.dart:115:18)[0m
[38;5;196m│ #1   SqliteService.query (package:imboy/service/sqlite.dart:894:17)[0m
[38;5;196m├┄┄┄┄┄┄┄┄┄┄┄┄┄┄┄┄┄┄┄┄┄┄┄┄┄┄┄┄┄┄┄┄┄┄┄┄┄┄┄┄┄┄┄┄┄┄┄┄┄┄┄┄┄┄┄┄┄┄┄┄┄┄┄┄┄┄┄┄┄┄┄┄┄┄┄┄┄┄┄┄┄┄┄┄┄┄┄┄┄┄┄┄┄┄┄┄┄┄┄┄┄┄┄┄┄┄┄┄┄┄┄┄┄┄┄┄┄┄┄[0m
[38;5;196m│ ⛔ SQL query error: table=msg_c2s, error=SqfliteFfiException(sqlite_error: 1, , SqliteException(1): while preparing statement, no such table: msg_c2s, SQL logic error (code 1)[0m
[38;5;196m│ ⛔   Causing statement: SELECT auto_id, id, type, from_id, to_id, payload, created_at, is_author, status, conversation_uk3, topic_id, msg_type, "action", e2ee FROM msg_c2s WHERE status IN (?,?) AND is_author=? ORDER BY created_at DESC, auto_id DESC LIMIT 100}) DatabaseException(SqliteException(1): while preparing statement, no such table: msg_c2s, SQL logic error (code 1)[0m
[38;5;196m│ ⛔   Causing statement: SELECT auto_id, id, type, from_id, to_id, payload, created_at, is_author, status, conversation_uk3, topic_id, msg_type, "action", e2ee FROM msg_c2s WHERE status IN (?,?) AND is_author=? ORDER BY created_at DESC, auto_id DESC LIMIT 100) sql 'SELECT auto_id, id, type, from_id, to_id, payload, created_at, is_author, status, conversation_uk3, topic_id, msg_type, "action", e2ee FROM msg_c2s WHERE status IN (?,?) AND is_author=? ORDER BY created_at DESC, auto_id DESC LIMIT 100' args [10, 12, 1] {details: {database: {path: :memory:, id: 1, readOnly: false, singleInstance: false}}}[0m
[38;5;196m└───────────────────────────────────────────────────────────────────────────────────────────────────────────────────────[0m
⚠️ [RETRY_SCAN] 扫描表 c2s 失败: SqfliteFfiException(sqlite_error: 1, , SqliteException(1): while preparing statement, no such table: msg_c2s, SQL logic error (code 1)
  Causing statement: SELECT auto_id, id, type, from_id, to_id, payload, created_at, is_author, status, conversation_uk3, topic_id, msg_type, "action", e2ee FROM msg_c2s WHERE status IN (?,?) AND is_author=? ORDER BY created_at DESC, auto_id DESC LIMIT 100}) DatabaseException(SqliteException(1): while preparing statement, no such table: msg_c2s, SQL logic error (code 1)
  Causing statement: SELECT auto_id, id, type, from_id, to_id, payload, created_at, is_author, status, conversation_uk3, topic_id, msg_type, "action", e2ee FROM msg_c2s WHERE status IN (?,?) AND is_author=? ORDER BY created_at DESC, auto_id DESC LIMIT 100) sql 'SELECT auto_id, id, type, from_id, to_id, payload, created_at, is_author, status, conversation_uk3, topic_id, msg_type, "action", e2ee FROM msg_c2s WHERE status IN (?,?) AND is_author=? ORDER BY created_at DESC, auto_id DESC LIMIT 100' args [10, 12, 1] {details: {database: {path: :memory:, id: 1, readOnly: false, singleInstance: false}}}
📊 [RETRY_SCAN] 扫描完成: 发现 0 条失败消息，添加 0 条到重试队列
00:15 +460: /Users/leeyi/project/imboy.pub/imboyapp/test/unit_test/service/e2ee/megolm_backup_section_test.dart: pack/unpack 导出前按 session 刷新服务端有限授权快照
00:15 +460: /Users/leeyi/project/imboy.pub/imboyapp/test/unit_test/service/e2ee/outbox_read_side_wiring_test.dart: 重发复用已提交信封：e2ee 与落库逐字节一致（不重新加密）
消息加入重试队列: msg-resend-1, type=C2C
message_repo/updateWithConditions msg_c2c ; where: id = ? AND status = ?
message_repo/updateWithConditions msg_c2c ; where: id = ? AND status IN (?, ?, ?)
清除缓存: msg_c2c, 移除了 0 个缓存条目
重试发送消息: msg-resend-1, 第1次重试
消息重试已提交，等待确认: msg-resend-1
⚠️ toTypeMessage: v3 解密失败，reason=no_device_envelope
📊 [E2EE_METRICS] decrypt failure: no_device_envelope total=1
00:15 +461: /Users/leeyi/project/imboy.pub/imboyapp/test/unit_test/service/e2ee/megolm_backup_section_test.dart: pack/unpack 导出前按 session 刷新服务端有限授权快照
00:15 +461: /Users/leeyi/project/imboy.pub/imboyapp/test/unit_test/service/e2ee/outbox_read_side_wiring_test.dart: (setUpAll)
🗑️ [RETRY_QUEUE] 从重试队列移除: messageId=msg-resend-1, reason=SERVER_ACK
00:15 +462: /Users/leeyi/project/imboy.pub/imboyapp/test/unit_test/service/e2ee/megolm_backup_section_test.dart: pack/unpack 导出前按 session 刷新服务端有限授权快照
00:15 +462: /Users/leeyi/project/imboy.pub/imboyapp/test/unit_test/service/e2ee/outbox_read_side_wiring_test.dart: outbox 表缺失时移除事件照样生效（卫生动作不阻断 ACK）
消息加入重试队列: msg-ghost, type=C2C
00:15 +462: /Users/leeyi/project/imboy.pub/imboyapp/test/unit_test/service/e2ee/outbox_read_side_wiring_test.dart: (setUpAll)
消息从重试队列移除: msg-ghost
🗑️ [RETRY_QUEUE] 从重试队列移除: messageId=msg-ghost, reason=SERVER_ACK
⚠️ [RETRY] outbox 确认失败（不影响 ACK）: msg-ghost, SqfliteFfiException(sqlite_error: 1, , SqliteException(1): while preparing statement, no such table: crypto_outbox, SQL logic error (code 1)
  Causing statement: UPDATE crypto_outbox SET status = 'sent', sent_at = ? WHERE id = ?}) DatabaseException(SqliteException(1): while preparing statement, no such table: crypto_outbox, SQL logic error (code 1)
  Causing statement: UPDATE crypto_outbox SET status = 'sent', sent_at = ? WHERE id = ?) sql 'UPDATE crypto_outbox SET status = 'sent', sent_at = ? WHERE id = ?' args [1791054505809, msg-ghost] {details: {database: {path: :memory:, id: 1, readOnly: false, singleInstance: false}}}
00:15 +463: /Users/leeyi/project/imboy.pub/imboyapp/test/unit_test/service/e2ee/megolm_backup_section_test.dart: pack/unpack 导出前按 session 刷新服务端有限授权快照
00:15 +464: /Users/leeyi/project/imboy.pub/imboyapp/test/unit_test/service/e2ee/megolm_backup_section_test.dart: pack/unpack 导出前按 session 刷新服务端有限授权快照
00:15 +465: /Users/leeyi/project/imboy.pub/imboyapp/test/unit_test/service/e2ee/megolm_backup_section_test.dart: pack/unpack 导出前按 session 刷新服务端有限授权快照
00:15 +466: /Users/leeyi/project/imboy.pub/imboyapp/test/unit_test/service/e2ee/megolm_backup_section_test.dart: pack/unpack 导出前按 session 刷新服务端有限授权快照
00:15 +467: /Users/leeyi/project/imboy.pub/imboyapp/test/unit_test/service/e2ee/megolm_backup_section_test.dart: pack/unpack 导出前按 session 刷新服务端有限授权快照
00:15 +468: /Users/leeyi/project/imboy.pub/imboyapp/test/unit_test/service/e2ee/megolm_backup_section_test.dart: pack/unpack 导出前按 session 刷新服务端有限授权快照
00:16 +469: /Users/leeyi/project/imboy.pub/imboyapp/test/unit_test/service/e2ee/megolm_backup_section_test.dart: pack/unpack 导出前按 session 刷新服务端有限授权快照
00:16 +470: /Users/leeyi/project/imboy.pub/imboyapp/test/unit_test/service/e2ee/megolm_backup_section_test.dart: pack/unpack 导出前按 session 刷新服务端有限授权快照
00:16 +471: /Users/leeyi/project/imboy.pub/imboyapp/test/unit_test/service/e2ee/megolm_backup_section_test.dart: pack/unpack 导出前按 session 刷新服务端有限授权快照
00:16 +472: /Users/leeyi/project/imboy.pub/imboyapp/test/unit_test/service/e2ee/megolm_backup_section_test.dart: pack/unpack 导出前按 session 刷新服务端有限授权快照
00:16 +473: /Users/leeyi/project/imboy.pub/imboyapp/test/unit_test/service/e2ee/megolm_backup_section_test.dart: pack/unpack 导出前按 session 刷新服务端有限授权快照
00:16 +474: /Users/leeyi/project/imboy.pub/imboyapp/test/unit_test/service/e2ee/megolm_backup_section_test.dart: pack/unpack 导出前按 session 刷新服务端有限授权快照
00:16 +475: /Users/leeyi/project/imboy.pub/imboyapp/test/unit_test/service/e2ee/megolm_backup_section_test.dart: pack/unpack 导出前按 session 刷新服务端有限授权快照
00:16 +475: /Users/leeyi/project/imboy.pub/imboyapp/test/unit_test/service/e2ee/plain_text_log_test.dart: Plaintext Log Prevention (HOTFIX-01) sendMessage does not log raw message payload containing plain text
📊 [RETRY_SCAN] 扫描完成: 发现 0 条失败消息，添加 0 条到重试队列
00:16 +476: /Users/leeyi/project/imboy.pub/imboyapp/test/unit_test/service/e2ee/megolm_backup_section_test.dart: pack/unpack 导出前按 session 刷新服务端有限授权快照
00:16 +477: /Users/leeyi/project/imboy.pub/imboyapp/test/unit_test/service/e2ee/megolm_backup_section_test.dart: pack/unpack 导出前按 session 刷新服务端有限授权快照
00:16 +478: /Users/leeyi/project/imboy.pub/imboyapp/test/unit_test/service/e2ee/megolm_backup_section_test.dart: pack/unpack 导出前按 session 刷新服务端有限授权快照
00:16 +479: /Users/leeyi/project/imboy.pub/imboyapp/test/unit_test/service/e2ee/megolm_backup_section_test.dart: pack/unpack 导出前按 session 刷新服务端有限授权快照
00:16 +480: /Users/leeyi/project/imboy.pub/imboyapp/test/unit_test/service/e2ee/megolm_backup_section_test.dart: pack/unpack 导出前按 session 刷新服务端有限授权快照
00:16 +481: /Users/leeyi/project/imboy.pub/imboyapp/test/unit_test/service/e2ee/megolm_backup_section_test.dart: pack/unpack 导出前按 session 刷新服务端有限授权快照
00:16 +482: /Users/leeyi/project/imboy.pub/imboyapp/test/unit_test/service/e2ee/megolm_backup_section_test.dart: pack/unpack 导出前按 session 刷新服务端有限授权快照
00:16 +483: /Users/leeyi/project/imboy.pub/imboyapp/test/unit_test/service/e2ee/megolm_backup_section_test.dart: pack/unpack 导出前按 session 刷新服务端有限授权快照
00:16 +484: /Users/leeyi/project/imboy.pub/imboyapp/test/unit_test/service/e2ee/megolm_backup_section_test.dart: pack/unpack 导出前按 session 刷新服务端有限授权快照
00:16 +485: /Users/leeyi/project/imboy.pub/imboyapp/test/unit_test/service/e2ee/megolm_backup_section_test.dart: pack/unpack 导出前按 session 刷新服务端有限授权快照
00:16 +486: /Users/leeyi/project/imboy.pub/imboyapp/test/unit_test/service/e2ee/megolm_backup_section_test.dart: pack/unpack 导出前按 session 刷新服务端有限授权快照
00:16 +487: /Users/leeyi/project/imboy.pub/imboyapp/test/unit_test/service/e2ee/megolm_backup_section_test.dart: pack/unpack 导出前按 session 刷新服务端有限授权快照
00:16 +488: /Users/leeyi/project/imboy.pub/imboyapp/test/unit_test/service/e2ee/megolm_backup_section_test.dart: pack/unpack 导出前按 session 刷新服务端有限授权快照
00:16 +489: /Users/leeyi/project/imboy.pub/imboyapp/test/unit_test/service/e2ee/megolm_backup_section_test.dart: pack/unpack 导出前按 session 刷新服务端有限授权快照
00:16 +490: /Users/leeyi/project/imboy.pub/imboyapp/test/unit_test/service/e2ee/megolm_backup_section_test.dart: pack/unpack 导出前按 session 刷新服务端有限授权快照
00:16 +491: /Users/leeyi/project/imboy.pub/imboyapp/test/unit_test/service/e2ee/megolm_backup_section_test.dart: pack/unpack 导出前按 session 刷新服务端有限授权快照
00:16 +492: /Users/leeyi/project/imboy.pub/imboyapp/test/unit_test/service/e2ee/megolm_backup_section_test.dart: pack/unpack 导出前按 session 刷新服务端有限授权快照
00:16 +493: /Users/leeyi/project/imboy.pub/imboyapp/test/unit_test/service/e2ee/megolm_backup_section_test.dart: pack/unpack 导出前按 session 刷新服务端有限授权快照
00:16 +494: /Users/leeyi/project/imboy.pub/imboyapp/test/unit_test/service/e2ee/megolm_backup_section_test.dart: pack/unpack 导出前按 session 刷新服务端有限授权快照
00:16 +495: /Users/leeyi/project/imboy.pub/imboyapp/test/unit_test/service/e2ee/megolm_backup_section_test.dart: pack/unpack 导出前按 session 刷新服务端有限授权快照
00:16 +496: /Users/leeyi/project/imboy.pub/imboyapp/test/unit_test/service/e2ee/megolm_backup_section_test.dart: pack/unpack 导出前按 session 刷新服务端有限授权快照
00:16 +497: /Users/leeyi/project/imboy.pub/imboyapp/test/unit_test/service/e2ee/megolm_backup_section_test.dart: pack/unpack 导出前按 session 刷新服务端有限授权快照
00:16 +498: /Users/leeyi/project/imboy.pub/imboyapp/test/unit_test/service/e2ee/megolm_backup_section_test.dart: pack/unpack 导出前按 session 刷新服务端有限授权快照
00:16 +499: /Users/leeyi/project/imboy.pub/imboyapp/test/unit_test/service/e2ee/megolm_backup_section_test.dart: pack/unpack 导出前按 session 刷新服务端有限授权快照
00:16 +500: /Users/leeyi/project/imboy.pub/imboyapp/test/unit_test/service/e2ee/megolm_backup_section_test.dart: pack/unpack 导出前按 session 刷新服务端有限授权快照
00:16 +501: /Users/leeyi/project/imboy.pub/imboyapp/test/unit_test/service/e2ee/megolm_backup_section_test.dart: pack/unpack 导出前按 session 刷新服务端有限授权快照
00:16 +502: /Users/leeyi/project/imboy.pub/imboyapp/test/unit_test/service/e2ee/megolm_backup_section_test.dart: pack/unpack 导出前按 session 刷新服务端有限授权快照
00:16 +503: /Users/leeyi/project/imboy.pub/imboyapp/test/unit_test/service/e2ee/megolm_backup_section_test.dart: pack/unpack 导出前按 session 刷新服务端有限授权快照
00:16 +504: /Users/leeyi/project/imboy.pub/imboyapp/test/unit_test/service/e2ee/megolm_backup_section_test.dart: pack/unpack 导出前按 session 刷新服务端有限授权快照
00:16 +505: /Users/leeyi/project/imboy.pub/imboyapp/test/unit_test/service/e2ee/megolm_backup_section_test.dart: pack/unpack 导出前按 session 刷新服务端有限授权快照
00:16 +506: /Users/leeyi/project/imboy.pub/imboyapp/test/unit_test/service/e2ee/megolm_backup_section_test.dart: pack/unpack 导出前按 session 刷新服务端有限授权快照
00:16 +507: /Users/leeyi/project/imboy.pub/imboyapp/test/unit_test/service/e2ee/megolm_backup_section_test.dart: pack/unpack 导出前按 session 刷新服务端有限授权快照
00:16 +508: /Users/leeyi/project/imboy.pub/imboyapp/test/unit_test/service/e2ee/megolm_backup_section_test.dart: pack/unpack 导出前按 session 刷新服务端有限授权快照
00:16 +509: /Users/leeyi/project/imboy.pub/imboyapp/test/unit_test/service/e2ee/megolm_backup_section_test.dart: pack/unpack 导出前按 session 刷新服务端有限授权快照
00:16 +510: /Users/leeyi/project/imboy.pub/imboyapp/test/unit_test/service/e2ee/megolm_backup_section_test.dart: pack/unpack 导出前按 session 刷新服务端有限授权快照
00:16 +511: /Users/leeyi/project/imboy.pub/imboyapp/test/unit_test/service/e2ee/megolm_backup_section_test.dart: pack/unpack 导出前按 session 刷新服务端有限授权快照
00:16 +512: /Users/leeyi/project/imboy.pub/imboyapp/test/unit_test/service/e2ee/megolm_backup_section_test.dart: pack/unpack 导出前按 session 刷新服务端有限授权快照
00:16 +513: /Users/leeyi/project/imboy.pub/imboyapp/test/unit_test/service/e2ee/megolm_backup_section_test.dart: pack/unpack 导出前按 session 刷新服务端有限授权快照
00:16 +514: /Users/leeyi/project/imboy.pub/imboyapp/test/unit_test/service/e2ee/megolm_backup_section_test.dart: pack/unpack 导出前按 session 刷新服务端有限授权快照
00:16 +515: /Users/leeyi/project/imboy.pub/imboyapp/test/unit_test/service/e2ee/megolm_backup_section_test.dart: pack/unpack 导出前按 session 刷新服务端有限授权快照
00:16 +516: /Users/leeyi/project/imboy.pub/imboyapp/test/unit_test/service/e2ee/megolm_backup_section_test.dart: pack/unpack 导出前按 session 刷新服务端有限授权快照
00:16 +517: /Users/leeyi/project/imboy.pub/imboyapp/test/unit_test/service/e2ee/megolm_backup_section_test.dart: pack/unpack 导出前按 session 刷新服务端有限授权快照
00:16 +517: /Users/leeyi/project/imboy.pub/imboyapp/test/unit_test/service/e2ee/ai_plaintext_identity_gate_test.dart: SqliteAiPlaintextConfirmationStore — 本地持久化（schema 纪律） load 其他 uid → null；save 覆盖旧记录（upsert）
*** sqflite warning ***

You are changing sqflite default factory.
Be aware of the potential side effects. Any library using sqflite
will have this factory as the default for all operations.

*** sqflite warning ***

00:16 +518: /Users/leeyi/project/imboy.pub/imboyapp/test/unit_test/service/e2ee/megolm_backup_section_test.dart: pack/unpack 导出前按 session 刷新服务端有限授权快照
00:16 +518: /Users/leeyi/project/imboy.pub/imboyapp/test/unit_test/service/e2ee/ai_plaintext_identity_gate_test.dart: SqliteAiPlaintextConfirmationStore — 本地持久化（schema 纪律） delete 撤销当前账号的目标确认
*** sqflite warning ***

You are changing sqflite default factory.
Be aware of the potential side effects. Any library using sqflite
will have this factory as the default for all operations.

*** sqflite warning ***

00:16 +519: /Users/leeyi/project/imboy.pub/imboyapp/test/unit_test/service/e2ee/megolm_backup_section_test.dart: pack/unpack 导出前按 session 刷新服务端有限授权快照
00:16 +519: /Users/leeyi/project/imboy.pub/imboyapp/test/unit_test/service/e2ee/ai_plaintext_identity_gate_test.dart: SqliteAiPlaintextConfirmationStore — 本地持久化（schema 纪律） C1 懒初始化：不经 ensureSchema，写入→重开 store→读回一致
*** sqflite warning ***

You are changing sqflite default factory.
Be aware of the potential side effects. Any library using sqflite
will have this factory as the default for all operations.

*** sqflite warning ***

00:16 +520: /Users/leeyi/project/imboy.pub/imboyapp/test/unit_test/service/e2ee/megolm_backup_section_test.dart: pack/unpack 导出前按 session 刷新服务端有限授权快照
00:17 +521: /Users/leeyi/project/imboy.pub/imboyapp/test/unit_test/service/e2ee/megolm_backup_section_test.dart: pack/unpack 导出前按 session 刷新服务端有限授权快照
00:17 +521: /Users/leeyi/project/imboy.pub/imboyapp/test/unit_test/service/e2ee/production_inbound_frame_gate_test.dart: 生产投递形状的 v3 正向可用性门 from 为字符串表示时同样必须可读（context binding #2）
*** sqflite warning ***

You are changing sqflite default factory.
Be aware of the potential side effects. Any library using sqflite
will have this factory as the default for all operations.

*** sqflite warning ***

00:17 +522: /Users/leeyi/project/imboy.pub/imboyapp/test/unit_test/service/e2ee/megolm_backup_section_test.dart: pack/unpack 导出前按 session 刷新服务端有限授权快照
00:17 +522: /Users/leeyi/project/imboy.pub/imboyapp/test/unit_test/service/e2ee/production_inbound_frame_gate_test.dart: 生产投递形状的 v3 正向可用性门 非文本消息 msg_type=image 在生产投递形状下必须可读
*** sqflite warning ***

You are changing sqflite default factory.
Be aware of the potential side effects. Any library using sqflite
will have this factory as the default for all operations.

*** sqflite warning ***

00:17 +523: /Users/leeyi/project/imboy.pub/imboyapp/test/unit_test/service/e2ee/megolm_backup_section_test.dart: pack/unpack 导出前按 session 刷新服务端有限授权快照
00:17 +523: /Users/leeyi/project/imboy.pub/imboyapp/test/unit_test/service/e2ee/production_inbound_frame_gate_test.dart: 生产投递形状的 v3 正向可用性门 非文本消息 msg_type=video 在生产投递形状下必须可读
*** sqflite warning ***

You are changing sqflite default factory.
Be aware of the potential side effects. Any library using sqflite
will have this factory as the default for all operations.

*** sqflite warning ***

00:17 +524: /Users/leeyi/project/imboy.pub/imboyapp/test/unit_test/service/e2ee/megolm_backup_section_test.dart: pack/unpack 导出前按 session 刷新服务端有限授权快照
00:17 +524: /Users/leeyi/project/imboy.pub/imboyapp/test/unit_test/service/e2ee/production_inbound_frame_gate_test.dart: 生产投递形状的 v3 正向可用性门 非文本消息 msg_type=audio 在生产投递形状下必须可读
*** sqflite warning ***

You are changing sqflite default factory.
Be aware of the potential side effects. Any library using sqflite
will have this factory as the default for all operations.

*** sqflite warning ***

00:17 +525: /Users/leeyi/project/imboy.pub/imboyapp/test/unit_test/service/e2ee/megolm_backup_section_test.dart: pack/unpack 导出前按 session 刷新服务端有限授权快照
00:17 +525: /Users/leeyi/project/imboy.pub/imboyapp/test/unit_test/service/e2ee/production_inbound_frame_gate_test.dart: 生产投递形状的 v3 正向可用性门 非文本消息 msg_type=file 在生产投递形状下必须可读
*** sqflite warning ***

You are changing sqflite default factory.
Be aware of the potential side effects. Any library using sqflite
will have this factory as the default for all operations.

*** sqflite warning ***

00:17 +526: /Users/leeyi/project/imboy.pub/imboyapp/test/unit_test/service/e2ee/megolm_backup_section_test.dart: pack/unpack 导出前按 session 刷新服务端有限授权快照
00:17 +526: /Users/leeyi/project/imboy.pub/imboyapp/test/unit_test/service/e2ee/production_inbound_frame_gate_test.dart: 生产投递形状的 v3 正向可用性门 对端多设备 fan-out 时必须只采用本机信封
*** sqflite warning ***

You are changing sqflite default factory.
Be aware of the potential side effects. Any library using sqflite
will have this factory as the default for all operations.

*** sqflite warning ***

00:17 +527: /Users/leeyi/project/imboy.pub/imboyapp/test/unit_test/service/e2ee/megolm_backup_section_test.dart: pack/unpack 导出前按 session 刷新服务端有限授权快照
00:17 +527: /Users/leeyi/project/imboy.pub/imboyapp/test/unit_test/service/e2ee/production_inbound_frame_gate_test.dart: 接线守护（结构级，非行为级） _handleE2EEMessage 必须在 v1/v2 路径之前委托给 decryptInboundV3
*** sqflite warning ***

You are changing sqflite default factory.
Be aware of the potential side effects. Any library using sqflite
will have this factory as the default for all operations.

*** sqflite warning ***

00:17 +528: /Users/leeyi/project/imboy.pub/imboyapp/test/unit_test/service/e2ee/megolm_backup_section_test.dart: pack/unpack 导出前按 session 刷新服务端有限授权快照
00:17 +528: /Users/leeyi/project/imboy.pub/imboyapp/test/unit_test/service/e2ee/production_inbound_frame_gate_test.dart: 接线守护（结构级，非行为级） _receiveMessage 的空 payload early-return 必须对 v3 放行
*** sqflite warning ***

You are changing sqflite default factory.
Be aware of the potential side effects. Any library using sqflite
will have this factory as the default for all operations.

*** sqflite warning ***

00:17 +529: /Users/leeyi/project/imboy.pub/imboyapp/test/unit_test/service/e2ee/megolm_backup_section_test.dart: pack/unpack 导出前按 session 刷新服务端有限授权快照
00:17 +529: /Users/leeyi/project/imboy.pub/imboyapp/test/unit_test/service/e2ee/production_inbound_frame_gate_test.dart: fail-closed 负向门：服务端不提供设备标识时必须拒收 缺顶层 sender_did 的帧必须判 context_mismatch_sender_did
*** sqflite warning ***

You are changing sqflite default factory.
Be aware of the potential side effects. Any library using sqflite
will have this factory as the default for all operations.

*** sqflite warning ***

00:17 +530: /Users/leeyi/project/imboy.pub/imboyapp/test/unit_test/service/e2ee/megolm_backup_section_test.dart: pack/unpack 导出前按 session 刷新服务端有限授权快照
00:17 +530: /Users/leeyi/project/imboy.pub/imboyapp/test/unit_test/service/e2ee/production_inbound_frame_gate_test.dart: fail-closed 负向门：服务端不提供设备标识时必须拒收 伪造的 sender_did 与受认证 header 不符时必须拒收
*** sqflite warning ***

You are changing sqflite default factory.
Be aware of the potential side effects. Any library using sqflite
will have this factory as the default for all operations.

*** sqflite warning ***

00:17 +531: /Users/leeyi/project/imboy.pub/imboyapp/test/unit_test/service/e2ee/megolm_backup_section_test.dart: pack/unpack 导出前按 session 刷新服务端有限授权快照
00:17 +531: /Users/leeyi/project/imboy.pub/imboyapp/test/unit_test/service/e2ee/publish_seed_only_for_new_account_test.dart: 对照组：新建账号必须铺满 OTK 池
[olm] OTK refill: remaining=unknown uploaded=50
00:17 +532: /Users/leeyi/project/imboy.pub/imboyapp/test/unit_test/service/e2ee/megolm_backup_section_test.dart: pack/unpack 导出前按 session 刷新服务端有限授权快照
00:17 +532: /Users/leeyi/project/imboy.pub/imboyapp/test/unit_test/service/e2ee/publish_seed_only_for_new_account_test.dart: 从 pickle 载入 + 池健康 → 不得重发 OTK
[olm] OTK refill: remaining=unknown uploaded=50
00:17 +533: /Users/leeyi/project/imboy.pub/imboyapp/test/unit_test/service/e2ee/megolm_backup_section_test.dart: pack/unpack 导出前按 session 刷新服务端有限授权快照
00:17 +533: /Users/leeyi/project/imboy.pub/imboyapp/test/unit_test/service/e2ee/publish_seed_only_for_new_account_test.dart: 正向可用性：载入账号但池见底 → 仍必须补传
[olm] OTK refill: remaining=unknown uploaded=50
[olm] OTK refill: remaining=0 uploaded=50
00:17 +534: /Users/leeyi/project/imboy.pub/imboyapp/test/unit_test/service/e2ee/megolm_backup_section_test.dart: pack/unpack 导出前按 session 刷新服务端有限授权快照
00:17 +534: /Users/leeyi/project/imboy.pub/imboyapp/test/unit_test/service/e2ee/safety_number_service_test.dart: 双方使用真实 device_id 与全部 Olm identity，聚合安全码对称
[SafetyNumber][AC-15] device set drift check failed (errType=MissingPluginException)
[SafetyNumber][AC-15] device set drift check failed (errType=MissingPluginException)
00:17 +535: /Users/leeyi/project/imboy.pub/imboyapp/test/unit_test/service/e2ee/megolm_backup_section_test.dart: pack/unpack 导出前按 session 刷新服务端有限授权快照
00:17 +536: /Users/leeyi/project/imboy.pub/imboyapp/test/unit_test/service/e2ee/megolm_backup_section_test.dart: pack/unpack 导出前按 session 刷新服务端有限授权快照
00:17 +536: /Users/leeyi/project/imboy.pub/imboyapp/test/unit_test/service/e2ee/safety_number_service_test.dart: 设备集合变化会改变安全码，旧验证值随即失效
[SafetyNumber][AC-15] device set drift check failed (errType=MissingPluginException)
[SafetyNumber][AC-15] device set drift check failed (errType=MissingPluginException)
00:18 +537: /Users/leeyi/project/imboy.pub/imboyapp/test/unit_test/service/e2ee/megolm_backup_section_test.dart: pack/unpack 导出前按 session 刷新服务端有限授权快照
00:18 +538: /Users/leeyi/project/imboy.pub/imboyapp/test/unit_test/service/e2ee/megolm_backup_section_test.dart: pack/unpack 导出前按 session 刷新服务端有限授权快照
00:18 +539: /Users/leeyi/project/imboy.pub/imboyapp/test/unit_test/service/e2ee/megolm_backup_section_test.dart: pack/unpack 导出前按 session 刷新服务端有限授权快照
00:18 +540: /Users/leeyi/project/imboy.pub/imboyapp/test/unit_test/service/e2ee/megolm_backup_section_test.dart: pack/unpack 导出前按 session 刷新服务端有限授权快照
00:18 +541: /Users/leeyi/project/imboy.pub/imboyapp/test/unit_test/service/e2ee/megolm_backup_section_test.dart: pack/unpack 导出前按 session 刷新服务端有限授权快照
00:18 +542: /Users/leeyi/project/imboy.pub/imboyapp/test/unit_test/service/e2ee/megolm_backup_section_test.dart: pack/unpack 导出前按 session 刷新服务端有限授权快照
00:18 +543: /Users/leeyi/project/imboy.pub/imboyapp/test/unit_test/service/e2ee/megolm_backup_section_test.dart: pack/unpack 导出前按 session 刷新服务端有限授权快照
00:18 +544: /Users/leeyi/project/imboy.pub/imboyapp/test/unit_test/service/e2ee/megolm_backup_section_test.dart: pack/unpack 导出前按 session 刷新服务端有限授权快照
00:18 +545: /Users/leeyi/project/imboy.pub/imboyapp/test/unit_test/service/e2ee/megolm_backup_section_test.dart: pack/unpack 导出前按 session 刷新服务端有限授权快照
00:18 +546: /Users/leeyi/project/imboy.pub/imboyapp/test/unit_test/service/e2ee/megolm_backup_section_test.dart: pack/unpack 导出前按 session 刷新服务端有限授权快照
00:18 +547: /Users/leeyi/project/imboy.pub/imboyapp/test/unit_test/service/e2ee/megolm_backup_section_test.dart: pack/unpack 导出前按 session 刷新服务端有限授权快照
00:18 +548: /Users/leeyi/project/imboy.pub/imboyapp/test/unit_test/service/e2ee/megolm_backup_section_test.dart: pack/unpack 导出前按 session 刷新服务端有限授权快照
00:18 +549: /Users/leeyi/project/imboy.pub/imboyapp/test/unit_test/service/e2ee/megolm_backup_section_test.dart: pack/unpack 导出前按 session 刷新服务端有限授权快照
00:18 +550: /Users/leeyi/project/imboy.pub/imboyapp/test/unit_test/service/e2ee/megolm_backup_section_test.dart: pack/unpack 导出前按 session 刷新服务端有限授权快照
00:18 +551: /Users/leeyi/project/imboy.pub/imboyapp/test/unit_test/service/e2ee/megolm_backup_section_test.dart: pack/unpack 导出前按 session 刷新服务端有限授权快照
00:18 +552: /Users/leeyi/project/imboy.pub/imboyapp/test/unit_test/service/e2ee/megolm_backup_section_test.dart: pack/unpack 导出前按 session 刷新服务端有限授权快照
00:18 +553: /Users/leeyi/project/imboy.pub/imboyapp/test/unit_test/service/e2ee/megolm_backup_section_test.dart: pack/unpack 导出前按 session 刷新服务端有限授权快照
00:18 +554: /Users/leeyi/project/imboy.pub/imboyapp/test/unit_test/service/e2ee/megolm_backup_section_test.dart: pack/unpack 导出前按 session 刷新服务端有限授权快照
00:18 +555: /Users/leeyi/project/imboy.pub/imboyapp/test/unit_test/service/e2ee/megolm_backup_section_test.dart: pack/unpack 导出前按 session 刷新服务端有限授权快照
00:18 +556: /Users/leeyi/project/imboy.pub/imboyapp/test/unit_test/service/e2ee/megolm_backup_section_test.dart: pack/unpack 导出前按 session 刷新服务端有限授权快照
00:18 +557: /Users/leeyi/project/imboy.pub/imboyapp/test/unit_test/service/e2ee/megolm_backup_section_test.dart: pack/unpack 导出前按 session 刷新服务端有限授权快照
00:19 +558: /Users/leeyi/project/imboy.pub/imboyapp/test/unit_test/service/e2ee/megolm_backup_section_test.dart: pack/unpack 导出前按 session 刷新服务端有限授权快照
00:19 +559: /Users/leeyi/project/imboy.pub/imboyapp/test/unit_test/service/e2ee/megolm_backup_section_test.dart: pack/unpack 导出前按 session 刷新服务端有限授权快照
00:19 +560: /Users/leeyi/project/imboy.pub/imboyapp/test/unit_test/service/e2ee/megolm_backup_section_test.dart: pack/unpack 导出前按 session 刷新服务端有限授权快照
00:19 +561: /Users/leeyi/project/imboy.pub/imboyapp/test/unit_test/service/e2ee/megolm_backup_section_test.dart: pack/unpack 导出前按 session 刷新服务端有限授权快照
00:19 +562: /Users/leeyi/project/imboy.pub/imboyapp/test/unit_test/service/e2ee/megolm_backup_section_test.dart: pack/unpack 导出前按 session 刷新服务端有限授权快照
00:19 +563: /Users/leeyi/project/imboy.pub/imboyapp/test/unit_test/service/e2ee/megolm_backup_section_test.dart: pack/unpack 导出前按 session 刷新服务端有限授权快照
00:19 +564: /Users/leeyi/project/imboy.pub/imboyapp/test/unit_test/service/e2ee/megolm_backup_section_test.dart: pack/unpack 导出前按 session 刷新服务端有限授权快照
00:19 +565: /Users/leeyi/project/imboy.pub/imboyapp/test/unit_test/service/e2ee/megolm_backup_section_test.dart: pack/unpack 导出前按 session 刷新服务端有限授权快照
00:20 +566: /Users/leeyi/project/imboy.pub/imboyapp/test/unit_test/service/e2ee/megolm_backup_section_test.dart: pack/unpack 导出前按 session 刷新服务端有限授权快照
00:20 +567: /Users/leeyi/project/imboy.pub/imboyapp/test/unit_test/service/e2ee/megolm_backup_section_test.dart: pack/unpack 导出前按 session 刷新服务端有限授权快照
00:20 +568: /Users/leeyi/project/imboy.pub/imboyapp/test/unit_test/service/e2ee/megolm_backup_section_test.dart: pack/unpack 导出前按 session 刷新服务端有限授权快照
00:20 +569: /Users/leeyi/project/imboy.pub/imboyapp/test/unit_test/service/e2ee/megolm_backup_section_test.dart: pack/unpack 导出前按 session 刷新服务端有限授权快照
00:20 +570: /Users/leeyi/project/imboy.pub/imboyapp/test/unit_test/service/e2ee/megolm_backup_section_test.dart: pack/unpack 导出前按 session 刷新服务端有限授权快照
00:20 +571: /Users/leeyi/project/imboy.pub/imboyapp/test/unit_test/service/e2ee/megolm_backup_section_test.dart: pack/unpack 导出前按 session 刷新服务端有限授权快照
00:20 +572: /Users/leeyi/project/imboy.pub/imboyapp/test/unit_test/service/e2ee/megolm_backup_section_test.dart: pack/unpack 导出前按 session 刷新服务端有限授权快照
00:20 +573: /Users/leeyi/project/imboy.pub/imboyapp/test/unit_test/service/e2ee/megolm_backup_section_test.dart: pack/unpack 导出前按 session 刷新服务端有限授权快照
00:20 +574: /Users/leeyi/project/imboy.pub/imboyapp/test/unit_test/service/e2ee/megolm_backup_section_test.dart: pack/unpack 导出前按 session 刷新服务端有限授权快照
00:20 +575: /Users/leeyi/project/imboy.pub/imboyapp/test/unit_test/service/e2ee/megolm_backup_section_test.dart: pack/unpack 导出前按 session 刷新服务端有限授权快照
00:21 +576: /Users/leeyi/project/imboy.pub/imboyapp/test/unit_test/service/e2ee/megolm_backup_section_test.dart: pack/unpack 导出前按 session 刷新服务端有限授权快照
00:21 +577: /Users/leeyi/project/imboy.pub/imboyapp/test/unit_test/service/e2ee/megolm_backup_section_test.dart: pack/unpack 导出前按 session 刷新服务端有限授权快照
00:21 +578: /Users/leeyi/project/imboy.pub/imboyapp/test/unit_test/service/e2ee/megolm_backup_section_test.dart: pack/unpack 导出前按 session 刷新服务端有限授权快照
00:21 +579: /Users/leeyi/project/imboy.pub/imboyapp/test/unit_test/service/e2ee/megolm_backup_section_test.dart: pack/unpack 导出前按 session 刷新服务端有限授权快照
00:21 +580: /Users/leeyi/project/imboy.pub/imboyapp/test/unit_test/service/e2ee/megolm_backup_section_test.dart: pack/unpack 导出前按 session 刷新服务端有限授权快照
00:21 +581: /Users/leeyi/project/imboy.pub/imboyapp/test/unit_test/service/e2ee/megolm_backup_section_test.dart: pack/unpack 导出前按 session 刷新服务端有限授权快照
00:21 +582: /Users/leeyi/project/imboy.pub/imboyapp/test/unit_test/service/e2ee/megolm_backup_section_test.dart: pack/unpack 导出前按 session 刷新服务端有限授权快照
00:21 +583: /Users/leeyi/project/imboy.pub/imboyapp/test/unit_test/service/e2ee/megolm_backup_section_test.dart: pack/unpack 导出前按 session 刷新服务端有限授权快照
00:21 +584: /Users/leeyi/project/imboy.pub/imboyapp/test/unit_test/service/e2ee/megolm_backup_section_test.dart: pack/unpack 导出前按 session 刷新服务端有限授权快照
00:21 +585: /Users/leeyi/project/imboy.pub/imboyapp/test/unit_test/service/e2ee/megolm_backup_section_test.dart: pack/unpack 导出前按 session 刷新服务端有限授权快照
00:21 +586: /Users/leeyi/project/imboy.pub/imboyapp/test/unit_test/service/e2ee/megolm_backup_section_test.dart: pack/unpack 导出前按 session 刷新服务端有限授权快照
00:21 +587: /Users/leeyi/project/imboy.pub/imboyapp/test/unit_test/service/e2ee/megolm_backup_section_test.dart: pack/unpack 导出前按 session 刷新服务端有限授权快照
00:21 +588: /Users/leeyi/project/imboy.pub/imboyapp/test/unit_test/service/e2ee/megolm_backup_section_test.dart: pack/unpack 导出前按 session 刷新服务端有限授权快照
00:21 +589: /Users/leeyi/project/imboy.pub/imboyapp/test/unit_test/service/e2ee/megolm_backup_section_test.dart: pack/unpack 导出前按 session 刷新服务端有限授权快照
00:21 +590: /Users/leeyi/project/imboy.pub/imboyapp/test/unit_test/service/e2ee/megolm_backup_section_test.dart: pack/unpack 导出前按 session 刷新服务端有限授权快照
00:21 +591: /Users/leeyi/project/imboy.pub/imboyapp/test/unit_test/service/e2ee/megolm_backup_section_test.dart: pack/unpack 导出前按 session 刷新服务端有限授权快照
00:21 +592: /Users/leeyi/project/imboy.pub/imboyapp/test/unit_test/service/e2ee/megolm_backup_section_test.dart: pack/unpack 导出前按 session 刷新服务端有限授权快照
00:21 +593: /Users/leeyi/project/imboy.pub/imboyapp/test/unit_test/service/e2ee/megolm_backup_section_test.dart: pack/unpack 导出前按 session 刷新服务端有限授权快照
00:21 +594: /Users/leeyi/project/imboy.pub/imboyapp/test/unit_test/service/e2ee/megolm_backup_section_test.dart: pack/unpack 导出前按 session 刷新服务端有限授权快照
00:21 +595: /Users/leeyi/project/imboy.pub/imboyapp/test/unit_test/service/e2ee/megolm_backup_section_test.dart: pack/unpack 导出前按 session 刷新服务端有限授权快照
00:21 +596: /Users/leeyi/project/imboy.pub/imboyapp/test/unit_test/service/e2ee/megolm_backup_section_test.dart: pack/unpack 导出前按 session 刷新服务端有限授权快照
00:21 +597: /Users/leeyi/project/imboy.pub/imboyapp/test/unit_test/service/e2ee/megolm_backup_section_test.dart: pack/unpack 导出前按 session 刷新服务端有限授权快照
00:21 +598: /Users/leeyi/project/imboy.pub/imboyapp/test/unit_test/service/e2ee/megolm_backup_section_test.dart: pack/unpack 导出前按 session 刷新服务端有限授权快照
00:21 +599: /Users/leeyi/project/imboy.pub/imboyapp/test/unit_test/service/e2ee/megolm_backup_section_test.dart: pack/unpack 导出前按 session 刷新服务端有限授权快照
00:21 +600: /Users/leeyi/project/imboy.pub/imboyapp/test/unit_test/service/e2ee/megolm_backup_section_test.dart: pack/unpack 导出前按 session 刷新服务端有限授权快照
00:21 +601: /Users/leeyi/project/imboy.pub/imboyapp/test/unit_test/service/e2ee/megolm_backup_section_test.dart: pack/unpack 导出前按 session 刷新服务端有限授权快照
00:21 +602: /Users/leeyi/project/imboy.pub/imboyapp/test/unit_test/service/e2ee/megolm_backup_section_test.dart: pack/unpack 导出前按 session 刷新服务端有限授权快照
00:21 +603: /Users/leeyi/project/imboy.pub/imboyapp/test/unit_test/service/e2ee/megolm_backup_section_test.dart: pack/unpack 导出前按 session 刷新服务端有限授权快照
00:21 +604: /Users/leeyi/project/imboy.pub/imboyapp/test/unit_test/service/e2ee/megolm_backup_section_test.dart: pack/unpack 导出前按 session 刷新服务端有限授权快照
00:21 +605: /Users/leeyi/project/imboy.pub/imboyapp/test/unit_test/service/e2ee/megolm_backup_section_test.dart: pack/unpack 导出前按 session 刷新服务端有限授权快照
00:21 +606: /Users/leeyi/project/imboy.pub/imboyapp/test/unit_test/service/e2ee/megolm_backup_section_test.dart: pack/unpack 导出前按 session 刷新服务端有限授权快照
00:21 +607: /Users/leeyi/project/imboy.pub/imboyapp/test/unit_test/service/e2ee/megolm_backup_section_test.dart: pack/unpack 导出前按 session 刷新服务端有限授权快照
00:21 +608: /Users/leeyi/project/imboy.pub/imboyapp/test/unit_test/service/e2ee/megolm_backup_section_test.dart: pack/unpack 导出前按 session 刷新服务端有限授权快照
00:21 +609: /Users/leeyi/project/imboy.pub/imboyapp/test/unit_test/service/e2ee/megolm_backup_section_test.dart: pack/unpack 导出前按 session 刷新服务端有限授权快照
00:21 +610: /Users/leeyi/project/imboy.pub/imboyapp/test/unit_test/service/e2ee/megolm_backup_section_test.dart: pack/unpack 导出前按 session 刷新服务端有限授权快照
00:21 +611: /Users/leeyi/project/imboy.pub/imboyapp/test/unit_test/service/e2ee/megolm_backup_section_test.dart: pack/unpack 导出前按 session 刷新服务端有限授权快照
00:21 +612: /Users/leeyi/project/imboy.pub/imboyapp/test/unit_test/service/e2ee/megolm_backup_section_test.dart: pack/unpack 导出前按 session 刷新服务端有限授权快照
00:21 +613: /Users/leeyi/project/imboy.pub/imboyapp/test/unit_test/service/e2ee/megolm_backup_section_test.dart: pack/unpack 导出前按 session 刷新服务端有限授权快照
00:21 +614: /Users/leeyi/project/imboy.pub/imboyapp/test/unit_test/service/e2ee/megolm_backup_section_test.dart: pack/unpack 导出前按 session 刷新服务端有限授权快照
00:21 +615: /Users/leeyi/project/imboy.pub/imboyapp/test/unit_test/service/e2ee/megolm_backup_section_test.dart: pack/unpack 导出前按 session 刷新服务端有限授权快照
00:21 +616: /Users/leeyi/project/imboy.pub/imboyapp/test/unit_test/service/e2ee/megolm_backup_section_test.dart: pack/unpack 导出前按 session 刷新服务端有限授权快照
00:21 +617: /Users/leeyi/project/imboy.pub/imboyapp/test/unit_test/service/e2ee/megolm_backup_section_test.dart: pack/unpack 导出前按 session 刷新服务端有限授权快照
00:21 +618: /Users/leeyi/project/imboy.pub/imboyapp/test/unit_test/service/e2ee/megolm_backup_section_test.dart: pack/unpack 导出前按 session 刷新服务端有限授权快照
00:21 +619: /Users/leeyi/project/imboy.pub/imboyapp/test/unit_test/service/e2ee/megolm_backup_section_test.dart: pack/unpack 导出前按 session 刷新服务端有限授权快照
00:21 +620: /Users/leeyi/project/imboy.pub/imboyapp/test/unit_test/service/e2ee/megolm_backup_section_test.dart: pack/unpack 导出前按 session 刷新服务端有限授权快照
00:21 +621: /Users/leeyi/project/imboy.pub/imboyapp/test/unit_test/service/e2ee/megolm_backup_section_test.dart: pack/unpack 导出前按 session 刷新服务端有限授权快照
00:21 +622: /Users/leeyi/project/imboy.pub/imboyapp/test/unit_test/service/e2ee/megolm_backup_section_test.dart: pack/unpack 导出前按 session 刷新服务端有限授权快照
00:21 +623: /Users/leeyi/project/imboy.pub/imboyapp/test/unit_test/service/e2ee/megolm_backup_section_test.dart: pack/unpack 导出前按 session 刷新服务端有限授权快照
00:21 +624: /Users/leeyi/project/imboy.pub/imboyapp/test/unit_test/service/e2ee/megolm_backup_section_test.dart: pack/unpack 导出前按 session 刷新服务端有限授权快照
00:21 +625: /Users/leeyi/project/imboy.pub/imboyapp/test/unit_test/service/e2ee/megolm_backup_section_test.dart: pack/unpack 导出前按 session 刷新服务端有限授权快照
00:21 +626: /Users/leeyi/project/imboy.pub/imboyapp/test/unit_test/service/e2ee/megolm_backup_section_test.dart: pack/unpack 导出前按 session 刷新服务端有限授权快照
00:21 +627: /Users/leeyi/project/imboy.pub/imboyapp/test/unit_test/service/e2ee/megolm_backup_section_test.dart: pack/unpack 导出前按 session 刷新服务端有限授权快照
00:21 +628: /Users/leeyi/project/imboy.pub/imboyapp/test/unit_test/service/e2ee/megolm_backup_section_test.dart: pack/unpack 导出前按 session 刷新服务端有限授权快照
00:21 +629: /Users/leeyi/project/imboy.pub/imboyapp/test/unit_test/service/e2ee/megolm_backup_section_test.dart: pack/unpack 导出前按 session 刷新服务端有限授权快照
00:21 +630: /Users/leeyi/project/imboy.pub/imboyapp/test/unit_test/service/e2ee/megolm_backup_section_test.dart: pack/unpack 导出前按 session 刷新服务端有限授权快照
00:21 +631: /Users/leeyi/project/imboy.pub/imboyapp/test/unit_test/service/e2ee/megolm_backup_section_test.dart: pack/unpack 导出前按 session 刷新服务端有限授权快照
00:21 +632: /Users/leeyi/project/imboy.pub/imboyapp/test/unit_test/service/e2ee/megolm_backup_section_test.dart: pack/unpack 导出前按 session 刷新服务端有限授权快照
00:21 +633: /Users/leeyi/project/imboy.pub/imboyapp/test/unit_test/service/e2ee/megolm_backup_section_test.dart: pack/unpack 导出前按 session 刷新服务端有限授权快照
00:21 +634: /Users/leeyi/project/imboy.pub/imboyapp/test/unit_test/service/e2ee/megolm_backup_section_test.dart: pack/unpack 导出前按 session 刷新服务端有限授权快照
00:21 +635: /Users/leeyi/project/imboy.pub/imboyapp/test/unit_test/service/e2ee/megolm_backup_section_test.dart: pack/unpack 导出前按 session 刷新服务端有限授权快照
00:21 +636: /Users/leeyi/project/imboy.pub/imboyapp/test/unit_test/service/e2ee/megolm_backup_section_test.dart: pack/unpack 导出前按 session 刷新服务端有限授权快照
00:21 +637: /Users/leeyi/project/imboy.pub/imboyapp/test/unit_test/service/e2ee/megolm_backup_section_test.dart: pack/unpack 导出前按 session 刷新服务端有限授权快照
00:21 +638: /Users/leeyi/project/imboy.pub/imboyapp/test/unit_test/service/e2ee/megolm_backup_section_test.dart: pack/unpack 导出前按 session 刷新服务端有限授权快照
00:21 +639: /Users/leeyi/project/imboy.pub/imboyapp/test/unit_test/service/e2ee/megolm_backup_section_test.dart: pack/unpack 导出前按 session 刷新服务端有限授权快照
00:21 +640: /Users/leeyi/project/imboy.pub/imboyapp/test/unit_test/service/e2ee/megolm_backup_section_test.dart: pack/unpack 导出前按 session 刷新服务端有限授权快照
00:21 +641: /Users/leeyi/project/imboy.pub/imboyapp/test/unit_test/service/e2ee/megolm_backup_section_test.dart: pack/unpack 导出前按 session 刷新服务端有限授权快照
00:21 +642: /Users/leeyi/project/imboy.pub/imboyapp/test/unit_test/service/e2ee/megolm_backup_section_test.dart: pack/unpack 导出前按 session 刷新服务端有限授权快照
00:21 +643: /Users/leeyi/project/imboy.pub/imboyapp/test/unit_test/service/e2ee/megolm_backup_section_test.dart: pack/unpack 导出前按 session 刷新服务端有限授权快照
00:22 +644: /Users/leeyi/project/imboy.pub/imboyapp/test/unit_test/service/e2ee/megolm_backup_section_test.dart: pack/unpack 导出前按 session 刷新服务端有限授权快照
00:22 +645: /Users/leeyi/project/imboy.pub/imboyapp/test/unit_test/service/e2ee/megolm_backup_section_test.dart: pack/unpack 导出前按 session 刷新服务端有限授权快照
00:22 +646: /Users/leeyi/project/imboy.pub/imboyapp/test/unit_test/service/e2ee/megolm_backup_section_test.dart: pack/unpack 导出前按 session 刷新服务端有限授权快照
00:22 +647: /Users/leeyi/project/imboy.pub/imboyapp/test/unit_test/service/e2ee/megolm_backup_section_test.dart: pack/unpack 导出前按 session 刷新服务端有限授权快照
00:22 +648: /Users/leeyi/project/imboy.pub/imboyapp/test/unit_test/service/e2ee/megolm_backup_section_test.dart: pack/unpack 导出前按 session 刷新服务端有限授权快照
00:22 +649: /Users/leeyi/project/imboy.pub/imboyapp/test/unit_test/service/e2ee/megolm_backup_section_test.dart: pack/unpack 导出前按 session 刷新服务端有限授权快照
00:22 +650: /Users/leeyi/project/imboy.pub/imboyapp/test/unit_test/service/e2ee/megolm_backup_section_test.dart: pack/unpack 导出前按 session 刷新服务端有限授权快照
00:22 +651: /Users/leeyi/project/imboy.pub/imboyapp/test/unit_test/service/e2ee/megolm_backup_section_test.dart: pack/unpack 导出前按 session 刷新服务端有限授权快照
00:22 +652: /Users/leeyi/project/imboy.pub/imboyapp/test/unit_test/service/e2ee/megolm_backup_section_test.dart: pack/unpack 导出前按 session 刷新服务端有限授权快照
00:22 +653: /Users/leeyi/project/imboy.pub/imboyapp/test/unit_test/service/e2ee/megolm_backup_section_test.dart: pack/unpack 导出前按 session 刷新服务端有限授权快照
00:22 +654: /Users/leeyi/project/imboy.pub/imboyapp/test/unit_test/service/e2ee/megolm_backup_section_test.dart: pack/unpack 导出前按 session 刷新服务端有限授权快照
00:22 +655: /Users/leeyi/project/imboy.pub/imboyapp/test/unit_test/service/e2ee/megolm_backup_section_test.dart: pack/unpack 导出前按 session 刷新服务端有限授权快照
00:22 +656: /Users/leeyi/project/imboy.pub/imboyapp/test/unit_test/service/e2ee/megolm_backup_section_test.dart: pack/unpack 导出前按 session 刷新服务端有限授权快照
00:22 +657: /Users/leeyi/project/imboy.pub/imboyapp/test/unit_test/service/e2ee/megolm_backup_section_test.dart: pack/unpack 导出前按 session 刷新服务端有限授权快照
00:22 +658: /Users/leeyi/project/imboy.pub/imboyapp/test/unit_test/service/e2ee/megolm_backup_section_test.dart: pack/unpack 导出前按 session 刷新服务端有限授权快照
00:22 +659: /Users/leeyi/project/imboy.pub/imboyapp/test/unit_test/service/e2ee/megolm_backup_section_test.dart: pack/unpack 导出前按 session 刷新服务端有限授权快照
00:22 +660: /Users/leeyi/project/imboy.pub/imboyapp/test/unit_test/service/e2ee/megolm_backup_section_test.dart: pack/unpack 导出前按 session 刷新服务端有限授权快照
00:22 +661: /Users/leeyi/project/imboy.pub/imboyapp/test/unit_test/service/e2ee/megolm_backup_section_test.dart: pack/unpack 导出前按 session 刷新服务端有限授权快照
00:22 +662: /Users/leeyi/project/imboy.pub/imboyapp/test/unit_test/service/e2ee/megolm_backup_section_test.dart: pack/unpack 导出前按 session 刷新服务端有限授权快照
00:22 +663: /Users/leeyi/project/imboy.pub/imboyapp/test/unit_test/service/e2ee/megolm_backup_section_test.dart: pack/unpack 导出前按 session 刷新服务端有限授权快照
00:22 +664: /Users/leeyi/project/imboy.pub/imboyapp/test/unit_test/service/e2ee/megolm_backup_section_test.dart: pack/unpack 导出前按 session 刷新服务端有限授权快照
00:22 +665: /Users/leeyi/project/imboy.pub/imboyapp/test/unit_test/service/e2ee/megolm_backup_section_test.dart: pack/unpack 导出前按 session 刷新服务端有限授权快照
00:23 +666: /Users/leeyi/project/imboy.pub/imboyapp/test/unit_test/service/e2ee/megolm_backup_section_test.dart: pack/unpack 导出前按 session 刷新服务端有限授权快照
00:23 +667: /Users/leeyi/project/imboy.pub/imboyapp/test/unit_test/service/e2ee/megolm_backup_section_test.dart: pack/unpack 导出前按 session 刷新服务端有限授权快照
00:23 +668: /Users/leeyi/project/imboy.pub/imboyapp/test/unit_test/service/e2ee/megolm_backup_section_test.dart: pack/unpack 导出前按 session 刷新服务端有限授权快照
00:23 +669: /Users/leeyi/project/imboy.pub/imboyapp/test/unit_test/service/e2ee/megolm_backup_section_test.dart: pack/unpack 导出前按 session 刷新服务端有限授权快照
00:23 +670: /Users/leeyi/project/imboy.pub/imboyapp/test/unit_test/service/e2ee/megolm_backup_section_test.dart: pack/unpack 导出前按 session 刷新服务端有限授权快照
00:23 +671: /Users/leeyi/project/imboy.pub/imboyapp/test/unit_test/service/e2ee/megolm_backup_section_test.dart: pack/unpack 导出前按 session 刷新服务端有限授权快照
00:23 +672: /Users/leeyi/project/imboy.pub/imboyapp/test/unit_test/service/e2ee/megolm_backup_section_test.dart: pack/unpack 导出前按 session 刷新服务端有限授权快照
00:23 +673: /Users/leeyi/project/imboy.pub/imboyapp/test/unit_test/service/e2ee/megolm_backup_section_test.dart: pack/unpack 导出前按 session 刷新服务端有限授权快照
00:23 +674: /Users/leeyi/project/imboy.pub/imboyapp/test/unit_test/service/e2ee/megolm_backup_section_test.dart: pack/unpack 导出前按 session 刷新服务端有限授权快照
00:23 +675: /Users/leeyi/project/imboy.pub/imboyapp/test/unit_test/service/e2ee/megolm_backup_section_test.dart: pack/unpack 导出前按 session 刷新服务端有限授权快照
00:23 +676: /Users/leeyi/project/imboy.pub/imboyapp/test/unit_test/service/e2ee/megolm_backup_section_test.dart: pack/unpack 导出前按 session 刷新服务端有限授权快照
00:23 +677: /Users/leeyi/project/imboy.pub/imboyapp/test/unit_test/service/e2ee/megolm_backup_section_test.dart: pack/unpack 导出前按 session 刷新服务端有限授权快照
00:23 +677: /Users/leeyi/project/imboy.pub/imboyapp/test/unit_test/service/e2ee/c2c_own_device_fanout_test.dart: AC-16: self 其他设备进入 fan-out，密文独立且与 peer 设备互不相同
[38;5;196m┌───────────────────────────────────────────────────────────────────────────────────────────────────────────────────────[0m
[38;5;196m│ #0   AppLogger.error (package:imboy/service/app_logger.dart:115:18)[0m
[38;5;196m│ #1   SqliteService.query (package:imboy/service/sqlite.dart:894:17)[0m
[38;5;196m├┄┄┄┄┄┄┄┄┄┄┄┄┄┄┄┄┄┄┄┄┄┄┄┄┄┄┄┄┄┄┄┄┄┄┄┄┄┄┄┄┄┄┄┄┄┄┄┄┄┄┄┄┄┄┄┄┄┄┄┄┄┄┄┄┄┄┄┄┄┄┄┄┄┄┄┄┄┄┄┄┄┄┄┄┄┄┄┄┄┄┄┄┄┄┄┄┄┄┄┄┄┄┄┄┄┄┄┄┄┄┄┄┄┄┄┄┄┄┄[0m
[38;5;196m│ ⛔ SQL query error: table=contact, error=SqfliteFfiException(sqlite_error: 1, , SqliteException(1): while preparing statement, no such table: contact, SQL logic error (code 1)[0m
[38;5;196m│ ⛔   Causing statement: SELECT peer_id, nickname, avatar, account, status, remark, tag, region, sign, source, gender, is_friend, is_from, category_id, account_type, last_seen_at, updated_at FROM contact WHERE user_id = ? and peer_id = ?}) DatabaseException(SqliteException(1): while preparing statement, no such table: contact, SQL logic error (code 1)[0m
[38;5;196m│ ⛔   Causing statement: SELECT peer_id, nickname, avatar, account, status, remark, tag, region, sign, source, gender, is_friend, is_from, category_id, account_type, last_seen_at, updated_at FROM contact WHERE user_id = ? and peer_id = ?) sql 'SELECT peer_id, nickname, avatar, account, status, remark, tag, region, sign, source, gender, is_friend, is_from, category_id, account_type, last_seen_at, updated_at FROM contact WHERE user_id = ? and peer_id = ?' args [100, 200] {details: {database: {path: :memory:, id: 1, readOnly: false, singleInstance: false}}}[0m
[38;5;196m└───────────────────────────────────────────────────────────────────────────────────────────────────────────────────────[0m
00:23 +678: /Users/leeyi/project/imboy.pub/imboyapp/test/unit_test/service/e2ee/megolm_backup_section_test.dart: pack/unpack 导出前按 session 刷新服务端有限授权快照
00:23 +678: /Users/leeyi/project/imboy.pub/imboyapp/test/unit_test/service/e2ee/c2c_own_device_fanout_test.dart: AC-16: peer 与 self 各目标信封各自可解出同一 payload
[38;5;196m┌───────────────────────────────────────────────────────────────────────────────────────────────────────────────────────[0m
[38;5;196m│ #0   AppLogger.error (package:imboy/service/app_logger.dart:115:18)[0m
[38;5;196m│ #1   SqliteService.query (package:imboy/service/sqlite.dart:894:17)[0m
[38;5;196m├┄┄┄┄┄┄┄┄┄┄┄┄┄┄┄┄┄┄┄┄┄┄┄┄┄┄┄┄┄┄┄┄┄┄┄┄┄┄┄┄┄┄┄┄┄┄┄┄┄┄┄┄┄┄┄┄┄┄┄┄┄┄┄┄┄┄┄┄┄┄┄┄┄┄┄┄┄┄┄┄┄┄┄┄┄┄┄┄┄┄┄┄┄┄┄┄┄┄┄┄┄┄┄┄┄┄┄┄┄┄┄┄┄┄┄┄┄┄┄[0m
[38;5;196m│ ⛔ SQL query error: table=contact, error=SqfliteFfiException(sqlite_error: 1, , SqliteException(1): while preparing statement, no such table: contact, SQL logic error (code 1)[0m
[38;5;196m│ ⛔   Causing statement: SELECT peer_id, nickname, avatar, account, status, remark, tag, region, sign, source, gender, is_friend, is_from, category_id, account_type, last_seen_at, updated_at FROM contact WHERE user_id = ? and peer_id = ?}) DatabaseException(SqliteException(1): while preparing statement, no such table: contact, SQL logic error (code 1)[0m
[38;5;196m│ ⛔   Causing statement: SELECT peer_id, nickname, avatar, account, status, remark, tag, region, sign, source, gender, is_friend, is_from, category_id, account_type, last_seen_at, updated_at FROM contact WHERE user_id = ? and peer_id = ?) sql 'SELECT peer_id, nickname, avatar, account, status, remark, tag, region, sign, source, gender, is_friend, is_from, category_id, account_type, last_seen_at, updated_at FROM contact WHERE user_id = ? and peer_id = ?' args [100, 200] {details: {database: {path: :memory:, id: 2, readOnly: false, singleInstance: false}}}[0m
[38;5;196m└───────────────────────────────────────────────────────────────────────────────────────────────────────────────────────[0m
00:23 +679: /Users/leeyi/project/imboy.pub/imboyapp/test/unit_test/service/e2ee/megolm_backup_section_test.dart: pack/unpack 导出前按 session 刷新服务端有限授权快照
00:23 +679: /Users/leeyi/project/imboy.pub/imboyapp/test/unit_test/service/e2ee/c2c_own_device_fanout_test.dart: AC-16: 缺钥设备（瞬态 claim 失败）明确跳过，不阻塞其他设备
[38;5;196m┌───────────────────────────────────────────────────────────────────────────────────────────────────────────────────────[0m
[38;5;196m│ #0   AppLogger.error (package:imboy/service/app_logger.dart:115:18)[0m
[38;5;196m│ #1   SqliteService.query (package:imboy/service/sqlite.dart:894:17)[0m
[38;5;196m├┄┄┄┄┄┄┄┄┄┄┄┄┄┄┄┄┄┄┄┄┄┄┄┄┄┄┄┄┄┄┄┄┄┄┄┄┄┄┄┄┄┄┄┄┄┄┄┄┄┄┄┄┄┄┄┄┄┄┄┄┄┄┄┄┄┄┄┄┄┄┄┄┄┄┄┄┄┄┄┄┄┄┄┄┄┄┄┄┄┄┄┄┄┄┄┄┄┄┄┄┄┄┄┄┄┄┄┄┄┄┄┄┄┄┄┄┄┄┄[0m
[38;5;196m│ ⛔ SQL query error: table=contact, error=SqfliteFfiException(sqlite_error: 1, , SqliteException(1): while preparing statement, no such table: contact, SQL logic error (code 1)[0m
[38;5;196m│ ⛔   Causing statement: SELECT peer_id, nickname, avatar, account, status, remark, tag, region, sign, source, gender, is_friend, is_from, category_id, account_type, last_seen_at, updated_at FROM contact WHERE user_id = ? and peer_id = ?}) DatabaseException(SqliteException(1): while preparing statement, no such table: contact, SQL logic error (code 1)[0m
[38;5;196m│ ⛔   Causing statement: SELECT peer_id, nickname, avatar, account, status, remark, tag, region, sign, source, gender, is_friend, is_from, category_id, account_type, last_seen_at, updated_at FROM contact WHERE user_id = ? and peer_id = ?) sql 'SELECT peer_id, nickname, avatar, account, status, remark, tag, region, sign, source, gender, is_friend, is_from, category_id, account_type, last_seen_at, updated_at FROM contact WHERE user_id = ? and peer_id = ?' args [100, 200] {details: {database: {path: :memory:, id: 3, readOnly: false, singleInstance: false}}}[0m
[38;5;196m└───────────────────────────────────────────────────────────────────────────────────────────────────────────────────────[0m
[E2EE][AC-15] ghost devices detected: peer=200 ghost={a-2} fanout={b-1,b-offline}
[E2EE][AC-15] ghost devices detected: peer=100 ghost={b-1,b-offline} fanout={a-2}
*** Request ***
uri: http://127.0.0.1:9800/api/v1/e2ee/olm/claim
method: POST
responseType: ResponseType.json
followRedirects: true
persistentConnection: true
connectTimeout: 0:01:00.000000
sendTimeout: 0:01:00.000000
receiveTimeout: 0:01:00.000000
transformTimeout: null
receiveDataWhenStatusError: true
extra: {}

[38;5;208m┌───────────────────────────────────────────────────────────────────────────────────────────────────────────────────────[0m
[38;5;208m│ #0   AppLogger.warning (package:imboy/service/app_logger.dart:101:20)[0m
[38;5;208m│ #1   HttpRetryInterceptor.onError (package:imboy/component/http/http_retry_interceptor.dart:74:21)[0m
[38;5;208m├┄┄┄┄┄┄┄┄┄┄┄┄┄┄┄┄┄┄┄┄┄┄┄┄┄┄┄┄┄┄┄┄┄┄┄┄┄┄┄┄┄┄┄┄┄┄┄┄┄┄┄┄┄┄┄┄┄┄┄┄┄┄┄┄┄┄┄┄┄┄┄┄┄┄┄┄┄┄┄┄┄┄┄┄┄┄┄┄┄┄┄┄┄┄┄┄┄┄┄┄┄┄┄┄┄┄┄┄┄┄┄┄┄┄┄┄┄┄┄[0m
[38;5;208m│ ⚠️ HTTP request failed, retrying... (1/2) after 1000ms url: http://127.0.0.1:9800/api/v1/e2ee/olm/claim[0m
[38;5;208m└───────────────────────────────────────────────────────────────────────────────────────────────────────────────────────[0m
[38;5;208m┌───────────────────────────────────────────────────────────────────────────────────────────────────────────────────────[0m
[38;5;208m│ #0   AppLogger.warning (package:imboy/service/app_logger.dart:101:20)[0m
[38;5;208m│ #1   createRetryInterceptor.<anonymous closure> (package:imboy/component/http/http_retry_interceptor.dart:250:19)[0m
[38;5;208m├┄┄┄┄┄┄┄┄┄┄┄┄┄┄┄┄┄┄┄┄┄┄┄┄┄┄┄┄┄┄┄┄┄┄┄┄┄┄┄┄┄┄┄┄┄┄┄┄┄┄┄┄┄┄┄┄┄┄┄┄┄┄┄┄┄┄┄┄┄┄┄┄┄┄┄┄┄┄┄┄┄┄┄┄┄┄┄┄┄┄┄┄┄┄┄┄┄┄┄┄┄┄┄┄┄┄┄┄┄┄┄┄┄┄┄┄┄┄┄[0m
[38;5;208m│ ⚠️ HTTP 重试中... (1/2)[0m
[38;5;208m└───────────────────────────────────────────────────────────────────────────────────────────────────────────────────────[0m
00:23 +680: /Users/leeyi/project/imboy.pub/imboyapp/test/unit_test/service/e2ee/megolm_backup_section_test.dart: pack/unpack 导出前按 session 刷新服务端有限授权快照
00:23 +681: /Users/leeyi/project/imboy.pub/imboyapp/test/unit_test/service/e2ee/megolm_backup_section_test.dart: pack/unpack 导出前按 session 刷新服务端有限授权快照
00:23 +682: /Users/leeyi/project/imboy.pub/imboyapp/test/unit_test/service/e2ee/megolm_backup_section_test.dart: pack/unpack 导出前按 session 刷新服务端有限授权快照
00:23 +683: /Users/leeyi/project/imboy.pub/imboyapp/test/unit_test/service/e2ee/megolm_backup_section_test.dart: pack/unpack 导出前按 session 刷新服务端有限授权快照
00:23 +684: /Users/leeyi/project/imboy.pub/imboyapp/test/unit_test/service/e2ee/megolm_backup_section_test.dart: pack/unpack 导出前按 session 刷新服务端有限授权快照
00:23 +685: /Users/leeyi/project/imboy.pub/imboyapp/test/unit_test/service/e2ee/megolm_backup_section_test.dart: pack/unpack 导出前按 session 刷新服务端有限授权快照
00:23 +686: /Users/leeyi/project/imboy.pub/imboyapp/test/unit_test/service/e2ee/megolm_backup_section_test.dart: pack/unpack 导出前按 session 刷新服务端有限授权快照
00:24 +687: /Users/leeyi/project/imboy.pub/imboyapp/test/unit_test/service/e2ee/megolm_backup_section_test.dart: pack/unpack 导出前按 session 刷新服务端有限授权快照
00:24 +688: /Users/leeyi/project/imboy.pub/imboyapp/test/unit_test/service/e2ee/megolm_backup_section_test.dart: pack/unpack 导出前按 session 刷新服务端有限授权快照
00:24 +689: /Users/leeyi/project/imboy.pub/imboyapp/test/unit_test/service/e2ee/megolm_backup_section_test.dart: pack/unpack 导出前按 session 刷新服务端有限授权快照
00:24 +690: /Users/leeyi/project/imboy.pub/imboyapp/test/unit_test/service/e2ee/megolm_backup_section_test.dart: pack/unpack 导出前按 session 刷新服务端有限授权快照
00:24 +691: /Users/leeyi/project/imboy.pub/imboyapp/test/unit_test/service/e2ee/megolm_backup_section_test.dart: pack/unpack 导出前按 session 刷新服务端有限授权快照
00:24 +692: /Users/leeyi/project/imboy.pub/imboyapp/test/unit_test/service/e2ee/megolm_backup_section_test.dart: pack/unpack 导出前按 session 刷新服务端有限授权快照
00:24 +693: /Users/leeyi/project/imboy.pub/imboyapp/test/unit_test/service/e2ee/megolm_backup_section_test.dart: pack/unpack 导出前按 session 刷新服务端有限授权快照
00:24 +694: /Users/leeyi/project/imboy.pub/imboyapp/test/unit_test/service/e2ee/megolm_backup_section_test.dart: pack/unpack 导出前按 session 刷新服务端有限授权快照
00:24 +695: /Users/leeyi/project/imboy.pub/imboyapp/test/unit_test/service/e2ee/megolm_backup_section_test.dart: pack/unpack 导出前按 session 刷新服务端有限授权快照
00:24 +696: /Users/leeyi/project/imboy.pub/imboyapp/test/unit_test/service/e2ee/megolm_backup_section_test.dart: pack/unpack 导出前按 session 刷新服务端有限授权快照
00:24 +696: /Users/leeyi/project/imboy.pub/imboyapp/test/unit_test/service/e2ee/c2c_own_device_fanout_test.dart: AC-16: 缺钥设备（瞬态 claim 失败）明确跳过，不阻塞其他设备
*** Request ***
uri: http://127.0.0.1:9800/api/v1/e2ee/olm/claim
method: POST
responseType: ResponseType.json
followRedirects: true
persistentConnection: true
connectTimeout: 0:01:00.000000
sendTimeout: 0:01:00.000000
receiveTimeout: 0:01:00.000000
transformTimeout: null
receiveDataWhenStatusError: true
extra: {retry_count: 1}

[38;5;208m┌───────────────────────────────────────────────────────────────────────────────────────────────────────────────────────[0m
[38;5;208m│ #0   AppLogger.warning (package:imboy/service/app_logger.dart:101:20)[0m
[38;5;208m│ #1   HttpRetryInterceptor.onError (package:imboy/component/http/http_retry_interceptor.dart:74:21)[0m
[38;5;208m├┄┄┄┄┄┄┄┄┄┄┄┄┄┄┄┄┄┄┄┄┄┄┄┄┄┄┄┄┄┄┄┄┄┄┄┄┄┄┄┄┄┄┄┄┄┄┄┄┄┄┄┄┄┄┄┄┄┄┄┄┄┄┄┄┄┄┄┄┄┄┄┄┄┄┄┄┄┄┄┄┄┄┄┄┄┄┄┄┄┄┄┄┄┄┄┄┄┄┄┄┄┄┄┄┄┄┄┄┄┄┄┄┄┄┄┄┄┄┄[0m
[38;5;208m│ ⚠️ HTTP request failed, retrying... (2/2) after 2000ms url: http://127.0.0.1:9800/api/v1/e2ee/olm/claim[0m
[38;5;208m└───────────────────────────────────────────────────────────────────────────────────────────────────────────────────────[0m
[38;5;208m┌───────────────────────────────────────────────────────────────────────────────────────────────────────────────────────[0m
[38;5;208m│ #0   AppLogger.warning (package:imboy/service/app_logger.dart:101:20)[0m
[38;5;208m│ #1   createRetryInterceptor.<anonymous closure> (package:imboy/component/http/http_retry_interceptor.dart:250:19)[0m
[38;5;208m├┄┄┄┄┄┄┄┄┄┄┄┄┄┄┄┄┄┄┄┄┄┄┄┄┄┄┄┄┄┄┄┄┄┄┄┄┄┄┄┄┄┄┄┄┄┄┄┄┄┄┄┄┄┄┄┄┄┄┄┄┄┄┄┄┄┄┄┄┄┄┄┄┄┄┄┄┄┄┄┄┄┄┄┄┄┄┄┄┄┄┄┄┄┄┄┄┄┄┄┄┄┄┄┄┄┄┄┄┄┄┄┄┄┄┄┄┄┄┄[0m
[38;5;208m│ ⚠️ HTTP 重试中... (2/2)[0m
[38;5;208m└───────────────────────────────────────────────────────────────────────────────────────────────────────────────────────[0m
00:24 +697: /Users/leeyi/project/imboy.pub/imboyapp/test/unit_test/service/e2ee/megolm_backup_section_test.dart: pack/unpack 导出前按 session 刷新服务端有限授权快照
00:24 +698: /Users/leeyi/project/imboy.pub/imboyapp/test/unit_test/service/e2ee/megolm_backup_section_test.dart: pack/unpack 导出前按 session 刷新服务端有限授权快照
00:24 +699: /Users/leeyi/project/imboy.pub/imboyapp/test/unit_test/service/e2ee/megolm_backup_section_test.dart: pack/unpack 导出前按 session 刷新服务端有限授权快照
00:24 +700: /Users/leeyi/project/imboy.pub/imboyapp/test/unit_test/service/e2ee/megolm_backup_section_test.dart: pack/unpack 导出前按 session 刷新服务端有限授权快照
00:24 +701: /Users/leeyi/project/imboy.pub/imboyapp/test/unit_test/service/e2ee/megolm_backup_section_test.dart: pack/unpack 导出前按 session 刷新服务端有限授权快照
00:24 +702: /Users/leeyi/project/imboy.pub/imboyapp/test/unit_test/service/e2ee/megolm_backup_section_test.dart: pack/unpack 导出前按 session 刷新服务端有限授权快照
00:24 +703: /Users/leeyi/project/imboy.pub/imboyapp/test/unit_test/service/e2ee/megolm_backup_section_test.dart: pack/unpack 导出前按 session 刷新服务端有限授权快照
00:24 +704: /Users/leeyi/project/imboy.pub/imboyapp/test/unit_test/service/e2ee/megolm_backup_section_test.dart: pack/unpack 导出前按 session 刷新服务端有限授权快照
00:25 +705: /Users/leeyi/project/imboy.pub/imboyapp/test/unit_test/service/e2ee/megolm_backup_section_test.dart: pack/unpack 导出前按 session 刷新服务端有限授权快照
00:25 +706: /Users/leeyi/project/imboy.pub/imboyapp/test/unit_test/service/e2ee/megolm_backup_section_test.dart: pack/unpack 导出前按 session 刷新服务端有限授权快照
00:25 +707: /Users/leeyi/project/imboy.pub/imboyapp/test/unit_test/service/e2ee/megolm_backup_section_test.dart: pack/unpack 导出前按 session 刷新服务端有限授权快照
00:25 +708: /Users/leeyi/project/imboy.pub/imboyapp/test/unit_test/service/e2ee/megolm_backup_section_test.dart: pack/unpack 导出前按 session 刷新服务端有限授权快照
00:25 +709: /Users/leeyi/project/imboy.pub/imboyapp/test/unit_test/service/e2ee/megolm_backup_section_test.dart: pack/unpack 导出前按 session 刷新服务端有限授权快照
00:25 +710: /Users/leeyi/project/imboy.pub/imboyapp/test/unit_test/service/e2ee/megolm_backup_section_test.dart: pack/unpack 导出前按 session 刷新服务端有限授权快照
00:25 +711: /Users/leeyi/project/imboy.pub/imboyapp/test/unit_test/service/e2ee/megolm_backup_section_test.dart: pack/unpack 导出前按 session 刷新服务端有限授权快照
00:25 +712: /Users/leeyi/project/imboy.pub/imboyapp/test/unit_test/service/e2ee/megolm_backup_section_test.dart: pack/unpack 导出前按 session 刷新服务端有限授权快照
00:25 +712: /Users/leeyi/project/imboy.pub/imboyapp/test/unit_test/service/e2ee/retry_plaintext_guard_c2g_test.dart: (setUpAll)
🔍 [RETRY_SCAN] 开始扫描失败消息...
[38;5;196m┌───────────────────────────────────────────────────────────────────────────────────────────────────────────────────────[0m
[38;5;196m│ #0   AppLogger.error (package:imboy/service/app_logger.dart:115:18)[0m
[38;5;196m│ #1   SqliteService.query (package:imboy/service/sqlite.dart:894:17)[0m
[38;5;196m├┄┄┄┄┄┄┄┄┄┄┄┄┄┄┄┄┄┄┄┄┄┄┄┄┄┄┄┄┄┄┄┄┄┄┄┄┄┄┄┄┄┄┄┄┄┄┄┄┄┄┄┄┄┄┄┄┄┄┄┄┄┄┄┄┄┄┄┄┄┄┄┄┄┄┄┄┄┄┄┄┄┄┄┄┄┄┄┄┄┄┄┄┄┄┄┄┄┄┄┄┄┄┄┄┄┄┄┄┄┄┄┄┄┄┄┄┄┄┄[0m
[38;5;196m│ ⛔ SQL query error: table=msg_c2c, error=SqfliteFfiException(sqlite_error: 1, , SqliteException(1): while preparing statement, no such table: msg_c2c, SQL logic error (code 1)[0m
[38;5;196m│ ⛔   Causing statement: SELECT auto_id, id, type, from_id, to_id, payload, created_at, is_author, status, conversation_uk3, topic_id, msg_type, "action", e2ee, sender_did FROM msg_c2c WHERE status IN (?,?) AND is_author=? ORDER BY created_at DESC, auto_id DESC LIMIT 100}) DatabaseException(SqliteException(1): while preparing statement, no such table: msg_c2c, SQL logic error (code 1)[0m
[38;5;196m│ ⛔   Causing statement: SELECT auto_id, id, type, from_id, to_id, payload, created_at, is_author, status, conversation_uk3, topic_id, msg_type, "action", e2ee, sender_did FROM msg_c2c WHERE status IN (?,?) AND is_author=? ORDER BY created_at DESC, auto_id DESC LIMIT 100) sql 'SELECT auto_id, id, type, from_id, to_id, payload, created_at, is_author, status, conversation_uk3, topic_id, msg_type, "action", e2ee, sender_did FROM msg_c2c WHERE status IN (?,?) AND is_author=? ORDER BY created_at DESC, auto_id DESC LIMIT 100' args [10, 12, 1] {details: {database: {path: :memory:, id: 1, readOnly: false, singleInstance: false}}}[0m
[38;5;196m└───────────────────────────────────────────────────────────────────────────────────────────────────────────────────────[0m
⚠️ [RETRY_SCAN] 扫描表 c2c 失败: SqfliteFfiException(sqlite_error: 1, , SqliteException(1): while preparing statement, no such table: msg_c2c, SQL logic error (code 1)
  Causing statement: SELECT auto_id, id, type, from_id, to_id, payload, created_at, is_author, status, conversation_uk3, topic_id, msg_type, "action", e2ee, sender_did FROM msg_c2c WHERE status IN (?,?) AND is_author=? ORDER BY created_at DESC, auto_id DESC LIMIT 100}) DatabaseException(SqliteException(1): while preparing statement, no such table: msg_c2c, SQL logic error (code 1)
  Causing statement: SELECT auto_id, id, type, from_id, to_id, payload, created_at, is_author, status, conversation_uk3, topic_id, msg_type, "action", e2ee, sender_did FROM msg_c2c WHERE status IN (?,?) AND is_author=? ORDER BY created_at DESC, auto_id DESC LIMIT 100) sql 'SELECT auto_id, id, type, from_id, to_id, payload, created_at, is_author, status, conversation_uk3, topic_id, msg_type, "action", e2ee, sender_did FROM msg_c2c WHERE status IN (?,?) AND is_author=? ORDER BY created_at DESC, auto_id DESC LIMIT 100' args [10, 12, 1] {details: {database: {path: :memory:, id: 1, readOnly: false, singleInstance: false}}}
00:26 +712: /Users/leeyi/project/imboy.pub/imboyapp/test/unit_test/service/e2ee/megolm_backup_section_test.dart: pack/unpack 导出前按 session 刷新服务端有限授权快照
00:26 +712: /Users/leeyi/project/imboy.pub/imboyapp/test/unit_test/service/e2ee/retry_plaintext_guard_c2g_test.dart: (setUpAll)
[38;5;196m┌───────────────────────────────────────────────────────────────────────────────────────────────────────────────────────[0m
[38;5;196m│ #0   AppLogger.error (package:imboy/service/app_logger.dart:115:18)[0m
[38;5;196m│ #1   SqliteService.query (package:imboy/service/sqlite.dart:894:17)[0m
[38;5;196m├┄┄┄┄┄┄┄┄┄┄┄┄┄┄┄┄┄┄┄┄┄┄┄┄┄┄┄┄┄┄┄┄┄┄┄┄┄┄┄┄┄┄┄┄┄┄┄┄┄┄┄┄┄┄┄┄┄┄┄┄┄┄┄┄┄┄┄┄┄┄┄┄┄┄┄┄┄┄┄┄┄┄┄┄┄┄┄┄┄┄┄┄┄┄┄┄┄┄┄┄┄┄┄┄┄┄┄┄┄┄┄┄┄┄┄┄┄┄┄[0m
[38;5;196m│ ⛔ SQL query error: table=msg_c2s, error=SqfliteFfiException(sqlite_error: 1, , SqliteException(1): while preparing statement, no such table: msg_c2s, SQL logic error (code 1)[0m
[38;5;196m│ ⛔   Causing statement: SELECT auto_id, id, type, from_id, to_id, payload, created_at, is_author, status, conversation_uk3, topic_id, msg_type, "action", e2ee FROM msg_c2s WHERE status IN (?,?) AND is_author=? ORDER BY created_at DESC, auto_id DESC LIMIT 100}) DatabaseException(SqliteException(1): while preparing statement, no such table: msg_c2s, SQL logic error (code 1)[0m
[38;5;196m│ ⛔   Causing statement: SELECT auto_id, id, type, from_id, to_id, payload, created_at, is_author, status, conversation_uk3, topic_id, msg_type, "action", e2ee FROM msg_c2s WHERE status IN (?,?) AND is_author=? ORDER BY created_at DESC, auto_id DESC LIMIT 100) sql 'SELECT auto_id, id, type, from_id, to_id, payload, created_at, is_author, status, conversation_uk3, topic_id, msg_type, "action", e2ee FROM msg_c2s WHERE status IN (?,?) AND is_author=? ORDER BY created_at DESC, auto_id DESC LIMIT 100' args [10, 12, 1] {details: {database: {path: :memory:, id: 1, readOnly: false, singleInstance: false}}}[0m
[38;5;196m└───────────────────────────────────────────────────────────────────────────────────────────────────────────────────────[0m
⚠️ [RETRY_SCAN] 扫描表 c2s 失败: SqfliteFfiException(sqlite_error: 1, , SqliteException(1): while preparing statement, no such table: msg_c2s, SQL logic error (code 1)
  Causing statement: SELECT auto_id, id, type, from_id, to_id, payload, created_at, is_author, status, conversation_uk3, topic_id, msg_type, "action", e2ee FROM msg_c2s WHERE status IN (?,?) AND is_author=? ORDER BY created_at DESC, auto_id DESC LIMIT 100}) DatabaseException(SqliteException(1): while preparing statement, no such table: msg_c2s, SQL logic error (code 1)
  Causing statement: SELECT auto_id, id, type, from_id, to_id, payload, created_at, is_author, status, conversation_uk3, topic_id, msg_type, "action", e2ee FROM msg_c2s WHERE status IN (?,?) AND is_author=? ORDER BY created_at DESC, auto_id DESC LIMIT 100) sql 'SELECT auto_id, id, type, from_id, to_id, payload, created_at, is_author, status, conversation_uk3, topic_id, msg_type, "action", e2ee FROM msg_c2s WHERE status IN (?,?) AND is_author=? ORDER BY created_at DESC, auto_id DESC LIMIT 100' args [10, 12, 1] {details: {database: {path: :memory:, id: 1, readOnly: false, singleInstance: false}}}
📊 [RETRY_SCAN] 扫描完成: 发现 0 条失败消息，添加 0 条到重试队列
00:26 +712: /Users/leeyi/project/imboy.pub/imboyapp/test/unit_test/service/e2ee/retry_plaintext_guard_c2g_test.dart: 重发明文闸门 · C2G 群级 E2EE 分支 实际发送入口：群已开 E2EE 时不受全局 plaintext 绕过
[group_session] 群 90210 E2EE 已开启
00:26 +713: /Users/leeyi/project/imboy.pub/imboyapp/test/unit_test/service/e2ee/megolm_backup_section_test.dart: pack/unpack 导出前按 session 刷新服务端有限授权快照
00:26 +713: /Users/leeyi/project/imboy.pub/imboyapp/test/unit_test/service/e2ee/retry_plaintext_guard_c2g_test.dart: 重发明文闸门 · C2G 群级 E2EE 分支 对照组：群未开 E2EE + 全局 plaintext → 明文行必须照常重投
清除缓存: msg_c2g, 移除了 0 个缓存条目
消息加入重试队列: gg0000000000000ct01, type=C2G
[38;5;196m┌───────────────────────────────────────────────────────────────────────────────────────────────────────────────────────[0m
[38;5;196m│ #0   AppLogger.error (package:imboy/service/app_logger.dart:115:18)[0m
[38;5;196m│ #1   SqliteService.execute.<anonymous closure> (package:imboy/service/sqlite.dart:831:21)[0m
[38;5;196m├┄┄┄┄┄┄┄┄┄┄┄┄┄┄┄┄┄┄┄┄┄┄┄┄┄┄┄┄┄┄┄┄┄┄┄┄┄┄┄┄┄┄┄┄┄┄┄┄┄┄┄┄┄┄┄┄┄┄┄┄┄┄┄┄┄┄┄┄┄┄┄┄┄┄┄┄┄┄┄┄┄┄┄┄┄┄┄┄┄┄┄┄┄┄┄┄┄┄┄┄┄┄┄┄┄┄┄┄┄┄┄┄┄┄┄┄┄┄┄[0m
[38;5;196m│ ⛔ Execute error: SqfliteFfiException(sqlite_error: 1, , SqliteException(1): while preparing statement, no such table: msg_c2g_fts, SQL logic error (code 1)[0m
[38;5;196m│ ⛔   Causing statement: DELETE FROM msg_c2g_fts WHERE id = ?}) DatabaseException(SqliteException(1): while preparing statement, no such table: msg_c2g_fts, SQL logic error (code 1)[0m
[38;5;196m│ ⛔   Causing statement: DELETE FROM msg_c2g_fts WHERE id = ?) sql 'DELETE FROM msg_c2g_fts WHERE id = ?' args [gg0000000000000ct01] {details: {database: {path: :memory:, id: 1, readOnly: false, singleInstance: false}}}[0m
[38;5;196m└───────────────────────────────────────────────────────────────────────────────────────────────────────────────────────[0m
[FTS] C2G 索引写入失败: SqfliteFfiException(sqlite_error: 1, , SqliteException(1): while preparing statement, no such table: msg_c2g_fts, SQL logic error (code 1)
  Causing statement: DELETE FROM msg_c2g_fts WHERE id = ?}) DatabaseException(SqliteException(1): while preparing statement, no such table: msg_c2g_fts, SQL logic error (code 1)
  Causing statement: DELETE FROM msg_c2g_fts WHERE id = ?) sql 'DELETE FROM msg_c2g_fts WHERE id = ?' args [gg0000000000000ct01] {details: {database: {path: :memory:, id: 1, readOnly: false, singleInstance: false}}}
message_repo/updateWithConditions msg_c2g ; where: id = ? AND status = ?
message_repo/updateWithConditions msg_c2g ; where: id = ? AND status IN (?, ?, ?)
清除缓存: msg_c2g, 移除了 0 个缓存条目
重试发送消息: gg0000000000000ct01, 第1次重试
消息重试已提交，等待确认: gg0000000000000ct01
✅ [MessageTypeNormalizer] 有效类型: text
*** Request ***
uri: http://127.0.0.1:9800/api/v1/user/show?id=1001
method: GET
responseType: ResponseType.json
followRedirects: true
persistentConnection: true
connectTimeout: 0:01:00.000000
sendTimeout: 0:01:00.000000
receiveTimeout: 0:01:00.000000
transformTimeout: null
receiveDataWhenStatusError: true
extra: {}

*** Response ***
uri: http://127.0.0.1:9800/api/v1/user/show?id=1001

00:26 +714: /Users/leeyi/project/imboy.pub/imboyapp/test/unit_test/service/e2ee/megolm_backup_section_test.dart: pack/unpack 导出前按 session 刷新服务端有限授权快照
00:26 +714: /Users/leeyi/project/imboy.pub/imboyapp/test/unit_test/service/e2ee/retry_plaintext_guard_c2g_test.dart: 重发明文闸门 · C2G 群级 E2EE 分支 群已开 E2EE + 全局 plaintext + 明文行 → 不得出网
[group_session] 群 90210 E2EE 已开启
清除缓存: msg_c2g, 移除了 0 个缓存条目
消息加入重试队列: gg0000000000000ct02, type=C2G
[38;5;196m┌───────────────────────────────────────────────────────────────────────────────────────────────────────────────────────[0m
[38;5;196m│ #0   AppLogger.error (package:imboy/service/app_logger.dart:115:18)[0m
[38;5;196m│ #1   SqliteService.execute.<anonymous closure> (package:imboy/service/sqlite.dart:831:21)[0m
[38;5;196m├┄┄┄┄┄┄┄┄┄┄┄┄┄┄┄┄┄┄┄┄┄┄┄┄┄┄┄┄┄┄┄┄┄┄┄┄┄┄┄┄┄┄┄┄┄┄┄┄┄┄┄┄┄┄┄┄┄┄┄┄┄┄┄┄┄┄┄┄┄┄┄┄┄┄┄┄┄┄┄┄┄┄┄┄┄┄┄┄┄┄┄┄┄┄┄┄┄┄┄┄┄┄┄┄┄┄┄┄┄┄┄┄┄┄┄┄┄┄┄[0m
[38;5;196m│ ⛔ Execute error: SqfliteFfiException(sqlite_error: 1, , SqliteException(1): while preparing statement, no such table: msg_c2g_fts, SQL logic error (code 1)[0m
[38;5;196m│ ⛔   Causing statement: DELETE FROM msg_c2g_fts WHERE id = ?}) DatabaseException(SqliteException(1): while preparing statement, no such table: msg_c2g_fts, SQL logic error (code 1)[0m
[38;5;196m│ ⛔   Causing statement: DELETE FROM msg_c2g_fts WHERE id = ?) sql 'DELETE FROM msg_c2g_fts WHERE id = ?' args [gg0000000000000ct02] {details: {database: {path: :memory:, id: 1, readOnly: false, singleInstance: false}}}[0m
[38;5;196m└───────────────────────────────────────────────────────────────────────────────────────────────────────────────────────[0m
[FTS] C2G 索引写入失败: SqfliteFfiException(sqlite_error: 1, , SqliteException(1): while preparing statement, no such table: msg_c2g_fts, SQL logic error (code 1)
  Causing statement: DELETE FROM msg_c2g_fts WHERE id = ?}) DatabaseException(SqliteException(1): while preparing statement, no such table: msg_c2g_fts, SQL logic error (code 1)
  Causing statement: DELETE FROM msg_c2g_fts WHERE id = ?) sql 'DELETE FROM msg_c2g_fts WHERE id = ?' args [gg0000000000000ct02] {details: {database: {path: :memory:, id: 1, readOnly: false, singleInstance: false}}}
message_repo/updateWithConditions msg_c2g ; where: id = ? AND status = ?
🚫 [RETRY] 未加密消息不得重发，已拦下: gg0000000000000ct02
message_repo/update msg_c2g ;
清除缓存: msg_c2g, 移除了 0 个缓存条目
✅ [MessageTypeNormalizer] 有效类型: text
*** Request ***
uri: http://127.0.0.1:9800/api/v1/user/show?id=1001
method: GET
responseType: ResponseType.json
followRedirects: true
persistentConnection: true
connectTimeout: 0:01:00.000000
sendTimeout: 0:01:00.000000
receiveTimeout: 0:01:00.000000
transformTimeout: null
receiveDataWhenStatusError: true
extra: {}

*** Response ***
uri: http://127.0.0.1:9800/api/v1/user/show?id=1001

❌ [RETRY] 达到最大重试次数，标记消息失败: gg0000000000000ct02
00:26 +715: /Users/leeyi/project/imboy.pub/imboyapp/test/unit_test/service/e2ee/megolm_backup_section_test.dart: pack/unpack 导出前按 session 刷新服务端有限授权快照
00:26 +715: /Users/leeyi/project/imboy.pub/imboyapp/test/unit_test/service/e2ee/retry_plaintext_guard_c2g_test.dart: 重发明文闸门 · C2G 群级 E2EE 分支 手动重试：群已开 E2EE + 明文行 → 不得出网
[group_session] 群 90210 E2EE 已开启
清除缓存: msg_c2g, 移除了 0 个缓存条目
[38;5;196m┌───────────────────────────────────────────────────────────────────────────────────────────────────────────────────────[0m
[38;5;196m│ #0   AppLogger.error (package:imboy/service/app_logger.dart:115:18)[0m
[38;5;196m│ #1   SqliteService.execute.<anonymous closure> (package:imboy/service/sqlite.dart:831:21)[0m
[38;5;196m├┄┄┄┄┄┄┄┄┄┄┄┄┄┄┄┄┄┄┄┄┄┄┄┄┄┄┄┄┄┄┄┄┄┄┄┄┄┄┄┄┄┄┄┄┄┄┄┄┄┄┄┄┄┄┄┄┄┄┄┄┄┄┄┄┄┄┄┄┄┄┄┄┄┄┄┄┄┄┄┄┄┄┄┄┄┄┄┄┄┄┄┄┄┄┄┄┄┄┄┄┄┄┄┄┄┄┄┄┄┄┄┄┄┄┄┄┄┄┄[0m
[38;5;196m│ ⛔ Execute error: SqfliteFfiException(sqlite_error: 1, , SqliteException(1): while preparing statement, no such table: msg_c2g_fts, SQL logic error (code 1)[0m
[38;5;196m│ ⛔   Causing statement: DELETE FROM msg_c2g_fts WHERE id = ?}) DatabaseException(SqliteException(1): while preparing statement, no such table: msg_c2g_fts, SQL logic error (code 1)[0m
[38;5;196m│ ⛔   Causing statement: DELETE FROM msg_c2g_fts WHERE id = ?) sql 'DELETE FROM msg_c2g_fts WHERE id = ?' args [gg0000000000000ct04] {details: {database: {path: :memory:, id: 1, readOnly: false, singleInstance: false}}}[0m
[38;5;196m└───────────────────────────────────────────────────────────────────────────────────────────────────────────────────────[0m
[FTS] C2G 索引写入失败: SqfliteFfiException(sqlite_error: 1, , SqliteException(1): while preparing statement, no such table: msg_c2g_fts, SQL logic error (code 1)
  Causing statement: DELETE FROM msg_c2g_fts WHERE id = ?}) DatabaseException(SqliteException(1): while preparing statement, no such table: msg_c2g_fts, SQL logic error (code 1)
  Causing statement: DELETE FROM msg_c2g_fts WHERE id = ?) sql 'DELETE FROM msg_c2g_fts WHERE id = ?' args [gg0000000000000ct04] {details: {database: {path: :memory:, id: 1, readOnly: false, singleInstance: false}}}
🚫 [MANUAL_RETRY] 未加密消息不得重发，已拦下: gg0000000000000ct04
00:26 +716: /Users/leeyi/project/imboy.pub/imboyapp/test/unit_test/service/e2ee/megolm_backup_section_test.dart: pack/unpack 导出前按 session 刷新服务端有限授权快照
00:26 +716: /Users/leeyi/project/imboy.pub/imboyapp/test/unit_test/service/e2ee/retry_plaintext_guard_c2g_test.dart: 重发明文闸门 · C2G 群级 E2EE 分支 正向可用性：群已开 E2EE + 已加密行 → 必须照常重投
[group_session] 群 90210 E2EE 已开启
清除缓存: msg_c2g, 移除了 0 个缓存条目
消息加入重试队列: gg0000000000000ct03, type=C2G
[38;5;196m┌───────────────────────────────────────────────────────────────────────────────────────────────────────────────────────[0m
[38;5;196m│ #0   AppLogger.error (package:imboy/service/app_logger.dart:115:18)[0m
[38;5;196m│ #1   SqliteService.execute.<anonymous closure> (package:imboy/service/sqlite.dart:831:21)[0m
[38;5;196m├┄┄┄┄┄┄┄┄┄┄┄┄┄┄┄┄┄┄┄┄┄┄┄┄┄┄┄┄┄┄┄┄┄┄┄┄┄┄┄┄┄┄┄┄┄┄┄┄┄┄┄┄┄┄┄┄┄┄┄┄┄┄┄┄┄┄┄┄┄┄┄┄┄┄┄┄┄┄┄┄┄┄┄┄┄┄┄┄┄┄┄┄┄┄┄┄┄┄┄┄┄┄┄┄┄┄┄┄┄┄┄┄┄┄┄┄┄┄┄[0m
[38;5;196m│ ⛔ Execute error: SqfliteFfiException(sqlite_error: 1, , SqliteException(1): while preparing statement, no such table: msg_c2g_fts, SQL logic error (code 1)[0m
[38;5;196m│ ⛔   Causing statement: DELETE FROM msg_c2g_fts WHERE id = ?}) DatabaseException(SqliteException(1): while preparing statement, no such table: msg_c2g_fts, SQL logic error (code 1)[0m
[38;5;196m│ ⛔   Causing statement: DELETE FROM msg_c2g_fts WHERE id = ?) sql 'DELETE FROM msg_c2g_fts WHERE id = ?' args [gg0000000000000ct03] {details: {database: {path: :memory:, id: 1, readOnly: false, singleInstance: false}}}[0m
[38;5;196m└───────────────────────────────────────────────────────────────────────────────────────────────────────────────────────[0m
[FTS] C2G 索引写入失败: SqfliteFfiException(sqlite_error: 1, , SqliteException(1): while preparing statement, no such table: msg_c2g_fts, SQL logic error (code 1)
  Causing statement: DELETE FROM msg_c2g_fts WHERE id = ?}) DatabaseException(SqliteException(1): while preparing statement, no such table: msg_c2g_fts, SQL logic error (code 1)
  Causing statement: DELETE FROM msg_c2g_fts WHERE id = ?) sql 'DELETE FROM msg_c2g_fts WHERE id = ?' args [gg0000000000000ct03] {details: {database: {path: :memory:, id: 1, readOnly: false, singleInstance: false}}}
message_repo/updateWithConditions msg_c2g ; where: id = ? AND status = ?
message_repo/updateWithConditions msg_c2g ; where: id = ? AND status IN (?, ?, ?)
清除缓存: msg_c2g, 移除了 0 个缓存条目
重试发送消息: gg0000000000000ct03, 第1次重试
消息重试已提交，等待确认: gg0000000000000ct03
✅ [MessageTypeNormalizer] 有效类型: text
*** Request ***
uri: http://127.0.0.1:9800/api/v1/user/show?id=1001
method: GET
responseType: ResponseType.json
followRedirects: true
persistentConnection: true
connectTimeout: 0:01:00.000000
sendTimeout: 0:01:00.000000
receiveTimeout: 0:01:00.000000
transformTimeout: null
receiveDataWhenStatusError: true
extra: {}

*** Response ***
uri: http://127.0.0.1:9800/api/v1/user/show?id=1001

00:26 +717: /Users/leeyi/project/imboy.pub/imboyapp/test/unit_test/service/e2ee/megolm_backup_section_test.dart: pack/unpack 导出前按 session 刷新服务端有限授权快照
00:26 +718: /Users/leeyi/project/imboy.pub/imboyapp/test/unit_test/service/e2ee/megolm_backup_section_test.dart: pack/unpack 导出前按 session 刷新服务端有限授权快照
00:26 +719: /Users/leeyi/project/imboy.pub/imboyapp/test/unit_test/service/e2ee/megolm_backup_section_test.dart: pack/unpack 导出前按 session 刷新服务端有限授权快照
00:26 +720: /Users/leeyi/project/imboy.pub/imboyapp/test/unit_test/service/e2ee/megolm_backup_section_test.dart: pack/unpack 导出前按 session 刷新服务端有限授权快照
00:26 +720: /Users/leeyi/project/imboy.pub/imboyapp/test/unit_test/service/e2ee/c2c_own_device_fanout_test.dart: AC-16: 缺钥设备（瞬态 claim 失败）明确跳过，不阻塞其他设备
*** Request ***
uri: http://127.0.0.1:9800/api/v1/e2ee/olm/claim
method: POST
responseType: ResponseType.json
followRedirects: true
persistentConnection: true
connectTimeout: 0:01:00.000000
sendTimeout: 0:01:00.000000
receiveTimeout: 0:01:00.000000
transformTimeout: null
receiveDataWhenStatusError: true
extra: {retry_count: 2}

[38;5;196m┌───────────────────────────────────────────────────────────────────────────────────────────────────────────────────────[0m
[38;5;196m│ #0   AppLogger.error (package:imboy/service/app_logger.dart:115:18)[0m
[38;5;196m│ #1   HttpRetryInterceptor.onError (package:imboy/component/http/http_retry_interceptor.dart:104:19)[0m
[38;5;196m├┄┄┄┄┄┄┄┄┄┄┄┄┄┄┄┄┄┄┄┄┄┄┄┄┄┄┄┄┄┄┄┄┄┄┄┄┄┄┄┄┄┄┄┄┄┄┄┄┄┄┄┄┄┄┄┄┄┄┄┄┄┄┄┄┄┄┄┄┄┄┄┄┄┄┄┄┄┄┄┄┄┄┄┄┄┄┄┄┄┄┄┄┄┄┄┄┄┄┄┄┄┄┄┄┄┄┄┄┄┄┄┄┄┄┄┄┄┄┄[0m
[38;5;196m│ ⛔ HTTP request failed after 2 retries: url: http://127.0.0.1:9800/api/v1/e2ee/olm/claim[0m
[38;5;196m└───────────────────────────────────────────────────────────────────────────────────────────────────────────────────────[0m
*** DioException ***:
uri: http://127.0.0.1:9800/api/v1/e2ee/olm/claim
DioException [connection error]: The connection errored: connection refused (test) This indicates an error which most likely cannot be solved by the library.

[38;5;196m┌───────────────────────────────────────────────────────────────────────────────────────────────────────────────────────[0m
[38;5;196m│ #0   AppLogger.error (package:imboy/service/app_logger.dart:115:18)[0m
[38;5;196m│ #1   HttpRetryInterceptor.onError (package:imboy/component/http/http_retry_interceptor.dart:100:21)[0m
[38;5;196m├┄┄┄┄┄┄┄┄┄┄┄┄┄┄┄┄┄┄┄┄┄┄┄┄┄┄┄┄┄┄┄┄┄┄┄┄┄┄┄┄┄┄┄┄┄┄┄┄┄┄┄┄┄┄┄┄┄┄┄┄┄┄┄┄┄┄┄┄┄┄┄┄┄┄┄┄┄┄┄┄┄┄┄┄┄┄┄┄┄┄┄┄┄┄┄┄┄┄┄┄┄┄┄┄┄┄┄┄┄┄┄┄┄┄┄┄┄┄┄[0m
[38;5;196m│ ⛔ HTTP retry failed: DioException [connection error]: The connection errored: connection refused (test) This indicates an error which most likely cannot be solved by the library.[0m
[38;5;196m└───────────────────────────────────────────────────────────────────────────────────────────────────────────────────────[0m
*** DioException ***:
uri: http://127.0.0.1:9800/api/v1/e2ee/olm/claim
DioException [connection error]: The connection errored: connection refused (test) This indicates an error which most likely cannot be solved by the library.

[38;5;196m┌───────────────────────────────────────────────────────────────────────────────────────────────────────────────────────[0m
[38;5;196m│ #0   AppLogger.error (package:imboy/service/app_logger.dart:115:18)[0m
[38;5;196m│ #1   HttpRetryInterceptor.onError (package:imboy/component/http/http_retry_interceptor.dart:100:21)[0m
[38;5;196m├┄┄┄┄┄┄┄┄┄┄┄┄┄┄┄┄┄┄┄┄┄┄┄┄┄┄┄┄┄┄┄┄┄┄┄┄┄┄┄┄┄┄┄┄┄┄┄┄┄┄┄┄┄┄┄┄┄┄┄┄┄┄┄┄┄┄┄┄┄┄┄┄┄┄┄┄┄┄┄┄┄┄┄┄┄┄┄┄┄┄┄┄┄┄┄┄┄┄┄┄┄┄┄┄┄┄┄┄┄┄┄┄┄┄┄┄┄┄┄[0m
[38;5;196m│ ⛔ HTTP retry failed: DioException [connection error]: The connection errored: connection refused (test) This indicates an error which most likely cannot be solved by the library.[0m
[38;5;196m└───────────────────────────────────────────────────────────────────────────────────────────────────────────────────────[0m
*** DioException ***:
uri: http://127.0.0.1:9800/api/v1/e2ee/olm/claim
DioException [connection error]: The connection errored: connection refused (test) This indicates an error which most likely cannot be solved by the library.

[E2EE][AC-16] device skipped (transient): did=b-offline errType=_Exception（下次发送自动补投）
[38;5;196m┌───────────────────────────────────────────────────────────────────────────────────────────────────────────────────────[0m
[38;5;196m│ #0   AppLogger.error (package:imboy/service/app_logger.dart:115:18)[0m
[38;5;196m│ #1   SqliteService.query (package:imboy/service/sqlite.dart:894:17)[0m
[38;5;196m├┄┄┄┄┄┄┄┄┄┄┄┄┄┄┄┄┄┄┄┄┄┄┄┄┄┄┄┄┄┄┄┄┄┄┄┄┄┄┄┄┄┄┄┄┄┄┄┄┄┄┄┄┄┄┄┄┄┄┄┄┄┄┄┄┄┄┄┄┄┄┄┄┄┄┄┄┄┄┄┄┄┄┄┄┄┄┄┄┄┄┄┄┄┄┄┄┄┄┄┄┄┄┄┄┄┄┄┄┄┄┄┄┄┄┄┄┄┄┄[0m
[38;5;196m│ ⛔ SQL query error: table=contact, error=SqfliteFfiException(sqlite_error: 1, , SqliteException(1): while preparing statement, no such table: contact, SQL logic error (code 1)[0m
[38;5;196m│ ⛔   Causing statement: SELECT peer_id, nickname, avatar, account, status, remark, tag, region, sign, source, gender, is_friend, is_from, category_id, account_type, last_seen_at, updated_at FROM contact WHERE user_id = ? and peer_id = ?}) DatabaseException(SqliteException(1): while preparing statement, no such table: contact, SQL logic error (code 1)[0m
[38;5;196m│ ⛔   Causing statement: SELECT peer_id, nickname, avatar, account, status, remark, tag, region, sign, source, gender, is_friend, is_from, category_id, account_type, last_seen_at, updated_at FROM contact WHERE user_id = ? and peer_id = ?) sql 'SELECT peer_id, nickname, avatar, account, status, remark, tag, region, sign, source, gender, is_friend, is_from, category_id, account_type, last_seen_at, updated_at FROM contact WHERE user_id = ? and peer_id = ?' args [100, 200] {details: {database: {path: :memory:, id: 3, readOnly: false, singleInstance: false}}}[0m
[38;5;196m└───────────────────────────────────────────────────────────────────────────────────────────────────────────────────────[0m
[E2EE][AC-15] ghost devices detected: peer=200 ghost={a-2} fanout={b-1,b-offline}
[E2EE][AC-15] ghost devices detected: peer=100 ghost={b-1,b-offline} fanout={a-2}
00:26 +721: /Users/leeyi/project/imboy.pub/imboyapp/test/unit_test/service/e2ee/megolm_backup_section_test.dart: pack/unpack 导出前按 session 刷新服务端有限授权快照
00:26 +721: /Users/leeyi/project/imboy.pub/imboyapp/test/unit_test/service/e2ee/c2c_own_device_fanout_test.dart: cached self session absent from active Olm directory rejects before outbox (current=false)
[38;5;196m┌───────────────────────────────────────────────────────────────────────────────────────────────────────────────────────[0m
[38;5;196m│ #0   AppLogger.error (package:imboy/service/app_logger.dart:115:18)[0m
[38;5;196m│ #1   SqliteService.query (package:imboy/service/sqlite.dart:894:17)[0m
[38;5;196m├┄┄┄┄┄┄┄┄┄┄┄┄┄┄┄┄┄┄┄┄┄┄┄┄┄┄┄┄┄┄┄┄┄┄┄┄┄┄┄┄┄┄┄┄┄┄┄┄┄┄┄┄┄┄┄┄┄┄┄┄┄┄┄┄┄┄┄┄┄┄┄┄┄┄┄┄┄┄┄┄┄┄┄┄┄┄┄┄┄┄┄┄┄┄┄┄┄┄┄┄┄┄┄┄┄┄┄┄┄┄┄┄┄┄┄┄┄┄┄[0m
[38;5;196m│ ⛔ SQL query error: table=contact, error=SqfliteFfiException(sqlite_error: 1, , SqliteException(1): while preparing statement, no such table: contact, SQL logic error (code 1)[0m
[38;5;196m│ ⛔   Causing statement: SELECT peer_id, nickname, avatar, account, status, remark, tag, region, sign, source, gender, is_friend, is_from, category_id, account_type, last_seen_at, updated_at FROM contact WHERE user_id = ? and peer_id = ?}) DatabaseException(SqliteException(1): while preparing statement, no such table: contact, SQL logic error (code 1)[0m
[38;5;196m│ ⛔   Causing statement: SELECT peer_id, nickname, avatar, account, status, remark, tag, region, sign, source, gender, is_friend, is_from, category_id, account_type, last_seen_at, updated_at FROM contact WHERE user_id = ? and peer_id = ?) sql 'SELECT peer_id, nickname, avatar, account, status, remark, tag, region, sign, source, gender, is_friend, is_from, category_id, account_type, last_seen_at, updated_at FROM contact WHERE user_id = ? and peer_id = ?' args [100, 200] {details: {database: {path: :memory:, id: 4, readOnly: false, singleInstance: false}}}[0m
[38;5;196m└───────────────────────────────────────────────────────────────────────────────────────────────────────────────────────[0m
00:26 +722: /Users/leeyi/project/imboy.pub/imboyapp/test/unit_test/service/e2ee/megolm_backup_section_test.dart: pack/unpack 导出前按 session 刷新服务端有限授权快照
00:26 +722: /Users/leeyi/project/imboy.pub/imboyapp/test/unit_test/service/e2ee/c2c_own_device_fanout_test.dart: cached self session absent from active Olm directory rejects before outbox (current=true)
[38;5;196m┌───────────────────────────────────────────────────────────────────────────────────────────────────────────────────────[0m
[38;5;196m│ #0   AppLogger.error (package:imboy/service/app_logger.dart:115:18)[0m
[38;5;196m│ #1   SqliteService.query (package:imboy/service/sqlite.dart:894:17)[0m
[38;5;196m├┄┄┄┄┄┄┄┄┄┄┄┄┄┄┄┄┄┄┄┄┄┄┄┄┄┄┄┄┄┄┄┄┄┄┄┄┄┄┄┄┄┄┄┄┄┄┄┄┄┄┄┄┄┄┄┄┄┄┄┄┄┄┄┄┄┄┄┄┄┄┄┄┄┄┄┄┄┄┄┄┄┄┄┄┄┄┄┄┄┄┄┄┄┄┄┄┄┄┄┄┄┄┄┄┄┄┄┄┄┄┄┄┄┄┄┄┄┄┄[0m
[38;5;196m│ ⛔ SQL query error: table=contact, error=SqfliteFfiException(sqlite_error: 1, , SqliteException(1): while preparing statement, no such table: contact, SQL logic error (code 1)[0m
[38;5;196m│ ⛔   Causing statement: SELECT peer_id, nickname, avatar, account, status, remark, tag, region, sign, source, gender, is_friend, is_from, category_id, account_type, last_seen_at, updated_at FROM contact WHERE user_id = ? and peer_id = ?}) DatabaseException(SqliteException(1): while preparing statement, no such table: contact, SQL logic error (code 1)[0m
[38;5;196m│ ⛔   Causing statement: SELECT peer_id, nickname, avatar, account, status, remark, tag, region, sign, source, gender, is_friend, is_from, category_id, account_type, last_seen_at, updated_at FROM contact WHERE user_id = ? and peer_id = ?) sql 'SELECT peer_id, nickname, avatar, account, status, remark, tag, region, sign, source, gender, is_friend, is_from, category_id, account_type, last_seen_at, updated_at FROM contact WHERE user_id = ? and peer_id = ?' args [100, 200] {details: {database: {path: :memory:, id: 5, readOnly: false, singleInstance: false}}}[0m
[38;5;196m└───────────────────────────────────────────────────────────────────────────────────────────────────────────────────────[0m
00:26 +723: /Users/leeyi/project/imboy.pub/imboyapp/test/unit_test/service/e2ee/megolm_backup_section_test.dart: pack/unpack 导出前按 session 刷新服务端有限授权快照
00:26 +723: /Users/leeyi/project/imboy.pub/imboyapp/test/unit_test/service/e2ee/c2c_own_device_fanout_test.dart: session generation changes during directory query (200) rejects old send
[38;5;196m┌───────────────────────────────────────────────────────────────────────────────────────────────────────────────────────[0m
[38;5;196m│ #0   AppLogger.error (package:imboy/service/app_logger.dart:115:18)[0m
[38;5;196m│ #1   SqliteService.query (package:imboy/service/sqlite.dart:894:17)[0m
[38;5;196m├┄┄┄┄┄┄┄┄┄┄┄┄┄┄┄┄┄┄┄┄┄┄┄┄┄┄┄┄┄┄┄┄┄┄┄┄┄┄┄┄┄┄┄┄┄┄┄┄┄┄┄┄┄┄┄┄┄┄┄┄┄┄┄┄┄┄┄┄┄┄┄┄┄┄┄┄┄┄┄┄┄┄┄┄┄┄┄┄┄┄┄┄┄┄┄┄┄┄┄┄┄┄┄┄┄┄┄┄┄┄┄┄┄┄┄┄┄┄┄[0m
[38;5;196m│ ⛔ SQL query error: table=contact, error=SqfliteFfiException(sqlite_error: 1, , SqliteException(1): while preparing statement, no such table: contact, SQL logic error (code 1)[0m
[38;5;196m│ ⛔   Causing statement: SELECT peer_id, nickname, avatar, account, status, remark, tag, region, sign, source, gender, is_friend, is_from, category_id, account_type, last_seen_at, updated_at FROM contact WHERE user_id = ? and peer_id = ?}) DatabaseException(SqliteException(1): while preparing statement, no such table: contact, SQL logic error (code 1)[0m
[38;5;196m│ ⛔   Causing statement: SELECT peer_id, nickname, avatar, account, status, remark, tag, region, sign, source, gender, is_friend, is_from, category_id, account_type, last_seen_at, updated_at FROM contact WHERE user_id = ? and peer_id = ?) sql 'SELECT peer_id, nickname, avatar, account, status, remark, tag, region, sign, source, gender, is_friend, is_from, category_id, account_type, last_seen_at, updated_at FROM contact WHERE user_id = ? and peer_id = ?' args [100, 200] {details: {database: {path: :memory:, id: 6, readOnly: false, singleInstance: false}}}[0m
[38;5;196m└───────────────────────────────────────────────────────────────────────────────────────────────────────────────────────[0m
00:26 +724: /Users/leeyi/project/imboy.pub/imboyapp/test/unit_test/service/e2ee/megolm_backup_section_test.dart: pack/unpack 导出前按 session 刷新服务端有限授权快照
00:26 +724: /Users/leeyi/project/imboy.pub/imboyapp/test/unit_test/service/e2ee/c2c_own_device_fanout_test.dart: session generation changes during directory query (100) rejects old send
[38;5;196m┌───────────────────────────────────────────────────────────────────────────────────────────────────────────────────────[0m
[38;5;196m│ #0   AppLogger.error (package:imboy/service/app_logger.dart:115:18)[0m
[38;5;196m│ #1   SqliteService.query (package:imboy/service/sqlite.dart:894:17)[0m
[38;5;196m├┄┄┄┄┄┄┄┄┄┄┄┄┄┄┄┄┄┄┄┄┄┄┄┄┄┄┄┄┄┄┄┄┄┄┄┄┄┄┄┄┄┄┄┄┄┄┄┄┄┄┄┄┄┄┄┄┄┄┄┄┄┄┄┄┄┄┄┄┄┄┄┄┄┄┄┄┄┄┄┄┄┄┄┄┄┄┄┄┄┄┄┄┄┄┄┄┄┄┄┄┄┄┄┄┄┄┄┄┄┄┄┄┄┄┄┄┄┄┄[0m
[38;5;196m│ ⛔ SQL query error: table=contact, error=SqfliteFfiException(sqlite_error: 1, , SqliteException(1): while preparing statement, no such table: contact, SQL logic error (code 1)[0m
[38;5;196m│ ⛔   Causing statement: SELECT peer_id, nickname, avatar, account, status, remark, tag, region, sign, source, gender, is_friend, is_from, category_id, account_type, last_seen_at, updated_at FROM contact WHERE user_id = ? and peer_id = ?}) DatabaseException(SqliteException(1): while preparing statement, no such table: contact, SQL logic error (code 1)[0m
[38;5;196m│ ⛔   Causing statement: SELECT peer_id, nickname, avatar, account, status, remark, tag, region, sign, source, gender, is_friend, is_from, category_id, account_type, last_seen_at, updated_at FROM contact WHERE user_id = ? and peer_id = ?) sql 'SELECT peer_id, nickname, avatar, account, status, remark, tag, region, sign, source, gender, is_friend, is_from, category_id, account_type, last_seen_at, updated_at FROM contact WHERE user_id = ? and peer_id = ?' args [100, 200] {details: {database: {path: :memory:, id: 7, readOnly: false, singleInstance: false}}}[0m
[38;5;196m└───────────────────────────────────────────────────────────────────────────────────────────────────────────────────────[0m
00:26 +725: /Users/leeyi/project/imboy.pub/imboyapp/test/unit_test/service/e2ee/megolm_backup_section_test.dart: pack/unpack 导出前按 session 刷新服务端有限授权快照
00:27 +726: /Users/leeyi/project/imboy.pub/imboyapp/test/unit_test/service/e2ee/megolm_backup_section_test.dart: pack/unpack 导出前按 session 刷新服务端有限授权快照
00:27 +727: /Users/leeyi/project/imboy.pub/imboyapp/test/unit_test/service/e2ee/megolm_backup_section_test.dart: pack/unpack 导出前按 session 刷新服务端有限授权快照
00:27 +728: /Users/leeyi/project/imboy.pub/imboyapp/test/unit_test/service/e2ee/megolm_backup_section_test.dart: pack/unpack 导出前按 session 刷新服务端有限授权快照
00:27 +729: /Users/leeyi/project/imboy.pub/imboyapp/test/unit_test/service/e2ee/megolm_backup_section_test.dart: pack/unpack 导出前按 session 刷新服务端有限授权快照
00:27 +730: /Users/leeyi/project/imboy.pub/imboyapp/test/unit_test/service/e2ee/megolm_backup_section_test.dart: pack/unpack 导出前按 session 刷新服务端有限授权快照
00:27 +731: /Users/leeyi/project/imboy.pub/imboyapp/test/unit_test/service/e2ee/megolm_backup_section_test.dart: pack/unpack 导出前按 session 刷新服务端有限授权快照
00:27 +732: /Users/leeyi/project/imboy.pub/imboyapp/test/unit_test/service/e2ee/megolm_backup_section_test.dart: pack/unpack 导出前按 session 刷新服务端有限授权快照
00:27 +733: /Users/leeyi/project/imboy.pub/imboyapp/test/unit_test/service/e2ee/megolm_backup_section_test.dart: pack/unpack 导出前按 session 刷新服务端有限授权快照
00:27 +734: /Users/leeyi/project/imboy.pub/imboyapp/test/unit_test/service/e2ee/megolm_backup_section_test.dart: pack/unpack 导出前按 session 刷新服务端有限授权快照
00:27 +735: /Users/leeyi/project/imboy.pub/imboyapp/test/unit_test/service/e2ee/megolm_backup_section_test.dart: pack/unpack 导出前按 session 刷新服务端有限授权快照
00:27 +736: /Users/leeyi/project/imboy.pub/imboyapp/test/unit_test/service/e2ee/megolm_backup_section_test.dart: pack/unpack 导出前按 session 刷新服务端有限授权快照
00:27 +737: /Users/leeyi/project/imboy.pub/imboyapp/test/unit_test/service/e2ee/megolm_backup_section_test.dart: pack/unpack 导出前按 session 刷新服务端有限授权快照
00:27 +738: /Users/leeyi/project/imboy.pub/imboyapp/test/unit_test/service/e2ee/megolm_backup_section_test.dart: pack/unpack 导出前按 session 刷新服务端有限授权快照
00:27 +739: /Users/leeyi/project/imboy.pub/imboyapp/test/unit_test/service/e2ee/megolm_backup_section_test.dart: pack/unpack 导出前按 session 刷新服务端有限授权快照
00:27 +740: /Users/leeyi/project/imboy.pub/imboyapp/test/unit_test/service/e2ee/megolm_backup_section_test.dart: pack/unpack 导出前按 session 刷新服务端有限授权快照
00:27 +741: /Users/leeyi/project/imboy.pub/imboyapp/test/unit_test/service/e2ee/megolm_backup_section_test.dart: pack/unpack 导出前按 session 刷新服务端有限授权快照
00:27 +742: /Users/leeyi/project/imboy.pub/imboyapp/test/unit_test/service/e2ee/megolm_backup_section_test.dart: pack/unpack 导出前按 session 刷新服务端有限授权快照
00:28 +743: /Users/leeyi/project/imboy.pub/imboyapp/test/unit_test/service/e2ee/megolm_backup_section_test.dart: pack/unpack 导出前按 session 刷新服务端有限授权快照
00:28 +744: /Users/leeyi/project/imboy.pub/imboyapp/test/unit_test/service/e2ee/megolm_backup_section_test.dart: pack/unpack 导出前按 session 刷新服务端有限授权快照
00:28 +745: /Users/leeyi/project/imboy.pub/imboyapp/test/unit_test/service/e2ee/megolm_backup_section_test.dart: pack/unpack 导出前按 session 刷新服务端有限授权快照
00:28 +746: /Users/leeyi/project/imboy.pub/imboyapp/test/unit_test/service/e2ee/megolm_backup_section_test.dart: pack/unpack 导出前按 session 刷新服务端有限授权快照
00:28 +747: /Users/leeyi/project/imboy.pub/imboyapp/test/unit_test/service/e2ee/megolm_backup_section_test.dart: pack/unpack 导出前按 session 刷新服务端有限授权快照
00:28 +748: /Users/leeyi/project/imboy.pub/imboyapp/test/unit_test/service/e2ee/megolm_backup_section_test.dart: pack/unpack 导出前按 session 刷新服务端有限授权快照
00:28 +749: /Users/leeyi/project/imboy.pub/imboyapp/test/unit_test/service/e2ee/megolm_backup_section_test.dart: pack/unpack 导出前按 session 刷新服务端有限授权快照
00:28 +750: /Users/leeyi/project/imboy.pub/imboyapp/test/unit_test/service/e2ee/megolm_backup_section_test.dart: pack/unpack 导出前按 session 刷新服务端有限授权快照
00:28 +751: /Users/leeyi/project/imboy.pub/imboyapp/test/unit_test/service/e2ee/megolm_backup_section_test.dart: pack/unpack 导出前按 session 刷新服务端有限授权快照
00:28 +752: /Users/leeyi/project/imboy.pub/imboyapp/test/unit_test/service/e2ee/megolm_backup_section_test.dart: pack/unpack 导出前按 session 刷新服务端有限授权快照
00:28 +753: /Users/leeyi/project/imboy.pub/imboyapp/test/unit_test/service/e2ee/megolm_backup_section_test.dart: pack/unpack 导出前按 session 刷新服务端有限授权快照
00:28 +754: /Users/leeyi/project/imboy.pub/imboyapp/test/unit_test/service/e2ee/megolm_backup_section_test.dart: pack/unpack 导出前按 session 刷新服务端有限授权快照
00:28 +755: /Users/leeyi/project/imboy.pub/imboyapp/test/unit_test/service/e2ee/megolm_backup_section_test.dart: pack/unpack 导出前按 session 刷新服务端有限授权快照
00:28 +756: /Users/leeyi/project/imboy.pub/imboyapp/test/unit_test/service/e2ee/megolm_backup_section_test.dart: pack/unpack 导出前按 session 刷新服务端有限授权快照
00:28 +757: /Users/leeyi/project/imboy.pub/imboyapp/test/unit_test/service/e2ee/megolm_backup_section_test.dart: pack/unpack 导出前按 session 刷新服务端有限授权快照
00:28 +758: /Users/leeyi/project/imboy.pub/imboyapp/test/unit_test/service/e2ee/megolm_backup_section_test.dart: pack/unpack 导出前按 session 刷新服务端有限授权快照
00:28 +759: /Users/leeyi/project/imboy.pub/imboyapp/test/unit_test/service/e2ee/megolm_backup_section_test.dart: pack/unpack 导出前按 session 刷新服务端有限授权快照
00:28 +760: /Users/leeyi/project/imboy.pub/imboyapp/test/unit_test/service/e2ee/megolm_backup_section_test.dart: pack/unpack 导出前按 session 刷新服务端有限授权快照
00:28 +761: /Users/leeyi/project/imboy.pub/imboyapp/test/unit_test/service/e2ee/megolm_backup_section_test.dart: pack/unpack 导出前按 session 刷新服务端有限授权快照
00:28 +762: /Users/leeyi/project/imboy.pub/imboyapp/test/unit_test/service/e2ee/megolm_backup_section_test.dart: pack/unpack 导出前按 session 刷新服务端有限授权快照
00:28 +763: /Users/leeyi/project/imboy.pub/imboyapp/test/unit_test/service/e2ee/megolm_backup_section_test.dart: pack/unpack 导出前按 session 刷新服务端有限授权快照
00:28 +764: /Users/leeyi/project/imboy.pub/imboyapp/test/unit_test/service/e2ee/megolm_backup_section_test.dart: pack/unpack 导出前按 session 刷新服务端有限授权快照
00:28 +765: /Users/leeyi/project/imboy.pub/imboyapp/test/unit_test/service/e2ee/megolm_backup_section_test.dart: pack/unpack 导出前按 session 刷新服务端有限授权快照
00:29 +766: /Users/leeyi/project/imboy.pub/imboyapp/test/unit_test/service/e2ee/megolm_backup_section_test.dart: pack/unpack 导出前按 session 刷新服务端有限授权快照
00:29 +767: /Users/leeyi/project/imboy.pub/imboyapp/test/unit_test/service/e2ee/megolm_backup_section_test.dart: pack/unpack 导出前按 session 刷新服务端有限授权快照
00:29 +768: /Users/leeyi/project/imboy.pub/imboyapp/test/unit_test/service/e2ee/megolm_backup_section_test.dart: pack/unpack 导出前按 session 刷新服务端有限授权快照
00:29 +769: /Users/leeyi/project/imboy.pub/imboyapp/test/unit_test/service/e2ee/megolm_backup_section_test.dart: pack/unpack 导出前按 session 刷新服务端有限授权快照
00:29 +770: /Users/leeyi/project/imboy.pub/imboyapp/test/unit_test/service/e2ee/megolm_backup_section_test.dart: pack/unpack 导出前按 session 刷新服务端有限授权快照
00:29 +771: /Users/leeyi/project/imboy.pub/imboyapp/test/unit_test/service/e2ee/megolm_backup_section_test.dart: pack/unpack 导出前按 session 刷新服务端有限授权快照
00:29 +772: /Users/leeyi/project/imboy.pub/imboyapp/test/unit_test/service/e2ee/megolm_backup_section_test.dart: pack/unpack 导出前按 session 刷新服务端有限授权快照
00:29 +773: /Users/leeyi/project/imboy.pub/imboyapp/test/unit_test/service/e2ee/megolm_backup_section_test.dart: pack/unpack 导出前按 session 刷新服务端有限授权快照
00:29 +774: /Users/leeyi/project/imboy.pub/imboyapp/test/unit_test/service/e2ee/megolm_backup_section_test.dart: pack/unpack 导出前按 session 刷新服务端有限授权快照
00:29 +775: /Users/leeyi/project/imboy.pub/imboyapp/test/unit_test/service/e2ee/megolm_backup_section_test.dart: pack/unpack 导出前按 session 刷新服务端有限授权快照
00:29 +776: /Users/leeyi/project/imboy.pub/imboyapp/test/unit_test/service/e2ee/megolm_backup_section_test.dart: pack/unpack 导出前按 session 刷新服务端有限授权快照
00:29 +777: /Users/leeyi/project/imboy.pub/imboyapp/test/unit_test/service/e2ee/megolm_backup_section_test.dart: pack/unpack 导出前按 session 刷新服务端有限授权快照
00:29 +778: /Users/leeyi/project/imboy.pub/imboyapp/test/unit_test/service/e2ee/megolm_backup_section_test.dart: pack/unpack 导出前按 session 刷新服务端有限授权快照
00:29 +779: /Users/leeyi/project/imboy.pub/imboyapp/test/unit_test/service/e2ee/megolm_backup_section_test.dart: pack/unpack 导出前按 session 刷新服务端有限授权快照
00:29 +780: /Users/leeyi/project/imboy.pub/imboyapp/test/unit_test/service/e2ee/megolm_backup_section_test.dart: pack/unpack 导出前按 session 刷新服务端有限授权快照
00:29 +781: /Users/leeyi/project/imboy.pub/imboyapp/test/unit_test/service/e2ee/megolm_backup_section_test.dart: pack/unpack 导出前按 session 刷新服务端有限授权快照
00:30 +782: /Users/leeyi/project/imboy.pub/imboyapp/test/unit_test/service/e2ee/megolm_backup_section_test.dart: pack/unpack 导出前按 session 刷新服务端有限授权快照
00:30 +783: /Users/leeyi/project/imboy.pub/imboyapp/test/unit_test/service/e2ee/megolm_backup_section_test.dart: pack/unpack 导出前按 session 刷新服务端有限授权快照
00:31 +784: /Users/leeyi/project/imboy.pub/imboyapp/test/unit_test/service/e2ee/megolm_backup_section_test.dart: pack/unpack 导出前按 session 刷新服务端有限授权快照
00:31 +785: /Users/leeyi/project/imboy.pub/imboyapp/test/unit_test/service/e2ee/megolm_backup_section_test.dart: pack/unpack 导出前按 session 刷新服务端有限授权快照
00:31 +786: /Users/leeyi/project/imboy.pub/imboyapp/test/unit_test/service/e2ee/megolm_backup_section_test.dart: pack/unpack 导出前按 session 刷新服务端有限授权快照
00:31 +787: /Users/leeyi/project/imboy.pub/imboyapp/test/unit_test/service/e2ee/megolm_backup_section_test.dart: pack/unpack 导出前按 session 刷新服务端有限授权快照
00:31 +788: /Users/leeyi/project/imboy.pub/imboyapp/test/unit_test/service/e2ee/megolm_backup_section_test.dart: pack/unpack 导出前按 session 刷新服务端有限授权快照
00:31 +789: /Users/leeyi/project/imboy.pub/imboyapp/test/unit_test/service/e2ee/megolm_backup_section_test.dart: pack/unpack 导出前按 session 刷新服务端有限授权快照
00:31 +790: /Users/leeyi/project/imboy.pub/imboyapp/test/unit_test/service/e2ee/megolm_backup_section_test.dart: pack/unpack 导出前按 session 刷新服务端有限授权快照
00:32 +791: /Users/leeyi/project/imboy.pub/imboyapp/test/unit_test/service/e2ee/megolm_backup_section_test.dart: pack/unpack 导出前按 session 刷新服务端有限授权快照
00:32 +792: /Users/leeyi/project/imboy.pub/imboyapp/test/unit_test/service/e2ee/megolm_backup_section_test.dart: pack/unpack 导出前按 session 刷新服务端有限授权快照
00:32 +793: /Users/leeyi/project/imboy.pub/imboyapp/test/unit_test/service/e2ee/megolm_backup_section_test.dart: pack/unpack 导出前按 session 刷新服务端有限授权快照
00:32 +794: /Users/leeyi/project/imboy.pub/imboyapp/test/unit_test/service/e2ee/megolm_backup_section_test.dart: pack/unpack 导出前按 session 刷新服务端有限授权快照
00:32 +795: /Users/leeyi/project/imboy.pub/imboyapp/test/unit_test/service/e2ee/megolm_backup_section_test.dart: pack/unpack 导出前按 session 刷新服务端有限授权快照
00:32 +796: /Users/leeyi/project/imboy.pub/imboyapp/test/unit_test/service/e2ee/megolm_backup_section_test.dart: pack/unpack 导出前按 session 刷新服务端有限授权快照
00:32 +797: /Users/leeyi/project/imboy.pub/imboyapp/test/unit_test/service/e2ee/megolm_backup_section_test.dart: pack/unpack 导出前按 session 刷新服务端有限授权快照
00:32 +798: /Users/leeyi/project/imboy.pub/imboyapp/test/unit_test/service/e2ee/megolm_backup_section_test.dart: pack/unpack 导出前按 session 刷新服务端有限授权快照
00:32 +799: /Users/leeyi/project/imboy.pub/imboyapp/test/unit_test/service/e2ee/megolm_backup_section_test.dart: pack/unpack 导出前按 session 刷新服务端有限授权快照
00:32 +800: /Users/leeyi/project/imboy.pub/imboyapp/test/unit_test/service/e2ee/megolm_backup_section_test.dart: pack/unpack 导出前按 session 刷新服务端有限授权快照
00:32 +801: /Users/leeyi/project/imboy.pub/imboyapp/test/unit_test/service/e2ee/megolm_backup_section_test.dart: pack/unpack 导出前按 session 刷新服务端有限授权快照
00:32 +802: /Users/leeyi/project/imboy.pub/imboyapp/test/unit_test/service/e2ee/megolm_backup_section_test.dart: pack/unpack 导出前按 session 刷新服务端有限授权快照
00:32 +803: /Users/leeyi/project/imboy.pub/imboyapp/test/unit_test/service/e2ee/megolm_backup_section_test.dart: pack/unpack 导出前按 session 刷新服务端有限授权快照
00:32 +804: /Users/leeyi/project/imboy.pub/imboyapp/test/unit_test/service/e2ee/megolm_backup_section_test.dart: pack/unpack 导出前按 session 刷新服务端有限授权快照
00:32 +805: /Users/leeyi/project/imboy.pub/imboyapp/test/unit_test/service/e2ee/megolm_backup_section_test.dart: pack/unpack 导出前按 session 刷新服务端有限授权快照
00:32 +806: /Users/leeyi/project/imboy.pub/imboyapp/test/unit_test/service/e2ee/megolm_backup_section_test.dart: pack/unpack 导出前按 session 刷新服务端有限授权快照
00:32 +807: /Users/leeyi/project/imboy.pub/imboyapp/test/unit_test/service/e2ee/megolm_backup_section_test.dart: pack/unpack 导出前按 session 刷新服务端有限授权快照
00:32 +808: /Users/leeyi/project/imboy.pub/imboyapp/test/unit_test/service/e2ee/megolm_backup_section_test.dart: pack/unpack 导出前按 session 刷新服务端有限授权快照
00:32 +809: /Users/leeyi/project/imboy.pub/imboyapp/test/unit_test/service/e2ee/megolm_backup_section_test.dart: pack/unpack 导出前按 session 刷新服务端有限授权快照
00:33 +810: /Users/leeyi/project/imboy.pub/imboyapp/test/unit_test/service/e2ee/megolm_backup_section_test.dart: pack/unpack 导出前按 session 刷新服务端有限授权快照
00:33 +811: /Users/leeyi/project/imboy.pub/imboyapp/test/unit_test/service/e2ee/megolm_backup_section_test.dart: pack/unpack 导出前按 session 刷新服务端有限授权快照
00:33 +812: /Users/leeyi/project/imboy.pub/imboyapp/test/unit_test/service/e2ee/megolm_backup_section_test.dart: pack/unpack 导出前按 session 刷新服务端有限授权快照
00:33 +813: /Users/leeyi/project/imboy.pub/imboyapp/test/unit_test/service/e2ee/megolm_backup_section_test.dart: pack/unpack 导出前按 session 刷新服务端有限授权快照
00:33 +814: /Users/leeyi/project/imboy.pub/imboyapp/test/unit_test/service/e2ee/megolm_backup_section_test.dart: pack/unpack 导出前按 session 刷新服务端有限授权快照
00:33 +815: /Users/leeyi/project/imboy.pub/imboyapp/test/unit_test/service/e2ee/megolm_backup_section_test.dart: pack/unpack 导出前按 session 刷新服务端有限授权快照
00:33 +816: /Users/leeyi/project/imboy.pub/imboyapp/test/unit_test/service/e2ee/megolm_backup_section_test.dart: pack/unpack 导出前按 session 刷新服务端有限授权快照
00:33 +817: /Users/leeyi/project/imboy.pub/imboyapp/test/unit_test/service/e2ee/megolm_backup_section_test.dart: pack/unpack 导出前按 session 刷新服务端有限授权快照
00:33 +818: /Users/leeyi/project/imboy.pub/imboyapp/test/unit_test/service/e2ee/megolm_backup_section_test.dart: pack/unpack 导出前按 session 刷新服务端有限授权快照
00:33 +819: /Users/leeyi/project/imboy.pub/imboyapp/test/unit_test/service/e2ee/megolm_backup_section_test.dart: pack/unpack 导出前按 session 刷新服务端有限授权快照
00:33 +820: /Users/leeyi/project/imboy.pub/imboyapp/test/unit_test/service/e2ee/megolm_backup_section_test.dart: pack/unpack 导出前按 session 刷新服务端有限授权快照
00:33 +821: /Users/leeyi/project/imboy.pub/imboyapp/test/unit_test/service/e2ee/megolm_backup_section_test.dart: pack/unpack 导出前按 session 刷新服务端有限授权快照
00:33 +822: /Users/leeyi/project/imboy.pub/imboyapp/test/unit_test/service/e2ee/megolm_backup_section_test.dart: pack/unpack 导出前按 session 刷新服务端有限授权快照
00:33 +823: /Users/leeyi/project/imboy.pub/imboyapp/test/unit_test/service/e2ee/megolm_backup_section_test.dart: pack/unpack 导出前按 session 刷新服务端有限授权快照
00:33 +824: /Users/leeyi/project/imboy.pub/imboyapp/test/unit_test/service/e2ee/megolm_backup_section_test.dart: pack/unpack 导出前按 session 刷新服务端有限授权快照
00:33 +825: /Users/leeyi/project/imboy.pub/imboyapp/test/unit_test/service/e2ee/megolm_backup_section_test.dart: pack/unpack 导出前按 session 刷新服务端有限授权快照
00:33 +826: /Users/leeyi/project/imboy.pub/imboyapp/test/unit_test/service/e2ee/megolm_backup_section_test.dart: pack/unpack 导出前按 session 刷新服务端有限授权快照
00:33 +827: /Users/leeyi/project/imboy.pub/imboyapp/test/unit_test/service/e2ee/megolm_backup_section_test.dart: pack/unpack 导出前按 session 刷新服务端有限授权快照
00:33 +828: /Users/leeyi/project/imboy.pub/imboyapp/test/unit_test/service/e2ee/megolm_backup_section_test.dart: pack/unpack 导出前按 session 刷新服务端有限授权快照
00:33 +829: /Users/leeyi/project/imboy.pub/imboyapp/test/unit_test/service/e2ee/megolm_backup_section_test.dart: pack/unpack 导出前按 session 刷新服务端有限授权快照
00:34 +829: /Users/leeyi/project/imboy.pub/imboyapp/test/unit_test/service/e2ee/retry_plaintext_guard_integration_test.dart: (setUpAll)
🔍 [RETRY_SCAN] 开始扫描失败消息...
[38;5;196m┌───────────────────────────────────────────────────────────────────────────────────────────────────────────────────────[0m
[38;5;196m│ #0   AppLogger.error (package:imboy/service/app_logger.dart:115:18)[0m
[38;5;196m│ #1   SqliteService.query (package:imboy/service/sqlite.dart:894:17)[0m
[38;5;196m├┄┄┄┄┄┄┄┄┄┄┄┄┄┄┄┄┄┄┄┄┄┄┄┄┄┄┄┄┄┄┄┄┄┄┄┄┄┄┄┄┄┄┄┄┄┄┄┄┄┄┄┄┄┄┄┄┄┄┄┄┄┄┄┄┄┄┄┄┄┄┄┄┄┄┄┄┄┄┄┄┄┄┄┄┄┄┄┄┄┄┄┄┄┄┄┄┄┄┄┄┄┄┄┄┄┄┄┄┄┄┄┄┄┄┄┄┄┄┄[0m
[38;5;196m│ ⛔ SQL query error: table=msg_c2g, error=SqfliteFfiException(sqlite_error: 1, , SqliteException(1): while preparing statement, no such table: msg_c2g, SQL logic error (code 1)[0m
[38;5;196m│ ⛔   Causing statement: SELECT auto_id, id, type, from_id, to_id, payload, created_at, is_author, status, conversation_uk3, topic_id, msg_type, "action", e2ee FROM msg_c2g WHERE status IN (?,?) AND is_author=? ORDER BY created_at DESC, auto_id DESC LIMIT 100}) DatabaseException(SqliteException(1): while preparing statement, no such table: msg_c2g, SQL logic error (code 1)[0m
[38;5;196m│ ⛔   Causing statement: SELECT auto_id, id, type, from_id, to_id, payload, created_at, is_author, status, conversation_uk3, topic_id, msg_type, "action", e2ee FROM msg_c2g WHERE status IN (?,?) AND is_author=? ORDER BY created_at DESC, auto_id DESC LIMIT 100) sql 'SELECT auto_id, id, type, from_id, to_id, payload, created_at, is_author, status, conversation_uk3, topic_id, msg_type, "action", e2ee FROM msg_c2g WHERE status IN (?,?) AND is_author=? ORDER BY created_at DESC, auto_id DESC LIMIT 100' args [10, 12, 1] {details: {database: {path: :memory:, id: 1, readOnly: false, singleInstance: false}}}[0m
[38;5;196m└───────────────────────────────────────────────────────────────────────────────────────────────────────────────────────[0m
⚠️ [RETRY_SCAN] 扫描表 c2g 失败: SqfliteFfiException(sqlite_error: 1, , SqliteException(1): while preparing statement, no such table: msg_c2g, SQL logic error (code 1)
  Causing statement: SELECT auto_id, id, type, from_id, to_id, payload, created_at, is_author, status, conversation_uk3, topic_id, msg_type, "action", e2ee FROM msg_c2g WHERE status IN (?,?) AND is_author=? ORDER BY created_at DESC, auto_id DESC LIMIT 100}) DatabaseException(SqliteException(1): while preparing statement, no such table: msg_c2g, SQL logic error (code 1)
  Causing statement: SELECT auto_id, id, type, from_id, to_id, payload, created_at, is_author, status, conversation_uk3, topic_id, msg_type, "action", e2ee FROM msg_c2g WHERE status IN (?,?) AND is_author=? ORDER BY created_at DESC, auto_id DESC LIMIT 100) sql 'SELECT auto_id, id, type, from_id, to_id, payload, created_at, is_author, status, conversation_uk3, topic_id, msg_type, "action", e2ee FROM msg_c2g WHERE status IN (?,?) AND is_author=? ORDER BY created_at DESC, auto_id DESC LIMIT 100' args [10, 12, 1] {details: {database: {path: :memory:, id: 1, readOnly: false, singleInstance: false}}}
[38;5;196m┌───────────────────────────────────────────────────────────────────────────────────────────────────────────────────────[0m
[38;5;196m│ #0   AppLogger.error (package:imboy/service/app_logger.dart:115:18)[0m
[38;5;196m│ #1   SqliteService.query (package:imboy/service/sqlite.dart:894:17)[0m
[38;5;196m├┄┄┄┄┄┄┄┄┄┄┄┄┄┄┄┄┄┄┄┄┄┄┄┄┄┄┄┄┄┄┄┄┄┄┄┄┄┄┄┄┄┄┄┄┄┄┄┄┄┄┄┄┄┄┄┄┄┄┄┄┄┄┄┄┄┄┄┄┄┄┄┄┄┄┄┄┄┄┄┄┄┄┄┄┄┄┄┄┄┄┄┄┄┄┄┄┄┄┄┄┄┄┄┄┄┄┄┄┄┄┄┄┄┄┄┄┄┄┄[0m
[38;5;196m│ ⛔ SQL query error: table=msg_c2s, error=SqfliteFfiException(sqlite_error: 1, , SqliteException(1): while preparing statement, no such table: msg_c2s, SQL logic error (code 1)[0m
[38;5;196m│ ⛔   Causing statement: SELECT auto_id, id, type, from_id, to_id, payload, created_at, is_author, status, conversation_uk3, topic_id, msg_type, "action", e2ee FROM msg_c2s WHERE status IN (?,?) AND is_author=? ORDER BY created_at DESC, auto_id DESC LIMIT 100}) DatabaseException(SqliteException(1): while preparing statement, no such table: msg_c2s, SQL logic error (code 1)[0m
[38;5;196m│ ⛔   Causing statement: SELECT auto_id, id, type, from_id, to_id, payload, created_at, is_author, status, conversation_uk3, topic_id, msg_type, "action", e2ee FROM msg_c2s WHERE status IN (?,?) AND is_author=? ORDER BY created_at DESC, auto_id DESC LIMIT 100) sql 'SELECT auto_id, id, type, from_id, to_id, payload, created_at, is_author, status, conversation_uk3, topic_id, msg_type, "action", e2ee FROM msg_c2s WHERE status IN (?,?) AND is_author=? ORDER BY created_at DESC, auto_id DESC LIMIT 100' args [10, 12, 1] {details: {database: {path: :memory:, id: 1, readOnly: false, singleInstance: false}}}[0m
[38;5;196m└───────────────────────────────────────────────────────────────────────────────────────────────────────────────────────[0m
⚠️ [RETRY_SCAN] 扫描表 c2s 失败: SqfliteFfiException(sqlite_error: 1, , SqliteException(1): while preparing statement, no such table: msg_c2s, SQL logic error (code 1)
  Causing statement: SELECT auto_id, id, type, from_id, to_id, payload, created_at, is_author, status, conversation_uk3, topic_id, msg_type, "action", e2ee FROM msg_c2s WHERE status IN (?,?) AND is_author=? ORDER BY created_at DESC, auto_id DESC LIMIT 100}) DatabaseException(SqliteException(1): while preparing statement, no such table: msg_c2s, SQL logic error (code 1)
  Causing statement: SELECT auto_id, id, type, from_id, to_id, payload, created_at, is_author, status, conversation_uk3, topic_id, msg_type, "action", e2ee FROM msg_c2s WHERE status IN (?,?) AND is_author=? ORDER BY created_at DESC, auto_id DESC LIMIT 100) sql 'SELECT auto_id, id, type, from_id, to_id, payload, created_at, is_author, status, conversation_uk3, topic_id, msg_type, "action", e2ee FROM msg_c2s WHERE status IN (?,?) AND is_author=? ORDER BY created_at DESC, auto_id DESC LIMIT 100' args [10, 12, 1] {details: {database: {path: :memory:, id: 1, readOnly: false, singleInstance: false}}}
📊 [RETRY_SCAN] 扫描完成: 发现 0 条失败消息，添加 0 条到重试队列
00:34 +829: /Users/leeyi/project/imboy.pub/imboyapp/test/unit_test/service/e2ee/megolm_backup_section_test.dart: pack/unpack 导出前按 session 刷新服务端有限授权快照
00:34 +829: /Users/leeyi/project/imboy.pub/imboyapp/test/unit_test/service/e2ee/retry_plaintext_guard_integration_test.dart: 重发路径明文闸门（真 SQLite + 真事件总线） 对照组：部署本就明文 → 明文行必须照常重投
清除缓存: msg_c2c, 移除了 0 个缓存条目
消息加入重试队列: gd0000000000000pt01, type=C2C
[38;5;196m┌───────────────────────────────────────────────────────────────────────────────────────────────────────────────────────[0m
[38;5;196m│ #0   AppLogger.error (package:imboy/service/app_logger.dart:115:18)[0m
[38;5;196m│ #1   SqliteService.execute.<anonymous closure> (package:imboy/service/sqlite.dart:831:21)[0m
[38;5;196m├┄┄┄┄┄┄┄┄┄┄┄┄┄┄┄┄┄┄┄┄┄┄┄┄┄┄┄┄┄┄┄┄┄┄┄┄┄┄┄┄┄┄┄┄┄┄┄┄┄┄┄┄┄┄┄┄┄┄┄┄┄┄┄┄┄┄┄┄┄┄┄┄┄┄┄┄┄┄┄┄┄┄┄┄┄┄┄┄┄┄┄┄┄┄┄┄┄┄┄┄┄┄┄┄┄┄┄┄┄┄┄┄┄┄┄┄┄┄┄[0m
[38;5;196m│ ⛔ Execute error: SqfliteFfiException(sqlite_error: 1, , SqliteException(1): while preparing statement, no such table: msg_c2c_fts, SQL logic error (code 1)[0m
[38;5;196m│ ⛔   Causing statement: DELETE FROM msg_c2c_fts WHERE id = ?}) DatabaseException(SqliteException(1): while preparing statement, no such table: msg_c2c_fts, SQL logic error (code 1)[0m
[38;5;196m│ ⛔   Causing statement: DELETE FROM msg_c2c_fts WHERE id = ?) sql 'DELETE FROM msg_c2c_fts WHERE id = ?' args [gd0000000000000pt01] {details: {database: {path: :memory:, id: 1, readOnly: false, singleInstance: false}}}[0m
[38;5;196m└───────────────────────────────────────────────────────────────────────────────────────────────────────────────────────[0m
[FTS] C2C 索引写入失败: SqfliteFfiException(sqlite_error: 1, , SqliteException(1): while preparing statement, no such table: msg_c2c_fts, SQL logic error (code 1)
  Causing statement: DELETE FROM msg_c2c_fts WHERE id = ?}) DatabaseException(SqliteException(1): while preparing statement, no such table: msg_c2c_fts, SQL logic error (code 1)
  Causing statement: DELETE FROM msg_c2c_fts WHERE id = ?) sql 'DELETE FROM msg_c2c_fts WHERE id = ?' args [gd0000000000000pt01] {details: {database: {path: :memory:, id: 1, readOnly: false, singleInstance: false}}}
message_repo/updateWithConditions msg_c2c ; where: id = ? AND status = ?
message_repo/updateWithConditions msg_c2c ; where: id = ? AND status IN (?, ?, ?)
清除缓存: msg_c2c, 移除了 0 个缓存条目
重试发送消息: gd0000000000000pt01, 第1次重试
消息重试已提交，等待确认: gd0000000000000pt01
✅ [MessageTypeNormalizer] 有效类型: text
00:34 +830: /Users/leeyi/project/imboy.pub/imboyapp/test/unit_test/service/e2ee/megolm_backup_section_test.dart: pack/unpack 导出前按 session 刷新服务端有限授权快照
00:34 +830: /Users/leeyi/project/imboy.pub/imboyapp/test/unit_test/service/e2ee/retry_plaintext_guard_integration_test.dart: 重发路径明文闸门（真 SQLite + 真事件总线） 部署要求加密 + 明文行 → 不得出网
清除缓存: msg_c2c, 移除了 0 个缓存条目
消息加入重试队列: gd0000000000000pt02, type=C2C
[38;5;196m┌───────────────────────────────────────────────────────────────────────────────────────────────────────────────────────[0m
[38;5;196m│ #0   AppLogger.error (package:imboy/service/app_logger.dart:115:18)[0m
[38;5;196m│ #1   SqliteService.execute.<anonymous closure> (package:imboy/service/sqlite.dart:831:21)[0m
[38;5;196m├┄┄┄┄┄┄┄┄┄┄┄┄┄┄┄┄┄┄┄┄┄┄┄┄┄┄┄┄┄┄┄┄┄┄┄┄┄┄┄┄┄┄┄┄┄┄┄┄┄┄┄┄┄┄┄┄┄┄┄┄┄┄┄┄┄┄┄┄┄┄┄┄┄┄┄┄┄┄┄┄┄┄┄┄┄┄┄┄┄┄┄┄┄┄┄┄┄┄┄┄┄┄┄┄┄┄┄┄┄┄┄┄┄┄┄┄┄┄┄[0m
[38;5;196m│ ⛔ Execute error: SqfliteFfiException(sqlite_error: 1, , SqliteException(1): while preparing statement, no such table: msg_c2c_fts, SQL logic error (code 1)[0m
[38;5;196m│ ⛔   Causing statement: DELETE FROM msg_c2c_fts WHERE id = ?}) DatabaseException(SqliteException(1): while preparing statement, no such table: msg_c2c_fts, SQL logic error (code 1)[0m
[38;5;196m│ ⛔   Causing statement: DELETE FROM msg_c2c_fts WHERE id = ?) sql 'DELETE FROM msg_c2c_fts WHERE id = ?' args [gd0000000000000pt02] {details: {database: {path: :memory:, id: 1, readOnly: false, singleInstance: false}}}[0m
[38;5;196m└───────────────────────────────────────────────────────────────────────────────────────────────────────────────────────[0m
[FTS] C2C 索引写入失败: SqfliteFfiException(sqlite_error: 1, , SqliteException(1): while preparing statement, no such table: msg_c2c_fts, SQL logic error (code 1)
  Causing statement: DELETE FROM msg_c2c_fts WHERE id = ?}) DatabaseException(SqliteException(1): while preparing statement, no such table: msg_c2c_fts, SQL logic error (code 1)
  Causing statement: DELETE FROM msg_c2c_fts WHERE id = ?) sql 'DELETE FROM msg_c2c_fts WHERE id = ?' args [gd0000000000000pt02] {details: {database: {path: :memory:, id: 1, readOnly: false, singleInstance: false}}}
message_repo/updateWithConditions msg_c2c ; where: id = ? AND status = ?
🚫 [RETRY] 未加密消息不得重发，已拦下: gd0000000000000pt02
message_repo/update msg_c2c ;
清除缓存: msg_c2c, 移除了 0 个缓存条目
✅ [MessageTypeNormalizer] 有效类型: text
❌ [RETRY] 达到最大重试次数，标记消息失败: gd0000000000000pt02
00:34 +831: /Users/leeyi/project/imboy.pub/imboyapp/test/unit_test/service/e2ee/megolm_backup_section_test.dart: pack/unpack 导出前按 session 刷新服务端有限授权快照
00:34 +831: /Users/leeyi/project/imboy.pub/imboyapp/test/unit_test/service/e2ee/retry_plaintext_guard_integration_test.dart: 重发路径明文闸门（真 SQLite + 真事件总线） 正向可用性：部署要求加密 + 已加密行 → 必须照常重投
清除缓存: msg_c2c, 移除了 0 个缓存条目
消息加入重试队列: gd0000000000000pt03, type=C2C
[38;5;196m┌───────────────────────────────────────────────────────────────────────────────────────────────────────────────────────[0m
[38;5;196m│ #0   AppLogger.error (package:imboy/service/app_logger.dart:115:18)[0m
[38;5;196m│ #1   SqliteService.execute.<anonymous closure> (package:imboy/service/sqlite.dart:831:21)[0m
[38;5;196m├┄┄┄┄┄┄┄┄┄┄┄┄┄┄┄┄┄┄┄┄┄┄┄┄┄┄┄┄┄┄┄┄┄┄┄┄┄┄┄┄┄┄┄┄┄┄┄┄┄┄┄┄┄┄┄┄┄┄┄┄┄┄┄┄┄┄┄┄┄┄┄┄┄┄┄┄┄┄┄┄┄┄┄┄┄┄┄┄┄┄┄┄┄┄┄┄┄┄┄┄┄┄┄┄┄┄┄┄┄┄┄┄┄┄┄┄┄┄┄[0m
[38;5;196m│ ⛔ Execute error: SqfliteFfiException(sqlite_error: 1, , SqliteException(1): while preparing statement, no such table: msg_c2c_fts, SQL logic error (code 1)[0m
[38;5;196m│ ⛔   Causing statement: DELETE FROM msg_c2c_fts WHERE id = ?}) DatabaseException(SqliteException(1): while preparing statement, no such table: msg_c2c_fts, SQL logic error (code 1)[0m
[38;5;196m│ ⛔   Causing statement: DELETE FROM msg_c2c_fts WHERE id = ?) sql 'DELETE FROM msg_c2c_fts WHERE id = ?' args [gd0000000000000pt03] {details: {database: {path: :memory:, id: 1, readOnly: false, singleInstance: false}}}[0m
[38;5;196m└───────────────────────────────────────────────────────────────────────────────────────────────────────────────────────[0m
[FTS] C2C 索引写入失败: SqfliteFfiException(sqlite_error: 1, , SqliteException(1): while preparing statement, no such table: msg_c2c_fts, SQL logic error (code 1)
  Causing statement: DELETE FROM msg_c2c_fts WHERE id = ?}) DatabaseException(SqliteException(1): while preparing statement, no such table: msg_c2c_fts, SQL logic error (code 1)
  Causing statement: DELETE FROM msg_c2c_fts WHERE id = ?) sql 'DELETE FROM msg_c2c_fts WHERE id = ?' args [gd0000000000000pt03] {details: {database: {path: :memory:, id: 1, readOnly: false, singleInstance: false}}}
message_repo/updateWithConditions msg_c2c ; where: id = ? AND status = ?
message_repo/updateWithConditions msg_c2c ; where: id = ? AND status IN (?, ?, ?)
清除缓存: msg_c2c, 移除了 0 个缓存条目
重试发送消息: gd0000000000000pt03, 第1次重试
消息重试已提交，等待确认: gd0000000000000pt03
✅ [MessageTypeNormalizer] 有效类型: text
00:34 +832: /Users/leeyi/project/imboy.pub/imboyapp/test/unit_test/service/e2ee/megolm_backup_section_test.dart: pack/unpack 导出前按 session 刷新服务端有限授权快照
00:34 +832: /Users/leeyi/project/imboy.pub/imboyapp/test/unit_test/service/e2ee/retry_plaintext_guard_integration_test.dart: 重发路径明文闸门（真 SQLite + 真事件总线） 对照组：允许重投的行，状态必须被 CAS 翻成 sending
清除缓存: msg_c2c, 移除了 0 个缓存条目
消息加入重试队列: gd0000000000000pt05, type=C2C
[38;5;196m┌───────────────────────────────────────────────────────────────────────────────────────────────────────────────────────[0m
[38;5;196m│ #0   AppLogger.error (package:imboy/service/app_logger.dart:115:18)[0m
[38;5;196m│ #1   SqliteService.execute.<anonymous closure> (package:imboy/service/sqlite.dart:831:21)[0m
[38;5;196m├┄┄┄┄┄┄┄┄┄┄┄┄┄┄┄┄┄┄┄┄┄┄┄┄┄┄┄┄┄┄┄┄┄┄┄┄┄┄┄┄┄┄┄┄┄┄┄┄┄┄┄┄┄┄┄┄┄┄┄┄┄┄┄┄┄┄┄┄┄┄┄┄┄┄┄┄┄┄┄┄┄┄┄┄┄┄┄┄┄┄┄┄┄┄┄┄┄┄┄┄┄┄┄┄┄┄┄┄┄┄┄┄┄┄┄┄┄┄┄[0m
[38;5;196m│ ⛔ Execute error: SqfliteFfiException(sqlite_error: 1, , SqliteException(1): while preparing statement, no such table: msg_c2c_fts, SQL logic error (code 1)[0m
[38;5;196m│ ⛔   Causing statement: DELETE FROM msg_c2c_fts WHERE id = ?}) DatabaseException(SqliteException(1): while preparing statement, no such table: msg_c2c_fts, SQL logic error (code 1)[0m
[38;5;196m│ ⛔   Causing statement: DELETE FROM msg_c2c_fts WHERE id = ?) sql 'DELETE FROM msg_c2c_fts WHERE id = ?' args [gd0000000000000pt05] {details: {database: {path: :memory:, id: 1, readOnly: false, singleInstance: false}}}[0m
[38;5;196m└───────────────────────────────────────────────────────────────────────────────────────────────────────────────────────[0m
[FTS] C2C 索引写入失败: SqfliteFfiException(sqlite_error: 1, , SqliteException(1): while preparing statement, no such table: msg_c2c_fts, SQL logic error (code 1)
  Causing statement: DELETE FROM msg_c2c_fts WHERE id = ?}) DatabaseException(SqliteException(1): while preparing statement, no such table: msg_c2c_fts, SQL logic error (code 1)
  Causing statement: DELETE FROM msg_c2c_fts WHERE id = ?) sql 'DELETE FROM msg_c2c_fts WHERE id = ?' args [gd0000000000000pt05] {details: {database: {path: :memory:, id: 1, readOnly: false, singleInstance: false}}}
message_repo/updateWithConditions msg_c2c ; where: id = ? AND status = ?
message_repo/updateWithConditions msg_c2c ; where: id = ? AND status IN (?, ?, ?)
清除缓存: msg_c2c, 移除了 0 个缓存条目
重试发送消息: gd0000000000000pt05, 第1次重试
消息重试已提交，等待确认: gd0000000000000pt05
✅ [MessageTypeNormalizer] 有效类型: text
00:34 +833: /Users/leeyi/project/imboy.pub/imboyapp/test/unit_test/service/e2ee/megolm_backup_section_test.dart: pack/unpack 导出前按 session 刷新服务端有限授权快照
00:34 +833: /Users/leeyi/project/imboy.pub/imboyapp/test/unit_test/service/e2ee/retry_plaintext_guard_integration_test.dart: 重发路径明文闸门（真 SQLite + 真事件总线） 被拦下时不得改动 DB 状态（闸门必须排在 CAS 之前）
清除缓存: msg_c2c, 移除了 0 个缓存条目
消息加入重试队列: gd0000000000000pt06, type=C2C
[38;5;196m┌───────────────────────────────────────────────────────────────────────────────────────────────────────────────────────[0m
[38;5;196m│ #0   AppLogger.error (package:imboy/service/app_logger.dart:115:18)[0m
[38;5;196m│ #1   SqliteService.execute.<anonymous closure> (package:imboy/service/sqlite.dart:831:21)[0m
[38;5;196m├┄┄┄┄┄┄┄┄┄┄┄┄┄┄┄┄┄┄┄┄┄┄┄┄┄┄┄┄┄┄┄┄┄┄┄┄┄┄┄┄┄┄┄┄┄┄┄┄┄┄┄┄┄┄┄┄┄┄┄┄┄┄┄┄┄┄┄┄┄┄┄┄┄┄┄┄┄┄┄┄┄┄┄┄┄┄┄┄┄┄┄┄┄┄┄┄┄┄┄┄┄┄┄┄┄┄┄┄┄┄┄┄┄┄┄┄┄┄┄[0m
[38;5;196m│ ⛔ Execute error: SqfliteFfiException(sqlite_error: 1, , SqliteException(1): while preparing statement, no such table: msg_c2c_fts, SQL logic error (code 1)[0m
[38;5;196m│ ⛔   Causing statement: DELETE FROM msg_c2c_fts WHERE id = ?}) DatabaseException(SqliteException(1): while preparing statement, no such table: msg_c2c_fts, SQL logic error (code 1)[0m
[38;5;196m│ ⛔   Causing statement: DELETE FROM msg_c2c_fts WHERE id = ?) sql 'DELETE FROM msg_c2c_fts WHERE id = ?' args [gd0000000000000pt06] {details: {database: {path: :memory:, id: 1, readOnly: false, singleInstance: false}}}[0m
[38;5;196m└───────────────────────────────────────────────────────────────────────────────────────────────────────────────────────[0m
[FTS] C2C 索引写入失败: SqfliteFfiException(sqlite_error: 1, , SqliteException(1): while preparing statement, no such table: msg_c2c_fts, SQL logic error (code 1)
  Causing statement: DELETE FROM msg_c2c_fts WHERE id = ?}) DatabaseException(SqliteException(1): while preparing statement, no such table: msg_c2c_fts, SQL logic error (code 1)
  Causing statement: DELETE FROM msg_c2c_fts WHERE id = ?) sql 'DELETE FROM msg_c2c_fts WHERE id = ?' args [gd0000000000000pt06] {details: {database: {path: :memory:, id: 1, readOnly: false, singleInstance: false}}}
message_repo/updateWithConditions msg_c2c ; where: id = ? AND status = ?
🚫 [RETRY] 未加密消息不得重发，已拦下: gd0000000000000pt06
message_repo/update msg_c2c ;
清除缓存: msg_c2c, 移除了 0 个缓存条目
✅ [MessageTypeNormalizer] 有效类型: text
❌ [RETRY] 达到最大重试次数，标记消息失败: gd0000000000000pt06
00:34 +834: /Users/leeyi/project/imboy.pub/imboyapp/test/unit_test/service/e2ee/megolm_backup_section_test.dart: pack/unpack 导出前按 session 刷新服务端有限授权快照
00:34 +834: /Users/leeyi/project/imboy.pub/imboyapp/test/unit_test/service/e2ee/retry_plaintext_guard_integration_test.dart: 重发路径明文闸门（真 SQLite + 真事件总线） 策略未就绪（未知）+ 明文行 → 不得出网（未知即拦）
清除缓存: msg_c2c, 移除了 0 个缓存条目
消息加入重试队列: gd0000000000000pt04, type=C2C
[38;5;196m┌───────────────────────────────────────────────────────────────────────────────────────────────────────────────────────[0m
[38;5;196m│ #0   AppLogger.error (package:imboy/service/app_logger.dart:115:18)[0m
[38;5;196m│ #1   SqliteService.execute.<anonymous closure> (package:imboy/service/sqlite.dart:831:21)[0m
[38;5;196m├┄┄┄┄┄┄┄┄┄┄┄┄┄┄┄┄┄┄┄┄┄┄┄┄┄┄┄┄┄┄┄┄┄┄┄┄┄┄┄┄┄┄┄┄┄┄┄┄┄┄┄┄┄┄┄┄┄┄┄┄┄┄┄┄┄┄┄┄┄┄┄┄┄┄┄┄┄┄┄┄┄┄┄┄┄┄┄┄┄┄┄┄┄┄┄┄┄┄┄┄┄┄┄┄┄┄┄┄┄┄┄┄┄┄┄┄┄┄┄[0m
[38;5;196m│ ⛔ Execute error: SqfliteFfiException(sqlite_error: 1, , SqliteException(1): while preparing statement, no such table: msg_c2c_fts, SQL logic error (code 1)[0m
[38;5;196m│ ⛔   Causing statement: DELETE FROM msg_c2c_fts WHERE id = ?}) DatabaseException(SqliteException(1): while preparing statement, no such table: msg_c2c_fts, SQL logic error (code 1)[0m
[38;5;196m│ ⛔   Causing statement: DELETE FROM msg_c2c_fts WHERE id = ?) sql 'DELETE FROM msg_c2c_fts WHERE id = ?' args [gd0000000000000pt04] {details: {database: {path: :memory:, id: 1, readOnly: false, singleInstance: false}}}[0m
[38;5;196m└───────────────────────────────────────────────────────────────────────────────────────────────────────────────────────[0m
[FTS] C2C 索引写入失败: SqfliteFfiException(sqlite_error: 1, , SqliteException(1): while preparing statement, no such table: msg_c2c_fts, SQL logic error (code 1)
  Causing statement: DELETE FROM msg_c2c_fts WHERE id = ?}) DatabaseException(SqliteException(1): while preparing statement, no such table: msg_c2c_fts, SQL logic error (code 1)
  Causing statement: DELETE FROM msg_c2c_fts WHERE id = ?) sql 'DELETE FROM msg_c2c_fts WHERE id = ?' args [gd0000000000000pt04] {details: {database: {path: :memory:, id: 1, readOnly: false, singleInstance: false}}}
message_repo/updateWithConditions msg_c2c ; where: id = ? AND status = ?
🚫 [RETRY] 未加密消息不得重发，已拦下: gd0000000000000pt04
message_repo/update msg_c2c ;
清除缓存: msg_c2c, 移除了 0 个缓存条目
✅ [MessageTypeNormalizer] 有效类型: text
❌ [RETRY] 达到最大重试次数，标记消息失败: gd0000000000000pt04
00:34 +835: /Users/leeyi/project/imboy.pub/imboyapp/test/unit_test/service/e2ee/megolm_backup_section_test.dart: pack/unpack 导出前按 session 刷新服务端有限授权快照
00:35 +836: /Users/leeyi/project/imboy.pub/imboyapp/test/unit_test/service/e2ee/megolm_backup_section_test.dart: pack/unpack 导出前按 session 刷新服务端有限授权快照
00:35 +837: /Users/leeyi/project/imboy.pub/imboyapp/test/unit_test/service/e2ee/megolm_backup_section_test.dart: pack/unpack 导出前按 session 刷新服务端有限授权快照
00:35 +838: /Users/leeyi/project/imboy.pub/imboyapp/test/unit_test/service/e2ee/megolm_backup_section_test.dart: pack/unpack 导出前按 session 刷新服务端有限授权快照
00:35 +839: /Users/leeyi/project/imboy.pub/imboyapp/test/unit_test/service/e2ee/megolm_backup_section_test.dart: pack/unpack 导出前按 session 刷新服务端有限授权快照
00:35 +840: /Users/leeyi/project/imboy.pub/imboyapp/test/unit_test/service/e2ee/megolm_backup_section_test.dart: pack/unpack 导出前按 session 刷新服务端有限授权快照
00:35 +841: /Users/leeyi/project/imboy.pub/imboyapp/test/unit_test/service/e2ee/megolm_backup_section_test.dart: pack/unpack 导出前按 session 刷新服务端有限授权快照
00:35 +842: /Users/leeyi/project/imboy.pub/imboyapp/test/unit_test/service/e2ee/megolm_backup_section_test.dart: pack/unpack 导出前按 session 刷新服务端有限授权快照
00:35 +843: /Users/leeyi/project/imboy.pub/imboyapp/test/unit_test/service/e2ee/megolm_backup_section_test.dart: pack/unpack 导出前按 session 刷新服务端有限授权快照
00:35 +844: /Users/leeyi/project/imboy.pub/imboyapp/test/unit_test/service/e2ee/megolm_backup_section_test.dart: pack/unpack 导出前按 session 刷新服务端有限授权快照
00:35 +845: /Users/leeyi/project/imboy.pub/imboyapp/test/unit_test/service/e2ee/megolm_backup_section_test.dart: pack/unpack 导出前按 session 刷新服务端有限授权快照
00:35 +846: /Users/leeyi/project/imboy.pub/imboyapp/test/unit_test/service/e2ee/megolm_backup_section_test.dart: pack/unpack 导出前按 session 刷新服务端有限授权快照
00:35 +847: /Users/leeyi/project/imboy.pub/imboyapp/test/unit_test/service/e2ee/megolm_backup_section_test.dart: pack/unpack 导出前按 session 刷新服务端有限授权快照
00:35 +848: /Users/leeyi/project/imboy.pub/imboyapp/test/unit_test/service/e2ee/megolm_backup_section_test.dart: pack/unpack 导出前按 session 刷新服务端有限授权快照
00:35 +849: /Users/leeyi/project/imboy.pub/imboyapp/test/unit_test/service/e2ee/megolm_backup_section_test.dart: pack/unpack 导出前按 session 刷新服务端有限授权快照
00:36 +850: /Users/leeyi/project/imboy.pub/imboyapp/test/unit_test/service/e2ee/megolm_backup_section_test.dart: pack/unpack 导出前按 session 刷新服务端有限授权快照
00:36 +851: /Users/leeyi/project/imboy.pub/imboyapp/test/unit_test/service/e2ee/megolm_backup_section_test.dart: pack/unpack 导出前按 session 刷新服务端有限授权快照
00:36 +852: /Users/leeyi/project/imboy.pub/imboyapp/test/unit_test/service/e2ee/megolm_backup_section_test.dart: pack/unpack 导出前按 session 刷新服务端有限授权快照
00:36 +853: /Users/leeyi/project/imboy.pub/imboyapp/test/unit_test/service/e2ee/megolm_backup_section_test.dart: pack/unpack 导出前按 session 刷新服务端有限授权快照
00:36 +854: /Users/leeyi/project/imboy.pub/imboyapp/test/unit_test/service/e2ee/megolm_backup_section_test.dart: pack/unpack 导出前按 session 刷新服务端有限授权快照
00:36 +855: /Users/leeyi/project/imboy.pub/imboyapp/test/unit_test/service/e2ee/megolm_backup_section_test.dart: pack/unpack 导出前按 session 刷新服务端有限授权快照
00:36 +856: /Users/leeyi/project/imboy.pub/imboyapp/test/unit_test/service/e2ee/megolm_backup_section_test.dart: pack/unpack 导出前按 session 刷新服务端有限授权快照
00:36 +857: /Users/leeyi/project/imboy.pub/imboyapp/test/unit_test/service/e2ee/megolm_backup_section_test.dart: pack/unpack 导出前按 session 刷新服务端有限授权快照
00:36 +858: /Users/leeyi/project/imboy.pub/imboyapp/test/unit_test/service/e2ee/megolm_backup_section_test.dart: pack/unpack 导出前按 session 刷新服务端有限授权快照
00:36 +859: /Users/leeyi/project/imboy.pub/imboyapp/test/unit_test/service/e2ee/megolm_backup_section_test.dart: pack/unpack 导出前按 session 刷新服务端有限授权快照
00:36 +860: /Users/leeyi/project/imboy.pub/imboyapp/test/unit_test/service/e2ee/megolm_backup_section_test.dart: pack/unpack 导出前按 session 刷新服务端有限授权快照
00:36 +861: /Users/leeyi/project/imboy.pub/imboyapp/test/unit_test/service/e2ee/megolm_backup_section_test.dart: pack/unpack 导出前按 session 刷新服务端有限授权快照
00:36 +862: /Users/leeyi/project/imboy.pub/imboyapp/test/unit_test/service/e2ee/megolm_backup_section_test.dart: pack/unpack 导出前按 session 刷新服务端有限授权快照
00:36 +863: /Users/leeyi/project/imboy.pub/imboyapp/test/unit_test/service/e2ee/megolm_backup_section_test.dart: pack/unpack 导出前按 session 刷新服务端有限授权快照
00:36 +864: /Users/leeyi/project/imboy.pub/imboyapp/test/unit_test/service/e2ee/megolm_backup_section_test.dart: pack/unpack 导出前按 session 刷新服务端有限授权快照
00:36 +864: /Users/leeyi/project/imboy.pub/imboyapp/test/unit_test/service/e2ee/replay_counter_epoch_test.dart: E2EE-025 Sequence Counter and Replay Prevention Tests positive path: sequential messages decrypt successfully
> r1: {ts: 1753500000000, body: replay test payload, msg_type: text, sender_did: dev-sender, sender_dtype: ios, _e2ee_v3_verified: true}
00:36 +865: /Users/leeyi/project/imboy.pub/imboyapp/test/unit_test/service/e2ee/megolm_backup_section_test.dart: pack/unpack 导出前按 session 刷新服务端有限授权快照
00:36 +866: /Users/leeyi/project/imboy.pub/imboyapp/test/unit_test/service/e2ee/megolm_backup_section_test.dart: pack/unpack 导出前按 session 刷新服务端有限授权快照
00:36 +867: /Users/leeyi/project/imboy.pub/imboyapp/test/unit_test/service/e2ee/megolm_backup_section_test.dart: pack/unpack 导出前按 session 刷新服务端有限授权快照
00:36 +868: /Users/leeyi/project/imboy.pub/imboyapp/test/unit_test/service/e2ee/megolm_backup_section_test.dart: pack/unpack 导出前按 session 刷新服务端有限授权快照
00:37 +869: /Users/leeyi/project/imboy.pub/imboyapp/test/unit_test/service/e2ee/megolm_backup_section_test.dart: pack/unpack 导出前按 session 刷新服务端有限授权快照
00:37 +870: /Users/leeyi/project/imboy.pub/imboyapp/test/unit_test/service/e2ee/megolm_backup_section_test.dart: pack/unpack 导出前按 session 刷新服务端有限授权快照
00:37 +871: /Users/leeyi/project/imboy.pub/imboyapp/test/unit_test/service/e2ee/megolm_backup_section_test.dart: pack/unpack 导出前按 session 刷新服务端有限授权快照
00:37 +872: /Users/leeyi/project/imboy.pub/imboyapp/test/unit_test/service/e2ee/megolm_backup_section_test.dart: pack/unpack 导出前按 session 刷新服务端有限授权快照
00:37 +873: /Users/leeyi/project/imboy.pub/imboyapp/test/unit_test/service/e2ee/megolm_backup_section_test.dart: pack/unpack 导出前按 session 刷新服务端有限授权快照
00:37 +874: /Users/leeyi/project/imboy.pub/imboyapp/test/unit_test/service/e2ee/megolm_backup_section_test.dart: pack/unpack 导出前按 session 刷新服务端有限授权快照
00:37 +875: /Users/leeyi/project/imboy.pub/imboyapp/test/unit_test/service/e2ee/megolm_backup_section_test.dart: pack/unpack 导出前按 session 刷新服务端有限授权快照
00:37 +876: /Users/leeyi/project/imboy.pub/imboyapp/test/unit_test/service/e2ee/megolm_backup_section_test.dart: pack/unpack 导出前按 session 刷新服务端有限授权快照
00:37 +877: /Users/leeyi/project/imboy.pub/imboyapp/test/unit_test/service/e2ee/megolm_backup_section_test.dart: pack/unpack 导出前按 session 刷新服务端有限授权快照
00:37 +878: /Users/leeyi/project/imboy.pub/imboyapp/test/unit_test/service/e2ee/megolm_backup_section_test.dart: pack/unpack 导出前按 session 刷新服务端有限授权快照
00:37 +879: /Users/leeyi/project/imboy.pub/imboyapp/test/unit_test/service/e2ee/megolm_backup_section_test.dart: pack/unpack 导出前按 session 刷新服务端有限授权快照
00:37 +880: /Users/leeyi/project/imboy.pub/imboyapp/test/unit_test/service/e2ee/megolm_backup_section_test.dart: pack/unpack 导出前按 session 刷新服务端有限授权快照
00:37 +881: /Users/leeyi/project/imboy.pub/imboyapp/test/unit_test/service/e2ee/megolm_backup_section_test.dart: pack/unpack 导出前按 session 刷新服务端有限授权快照
00:37 +882: /Users/leeyi/project/imboy.pub/imboyapp/test/unit_test/service/e2ee/megolm_backup_section_test.dart: pack/unpack 导出前按 session 刷新服务端有限授权快照
00:37 +883: /Users/leeyi/project/imboy.pub/imboyapp/test/unit_test/service/e2ee/megolm_backup_section_test.dart: pack/unpack 导出前按 session 刷新服务端有限授权快照
00:37 +884: /Users/leeyi/project/imboy.pub/imboyapp/test/unit_test/service/e2ee/megolm_backup_section_test.dart: pack/unpack 导出前按 session 刷新服务端有限授权快照
00:37 +885: /Users/leeyi/project/imboy.pub/imboyapp/test/unit_test/service/e2ee/megolm_backup_section_test.dart: pack/unpack 导出前按 session 刷新服务端有限授权快照
00:37 +886: /Users/leeyi/project/imboy.pub/imboyapp/test/unit_test/service/e2ee/megolm_backup_section_test.dart: pack/unpack 导出前按 session 刷新服务端有限授权快照
00:37 +887: /Users/leeyi/project/imboy.pub/imboyapp/test/unit_test/service/e2ee/megolm_backup_section_test.dart: pack/unpack 导出前按 session 刷新服务端有限授权快照
00:37 +888: /Users/leeyi/project/imboy.pub/imboyapp/test/unit_test/service/e2ee/megolm_backup_section_test.dart: pack/unpack 导出前按 session 刷新服务端有限授权快照
00:38 +889: /Users/leeyi/project/imboy.pub/imboyapp/test/unit_test/service/e2ee/megolm_backup_section_test.dart: pack/unpack 导出前按 session 刷新服务端有限授权快照
00:38 +890: /Users/leeyi/project/imboy.pub/imboyapp/test/unit_test/service/e2ee/megolm_backup_section_test.dart: pack/unpack 导出前按 session 刷新服务端有限授权快照
00:38 +891: /Users/leeyi/project/imboy.pub/imboyapp/test/unit_test/service/e2ee/megolm_backup_section_test.dart: pack/unpack 导出前按 session 刷新服务端有限授权快照
00:38 +892: /Users/leeyi/project/imboy.pub/imboyapp/test/unit_test/service/e2ee/megolm_backup_section_test.dart: pack/unpack 导出前按 session 刷新服务端有限授权快照
00:38 +893: /Users/leeyi/project/imboy.pub/imboyapp/test/unit_test/service/e2ee/megolm_backup_section_test.dart: pack/unpack 导出前按 session 刷新服务端有限授权快照
00:38 +894: /Users/leeyi/project/imboy.pub/imboyapp/test/unit_test/service/e2ee/megolm_backup_section_test.dart: pack/unpack 导出前按 session 刷新服务端有限授权快照
00:38 +895: /Users/leeyi/project/imboy.pub/imboyapp/test/unit_test/service/e2ee/megolm_backup_section_test.dart: pack/unpack 导出前按 session 刷新服务端有限授权快照
00:38 +896: /Users/leeyi/project/imboy.pub/imboyapp/test/unit_test/service/e2ee/megolm_backup_section_test.dart: pack/unpack 导出前按 session 刷新服务端有限授权快照
00:38 +897: /Users/leeyi/project/imboy.pub/imboyapp/test/unit_test/service/e2ee/megolm_backup_section_test.dart: pack/unpack 导出前按 session 刷新服务端有限授权快照
00:38 +898: /Users/leeyi/project/imboy.pub/imboyapp/test/unit_test/service/e2ee/megolm_backup_section_test.dart: pack/unpack 导出前按 session 刷新服务端有限授权快照
00:38 +899: /Users/leeyi/project/imboy.pub/imboyapp/test/unit_test/service/e2ee/megolm_backup_section_test.dart: pack/unpack 导出前按 session 刷新服务端有限授权快照
00:38 +900: /Users/leeyi/project/imboy.pub/imboyapp/test/unit_test/service/e2ee/megolm_backup_section_test.dart: pack/unpack 导出前按 session 刷新服务端有限授权快照
00:38 +901: /Users/leeyi/project/imboy.pub/imboyapp/test/unit_test/service/e2ee/megolm_backup_section_test.dart: pack/unpack 导出前按 session 刷新服务端有限授权快照
00:38 +902: /Users/leeyi/project/imboy.pub/imboyapp/test/unit_test/service/e2ee/megolm_backup_section_test.dart: pack/unpack 导出前按 session 刷新服务端有限授权快照
00:38 +903: /Users/leeyi/project/imboy.pub/imboyapp/test/unit_test/service/e2ee/megolm_backup_section_test.dart: pack/unpack 导出前按 session 刷新服务端有限授权快照
00:38 +904: /Users/leeyi/project/imboy.pub/imboyapp/test/unit_test/service/e2ee/megolm_backup_section_test.dart: pack/unpack 导出前按 session 刷新服务端有限授权快照
00:38 +905: /Users/leeyi/project/imboy.pub/imboyapp/test/unit_test/service/e2ee/megolm_backup_section_test.dart: pack/unpack 导出前按 session 刷新服务端有限授权快照
00:38 +906: /Users/leeyi/project/imboy.pub/imboyapp/test/unit_test/service/e2ee/kdf_version_test.dart: KdfVersion v1 向后兼容 PBKDF2-HMAC-SHA256 310k 已知向量逐字节一致
00:38 +906: /Users/leeyi/project/imboy.pub/imboyapp/test/unit_test/service/e2ee/megolm_backup_section_test.dart: pack/unpack 授权刷新失败时中止备份，不静默生成缺群历史的成功包
[BACKUP] bounded history grant unavailable scope=100 error=StateError
[BACKUP] secret collection failed: StateError
00:38 +907: /Users/leeyi/project/imboy.pub/imboyapp/test/unit_test/service/e2ee/kdf_version_test.dart: KdfVersion v1 向后兼容 PBKDF2-HMAC-SHA256 310k 已知向量逐字节一致
00:39 +908: /Users/leeyi/project/imboy.pub/imboyapp/test/unit_test/service/e2ee/megolm_backup_section_test.dart: pack/unpack 非法和 C2C 条目不占群 session 刷新上限
00:39 +909: /Users/leeyi/project/imboy.pub/imboyapp/test/unit_test/service/e2ee/megolm_backup_section_test.dart: pack/unpack 非法和 C2C 条目不占群 session 刷新上限
00:39 +910: /Users/leeyi/project/imboy.pub/imboyapp/test/unit_test/service/e2ee/megolm_backup_section_test.dart: pack/unpack 非法和 C2C 条目不占群 session 刷新上限
00:39 +911: /Users/leeyi/project/imboy.pub/imboyapp/test/unit_test/service/e2ee/megolm_backup_section_test.dart: pack/unpack 非法和 C2C 条目不占群 session 刷新上限
00:39 +912: /Users/leeyi/project/imboy.pub/imboyapp/test/unit_test/service/e2ee/megolm_backup_section_test.dart: pack/unpack 非法和 C2C 条目不占群 session 刷新上限
00:39 +913: /Users/leeyi/project/imboy.pub/imboyapp/test/unit_test/service/e2ee/megolm_backup_section_test.dart: pack/unpack 非法和 C2C 条目不占群 session 刷新上限
00:39 +914: /Users/leeyi/project/imboy.pub/imboyapp/test/unit_test/service/e2ee/megolm_backup_section_test.dart: pack/unpack 非法和 C2C 条目不占群 session 刷新上限
00:39 +915: /Users/leeyi/project/imboy.pub/imboyapp/test/unit_test/service/e2ee/megolm_backup_section_test.dart: pack/unpack 非法和 C2C 条目不占群 session 刷新上限
00:39 +916: /Users/leeyi/project/imboy.pub/imboyapp/test/unit_test/service/e2ee/megolm_backup_section_test.dart: pack/unpack 非法和 C2C 条目不占群 session 刷新上限
00:39 +917: /Users/leeyi/project/imboy.pub/imboyapp/test/unit_test/service/e2ee/megolm_backup_section_test.dart: pack/unpack 非法和 C2C 条目不占群 session 刷新上限
00:39 +918: /Users/leeyi/project/imboy.pub/imboyapp/test/unit_test/service/e2ee/megolm_backup_section_test.dart: pack/unpack 非法和 C2C 条目不占群 session 刷新上限
00:39 +919: /Users/leeyi/project/imboy.pub/imboyapp/test/unit_test/service/e2ee/megolm_backup_section_test.dart: pack/unpack 非法和 C2C 条目不占群 session 刷新上限
00:39 +920: /Users/leeyi/project/imboy.pub/imboyapp/test/unit_test/service/e2ee/megolm_backup_section_test.dart: pack/unpack 非法和 C2C 条目不占群 session 刷新上限
00:39 +921: /Users/leeyi/project/imboy.pub/imboyapp/test/unit_test/service/e2ee/megolm_backup_section_test.dart: pack/unpack 非法和 C2C 条目不占群 session 刷新上限
00:39 +922: /Users/leeyi/project/imboy.pub/imboyapp/test/unit_test/service/e2ee/megolm_backup_section_test.dart: pack/unpack 非法和 C2C 条目不占群 session 刷新上限
00:39 +923: /Users/leeyi/project/imboy.pub/imboyapp/test/unit_test/service/e2ee/megolm_backup_section_test.dart: pack/unpack 非法和 C2C 条目不占群 session 刷新上限
00:39 +924: /Users/leeyi/project/imboy.pub/imboyapp/test/unit_test/service/e2ee/megolm_backup_section_test.dart: pack/unpack 非法和 C2C 条目不占群 session 刷新上限
00:39 +925: /Users/leeyi/project/imboy.pub/imboyapp/test/unit_test/service/e2ee/megolm_backup_section_test.dart: pack/unpack 非法和 C2C 条目不占群 session 刷新上限
00:39 +926: /Users/leeyi/project/imboy.pub/imboyapp/test/unit_test/service/e2ee/megolm_backup_section_test.dart: pack/unpack 非法和 C2C 条目不占群 session 刷新上限
00:39 +927: /Users/leeyi/project/imboy.pub/imboyapp/test/unit_test/service/e2ee/megolm_backup_section_test.dart: pack/unpack 非法和 C2C 条目不占群 session 刷新上限
00:39 +928: /Users/leeyi/project/imboy.pub/imboyapp/test/unit_test/service/e2ee/megolm_backup_section_test.dart: pack/unpack 非法和 C2C 条目不占群 session 刷新上限
00:39 +929: /Users/leeyi/project/imboy.pub/imboyapp/test/unit_test/service/e2ee/megolm_backup_section_test.dart: pack/unpack 非法和 C2C 条目不占群 session 刷新上限
00:39 +930: /Users/leeyi/project/imboy.pub/imboyapp/test/unit_test/service/e2ee/megolm_backup_section_test.dart: pack/unpack 非法和 C2C 条目不占群 session 刷新上限
00:39 +931: /Users/leeyi/project/imboy.pub/imboyapp/test/unit_test/service/e2ee/megolm_backup_section_test.dart: pack/unpack 非法和 C2C 条目不占群 session 刷新上限
00:39 +932: /Users/leeyi/project/imboy.pub/imboyapp/test/unit_test/service/e2ee/megolm_backup_section_test.dart: pack/unpack 非法和 C2C 条目不占群 session 刷新上限
00:40 +933: /Users/leeyi/project/imboy.pub/imboyapp/test/unit_test/service/e2ee/megolm_backup_section_test.dart: pack/unpack 非法和 C2C 条目不占群 session 刷新上限
00:40 +934: /Users/leeyi/project/imboy.pub/imboyapp/test/unit_test/service/e2ee/megolm_backup_section_test.dart: pack/unpack 非法和 C2C 条目不占群 session 刷新上限
00:40 +935: /Users/leeyi/project/imboy.pub/imboyapp/test/unit_test/service/e2ee/megolm_backup_section_test.dart: pack/unpack 非法和 C2C 条目不占群 session 刷新上限
00:41 +936: /Users/leeyi/project/imboy.pub/imboyapp/test/unit_test/service/e2ee/megolm_backup_section_test.dart: pack/unpack 非法和 C2C 条目不占群 session 刷新上限
00:41 +937: /Users/leeyi/project/imboy.pub/imboyapp/test/unit_test/service/e2ee/megolm_backup_section_test.dart: pack/unpack 非法和 C2C 条目不占群 session 刷新上限
00:41 +938: /Users/leeyi/project/imboy.pub/imboyapp/test/unit_test/service/e2ee/megolm_backup_section_test.dart: pack/unpack 非法和 C2C 条目不占群 session 刷新上限
00:41 +939: /Users/leeyi/project/imboy.pub/imboyapp/test/unit_test/service/e2ee/megolm_backup_section_test.dart: pack/unpack 非法和 C2C 条目不占群 session 刷新上限
00:41 +940: /Users/leeyi/project/imboy.pub/imboyapp/test/unit_test/service/e2ee/megolm_backup_section_test.dart: pack/unpack 非法和 C2C 条目不占群 session 刷新上限
00:41 +941: /Users/leeyi/project/imboy.pub/imboyapp/test/unit_test/service/e2ee/megolm_backup_section_test.dart: pack/unpack 非法和 C2C 条目不占群 session 刷新上限
00:41 +942: /Users/leeyi/project/imboy.pub/imboyapp/test/unit_test/service/e2ee/megolm_backup_section_test.dart: pack/unpack 非法和 C2C 条目不占群 session 刷新上限
00:41 +943: /Users/leeyi/project/imboy.pub/imboyapp/test/unit_test/service/e2ee/megolm_backup_section_test.dart: pack/unpack 非法和 C2C 条目不占群 session 刷新上限
00:41 +944: /Users/leeyi/project/imboy.pub/imboyapp/test/unit_test/service/e2ee/megolm_backup_section_test.dart: pack/unpack 非法和 C2C 条目不占群 session 刷新上限
00:41 +945: /Users/leeyi/project/imboy.pub/imboyapp/test/unit_test/service/e2ee/megolm_backup_section_test.dart: pack/unpack 非法和 C2C 条目不占群 session 刷新上限
00:41 +946: /Users/leeyi/project/imboy.pub/imboyapp/test/unit_test/service/e2ee/megolm_backup_section_test.dart: pack/unpack 非法和 C2C 条目不占群 session 刷新上限
00:42 +947: /Users/leeyi/project/imboy.pub/imboyapp/test/unit_test/service/e2ee/megolm_backup_section_test.dart: pack/unpack 非法和 C2C 条目不占群 session 刷新上限
00:42 +948: /Users/leeyi/project/imboy.pub/imboyapp/test/unit_test/service/e2ee/megolm_backup_section_test.dart: pack/unpack 非法和 C2C 条目不占群 session 刷新上限
00:42 +949: /Users/leeyi/project/imboy.pub/imboyapp/test/unit_test/service/e2ee/megolm_backup_section_test.dart: pack/unpack 非法和 C2C 条目不占群 session 刷新上限
00:42 +950: /Users/leeyi/project/imboy.pub/imboyapp/test/unit_test/service/e2ee/megolm_backup_section_test.dart: pack/unpack 非法和 C2C 条目不占群 session 刷新上限
00:52 +951: /Users/leeyi/project/imboy.pub/imboyapp/test/unit_test/service/e2ee/megolm_backup_section_test.dart: pack/unpack 非法和 C2C 条目不占群 session 刷新上限
00:55 +952: /Users/leeyi/project/imboy.pub/imboyapp/test/unit_test/service/e2ee/megolm_backup_section_test.dart: pack/unpack 非法和 C2C 条目不占群 session 刷新上限
00:55 +953: /Users/leeyi/project/imboy.pub/imboyapp/test/unit_test/service/e2ee/megolm_backup_section_test.dart: pack/unpack 非法和 C2C 条目不占群 session 刷新上限
00:55 +954: /Users/leeyi/project/imboy.pub/imboyapp/test/unit_test/service/e2ee/megolm_backup_section_test.dart: pack/unpack 非法和 C2C 条目不占群 session 刷新上限
00:55 +955: /Users/leeyi/project/imboy.pub/imboyapp/test/unit_test/service/e2ee/megolm_backup_section_test.dart: pack/unpack 非法和 C2C 条目不占群 session 刷新上限
00:55 +956: /Users/leeyi/project/imboy.pub/imboyapp/test/unit_test/service/e2ee/megolm_backup_section_test.dart: pack/unpack 非法和 C2C 条目不占群 session 刷新上限
00:55 +957: /Users/leeyi/project/imboy.pub/imboyapp/test/unit_test/service/e2ee/megolm_backup_section_test.dart: pack/unpack 非法和 C2C 条目不占群 session 刷新上限
00:55 +958: /Users/leeyi/project/imboy.pub/imboyapp/test/unit_test/service/e2ee/megolm_backup_section_test.dart: pack/unpack 非法和 C2C 条目不占群 session 刷新上限
00:55 +959: /Users/leeyi/project/imboy.pub/imboyapp/test/unit_test/service/e2ee/megolm_backup_section_test.dart: pack/unpack 非法和 C2C 条目不占群 session 刷新上限
00:55 +960: /Users/leeyi/project/imboy.pub/imboyapp/test/unit_test/service/e2ee/megolm_backup_section_test.dart: pack/unpack 非法和 C2C 条目不占群 session 刷新上限
00:55 +961: /Users/leeyi/project/imboy.pub/imboyapp/test/unit_test/service/e2ee/megolm_backup_section_test.dart: pack/unpack 非法和 C2C 条目不占群 session 刷新上限
01:04 +962: /Users/leeyi/project/imboy.pub/imboyapp/test/unit_test/service/e2ee/megolm_backup_section_test.dart: pack/unpack 非法和 C2C 条目不占群 session 刷新上限
01:04 +963: /Users/leeyi/project/imboy.pub/imboyapp/test/unit_test/service/e2ee/megolm_backup_section_test.dart: pack/unpack 非法和 C2C 条目不占群 session 刷新上限
01:04 +964: /Users/leeyi/project/imboy.pub/imboyapp/test/unit_test/service/e2ee/megolm_backup_section_test.dart: pack/unpack 非法和 C2C 条目不占群 session 刷新上限
01:04 +965: /Users/leeyi/project/imboy.pub/imboyapp/test/unit_test/service/e2ee/megolm_backup_section_test.dart: pack/unpack 非法和 C2C 条目不占群 session 刷新上限
01:04 +966: /Users/leeyi/project/imboy.pub/imboyapp/test/unit_test/service/e2ee/megolm_backup_section_test.dart: pack/unpack 非法和 C2C 条目不占群 session 刷新上限
01:04 +967: /Users/leeyi/project/imboy.pub/imboyapp/test/unit_test/service/e2ee/megolm_backup_section_test.dart: pack/unpack 非法和 C2C 条目不占群 session 刷新上限
01:07 +968: /Users/leeyi/project/imboy.pub/imboyapp/test/unit_test/service/e2ee/kdf_version_test.dart: KdfVersion 迁移 migrate: v0 → v1 成功，密钥可用 latest 派生复现
01:17 +969: /Users/leeyi/project/imboy.pub/imboyapp/test/unit_test/service/e2ee/megolm_backup_section_test.dart: pack/unpack v2 group session 与 grant 往返；C2C 和 Olm pickle 不进入包
01:17 +970: /Users/leeyi/project/imboy.pub/imboyapp/test/unit_test/service/e2ee/megolm_backup_section_test.dart: pack/unpack v2 group session 与 grant 往返；C2C 和 Olm pickle 不进入包
01:17 +971: /Users/leeyi/project/imboy.pub/imboyapp/test/unit_test/service/e2ee/megolm_backup_section_test.dart: pack/unpack v2 group session 与 grant 往返；C2C 和 Olm pickle 不进入包
01:17 +972: /Users/leeyi/project/imboy.pub/imboyapp/test/unit_test/service/e2ee/megolm_backup_section_test.dart: pack/unpack v2 group session 与 grant 往返；C2C 和 Olm pickle 不进入包
01:17 +973: /Users/leeyi/project/imboy.pub/imboyapp/test/unit_test/service/e2ee/megolm_backup_section_test.dart: pack/unpack v2 group session 与 grant 往返；C2C 和 Olm pickle 不进入包
01:36 +974: All tests passed!
