00:00 +0: loading /Users/leeyi/project/imboy.pub/imboyapp/test/unit_test/service/websocket_heartbeat_test.dart
00:00 +0: /Users/leeyi/project/imboy.pub/imboyapp/test/unit_test/service/websocket_heartbeat_test.dart: WebSocket 心跳机制测试 心跳间隔测试 应该使用正确的心跳间隔
00:00 +1: /Users/leeyi/project/imboy.pub/imboyapp/test/unit_test/service/websocket_heartbeat_test.dart: WebSocket 心跳机制测试 心跳间隔测试 应该在指定间隔发送心跳
00:00 +1: /Users/leeyi/project/imboy.pub/imboyapp/test/unit_test/service/websocket_message_queue_enhanced_test.dart: PersistentMessageQueue 增强测试 消息过期机制 应该添加过期时间戳到消息
🧹 [QUEUE] 启动定期清理 Timer
🧹 [QUEUE] 清空队列
📥 [QUEUE] 入队: msg1, priority=0, 总数=1
🧹 [QUEUE] 清空队列
00:00 +2: /Users/leeyi/project/imboy.pub/imboyapp/test/unit_test/service/websocket_heartbeat_test.dart: WebSocket 心跳机制测试 心跳间隔测试 应该在指定间隔发送心跳
00:00 +2: /Users/leeyi/project/imboy.pub/imboyapp/test/unit_test/service/websocket_message_queue_enhanced_test.dart: PersistentMessageQueue 增强测试 消息过期机制 应该清理过期消息
🧹 [QUEUE] 清空队列
📥 [QUEUE] 入队: current_msg, priority=0, 总数=1
🧹 [QUEUE] 清空队列
00:00 +3: /Users/leeyi/project/imboy.pub/imboyapp/test/unit_test/service/websocket_heartbeat_test.dart: WebSocket 心跳机制测试 心跳间隔测试 应该在指定间隔发送心跳
00:00 +3: /Users/leeyi/project/imboy.pub/imboyapp/test/unit_test/service/websocket_message_queue_enhanced_test.dart: PersistentMessageQueue 增强测试 消息过期机制 应该在出队时跳过过期消息
🧹 [QUEUE] 清空队列
📥 [QUEUE] 入队: msg1, priority=0, 总数=1
🧹 [QUEUE] 清空队列
00:00 +4: /Users/leeyi/project/imboy.pub/imboyapp/test/unit_test/service/websocket_heartbeat_test.dart: WebSocket 心跳机制测试 心跳间隔测试 应该在指定间隔发送心跳
00:00 +4: /Users/leeyi/project/imboy.pub/imboyapp/test/unit_test/service/websocket_message_queue_enhanced_test.dart: PersistentMessageQueue 增强测试 消息过期机制 应该记录清理的过期消息数量
🧹 [QUEUE] 清空队列
🧹 [QUEUE] 清空队列
00:00 +5: /Users/leeyi/project/imboy.pub/imboyapp/test/unit_test/service/websocket_heartbeat_test.dart: WebSocket 心跳机制测试 心跳间隔测试 应该在指定间隔发送心跳
00:00 +5: /Users/leeyi/project/imboy.pub/imboyapp/test/unit_test/service/websocket_message_queue_enhanced_test.dart: PersistentMessageQueue 增强测试 消息过期机制 应该定期清理过期消息
🧹 [QUEUE] 清空队列
00:00 +5: /Users/leeyi/project/imboy.pub/imboyapp/test/unit_test/service/websocket_provider_test.dart: WebSocket 状态 Provider 应该提供 WebSocket 状态 Provider
🧹 [QUEUE] 启动定期清理 Timer
00:00 +6: /Users/leeyi/project/imboy.pub/imboyapp/test/unit_test/service/websocket_heartbeat_test.dart: WebSocket 心跳机制测试 心跳间隔测试 应该在指定间隔发送心跳
00:00 +7: /Users/leeyi/project/imboy.pub/imboyapp/test/unit_test/service/websocket_heartbeat_test.dart: WebSocket 心跳机制测试 心跳间隔测试 应该在指定间隔发送心跳
00:01 +7: /Users/leeyi/project/imboy.pub/imboyapp/test/unit_test/service/websocket_queue_persistence_test.dart: later snapshot waits for earlier pending write
🧹 [QUEUE] 启动定期清理 Timer
🧹 [QUEUE] 清空队列
📥 [QUEUE] 入队: first, priority=0, 总数=1
📥 [QUEUE] 入队: second, priority=0, 总数=2
🛑 [QUEUE] 停止定期清理 Timer
🧹 [QUEUE] 清空队列
00:01 +8: /Users/leeyi/project/imboy.pub/imboyapp/test/unit_test/service/websocket_heartbeat_test.dart: WebSocket 心跳机制测试 心跳间隔测试 应该在指定间隔发送心跳
00:01 +8: /Users/leeyi/project/imboy.pub/imboyapp/test/unit_test/service/websocket_queue_persistence_test.dart: failed write is reported; later successful snapshot recovers
🧹 [QUEUE] 清空队列
📥 [QUEUE] 入队: failed, priority=0, 总数=1
⚠️ [QUEUE] 持久化被拒绝
📥 [QUEUE] 入队: recovered, priority=0, 总数=2
🛑 [QUEUE] 停止定期清理 Timer
🧹 [QUEUE] 清空队列
00:01 +9: /Users/leeyi/project/imboy.pub/imboyapp/test/unit_test/service/websocket_heartbeat_test.dart: WebSocket 心跳机制测试 心跳间隔测试 应该在指定间隔发送心跳
00:01 +9: /Users/leeyi/project/imboy.pub/imboyapp/test/unit_test/service/websocket_queue_persistence_test.dart: thrown persistence error is reported and does not poison later writes
🧹 [QUEUE] 清空队列
📥 [QUEUE] 入队: throwing, priority=0, 总数=1
⚠️ [QUEUE] 持久化失败: StateError
📥 [QUEUE] 入队: after-throw, priority=0, 总数=2
🛑 [QUEUE] 停止定期清理 Timer
🧹 [QUEUE] 清空队列
00:01 +10: /Users/leeyi/project/imboy.pub/imboyapp/test/unit_test/service/websocket_heartbeat_test.dart: WebSocket 心跳机制测试 心跳间隔测试 应该在指定间隔发送心跳
00:01 +10: /Users/leeyi/project/imboy.pub/imboyapp/test/unit_test/service/websocket_queue_persistence_test.dart: oversized restore preserves disk and does not mutate memory
🧹 [QUEUE] 清空队列
🛑 [QUEUE] 停止定期清理 Timer
🧹 [QUEUE] 清空队列
00:01 +11: /Users/leeyi/project/imboy.pub/imboyapp/test/unit_test/service/websocket_heartbeat_test.dart: WebSocket 心跳机制测试 心跳间隔测试 应该在指定间隔发送心跳
00:01 +11: /Users/leeyi/project/imboy.pub/imboyapp/test/unit_test/service/websocket_queue_persistence_test.dart: merged restore capacity check preserves active memory and disk
🧹 [QUEUE] 清空队列
📥 [QUEUE] 入队: active-0, priority=0, 总数=1
📥 [QUEUE] 入队: active-1, priority=0, 总数=2
📥 [QUEUE] 入队: active-2, priority=0, 总数=3
📥 [QUEUE] 入队: active-3, priority=0, 总数=4
📥 [QUEUE] 入队: active-4, priority=0, 总数=5
📥 [QUEUE] 入队: active-5, priority=0, 总数=6
📥 [QUEUE] 入队: active-6, priority=0, 总数=7
📥 [QUEUE] 入队: active-7, priority=0, 总数=8
📥 [QUEUE] 入队: active-8, priority=0, 总数=9
📥 [QUEUE] 入队: active-9, priority=0, 总数=10
📥 [QUEUE] 入队: active-10, priority=0, 总数=11
📥 [QUEUE] 入队: active-11, priority=0, 总数=12
📥 [QUEUE] 入队: active-12, priority=0, 总数=13
📥 [QUEUE] 入队: active-13, priority=0, 总数=14
📥 [QUEUE] 入队: active-14, priority=0, 总数=15
📥 [QUEUE] 入队: active-15, priority=0, 总数=16
📥 [QUEUE] 入队: active-16, priority=0, 总数=17
📥 [QUEUE] 入队: active-17, priority=0, 总数=18
📥 [QUEUE] 入队: active-18, priority=0, 总数=19
📥 [QUEUE] 入队: active-19, priority=0, 总数=20
📥 [QUEUE] 入队: active-20, priority=0, 总数=21
📥 [QUEUE] 入队: active-21, priority=0, 总数=22
📥 [QUEUE] 入队: active-22, priority=0, 总数=23
📥 [QUEUE] 入队: active-23, priority=0, 总数=24
📥 [QUEUE] 入队: active-24, priority=0, 总数=25
📥 [QUEUE] 入队: active-25, priority=0, 总数=26
📥 [QUEUE] 入队: active-26, priority=0, 总数=27
📥 [QUEUE] 入队: active-27, priority=0, 总数=28
📥 [QUEUE] 入队: active-28, priority=0, 总数=29
📥 [QUEUE] 入队: active-29, priority=0, 总数=30
📥 [QUEUE] 入队: active-30, priority=0, 总数=31
📥 [QUEUE] 入队: active-31, priority=0, 总数=32
📥 [QUEUE] 入队: active-32, priority=0, 总数=33
📥 [QUEUE] 入队: active-33, priority=0, 总数=34
📥 [QUEUE] 入队: active-34, priority=0, 总数=35
📥 [QUEUE] 入队: active-35, priority=0, 总数=36
📥 [QUEUE] 入队: active-36, priority=0, 总数=37
📥 [QUEUE] 入队: active-37, priority=0, 总数=38
📥 [QUEUE] 入队: active-38, priority=0, 总数=39
📥 [QUEUE] 入队: active-39, priority=0, 总数=40
📥 [QUEUE] 入队: active-40, priority=0, 总数=41
📥 [QUEUE] 入队: active-41, priority=0, 总数=42
📥 [QUEUE] 入队: active-42, priority=0, 总数=43
📥 [QUEUE] 入队: active-43, priority=0, 总数=44
📥 [QUEUE] 入队: active-44, priority=0, 总数=45
📥 [QUEUE] 入队: active-45, priority=0, 总数=46
📥 [QUEUE] 入队: active-46, priority=0, 总数=47
📥 [QUEUE] 入队: active-47, priority=0, 总数=48
📥 [QUEUE] 入队: active-48, priority=0, 总数=49
📥 [QUEUE] 入队: active-49, priority=0, 总数=50
📥 [QUEUE] 入队: active-50, priority=0, 总数=51
📥 [QUEUE] 入队: active-51, priority=0, 总数=52
📥 [QUEUE] 入队: active-52, priority=0, 总数=53
📥 [QUEUE] 入队: active-53, priority=0, 总数=54
📥 [QUEUE] 入队: active-54, priority=0, 总数=55
📥 [QUEUE] 入队: active-55, priority=0, 总数=56
📥 [QUEUE] 入队: active-56, priority=0, 总数=57
📥 [QUEUE] 入队: active-57, priority=0, 总数=58
📥 [QUEUE] 入队: active-58, priority=0, 总数=59
📥 [QUEUE] 入队: active-59, priority=0, 总数=60
📥 [QUEUE] 入队: active-60, priority=0, 总数=61
📥 [QUEUE] 入队: active-61, priority=0, 总数=62
📥 [QUEUE] 入队: active-62, priority=0, 总数=63
📥 [QUEUE] 入队: active-63, priority=0, 总数=64
📥 [QUEUE] 入队: active-64, priority=0, 总数=65
📥 [QUEUE] 入队: active-65, priority=0, 总数=66
📥 [QUEUE] 入队: active-66, priority=0, 总数=67
📥 [QUEUE] 入队: active-67, priority=0, 总数=68
📥 [QUEUE] 入队: active-68, priority=0, 总数=69
📥 [QUEUE] 入队: active-69, priority=0, 总数=70
📥 [QUEUE] 入队: active-70, priority=0, 总数=71
📥 [QUEUE] 入队: active-71, priority=0, 总数=72
📥 [QUEUE] 入队: active-72, priority=0, 总数=73
📥 [QUEUE] 入队: active-73, priority=0, 总数=74
📥 [QUEUE] 入队: active-74, priority=0, 总数=75
📥 [QUEUE] 入队: active-75, priority=0, 总数=76
📥 [QUEUE] 入队: active-76, priority=0, 总数=77
📥 [QUEUE] 入队: active-77, priority=0, 总数=78
📥 [QUEUE] 入队: active-78, priority=0, 总数=79
📥 [QUEUE] 入队: active-79, priority=0, 总数=80
📥 [QUEUE] 入队: active-80, priority=0, 总数=81
📥 [QUEUE] 入队: active-81, priority=0, 总数=82
📥 [QUEUE] 入队: active-82, priority=0, 总数=83
📥 [QUEUE] 入队: active-83, priority=0, 总数=84
📥 [QUEUE] 入队: active-84, priority=0, 总数=85
📥 [QUEUE] 入队: active-85, priority=0, 总数=86
📥 [QUEUE] 入队: active-86, priority=0, 总数=87
📥 [QUEUE] 入队: active-87, priority=0, 总数=88
📥 [QUEUE] 入队: active-88, priority=0, 总数=89
📥 [QUEUE] 入队: active-89, priority=0, 总数=90
📥 [QUEUE] 入队: active-90, priority=0, 总数=91
📥 [QUEUE] 入队: active-91, priority=0, 总数=92
📥 [QUEUE] 入队: active-92, priority=0, 总数=93
📥 [QUEUE] 入队: active-93, priority=0, 总数=94
📥 [QUEUE] 入队: active-94, priority=0, 总数=95
📥 [QUEUE] 入队: active-95, priority=0, 总数=96
📥 [QUEUE] 入队: active-96, priority=0, 总数=97
📥 [QUEUE] 入队: active-97, priority=0, 总数=98
📥 [QUEUE] 入队: active-98, priority=0, 总数=99
📥 [QUEUE] 入队: active-99, priority=0, 总数=100
📥 [QUEUE] 入队: active-100, priority=0, 总数=101
📥 [QUEUE] 入队: active-101, priority=0, 总数=102
📥 [QUEUE] 入队: active-102, priority=0, 总数=103
📥 [QUEUE] 入队: active-103, priority=0, 总数=104
📥 [QUEUE] 入队: active-104, priority=0, 总数=105
📥 [QUEUE] 入队: active-105, priority=0, 总数=106
📥 [QUEUE] 入队: active-106, priority=0, 总数=107
📥 [QUEUE] 入队: active-107, priority=0, 总数=108
📥 [QUEUE] 入队: active-108, priority=0, 总数=109
📥 [QUEUE] 入队: active-109, priority=0, 总数=110
📥 [QUEUE] 入队: active-110, priority=0, 总数=111
📥 [QUEUE] 入队: active-111, priority=0, 总数=112
📥 [QUEUE] 入队: active-112, priority=0, 总数=113
📥 [QUEUE] 入队: active-113, priority=0, 总数=114
📥 [QUEUE] 入队: active-114, priority=0, 总数=115
📥 [QUEUE] 入队: active-115, priority=0, 总数=116
📥 [QUEUE] 入队: active-116, priority=0, 总数=117
📥 [QUEUE] 入队: active-117, priority=0, 总数=118
📥 [QUEUE] 入队: active-118, priority=0, 总数=119
📥 [QUEUE] 入队: active-119, priority=0, 总数=120
📥 [QUEUE] 入队: active-120, priority=0, 总数=121
📥 [QUEUE] 入队: active-121, priority=0, 总数=122
📥 [QUEUE] 入队: active-122, priority=0, 总数=123
📥 [QUEUE] 入队: active-123, priority=0, 总数=124
📥 [QUEUE] 入队: active-124, priority=0, 总数=125
📥 [QUEUE] 入队: active-125, priority=0, 总数=126
📥 [QUEUE] 入队: active-126, priority=0, 总数=127
📥 [QUEUE] 入队: active-127, priority=0, 总数=128
📥 [QUEUE] 入队: active-128, priority=0, 总数=129
📥 [QUEUE] 入队: active-129, priority=0, 总数=130
📥 [QUEUE] 入队: active-130, priority=0, 总数=131
📥 [QUEUE] 入队: active-131, priority=0, 总数=132
📥 [QUEUE] 入队: active-132, priority=0, 总数=133
📥 [QUEUE] 入队: active-133, priority=0, 总数=134
📥 [QUEUE] 入队: active-134, priority=0, 总数=135
📥 [QUEUE] 入队: active-135, priority=0, 总数=136
📥 [QUEUE] 入队: active-136, priority=0, 总数=137
📥 [QUEUE] 入队: active-137, priority=0, 总数=138
📥 [QUEUE] 入队: active-138, priority=0, 总数=139
📥 [QUEUE] 入队: active-139, priority=0, 总数=140
📥 [QUEUE] 入队: active-140, priority=0, 总数=141
📥 [QUEUE] 入队: active-141, priority=0, 总数=142
📥 [QUEUE] 入队: active-142, priority=0, 总数=143
📥 [QUEUE] 入队: active-143, priority=0, 总数=144
📥 [QUEUE] 入队: active-144, priority=0, 总数=145
📥 [QUEUE] 入队: active-145, priority=0, 总数=146
📥 [QUEUE] 入队: active-146, priority=0, 总数=147
📥 [QUEUE] 入队: active-147, priority=0, 总数=148
📥 [QUEUE] 入队: active-148, priority=0, 总数=149
📥 [QUEUE] 入队: active-149, priority=0, 总数=150
🛑 [QUEUE] 停止定期清理 Timer
🧹 [QUEUE] 清空队列
00:01 +12: /Users/leeyi/project/imboy.pub/imboyapp/test/unit_test/service/websocket_heartbeat_test.dart: WebSocket 心跳机制测试 心跳间隔测试 应该在指定间隔发送心跳
00:01 +12: /Users/leeyi/project/imboy.pub/imboyapp/test/unit_test/service/websocket_queue_persistence_test.dart: failed restore blocks conflicting sends and writes until recovery
🧹 [QUEUE] 清空队列
📥 [QUEUE] 入队: conflict-0, priority=0, 总数=1
📥 [QUEUE] 入队: after-recovery, priority=0, 总数=3
🛑 [QUEUE] 停止定期清理 Timer
🧹 [QUEUE] 清空队列
00:01 +13: /Users/leeyi/project/imboy.pub/imboyapp/test/unit_test/service/websocket_heartbeat_test.dart: WebSocket 心跳机制测试 心跳间隔测试 应该在指定间隔发送心跳
00:01 +13: /Users/leeyi/project/imboy.pub/imboyapp/test/unit_test/service/websocket_queue_persistence_test.dart: exact capacity restore stays idempotent
🧹 [QUEUE] 清空队列
🛑 [QUEUE] 停止定期清理 Timer
🧹 [QUEUE] 清空队列
00:01 +14: /Users/leeyi/project/imboy.pub/imboyapp/test/unit_test/service/websocket_heartbeat_test.dart: WebSocket 心跳机制测试 心跳间隔测试 应该在指定间隔发送心跳
00:01 +15: /Users/leeyi/project/imboy.pub/imboyapp/test/unit_test/service/websocket_heartbeat_test.dart: WebSocket 心跳机制测试 心跳间隔测试 应该在指定间隔发送心跳
00:01 +15: /Users/leeyi/project/imboy.pub/imboyapp/test/unit_test/service/websocket_reconnect_strategy_test.dart: ExponentialBackoff 重连策略测试 无限重试机制 应该在成功连接后重置计数器
┌───────────────────────────────────────────────────────────────────────────────────────────────────────────────────────
│ #0   AppLogger.debug (package:imboy/service/app_logger.dart:87:20)
│ #1   ExponentialBackoff.reset (package:imboy/service/exponential_backoff.dart:61:17)
├┄┄┄┄┄┄┄┄┄┄┄┄┄┄┄┄┄┄┄┄┄┄┄┄┄┄┄┄┄┄┄┄┄┄┄┄┄┄┄┄┄┄┄┄┄┄┄┄┄┄┄┄┄┄┄┄┄┄┄┄┄┄┄┄┄┄┄┄┄┄┄┄┄┄┄┄┄┄┄┄┄┄┄┄┄┄┄┄┄┄┄┄┄┄┄┄┄┄┄┄┄┄┄┄┄┄┄┄┄┄┄┄┄┄┄┄┄┄┄
│ 🐛 重连计数器已重置（之前尝试了 10 次）
└───────────────────────────────────────────────────────────────────────────────────────────────────────────────────────
00:01 +16: /Users/leeyi/project/imboy.pub/imboyapp/test/unit_test/service/websocket_heartbeat_test.dart: WebSocket 心跳机制测试 心跳间隔测试 应该在指定间隔发送心跳
00:01 +17: /Users/leeyi/project/imboy.pub/imboyapp/test/unit_test/service/websocket_heartbeat_test.dart: WebSocket 心跳机制测试 心跳间隔测试 应该在指定间隔发送心跳
00:01 +18: /Users/leeyi/project/imboy.pub/imboyapp/test/unit_test/service/websocket_heartbeat_test.dart: WebSocket 心跳机制测试 心跳间隔测试 应该在指定间隔发送心跳
00:01 +19: /Users/leeyi/project/imboy.pub/imboyapp/test/unit_test/service/websocket_heartbeat_test.dart: WebSocket 心跳机制测试 心跳间隔测试 应该在指定间隔发送心跳
00:01 +20: /Users/leeyi/project/imboy.pub/imboyapp/test/unit_test/service/websocket_heartbeat_test.dart: WebSocket 心跳机制测试 心跳间隔测试 应该在指定间隔发送心跳
00:01 +21: /Users/leeyi/project/imboy.pub/imboyapp/test/unit_test/service/websocket_heartbeat_test.dart: WebSocket 心跳机制测试 心跳间隔测试 应该在指定间隔发送心跳
00:01 +22: /Users/leeyi/project/imboy.pub/imboyapp/test/unit_test/service/websocket_heartbeat_test.dart: WebSocket 心跳机制测试 心跳间隔测试 应该在指定间隔发送心跳
00:01 +23: /Users/leeyi/project/imboy.pub/imboyapp/test/unit_test/service/websocket_heartbeat_test.dart: WebSocket 心跳机制测试 心跳间隔测试 应该在指定间隔发送心跳
00:01 +24: /Users/leeyi/project/imboy.pub/imboyapp/test/unit_test/service/websocket_heartbeat_test.dart: WebSocket 心跳机制测试 心跳间隔测试 应该在指定间隔发送心跳
00:01 +25: /Users/leeyi/project/imboy.pub/imboyapp/test/unit_test/service/websocket_heartbeat_test.dart: WebSocket 心跳机制测试 心跳间隔测试 应该在指定间隔发送心跳
00:01 +26: /Users/leeyi/project/imboy.pub/imboyapp/test/unit_test/service/websocket_heartbeat_test.dart: WebSocket 心跳机制测试 心跳间隔测试 应该在指定间隔发送心跳
00:01 +26: /Users/leeyi/project/imboy.pub/imboyapp/test/unit_test/service/websocket_reconnect_strategy_test.dart: ExponentialBackoff 重连策略测试 重连状态统计 应该正确跟踪重连次数
┌───────────────────────────────────────────────────────────────────────────────────────────────────────────────────────
│ #0   AppLogger.debug (package:imboy/service/app_logger.dart:87:20)
│ #1   ExponentialBackoff.reset (package:imboy/service/exponential_backoff.dart:61:17)
├┄┄┄┄┄┄┄┄┄┄┄┄┄┄┄┄┄┄┄┄┄┄┄┄┄┄┄┄┄┄┄┄┄┄┄┄┄┄┄┄┄┄┄┄┄┄┄┄┄┄┄┄┄┄┄┄┄┄┄┄┄┄┄┄┄┄┄┄┄┄┄┄┄┄┄┄┄┄┄┄┄┄┄┄┄┄┄┄┄┄┄┄┄┄┄┄┄┄┄┄┄┄┄┄┄┄┄┄┄┄┄┄┄┄┄┄┄┄┄
│ 🐛 重连计数器已重置（之前尝试了 2 次）
└───────────────────────────────────────────────────────────────────────────────────────────────────────────────────────
00:01 +27: /Users/leeyi/project/imboy.pub/imboyapp/test/unit_test/service/websocket_heartbeat_test.dart: WebSocket 心跳机制测试 心跳间隔测试 应该在指定间隔发送心跳
00:01 +28: /Users/leeyi/project/imboy.pub/imboyapp/test/unit_test/service/websocket_heartbeat_test.dart: WebSocket 心跳机制测试 心跳间隔测试 应该在指定间隔发送心跳
00:01 +29: /Users/leeyi/project/imboy.pub/imboyapp/test/unit_test/service/websocket_heartbeat_test.dart: WebSocket 心跳机制测试 心跳间隔测试 应该在指定间隔发送心跳
00:01 +30: /Users/leeyi/project/imboy.pub/imboyapp/test/unit_test/service/websocket_heartbeat_test.dart: WebSocket 心跳机制测试 心跳间隔测试 应该在指定间隔发送心跳
00:01 +31: /Users/leeyi/project/imboy.pub/imboyapp/test/unit_test/service/websocket_heartbeat_test.dart: WebSocket 心跳机制测试 心跳间隔测试 应该在指定间隔发送心跳
00:01 +31: /Users/leeyi/project/imboy.pub/imboyapp/test/unit_test/service/websocket_reinit_test.dart: WebSocketService 重初始化自愈 新实例 openSocket 后恢复 initialized（订阅重建）
🧹 [QUEUE] 启动定期清理 Timer
> ws: 取消连接（用户未登录）
00:01 +32: /Users/leeyi/project/imboy.pub/imboyapp/test/unit_test/service/websocket_heartbeat_test.dart: WebSocket 心跳机制测试 心跳间隔测试 应该在指定间隔发送心跳
00:01 +32: /Users/leeyi/project/imboy.pub/imboyapp/test/unit_test/service/websocket_reinit_test.dart: WebSocketService 重初始化自愈 permanent 关闭后单例重建，openSocket 仍自愈
> ws: 手动关闭连接
> ws: 取消连接（用户未登录）
00:01 +33: /Users/leeyi/project/imboy.pub/imboyapp/test/unit_test/service/websocket_heartbeat_test.dart: WebSocket 心跳机制测试 心跳间隔测试 应该在指定间隔发送心跳
00:02 +33: /Users/leeyi/project/imboy.pub/imboyapp/test/unit_test/service/websocket_send_session_test.dart: revoke lookup framing=FramingMode.v2 session changed=false stage=connected
🧹 [QUEUE] 启动定期清理 Timer
🔍 [RETRY_SCAN] 开始扫描失败消息...
🔄 发送 v2 二进制撤回请求: msgId=1001
📊 [RETRY_SCAN] 扫描完成: 发现 0 条失败消息，添加 0 条到重试队列
🛑 [QUEUE] 停止定期清理 Timer
🧹 [QUEUE] 清空队列
00:02 +34: /Users/leeyi/project/imboy.pub/imboyapp/test/unit_test/service/websocket_heartbeat_test.dart: WebSocket 心跳机制测试 心跳间隔测试 应该在指定间隔发送心跳
00:02 +34: /Users/leeyi/project/imboy.pub/imboyapp/test/unit_test/service/websocket_send_session_test.dart: revoke lookup framing=FramingMode.v2 session changed=true stage=connected
🔍 [RETRY_SCAN] 开始扫描失败消息...
📊 [RETRY_SCAN] 扫描完成: 发现 0 条失败消息，添加 0 条到重试队列
🛑 [QUEUE] 停止定期清理 Timer
🧹 [QUEUE] 清空队列
00:02 +35: /Users/leeyi/project/imboy.pub/imboyapp/test/unit_test/service/websocket_heartbeat_test.dart: WebSocket 心跳机制测试 心跳间隔测试 应该在指定间隔发送心跳
00:02 +35: /Users/leeyi/project/imboy.pub/imboyapp/test/unit_test/service/websocket_send_session_test.dart: revoke lookup framing=FramingMode.none session changed=true stage=connected
🔍 [RETRY_SCAN] 开始扫描失败消息...
📊 [RETRY_SCAN] 扫描完成: 发现 0 条失败消息，添加 0 条到重试队列
🛑 [QUEUE] 停止定期清理 Timer
🧹 [QUEUE] 清空队列
00:02 +36: /Users/leeyi/project/imboy.pub/imboyapp/test/unit_test/service/websocket_heartbeat_test.dart: WebSocket 心跳机制测试 心跳间隔测试 应该在指定间隔发送心跳
00:02 +36: /Users/leeyi/project/imboy.pub/imboyapp/test/unit_test/service/websocket_send_session_test.dart: revoke lookup framing=FramingMode.v2 session changed=false stage=disconnected
🔍 [RETRY_SCAN] 开始扫描失败消息...
📊 [RETRY_SCAN] 扫描完成: 发现 0 条失败消息，添加 0 条到重试队列
🛑 [QUEUE] 停止定期清理 Timer
🧹 [QUEUE] 清空队列
00:02 +37: /Users/leeyi/project/imboy.pub/imboyapp/test/unit_test/service/websocket_heartbeat_test.dart: WebSocket 心跳机制测试 心跳间隔测试 应该在指定间隔发送心跳
00:02 +37: /Users/leeyi/project/imboy.pub/imboyapp/test/unit_test/service/websocket_send_session_test.dart: revoke lookup framing=FramingMode.v2 session changed=false stage=rejected
> ws: 直接发送消息失败: StateError
🔍 [RETRY_SCAN] 开始扫描失败消息...
📊 [RETRY_SCAN] 扫描完成: 发现 0 条失败消息，添加 0 条到重试队列
🛑 [QUEUE] 停止定期清理 Timer
🧹 [QUEUE] 清空队列
00:02 +38: /Users/leeyi/project/imboy.pub/imboyapp/test/unit_test/service/websocket_heartbeat_test.dart: WebSocket 心跳机制测试 心跳间隔测试 应该在指定间隔发送心跳
00:02 +38: /Users/leeyi/project/imboy.pub/imboyapp/test/unit_test/service/websocket_send_session_test.dart: pending ACK retry framing=FramingMode.none stale=false
✅ [ACK_MANAGER] AckManager initialized
📤 [ACK_MANAGER] 发送ACK: msgId=1001, type=C2C, retryCount=0
✅ [ACK_MANAGER] ACK发送成功: msgId=1001, retryCount=0
> ws: 消息已发送 (1001) [UNKNOWN] [36 bytes]
00:03 +38: /Users/leeyi/project/imboy.pub/imboyapp/test/unit_test/service/websocket_server_ack_test.dart: Xid 出站消息经 JSON *_SERVER_ACK 确认（机制A已删除） C2C/C2G 内容与 action 不得在 WebSocket 层提前 ACK
🧹 [QUEUE] 启动定期清理 Timer
[WS] v2 收到 text frame (87 chars)，降级 JSON
[WS] msg type=C2C id=101 action=
[WS] v2 收到 text frame (114 chars)，降级 JSON
[WS] msg type=C2G id=102 action=message_edit
00:03 +39: /Users/leeyi/project/imboy.pub/imboyapp/test/unit_test/service/websocket_heartbeat_test.dart: WebSocket 心跳机制测试 心跳间隔测试 应该在指定间隔发送心跳
00:03 +39: /Users/leeyi/project/imboy.pub/imboyapp/test/unit_test/service/websocket_server_ack_test.dart: Xid 出站消息经 JSON *_SERVER_ACK 确认（机制A已删除） C2C_SERVER_ACK 转发下游且不触发反向 ACK
[WS] v2 收到 text frame (116 chars)，降级 JSON
[WS] msg type=C2C_SERVER_ACK id=d94ie58821h5446u8ctg action=
00:03 +40: /Users/leeyi/project/imboy.pub/imboyapp/test/unit_test/service/websocket_heartbeat_test.dart: WebSocket 心跳机制测试 心跳间隔测试 应该在指定间隔发送心跳
00:03 +40: /Users/leeyi/project/imboy.pub/imboyapp/test/unit_test/service/websocket_server_ack_test.dart: Xid 出站消息经 JSON *_SERVER_ACK 确认（机制A已删除） WEBRTC_SERVER_ACK 不反向发送 CLIENT_ACK
[WS] v2 收到 text frame (119 chars)，降级 JSON
[WS] msg type=WEBRTC_SERVER_ACK id=d94ie58821h5446u8ctg action=
00:03 +41: /Users/leeyi/project/imboy.pub/imboyapp/test/unit_test/service/websocket_heartbeat_test.dart: WebSocket 心跳机制测试 心跳间隔测试 应该在指定间隔发送心跳
00:03 +41: /Users/leeyi/project/imboy.pub/imboyapp/test/unit_test/service/websocket_server_ack_test.dart: Xid 出站消息经 JSON *_SERVER_ACK 确认（机制A已删除） action-ACK 汇入单一清除入口（RemoveFromRetryQueueRequestedEvent）
[WS] v2 收到 text frame (68 chars)，降级 JSON
[WS] msg type=S2C id=d94ie58821h5446u8ctg action=C2C_REVOKE_ACK
✅ [ACK_MANAGER] AckManager initialized
❌ [ACK_MANAGER] deviceId 为空，跳过ACK: msgId=d94ie58821h5446u8ctg
00:03 +42: /Users/leeyi/project/imboy.pub/imboyapp/test/unit_test/service/websocket_heartbeat_test.dart: WebSocket 心跳机制测试 心跳间隔测试 应该在指定间隔发送心跳
00:03 +42: /Users/leeyi/project/imboy.pub/imboyapp/test/unit_test/service/websocket_server_ack_test.dart: Xid 出站消息经 JSON *_SERVER_ACK 确认（机制A已删除） 小写 action-ACK 也汇入清除入口且不下发业务事件
[WS] v2 收到 text frame (72 chars)，降级 JSON
[WS] msg type=S2C id=d94ie58821h5446u8ctg action=message_revoke_ack
❌ [ACK_MANAGER] deviceId 为空，跳过ACK: msgId=d94ie58821h5446u8ctg
00:03 +43: /Users/leeyi/project/imboy.pub/imboyapp/test/unit_test/service/websocket_heartbeat_test.dart: WebSocket 心跳机制测试 心跳间隔测试 应该在指定间隔发送心跳
00:03 +43: /Users/leeyi/project/imboy.pub/imboyapp/test/unit_test/service/websocket_server_ack_test.dart: Xid 出站消息经 JSON *_SERVER_ACK 确认（机制A已删除） 入站 0x03 二进制 ACK 帧仅日志忽略（服务端从不下发）
⚠️ [WS] v2 frame ACK(0x03) 收到意外帧, msgId=9876543210, 忽略
00:03 +44: /Users/leeyi/project/imboy.pub/imboyapp/test/unit_test/service/websocket_heartbeat_test.dart: WebSocket 心跳机制测试 心跳间隔测试 应该在指定间隔发送心跳
00:03 +45: /Users/leeyi/project/imboy.pub/imboyapp/test/unit_test/service/websocket_heartbeat_test.dart: WebSocket 心跳机制测试 心跳间隔测试 应该在指定间隔发送心跳
00:03 +46: /Users/leeyi/project/imboy.pub/imboyapp/test/unit_test/service/websocket_heartbeat_test.dart: WebSocket 心跳机制测试 心跳间隔测试 应该在指定间隔发送心跳
00:03 +47: /Users/leeyi/project/imboy.pub/imboyapp/test/unit_test/service/websocket_heartbeat_test.dart: WebSocket 心跳机制测试 心跳间隔测试 应该在指定间隔发送心跳
00:03 +48: /Users/leeyi/project/imboy.pub/imboyapp/test/unit_test/service/websocket_heartbeat_test.dart: WebSocket 心跳机制测试 心跳间隔测试 应该在指定间隔发送心跳
00:03 +49: /Users/leeyi/project/imboy.pub/imboyapp/test/unit_test/service/websocket_heartbeat_test.dart: WebSocket 心跳机制测试 心跳间隔测试 应该在指定间隔发送心跳
00:03 +50: /Users/leeyi/project/imboy.pub/imboyapp/test/unit_test/service/websocket_heartbeat_test.dart: WebSocket 心跳机制测试 心跳间隔测试 应该在指定间隔发送心跳
00:03 +51: /Users/leeyi/project/imboy.pub/imboyapp/test/unit_test/service/websocket_heartbeat_test.dart: WebSocket 心跳机制测试 心跳间隔测试 应该在指定间隔发送心跳
00:03 +52: /Users/leeyi/project/imboy.pub/imboyapp/test/unit_test/service/websocket_heartbeat_test.dart: WebSocket 心跳机制测试 心跳间隔测试 应该在指定间隔发送心跳
00:03 +53: /Users/leeyi/project/imboy.pub/imboyapp/test/unit_test/service/websocket_heartbeat_test.dart: WebSocket 心跳机制测试 心跳间隔测试 应该在指定间隔发送心跳
00:03 +53: /Users/leeyi/project/imboy.pub/imboyapp/test/unit_test/service/websocket_v2_e2e_test.dart: WebSocketService fake 回环 (连续帧分派) 连续四帧：pong → ack → msgS2C(JSON) → garbage 均不崩
🧹 [QUEUE] 启动定期清理 Timer
⚠️ [WS] v2 frame ACK(0x03) 收到意外帧, msgId=1234605616436508552, 忽略
[WS] v2 收到 text frame (46 chars)，降级 JSON
[WS] msg type=S2C id=s2c-1 action=ping_ok
✅ [ACK_MANAGER] AckManager initialized
❌ [ACK_MANAGER] deviceId 为空，跳过ACK: msgId=s2c-1
> ws: v2 帧解析失败（格式错误且非 protobuf/JSON），忽略: FormatException
00:03 +54: /Users/leeyi/project/imboy.pub/imboyapp/test/unit_test/service/websocket_heartbeat_test.dart: WebSocket 心跳机制测试 心跳间隔测试 应该在指定间隔发送心跳
00:03 +55: /Users/leeyi/project/imboy.pub/imboyapp/test/unit_test/service/websocket_heartbeat_test.dart: WebSocket 心跳机制测试 心跳间隔测试 应该在指定间隔发送心跳
00:03 +55: /Users/leeyi/project/imboy.pub/imboyapp/test/unit_test/service/websocket_v2_e2e_test.dart: AckManager 集成点 frame 层 ack 帧被解码后仅日志忽略（不再触碰 AckManager）
⚠️ [WS] v2 frame ACK(0x03) 收到意外帧, msgId=9876543210, 忽略
00:03 +56: /Users/leeyi/project/imboy.pub/imboyapp/test/unit_test/service/websocket_heartbeat_test.dart: WebSocket 心跳机制测试 心跳间隔测试 应该在指定间隔发送心跳
00:03 +57: /Users/leeyi/project/imboy.pub/imboyapp/test/unit_test/service/websocket_heartbeat_test.dart: WebSocket 心跳机制测试 心跳间隔测试 应该在指定间隔发送心跳
00:03 +58: /Users/leeyi/project/imboy.pub/imboyapp/test/unit_test/service/websocket_heartbeat_test.dart: WebSocket 心跳机制测试 心跳间隔测试 应该在指定间隔发送心跳
00:03 +59: /Users/leeyi/project/imboy.pub/imboyapp/test/unit_test/service/websocket_heartbeat_test.dart: WebSocket 心跳机制测试 心跳间隔测试 应该在指定间隔发送心跳
00:03 +59: /Users/leeyi/project/imboy.pub/imboyapp/test/unit_test/service/websocket_v2_test.dart: WebSocketService v2 framing C2C JSON 消息编码为 v2 frame (magic IB, type msgC2C)
🧹 [QUEUE] 启动定期清理 Timer
00:03 +60: /Users/leeyi/project/imboy.pub/imboyapp/test/unit_test/service/websocket_heartbeat_test.dart: WebSocket 心跳机制测试 心跳间隔测试 应该在指定间隔发送心跳
00:03 +61: /Users/leeyi/project/imboy.pub/imboyapp/test/unit_test/service/websocket_heartbeat_test.dart: WebSocket 心跳机制测试 心跳间隔测试 应该在指定间隔发送心跳
00:03 +62: /Users/leeyi/project/imboy.pub/imboyapp/test/unit_test/service/websocket_heartbeat_test.dart: WebSocket 心跳机制测试 心跳间隔测试 应该在指定间隔发送心跳
00:03 +63: /Users/leeyi/project/imboy.pub/imboyapp/test/unit_test/service/websocket_heartbeat_test.dart: WebSocket 心跳机制测试 心跳间隔测试 应该在指定间隔发送心跳
00:03 +64: /Users/leeyi/project/imboy.pub/imboyapp/test/unit_test/service/websocket_heartbeat_test.dart: WebSocket 心跳机制测试 心跳间隔测试 应该在指定间隔发送心跳
00:03 +64: /Users/leeyi/project/imboy.pub/imboyapp/test/unit_test/service/websocket_v2_test.dart: WebSocketService v2 framing 收到 ack frame 能提取 msgId (uint64)
⚠️ [WS] v2 frame ACK(0x03) 收到意外帧, msgId=1838294017982465, 忽略
00:03 +65: /Users/leeyi/project/imboy.pub/imboyapp/test/unit_test/service/websocket_heartbeat_test.dart: WebSocket 心跳机制测试 心跳间隔测试 应该在指定间隔发送心跳
00:03 +65: /Users/leeyi/project/imboy.pub/imboyapp/test/unit_test/service/websocket_v2_test.dart: WebSocketService v2 framing 损坏的 frame 不会 crash
> ws: v2 帧解析失败（格式错误且非 protobuf/JSON），忽略: FormatException
00:03 +66: /Users/leeyi/project/imboy.pub/imboyapp/test/unit_test/service/websocket_heartbeat_test.dart: WebSocket 心跳机制测试 心跳间隔测试 应该在指定间隔发送心跳
00:03 +66: /Users/leeyi/project/imboy.pub/imboyapp/test/unit_test/service/websocket_v2_test.dart: WebSocketService v2 framing 不完整 frame 被忽略
> ws: v2 帧不完整，忽略 (3 bytes)
00:03 +67: /Users/leeyi/project/imboy.pub/imboyapp/test/unit_test/service/websocket_heartbeat_test.dart: WebSocket 心跳机制测试 心跳间隔测试 应该在指定间隔发送心跳
00:04 +68: /Users/leeyi/project/imboy.pub/imboyapp/test/unit_test/service/websocket_message_queue_enhanced_test.dart: PersistentMessageQueue 增强测试 消息过期机制 应该定期清理过期消息
00:04 +69: /Users/leeyi/project/imboy.pub/imboyapp/test/unit_test/service/websocket_message_queue_enhanced_test.dart: PersistentMessageQueue 增强测试 消息过期机制 应该定期清理过期消息
00:04 +70: /Users/leeyi/project/imboy.pub/imboyapp/test/unit_test/service/websocket_message_queue_enhanced_test.dart: PersistentMessageQueue 增强测试 消息过期机制 应该定期清理过期消息
00:04 +71: /Users/leeyi/project/imboy.pub/imboyapp/test/unit_test/service/websocket_message_queue_enhanced_test.dart: PersistentMessageQueue 增强测试 消息过期机制 应该定期清理过期消息
🧹 [QUEUE] 清空队列
00:04 +72: /Users/leeyi/project/imboy.pub/imboyapp/test/unit_test/service/websocket_send_session_test.dart: pending ACK retry framing=FramingMode.none stale=false
00:04 +72: /Users/leeyi/project/imboy.pub/imboyapp/test/unit_test/service/websocket_message_queue_enhanced_test.dart: PersistentMessageQueue 增强测试 队列大小限制 应该限制队列最大大小
🧹 [QUEUE] 清空队列
📥 [QUEUE] 入队: msg0, priority=0, 总数=1
📥 [QUEUE] 入队: msg1, priority=0, 总数=2
📥 [QUEUE] 入队: msg2, priority=0, 总数=3
📥 [QUEUE] 入队: msg3, priority=0, 总数=4
📥 [QUEUE] 入队: msg4, priority=0, 总数=5
📥 [QUEUE] 入队: msg5, priority=0, 总数=6
📥 [QUEUE] 入队: msg6, priority=0, 总数=7
📥 [QUEUE] 入队: msg7, priority=0, 总数=8
📥 [QUEUE] 入队: msg8, priority=0, 总数=9
📥 [QUEUE] 入队: msg9, priority=0, 总数=10
📥 [QUEUE] 入队: msg10, priority=0, 总数=11
📥 [QUEUE] 入队: msg11, priority=0, 总数=12
📥 [QUEUE] 入队: msg12, priority=0, 总数=13
📥 [QUEUE] 入队: msg13, priority=0, 总数=14
📥 [QUEUE] 入队: msg14, priority=0, 总数=15
📥 [QUEUE] 入队: msg15, priority=0, 总数=16
📥 [QUEUE] 入队: msg16, priority=0, 总数=17
📥 [QUEUE] 入队: msg17, priority=0, 总数=18
📥 [QUEUE] 入队: msg18, priority=0, 总数=19
📥 [QUEUE] 入队: msg19, priority=0, 总数=20
📥 [QUEUE] 入队: msg20, priority=0, 总数=21
📥 [QUEUE] 入队: msg21, priority=0, 总数=22
📥 [QUEUE] 入队: msg22, priority=0, 总数=23
📥 [QUEUE] 入队: msg23, priority=0, 总数=24
📥 [QUEUE] 入队: msg24, priority=0, 总数=25
📥 [QUEUE] 入队: msg25, priority=0, 总数=26
📥 [QUEUE] 入队: msg26, priority=0, 总数=27
📥 [QUEUE] 入队: msg27, priority=0, 总数=28
📥 [QUEUE] 入队: msg28, priority=0, 总数=29
📥 [QUEUE] 入队: msg29, priority=0, 总数=30
📥 [QUEUE] 入队: msg30, priority=0, 总数=31
📥 [QUEUE] 入队: msg31, priority=0, 总数=32
📥 [QUEUE] 入队: msg32, priority=0, 总数=33
📥 [QUEUE] 入队: msg33, priority=0, 总数=34
📥 [QUEUE] 入队: msg34, priority=0, 总数=35
📥 [QUEUE] 入队: msg35, priority=0, 总数=36
📥 [QUEUE] 入队: msg36, priority=0, 总数=37
📥 [QUEUE] 入队: msg37, priority=0, 总数=38
📥 [QUEUE] 入队: msg38, priority=0, 总数=39
📥 [QUEUE] 入队: msg39, priority=0, 总数=40
📥 [QUEUE] 入队: msg40, priority=0, 总数=41
📥 [QUEUE] 入队: msg41, priority=0, 总数=42
📥 [QUEUE] 入队: msg42, priority=0, 总数=43
📥 [QUEUE] 入队: msg43, priority=0, 总数=44
📥 [QUEUE] 入队: msg44, priority=0, 总数=45
📥 [QUEUE] 入队: msg45, priority=0, 总数=46
📥 [QUEUE] 入队: msg46, priority=0, 总数=47
📥 [QUEUE] 入队: msg47, priority=0, 总数=48
📥 [QUEUE] 入队: msg48, priority=0, 总数=49
📥 [QUEUE] 入队: msg49, priority=0, 总数=50
🧹 [QUEUE] 清空队列
00:04 +73: /Users/leeyi/project/imboy.pub/imboyapp/test/unit_test/service/websocket_send_session_test.dart: pending ACK retry framing=FramingMode.none stale=false
00:04 +73: /Users/leeyi/project/imboy.pub/imboyapp/test/unit_test/service/websocket_message_queue_enhanced_test.dart: PersistentMessageQueue 增强测试 队列大小限制 应该在队列满时移除最低优先级消息
🧹 [QUEUE] 清空队列
📥 [QUEUE] 入队: low_0, priority=0, 总数=1
📥 [QUEUE] 入队: low_1, priority=0, 总数=2
📥 [QUEUE] 入队: low_2, priority=0, 总数=3
📥 [QUEUE] 入队: low_3, priority=0, 总数=4
📥 [QUEUE] 入队: low_4, priority=0, 总数=5
📥 [QUEUE] 入队: low_5, priority=0, 总数=6
📥 [QUEUE] 入队: low_6, priority=0, 总数=7
📥 [QUEUE] 入队: low_7, priority=0, 总数=8
📥 [QUEUE] 入队: low_8, priority=0, 总数=9
📥 [QUEUE] 入队: low_9, priority=0, 总数=10
📥 [QUEUE] 入队: low_10, priority=0, 总数=11
📥 [QUEUE] 入队: low_11, priority=0, 总数=12
📥 [QUEUE] 入队: low_12, priority=0, 总数=13
📥 [QUEUE] 入队: low_13, priority=0, 总数=14
📥 [QUEUE] 入队: low_14, priority=0, 总数=15
📥 [QUEUE] 入队: low_15, priority=0, 总数=16
📥 [QUEUE] 入队: low_16, priority=0, 总数=17
📥 [QUEUE] 入队: low_17, priority=0, 总数=18
📥 [QUEUE] 入队: low_18, priority=0, 总数=19
📥 [QUEUE] 入队: low_19, priority=0, 总数=20
📥 [QUEUE] 入队: low_20, priority=0, 总数=21
📥 [QUEUE] 入队: low_21, priority=0, 总数=22
📥 [QUEUE] 入队: low_22, priority=0, 总数=23
📥 [QUEUE] 入队: low_23, priority=0, 总数=24
📥 [QUEUE] 入队: low_24, priority=0, 总数=25
📥 [QUEUE] 入队: low_25, priority=0, 总数=26
📥 [QUEUE] 入队: low_26, priority=0, 总数=27
📥 [QUEUE] 入队: low_27, priority=0, 总数=28
📥 [QUEUE] 入队: low_28, priority=0, 总数=29
📥 [QUEUE] 入队: low_29, priority=0, 总数=30
📥 [QUEUE] 入队: low_30, priority=0, 总数=31
📥 [QUEUE] 入队: low_31, priority=0, 总数=32
📥 [QUEUE] 入队: low_32, priority=0, 总数=33
📥 [QUEUE] 入队: low_33, priority=0, 总数=34
📥 [QUEUE] 入队: low_34, priority=0, 总数=35
📥 [QUEUE] 入队: low_35, priority=0, 总数=36
📥 [QUEUE] 入队: low_36, priority=0, 总数=37
📥 [QUEUE] 入队: low_37, priority=0, 总数=38
📥 [QUEUE] 入队: low_38, priority=0, 总数=39
📥 [QUEUE] 入队: low_39, priority=0, 总数=40
📥 [QUEUE] 入队: low_40, priority=0, 总数=41
📥 [QUEUE] 入队: low_41, priority=0, 总数=42
📥 [QUEUE] 入队: low_42, priority=0, 总数=43
📥 [QUEUE] 入队: low_43, priority=0, 总数=44
📥 [QUEUE] 入队: low_44, priority=0, 总数=45
📥 [QUEUE] 入队: low_45, priority=0, 总数=46
📥 [QUEUE] 入队: low_46, priority=0, 总数=47
📥 [QUEUE] 入队: low_47, priority=0, 总数=48
📥 [QUEUE] 入队: low_48, priority=0, 总数=49
📥 [QUEUE] 入队: low_49, priority=0, 总数=50
📥 [QUEUE] 入队: low_50, priority=0, 总数=51
📥 [QUEUE] 入队: low_51, priority=0, 总数=52
📥 [QUEUE] 入队: low_52, priority=0, 总数=53
📥 [QUEUE] 入队: low_53, priority=0, 总数=54
📥 [QUEUE] 入队: low_54, priority=0, 总数=55
📥 [QUEUE] 入队: low_55, priority=0, 总数=56
📥 [QUEUE] 入队: low_56, priority=0, 总数=57
📥 [QUEUE] 入队: low_57, priority=0, 总数=58
📥 [QUEUE] 入队: low_58, priority=0, 总数=59
📥 [QUEUE] 入队: low_59, priority=0, 总数=60
📥 [QUEUE] 入队: low_60, priority=0, 总数=61
📥 [QUEUE] 入队: low_61, priority=0, 总数=62
📥 [QUEUE] 入队: low_62, priority=0, 总数=63
📥 [QUEUE] 入队: low_63, priority=0, 总数=64
📥 [QUEUE] 入队: low_64, priority=0, 总数=65
📥 [QUEUE] 入队: low_65, priority=0, 总数=66
📥 [QUEUE] 入队: low_66, priority=0, 总数=67
📥 [QUEUE] 入队: low_67, priority=0, 总数=68
📥 [QUEUE] 入队: low_68, priority=0, 总数=69
📥 [QUEUE] 入队: low_69, priority=0, 总数=70
📥 [QUEUE] 入队: low_70, priority=0, 总数=71
📥 [QUEUE] 入队: low_71, priority=0, 总数=72
📥 [QUEUE] 入队: low_72, priority=0, 总数=73
📥 [QUEUE] 入队: low_73, priority=0, 总数=74
📥 [QUEUE] 入队: low_74, priority=0, 总数=75
📥 [QUEUE] 入队: low_75, priority=0, 总数=76
📥 [QUEUE] 入队: low_76, priority=0, 总数=77
📥 [QUEUE] 入队: low_77, priority=0, 总数=78
📥 [QUEUE] 入队: low_78, priority=0, 总数=79
📥 [QUEUE] 入队: low_79, priority=0, 总数=80
📥 [QUEUE] 入队: low_80, priority=0, 总数=81
📥 [QUEUE] 入队: low_81, priority=0, 总数=82
📥 [QUEUE] 入队: low_82, priority=0, 总数=83
📥 [QUEUE] 入队: low_83, priority=0, 总数=84
📥 [QUEUE] 入队: low_84, priority=0, 总数=85
📥 [QUEUE] 入队: low_85, priority=0, 总数=86
📥 [QUEUE] 入队: low_86, priority=0, 总数=87
📥 [QUEUE] 入队: low_87, priority=0, 总数=88
📥 [QUEUE] 入队: low_88, priority=0, 总数=89
📥 [QUEUE] 入队: low_89, priority=0, 总数=90
📥 [QUEUE] 入队: low_90, priority=0, 总数=91
📥 [QUEUE] 入队: low_91, priority=0, 总数=92
📥 [QUEUE] 入队: low_92, priority=0, 总数=93
📥 [QUEUE] 入队: low_93, priority=0, 总数=94
📥 [QUEUE] 入队: low_94, priority=0, 总数=95
📥 [QUEUE] 入队: low_95, priority=0, 总数=96
📥 [QUEUE] 入队: low_96, priority=0, 总数=97
📥 [QUEUE] 入队: low_97, priority=0, 总数=98
📥 [QUEUE] 入队: low_98, priority=0, 总数=99
📥 [QUEUE] 入队: low_99, priority=0, 总数=100
📥 [QUEUE] 入队: low_100, priority=0, 总数=101
📥 [QUEUE] 入队: low_101, priority=0, 总数=102
📥 [QUEUE] 入队: low_102, priority=0, 总数=103
📥 [QUEUE] 入队: low_103, priority=0, 总数=104
📥 [QUEUE] 入队: low_104, priority=0, 总数=105
📥 [QUEUE] 入队: low_105, priority=0, 总数=106
📥 [QUEUE] 入队: low_106, priority=0, 总数=107
📥 [QUEUE] 入队: low_107, priority=0, 总数=108
📥 [QUEUE] 入队: low_108, priority=0, 总数=109
📥 [QUEUE] 入队: low_109, priority=0, 总数=110
📥 [QUEUE] 入队: low_110, priority=0, 总数=111
📥 [QUEUE] 入队: low_111, priority=0, 总数=112
📥 [QUEUE] 入队: low_112, priority=0, 总数=113
📥 [QUEUE] 入队: low_113, priority=0, 总数=114
📥 [QUEUE] 入队: low_114, priority=0, 总数=115
📥 [QUEUE] 入队: low_115, priority=0, 总数=116
📥 [QUEUE] 入队: low_116, priority=0, 总数=117
📥 [QUEUE] 入队: low_117, priority=0, 总数=118
📥 [QUEUE] 入队: low_118, priority=0, 总数=119
📥 [QUEUE] 入队: low_119, priority=0, 总数=120
📥 [QUEUE] 入队: low_120, priority=0, 总数=121
📥 [QUEUE] 入队: low_121, priority=0, 总数=122
📥 [QUEUE] 入队: low_122, priority=0, 总数=123
📥 [QUEUE] 入队: low_123, priority=0, 总数=124
📥 [QUEUE] 入队: low_124, priority=0, 总数=125
📥 [QUEUE] 入队: low_125, priority=0, 总数=126
📥 [QUEUE] 入队: low_126, priority=0, 总数=127
📥 [QUEUE] 入队: low_127, priority=0, 总数=128
📥 [QUEUE] 入队: low_128, priority=0, 总数=129
📥 [QUEUE] 入队: low_129, priority=0, 总数=130
📥 [QUEUE] 入队: low_130, priority=0, 总数=131
📥 [QUEUE] 入队: low_131, priority=0, 总数=132
📥 [QUEUE] 入队: low_132, priority=0, 总数=133
📥 [QUEUE] 入队: low_133, priority=0, 总数=134
📥 [QUEUE] 入队: low_134, priority=0, 总数=135
📥 [QUEUE] 入队: low_135, priority=0, 总数=136
📥 [QUEUE] 入队: low_136, priority=0, 总数=137
📥 [QUEUE] 入队: low_137, priority=0, 总数=138
📥 [QUEUE] 入队: low_138, priority=0, 总数=139
📥 [QUEUE] 入队: low_139, priority=0, 总数=140
📥 [QUEUE] 入队: low_140, priority=0, 总数=141
📥 [QUEUE] 入队: low_141, priority=0, 总数=142
📥 [QUEUE] 入队: low_142, priority=0, 总数=143
📥 [QUEUE] 入队: low_143, priority=0, 总数=144
📥 [QUEUE] 入队: low_144, priority=0, 总数=145
📥 [QUEUE] 入队: low_145, priority=0, 总数=146
📥 [QUEUE] 入队: low_146, priority=0, 总数=147
📥 [QUEUE] 入队: low_147, priority=0, 总数=148
📥 [QUEUE] 入队: low_148, priority=0, 总数=149
📥 [QUEUE] 入队: low_149, priority=0, 总数=150
📥 [QUEUE] 入队: low_150, priority=0, 总数=151
📥 [QUEUE] 入队: low_151, priority=0, 总数=152
📥 [QUEUE] 入队: low_152, priority=0, 总数=153
📥 [QUEUE] 入队: low_153, priority=0, 总数=154
📥 [QUEUE] 入队: low_154, priority=0, 总数=155
📥 [QUEUE] 入队: low_155, priority=0, 总数=156
📥 [QUEUE] 入队: low_156, priority=0, 总数=157
📥 [QUEUE] 入队: low_157, priority=0, 总数=158
📥 [QUEUE] 入队: low_158, priority=0, 总数=159
📥 [QUEUE] 入队: low_159, priority=0, 总数=160
📥 [QUEUE] 入队: low_160, priority=0, 总数=161
📥 [QUEUE] 入队: low_161, priority=0, 总数=162
📥 [QUEUE] 入队: low_162, priority=0, 总数=163
📥 [QUEUE] 入队: low_163, priority=0, 总数=164
📥 [QUEUE] 入队: low_164, priority=0, 总数=165
📥 [QUEUE] 入队: low_165, priority=0, 总数=166
📥 [QUEUE] 入队: low_166, priority=0, 总数=167
📥 [QUEUE] 入队: low_167, priority=0, 总数=168
📥 [QUEUE] 入队: low_168, priority=0, 总数=169
📥 [QUEUE] 入队: low_169, priority=0, 总数=170
📥 [QUEUE] 入队: low_170, priority=0, 总数=171
📥 [QUEUE] 入队: low_171, priority=0, 总数=172
📥 [QUEUE] 入队: low_172, priority=0, 总数=173
📥 [QUEUE] 入队: low_173, priority=0, 总数=174
📥 [QUEUE] 入队: low_174, priority=0, 总数=175
📥 [QUEUE] 入队: low_175, priority=0, 总数=176
📥 [QUEUE] 入队: low_176, priority=0, 总数=177
📥 [QUEUE] 入队: low_177, priority=0, 总数=178
📥 [QUEUE] 入队: low_178, priority=0, 总数=179
📥 [QUEUE] 入队: low_179, priority=0, 总数=180
📥 [QUEUE] 入队: low_180, priority=0, 总数=181
📥 [QUEUE] 入队: low_181, priority=0, 总数=182
📥 [QUEUE] 入队: low_182, priority=0, 总数=183
📥 [QUEUE] 入队: low_183, priority=0, 总数=184
📥 [QUEUE] 入队: low_184, priority=0, 总数=185
📥 [QUEUE] 入队: low_185, priority=0, 总数=186
📥 [QUEUE] 入队: low_186, priority=0, 总数=187
📥 [QUEUE] 入队: low_187, priority=0, 总数=188
📥 [QUEUE] 入队: low_188, priority=0, 总数=189
📥 [QUEUE] 入队: low_189, priority=0, 总数=190
📥 [QUEUE] 入队: low_190, priority=0, 总数=191
📥 [QUEUE] 入队: low_191, priority=0, 总数=192
📥 [QUEUE] 入队: low_192, priority=0, 总数=193
📥 [QUEUE] 入队: low_193, priority=0, 总数=194
📥 [QUEUE] 入队: low_194, priority=0, 总数=195
📥 [QUEUE] 入队: low_195, priority=0, 总数=196
📥 [QUEUE] 入队: low_196, priority=0, 总数=197
📥 [QUEUE] 入队: low_197, priority=0, 总数=198
📥 [QUEUE] 入队: low_198, priority=0, 总数=199
📥 [QUEUE] 入队: low_199, priority=0, 总数=200
🗑️ [QUEUE] 移除低优先级消息: priority=0
📥 [QUEUE] 入队: high_1, priority=1, 总数=200
🧹 [QUEUE] 清空队列
00:04 +74: /Users/leeyi/project/imboy.pub/imboyapp/test/unit_test/service/websocket_send_session_test.dart: pending ACK retry framing=FramingMode.none stale=false
00:04 +74: /Users/leeyi/project/imboy.pub/imboyapp/test/unit_test/service/websocket_message_queue_enhanced_test.dart: PersistentMessageQueue 增强测试 队列大小限制 应该记录被移除的消息
🧹 [QUEUE] 清空队列
🧹 [QUEUE] 清空队列
00:04 +75: /Users/leeyi/project/imboy.pub/imboyapp/test/unit_test/service/websocket_send_session_test.dart: pending ACK retry framing=FramingMode.none stale=false
00:04 +75: /Users/leeyi/project/imboy.pub/imboyapp/test/unit_test/service/websocket_message_queue_enhanced_test.dart: PersistentMessageQueue 增强测试 队列大小限制 应该在队列接近满时发出警告
🧹 [QUEUE] 清空队列
📥 [QUEUE] 入队: msg0, priority=0, 总数=1
📥 [QUEUE] 入队: msg1, priority=0, 总数=2
📥 [QUEUE] 入队: msg2, priority=0, 总数=3
📥 [QUEUE] 入队: msg3, priority=0, 总数=4
📥 [QUEUE] 入队: msg4, priority=0, 总数=5
📥 [QUEUE] 入队: msg5, priority=0, 总数=6
📥 [QUEUE] 入队: msg6, priority=0, 总数=7
📥 [QUEUE] 入队: msg7, priority=0, 总数=8
📥 [QUEUE] 入队: msg8, priority=0, 总数=9
📥 [QUEUE] 入队: msg9, priority=0, 总数=10
📥 [QUEUE] 入队: msg10, priority=0, 总数=11
📥 [QUEUE] 入队: msg11, priority=0, 总数=12
📥 [QUEUE] 入队: msg12, priority=0, 总数=13
📥 [QUEUE] 入队: msg13, priority=0, 总数=14
📥 [QUEUE] 入队: msg14, priority=0, 总数=15
📥 [QUEUE] 入队: msg15, priority=0, 总数=16
📥 [QUEUE] 入队: msg16, priority=0, 总数=17
📥 [QUEUE] 入队: msg17, priority=0, 总数=18
📥 [QUEUE] 入队: msg18, priority=0, 总数=19
📥 [QUEUE] 入队: msg19, priority=0, 总数=20
📥 [QUEUE] 入队: msg20, priority=0, 总数=21
📥 [QUEUE] 入队: msg21, priority=0, 总数=22
📥 [QUEUE] 入队: msg22, priority=0, 总数=23
📥 [QUEUE] 入队: msg23, priority=0, 总数=24
📥 [QUEUE] 入队: msg24, priority=0, 总数=25
📥 [QUEUE] 入队: msg25, priority=0, 总数=26
📥 [QUEUE] 入队: msg26, priority=0, 总数=27
📥 [QUEUE] 入队: msg27, priority=0, 总数=28
📥 [QUEUE] 入队: msg28, priority=0, 总数=29
📥 [QUEUE] 入队: msg29, priority=0, 总数=30
📥 [QUEUE] 入队: msg30, priority=0, 总数=31
📥 [QUEUE] 入队: msg31, priority=0, 总数=32
📥 [QUEUE] 入队: msg32, priority=0, 总数=33
📥 [QUEUE] 入队: msg33, priority=0, 总数=34
📥 [QUEUE] 入队: msg34, priority=0, 总数=35
📥 [QUEUE] 入队: msg35, priority=0, 总数=36
📥 [QUEUE] 入队: msg36, priority=0, 总数=37
📥 [QUEUE] 入队: msg37, priority=0, 总数=38
📥 [QUEUE] 入队: msg38, priority=0, 总数=39
📥 [QUEUE] 入队: msg39, priority=0, 总数=40
📥 [QUEUE] 入队: msg40, priority=0, 总数=41
📥 [QUEUE] 入队: msg41, priority=0, 总数=42
📥 [QUEUE] 入队: msg42, priority=0, 总数=43
📥 [QUEUE] 入队: msg43, priority=0, 总数=44
📥 [QUEUE] 入队: msg44, priority=0, 总数=45
📥 [QUEUE] 入队: msg45, priority=0, 总数=46
📥 [QUEUE] 入队: msg46, priority=0, 总数=47
📥 [QUEUE] 入队: msg47, priority=0, 总数=48
📥 [QUEUE] 入队: msg48, priority=0, 总数=49
📥 [QUEUE] 入队: msg49, priority=0, 总数=50
📥 [QUEUE] 入队: msg50, priority=0, 总数=51
📥 [QUEUE] 入队: msg51, priority=0, 总数=52
📥 [QUEUE] 入队: msg52, priority=0, 总数=53
📥 [QUEUE] 入队: msg53, priority=0, 总数=54
📥 [QUEUE] 入队: msg54, priority=0, 总数=55
📥 [QUEUE] 入队: msg55, priority=0, 总数=56
📥 [QUEUE] 入队: msg56, priority=0, 总数=57
📥 [QUEUE] 入队: msg57, priority=0, 总数=58
📥 [QUEUE] 入队: msg58, priority=0, 总数=59
📥 [QUEUE] 入队: msg59, priority=0, 总数=60
📥 [QUEUE] 入队: msg60, priority=0, 总数=61
📥 [QUEUE] 入队: msg61, priority=0, 总数=62
📥 [QUEUE] 入队: msg62, priority=0, 总数=63
📥 [QUEUE] 入队: msg63, priority=0, 总数=64
📥 [QUEUE] 入队: msg64, priority=0, 总数=65
📥 [QUEUE] 入队: msg65, priority=0, 总数=66
📥 [QUEUE] 入队: msg66, priority=0, 总数=67
📥 [QUEUE] 入队: msg67, priority=0, 总数=68
📥 [QUEUE] 入队: msg68, priority=0, 总数=69
📥 [QUEUE] 入队: msg69, priority=0, 总数=70
📥 [QUEUE] 入队: msg70, priority=0, 总数=71
📥 [QUEUE] 入队: msg71, priority=0, 总数=72
📥 [QUEUE] 入队: msg72, priority=0, 总数=73
📥 [QUEUE] 入队: msg73, priority=0, 总数=74
📥 [QUEUE] 入队: msg74, priority=0, 总数=75
📥 [QUEUE] 入队: msg75, priority=0, 总数=76
📥 [QUEUE] 入队: msg76, priority=0, 总数=77
📥 [QUEUE] 入队: msg77, priority=0, 总数=78
📥 [QUEUE] 入队: msg78, priority=0, 总数=79
📥 [QUEUE] 入队: msg79, priority=0, 总数=80
📥 [QUEUE] 入队: msg80, priority=0, 总数=81
📥 [QUEUE] 入队: msg81, priority=0, 总数=82
📥 [QUEUE] 入队: msg82, priority=0, 总数=83
📥 [QUEUE] 入队: msg83, priority=0, 总数=84
📥 [QUEUE] 入队: msg84, priority=0, 总数=85
📥 [QUEUE] 入队: msg85, priority=0, 总数=86
📥 [QUEUE] 入队: msg86, priority=0, 总数=87
📥 [QUEUE] 入队: msg87, priority=0, 总数=88
📥 [QUEUE] 入队: msg88, priority=0, 总数=89
📥 [QUEUE] 入队: msg89, priority=0, 总数=90
📥 [QUEUE] 入队: msg90, priority=0, 总数=91
📥 [QUEUE] 入队: msg91, priority=0, 总数=92
📥 [QUEUE] 入队: msg92, priority=0, 总数=93
📥 [QUEUE] 入队: msg93, priority=0, 总数=94
📥 [QUEUE] 入队: msg94, priority=0, 总数=95
📥 [QUEUE] 入队: msg95, priority=0, 总数=96
📥 [QUEUE] 入队: msg96, priority=0, 总数=97
📥 [QUEUE] 入队: msg97, priority=0, 总数=98
📥 [QUEUE] 入队: msg98, priority=0, 总数=99
📥 [QUEUE] 入队: msg99, priority=0, 总数=100
📥 [QUEUE] 入队: msg100, priority=0, 总数=101
📥 [QUEUE] 入队: msg101, priority=0, 总数=102
📥 [QUEUE] 入队: msg102, priority=0, 总数=103
📥 [QUEUE] 入队: msg103, priority=0, 总数=104
📥 [QUEUE] 入队: msg104, priority=0, 总数=105
📥 [QUEUE] 入队: msg105, priority=0, 总数=106
📥 [QUEUE] 入队: msg106, priority=0, 总数=107
📥 [QUEUE] 入队: msg107, priority=0, 总数=108
📥 [QUEUE] 入队: msg108, priority=0, 总数=109
📥 [QUEUE] 入队: msg109, priority=0, 总数=110
📥 [QUEUE] 入队: msg110, priority=0, 总数=111
📥 [QUEUE] 入队: msg111, priority=0, 总数=112
📥 [QUEUE] 入队: msg112, priority=0, 总数=113
📥 [QUEUE] 入队: msg113, priority=0, 总数=114
📥 [QUEUE] 入队: msg114, priority=0, 总数=115
📥 [QUEUE] 入队: msg115, priority=0, 总数=116
📥 [QUEUE] 入队: msg116, priority=0, 总数=117
📥 [QUEUE] 入队: msg117, priority=0, 总数=118
📥 [QUEUE] 入队: msg118, priority=0, 总数=119
📥 [QUEUE] 入队: msg119, priority=0, 总数=120
📥 [QUEUE] 入队: msg120, priority=0, 总数=121
📥 [QUEUE] 入队: msg121, priority=0, 总数=122
📥 [QUEUE] 入队: msg122, priority=0, 总数=123
📥 [QUEUE] 入队: msg123, priority=0, 总数=124
📥 [QUEUE] 入队: msg124, priority=0, 总数=125
📥 [QUEUE] 入队: msg125, priority=0, 总数=126
📥 [QUEUE] 入队: msg126, priority=0, 总数=127
📥 [QUEUE] 入队: msg127, priority=0, 总数=128
📥 [QUEUE] 入队: msg128, priority=0, 总数=129
📥 [QUEUE] 入队: msg129, priority=0, 总数=130
📥 [QUEUE] 入队: msg130, priority=0, 总数=131
📥 [QUEUE] 入队: msg131, priority=0, 总数=132
📥 [QUEUE] 入队: msg132, priority=0, 总数=133
📥 [QUEUE] 入队: msg133, priority=0, 总数=134
📥 [QUEUE] 入队: msg134, priority=0, 总数=135
📥 [QUEUE] 入队: msg135, priority=0, 总数=136
📥 [QUEUE] 入队: msg136, priority=0, 总数=137
📥 [QUEUE] 入队: msg137, priority=0, 总数=138
📥 [QUEUE] 入队: msg138, priority=0, 总数=139
📥 [QUEUE] 入队: msg139, priority=0, 总数=140
📥 [QUEUE] 入队: msg140, priority=0, 总数=141
📥 [QUEUE] 入队: msg141, priority=0, 总数=142
📥 [QUEUE] 入队: msg142, priority=0, 总数=143
📥 [QUEUE] 入队: msg143, priority=0, 总数=144
📥 [QUEUE] 入队: msg144, priority=0, 总数=145
📥 [QUEUE] 入队: msg145, priority=0, 总数=146
📥 [QUEUE] 入队: msg146, priority=0, 总数=147
📥 [QUEUE] 入队: msg147, priority=0, 总数=148
📥 [QUEUE] 入队: msg148, priority=0, 总数=149
📥 [QUEUE] 入队: msg149, priority=0, 总数=150
📥 [QUEUE] 入队: msg150, priority=0, 总数=151
📥 [QUEUE] 入队: msg151, priority=0, 总数=152
📥 [QUEUE] 入队: msg152, priority=0, 总数=153
📥 [QUEUE] 入队: msg153, priority=0, 总数=154
📥 [QUEUE] 入队: msg154, priority=0, 总数=155
📥 [QUEUE] 入队: msg155, priority=0, 总数=156
📥 [QUEUE] 入队: msg156, priority=0, 总数=157
📥 [QUEUE] 入队: msg157, priority=0, 总数=158
📥 [QUEUE] 入队: msg158, priority=0, 总数=159
📥 [QUEUE] 入队: msg159, priority=0, 总数=160
📥 [QUEUE] 入队: msg160, priority=0, 总数=161
📥 [QUEUE] 入队: msg161, priority=0, 总数=162
📥 [QUEUE] 入队: msg162, priority=0, 总数=163
📥 [QUEUE] 入队: msg163, priority=0, 总数=164
📥 [QUEUE] 入队: msg164, priority=0, 总数=165
📥 [QUEUE] 入队: msg165, priority=0, 总数=166
📥 [QUEUE] 入队: msg166, priority=0, 总数=167
📥 [QUEUE] 入队: msg167, priority=0, 总数=168
📥 [QUEUE] 入队: msg168, priority=0, 总数=169
📥 [QUEUE] 入队: msg169, priority=0, 总数=170
📥 [QUEUE] 入队: msg170, priority=0, 总数=171
📥 [QUEUE] 入队: msg171, priority=0, 总数=172
📥 [QUEUE] 入队: msg172, priority=0, 总数=173
📥 [QUEUE] 入队: msg173, priority=0, 总数=174
📥 [QUEUE] 入队: msg174, priority=0, 总数=175
📥 [QUEUE] 入队: msg175, priority=0, 总数=176
📥 [QUEUE] 入队: msg176, priority=0, 总数=177
📥 [QUEUE] 入队: msg177, priority=0, 总数=178
📥 [QUEUE] 入队: msg178, priority=0, 总数=179
📥 [QUEUE] 入队: msg179, priority=0, 总数=180
🧹 [QUEUE] 清空队列
00:04 +76: /Users/leeyi/project/imboy.pub/imboyapp/test/unit_test/service/websocket_send_session_test.dart: pending ACK retry framing=FramingMode.none stale=false
00:04 +76: /Users/leeyi/project/imboy.pub/imboyapp/test/unit_test/service/websocket_message_queue_enhanced_test.dart: PersistentMessageQueue 增强测试 优先级处理增强 应该按优先级顺序出队
🧹 [QUEUE] 清空队列
📥 [QUEUE] 入队: normal_1, priority=0, 总数=1
📥 [QUEUE] 入队: high_1, priority=1, 总数=2
📥 [QUEUE] 入队: retry_1, priority=2, 总数=3
📥 [QUEUE] 入队: normal_2, priority=0, 总数=4
🧹 [QUEUE] 清空队列
00:04 +77: /Users/leeyi/project/imboy.pub/imboyapp/test/unit_test/service/websocket_send_session_test.dart: pending ACK retry framing=FramingMode.none stale=false
00:04 +77: /Users/leeyi/project/imboy.pub/imboyapp/test/unit_test/service/websocket_message_queue_enhanced_test.dart: PersistentMessageQueue 增强测试 优先级处理增强 应该支持动态提升消息优先级
🧹 [QUEUE] 清空队列
📥 [QUEUE] 入队: msg1, priority=0, 总数=1
📥 [QUEUE] 入队: msg2, priority=0, 总数=2
🔄 [QUEUE] 更新优先级: msg1, 0 -> 2
🧹 [QUEUE] 清空队列
00:04 +78: /Users/leeyi/project/imboy.pub/imboyapp/test/unit_test/service/websocket_send_session_test.dart: pending ACK retry framing=FramingMode.none stale=false
00:04 +78: /Users/leeyi/project/imboy.pub/imboyapp/test/unit_test/service/websocket_message_queue_enhanced_test.dart: PersistentMessageQueue 增强测试 优先级处理增强 应该记录优先级变更
🧹 [QUEUE] 清空队列
🧹 [QUEUE] 清空队列
00:04 +79: /Users/leeyi/project/imboy.pub/imboyapp/test/unit_test/service/websocket_send_session_test.dart: pending ACK retry framing=FramingMode.none stale=false
00:04 +79: /Users/leeyi/project/imboy.pub/imboyapp/test/unit_test/service/websocket_message_queue_enhanced_test.dart: PersistentMessageQueue 增强测试 持久化和恢复 应该在应用重启后恢复队列
🧹 [QUEUE] 清空队列
📥 [QUEUE] 入队: msg1, priority=0, 总数=1
📥 [QUEUE] 入队: msg2, priority=1, 总数=2
🧹 [QUEUE] 清空队列
00:04 +80: /Users/leeyi/project/imboy.pub/imboyapp/test/unit_test/service/websocket_send_session_test.dart: pending ACK retry framing=FramingMode.none stale=false
00:04 +80: /Users/leeyi/project/imboy.pub/imboyapp/test/unit_test/service/websocket_message_queue_enhanced_test.dart: PersistentMessageQueue 增强测试 持久化和恢复 应该验证恢复消息的完整性
🧹 [QUEUE] 清空队列
📥 [QUEUE] 入队: msg1, priority=0, 总数=1
🧹 [QUEUE] 清空队列
00:04 +81: /Users/leeyi/project/imboy.pub/imboyapp/test/unit_test/service/websocket_send_session_test.dart: pending ACK retry framing=FramingMode.none stale=false
00:04 +81: /Users/leeyi/project/imboy.pub/imboyapp/test/unit_test/service/websocket_message_queue_enhanced_test.dart: PersistentMessageQueue 增强测试 持久化和恢复 应该处理损坏的持久化数据
🧹 [QUEUE] 清空队列
🧹 [QUEUE] 清空队列
⚠️ [QUEUE] 恢复消息失败: FormatException: Unexpected character (at character 1)
invalid_json_data
^

00:04 +82: /Users/leeyi/project/imboy.pub/imboyapp/test/unit_test/service/websocket_send_session_test.dart: pending ACK retry framing=FramingMode.none stale=false
00:04 +82: /Users/leeyi/project/imboy.pub/imboyapp/test/unit_test/service/websocket_message_queue_enhanced_test.dart: PersistentMessageQueue 增强测试 持久化和恢复 应该在恢复时清理过期消息
🧹 [QUEUE] 清空队列
🧹 [QUEUE] 清空队列
00:04 +83: /Users/leeyi/project/imboy.pub/imboyapp/test/unit_test/service/websocket_send_session_test.dart: pending ACK retry framing=FramingMode.none stale=false
00:04 +83: /Users/leeyi/project/imboy.pub/imboyapp/test/unit_test/service/websocket_message_queue_enhanced_test.dart: PersistentMessageQueue 增强测试 队列统计和监控 应该提供准确的队列统计
🧹 [QUEUE] 清空队列
📥 [QUEUE] 入队: msg1, priority=0, 总数=1
📥 [QUEUE] 入队: msg2, priority=1, 总数=2
📥 [QUEUE] 入队: msg3, priority=2, 总数=3
🧹 [QUEUE] 清空队列
00:04 +84: /Users/leeyi/project/imboy.pub/imboyapp/test/unit_test/service/websocket_send_session_test.dart: pending ACK retry framing=FramingMode.none stale=false
00:04 +84: /Users/leeyi/project/imboy.pub/imboyapp/test/unit_test/service/websocket_message_queue_enhanced_test.dart: PersistentMessageQueue 增强测试 队列统计和监控 应该计算队列占用率
🧹 [QUEUE] 清空队列
📥 [QUEUE] 入队: msg0, priority=0, 总数=1
📥 [QUEUE] 入队: msg1, priority=0, 总数=2
📥 [QUEUE] 入队: msg2, priority=0, 总数=3
📥 [QUEUE] 入队: msg3, priority=0, 总数=4
📥 [QUEUE] 入队: msg4, priority=0, 总数=5
📥 [QUEUE] 入队: msg5, priority=0, 总数=6
📥 [QUEUE] 入队: msg6, priority=0, 总数=7
📥 [QUEUE] 入队: msg7, priority=0, 总数=8
📥 [QUEUE] 入队: msg8, priority=0, 总数=9
📥 [QUEUE] 入队: msg9, priority=0, 总数=10
📥 [QUEUE] 入队: msg10, priority=0, 总数=11
📥 [QUEUE] 入队: msg11, priority=0, 总数=12
📥 [QUEUE] 入队: msg12, priority=0, 总数=13
📥 [QUEUE] 入队: msg13, priority=0, 总数=14
📥 [QUEUE] 入队: msg14, priority=0, 总数=15
📥 [QUEUE] 入队: msg15, priority=0, 总数=16
📥 [QUEUE] 入队: msg16, priority=0, 总数=17
📥 [QUEUE] 入队: msg17, priority=0, 总数=18
📥 [QUEUE] 入队: msg18, priority=0, 总数=19
📥 [QUEUE] 入队: msg19, priority=0, 总数=20
📥 [QUEUE] 入队: msg20, priority=0, 总数=21
📥 [QUEUE] 入队: msg21, priority=0, 总数=22
📥 [QUEUE] 入队: msg22, priority=0, 总数=23
📥 [QUEUE] 入队: msg23, priority=0, 总数=24
📥 [QUEUE] 入队: msg24, priority=0, 总数=25
📥 [QUEUE] 入队: msg25, priority=0, 总数=26
📥 [QUEUE] 入队: msg26, priority=0, 总数=27
📥 [QUEUE] 入队: msg27, priority=0, 总数=28
📥 [QUEUE] 入队: msg28, priority=0, 总数=29
📥 [QUEUE] 入队: msg29, priority=0, 总数=30
📥 [QUEUE] 入队: msg30, priority=0, 总数=31
📥 [QUEUE] 入队: msg31, priority=0, 总数=32
📥 [QUEUE] 入队: msg32, priority=0, 总数=33
📥 [QUEUE] 入队: msg33, priority=0, 总数=34
📥 [QUEUE] 入队: msg34, priority=0, 总数=35
📥 [QUEUE] 入队: msg35, priority=0, 总数=36
📥 [QUEUE] 入队: msg36, priority=0, 总数=37
📥 [QUEUE] 入队: msg37, priority=0, 总数=38
📥 [QUEUE] 入队: msg38, priority=0, 总数=39
📥 [QUEUE] 入队: msg39, priority=0, 总数=40
📥 [QUEUE] 入队: msg40, priority=0, 总数=41
📥 [QUEUE] 入队: msg41, priority=0, 总数=42
📥 [QUEUE] 入队: msg42, priority=0, 总数=43
📥 [QUEUE] 入队: msg43, priority=0, 总数=44
📥 [QUEUE] 入队: msg44, priority=0, 总数=45
📥 [QUEUE] 入队: msg45, priority=0, 总数=46
📥 [QUEUE] 入队: msg46, priority=0, 总数=47
📥 [QUEUE] 入队: msg47, priority=0, 总数=48
📥 [QUEUE] 入队: msg48, priority=0, 总数=49
📥 [QUEUE] 入队: msg49, priority=0, 总数=50
📥 [QUEUE] 入队: msg50, priority=0, 总数=51
📥 [QUEUE] 入队: msg51, priority=0, 总数=52
📥 [QUEUE] 入队: msg52, priority=0, 总数=53
📥 [QUEUE] 入队: msg53, priority=0, 总数=54
📥 [QUEUE] 入队: msg54, priority=0, 总数=55
📥 [QUEUE] 入队: msg55, priority=0, 总数=56
📥 [QUEUE] 入队: msg56, priority=0, 总数=57
📥 [QUEUE] 入队: msg57, priority=0, 总数=58
📥 [QUEUE] 入队: msg58, priority=0, 总数=59
📥 [QUEUE] 入队: msg59, priority=0, 总数=60
📥 [QUEUE] 入队: msg60, priority=0, 总数=61
📥 [QUEUE] 入队: msg61, priority=0, 总数=62
📥 [QUEUE] 入队: msg62, priority=0, 总数=63
📥 [QUEUE] 入队: msg63, priority=0, 总数=64
📥 [QUEUE] 入队: msg64, priority=0, 总数=65
📥 [QUEUE] 入队: msg65, priority=0, 总数=66
📥 [QUEUE] 入队: msg66, priority=0, 总数=67
📥 [QUEUE] 入队: msg67, priority=0, 总数=68
📥 [QUEUE] 入队: msg68, priority=0, 总数=69
📥 [QUEUE] 入队: msg69, priority=0, 总数=70
📥 [QUEUE] 入队: msg70, priority=0, 总数=71
📥 [QUEUE] 入队: msg71, priority=0, 总数=72
📥 [QUEUE] 入队: msg72, priority=0, 总数=73
📥 [QUEUE] 入队: msg73, priority=0, 总数=74
📥 [QUEUE] 入队: msg74, priority=0, 总数=75
📥 [QUEUE] 入队: msg75, priority=0, 总数=76
📥 [QUEUE] 入队: msg76, priority=0, 总数=77
📥 [QUEUE] 入队: msg77, priority=0, 总数=78
📥 [QUEUE] 入队: msg78, priority=0, 总数=79
📥 [QUEUE] 入队: msg79, priority=0, 总数=80
📥 [QUEUE] 入队: msg80, priority=0, 总数=81
📥 [QUEUE] 入队: msg81, priority=0, 总数=82
📥 [QUEUE] 入队: msg82, priority=0, 总数=83
📥 [QUEUE] 入队: msg83, priority=0, 总数=84
📥 [QUEUE] 入队: msg84, priority=0, 总数=85
📥 [QUEUE] 入队: msg85, priority=0, 总数=86
📥 [QUEUE] 入队: msg86, priority=0, 总数=87
📥 [QUEUE] 入队: msg87, priority=0, 总数=88
📥 [QUEUE] 入队: msg88, priority=0, 总数=89
📥 [QUEUE] 入队: msg89, priority=0, 总数=90
📥 [QUEUE] 入队: msg90, priority=0, 总数=91
📥 [QUEUE] 入队: msg91, priority=0, 总数=92
📥 [QUEUE] 入队: msg92, priority=0, 总数=93
📥 [QUEUE] 入队: msg93, priority=0, 总数=94
📥 [QUEUE] 入队: msg94, priority=0, 总数=95
📥 [QUEUE] 入队: msg95, priority=0, 总数=96
📥 [QUEUE] 入队: msg96, priority=0, 总数=97
📥 [QUEUE] 入队: msg97, priority=0, 总数=98
📥 [QUEUE] 入队: msg98, priority=0, 总数=99
📥 [QUEUE] 入队: msg99, priority=0, 总数=100
🧹 [QUEUE] 清空队列
00:04 +85: /Users/leeyi/project/imboy.pub/imboyapp/test/unit_test/service/websocket_send_session_test.dart: pending ACK retry framing=FramingMode.none stale=false
00:04 +85: /Users/leeyi/project/imboy.pub/imboyapp/test/unit_test/service/websocket_message_queue_enhanced_test.dart: PersistentMessageQueue 增强测试 队列统计和监控 应该记录队列操作日志
🧹 [QUEUE] 清空队列
🧹 [QUEUE] 清空队列
00:04 +86: /Users/leeyi/project/imboy.pub/imboyapp/test/unit_test/service/websocket_send_session_test.dart: pending ACK retry framing=FramingMode.none stale=false
00:04 +86: /Users/leeyi/project/imboy.pub/imboyapp/test/unit_test/service/websocket_message_queue_enhanced_test.dart: PersistentMessageQueue 增强测试 并发安全测试 应该支持并发入队
🧹 [QUEUE] 清空队列
📥 [QUEUE] 入队: msg0, priority=0, 总数=1
📥 [QUEUE] 入队: msg1, priority=0, 总数=2
📥 [QUEUE] 入队: msg2, priority=0, 总数=3
📥 [QUEUE] 入队: msg3, priority=0, 总数=4
📥 [QUEUE] 入队: msg4, priority=0, 总数=5
📥 [QUEUE] 入队: msg5, priority=0, 总数=6
📥 [QUEUE] 入队: msg6, priority=0, 总数=7
📥 [QUEUE] 入队: msg7, priority=0, 总数=8
📥 [QUEUE] 入队: msg8, priority=0, 总数=9
📥 [QUEUE] 入队: msg9, priority=0, 总数=10
🧹 [QUEUE] 清空队列
00:04 +87: /Users/leeyi/project/imboy.pub/imboyapp/test/unit_test/service/websocket_send_session_test.dart: pending ACK retry framing=FramingMode.none stale=false
00:04 +87: /Users/leeyi/project/imboy.pub/imboyapp/test/unit_test/service/websocket_message_queue_enhanced_test.dart: PersistentMessageQueue 增强测试 并发安全测试 应该支持并发出队
🧹 [QUEUE] 清空队列
📥 [QUEUE] 入队: msg0, priority=0, 总数=1
📥 [QUEUE] 入队: msg1, priority=0, 总数=2
📥 [QUEUE] 入队: msg2, priority=0, 总数=3
📥 [QUEUE] 入队: msg3, priority=0, 总数=4
📥 [QUEUE] 入队: msg4, priority=0, 总数=5
📥 [QUEUE] 入队: msg5, priority=0, 总数=6
📥 [QUEUE] 入队: msg6, priority=0, 总数=7
📥 [QUEUE] 入队: msg7, priority=0, 总数=8
📥 [QUEUE] 入队: msg8, priority=0, 总数=9
📥 [QUEUE] 入队: msg9, priority=0, 总数=10
🧹 [QUEUE] 清空队列
00:04 +88: /Users/leeyi/project/imboy.pub/imboyapp/test/unit_test/service/websocket_send_session_test.dart: pending ACK retry framing=FramingMode.none stale=false
00:04 +89: /Users/leeyi/project/imboy.pub/imboyapp/test/unit_test/service/websocket_send_session_test.dart: pending ACK retry framing=FramingMode.none stale=false
00:04 +90: /Users/leeyi/project/imboy.pub/imboyapp/test/unit_test/service/websocket_send_session_test.dart: pending ACK retry framing=FramingMode.none stale=false
00:04 +91: /Users/leeyi/project/imboy.pub/imboyapp/test/unit_test/service/websocket_send_session_test.dart: pending ACK retry framing=FramingMode.none stale=false
00:04 +92: /Users/leeyi/project/imboy.pub/imboyapp/test/unit_test/service/websocket_send_session_test.dart: pending ACK retry framing=FramingMode.none stale=false
00:04 +93: /Users/leeyi/project/imboy.pub/imboyapp/test/unit_test/service/websocket_send_session_test.dart: pending ACK retry framing=FramingMode.none stale=false
00:04 +94: /Users/leeyi/project/imboy.pub/imboyapp/test/unit_test/service/websocket_send_session_test.dart: pending ACK retry framing=FramingMode.none stale=false
00:04 +95: /Users/leeyi/project/imboy.pub/imboyapp/test/unit_test/service/websocket_send_session_test.dart: pending ACK retry framing=FramingMode.none stale=false
00:04 +96: /Users/leeyi/project/imboy.pub/imboyapp/test/unit_test/service/websocket_send_session_test.dart: pending ACK retry framing=FramingMode.none stale=false
00:04 +97: /Users/leeyi/project/imboy.pub/imboyapp/test/unit_test/service/websocket_send_session_test.dart: pending ACK retry framing=FramingMode.none stale=false
00:04 +98: /Users/leeyi/project/imboy.pub/imboyapp/test/unit_test/service/websocket_send_session_test.dart: pending ACK retry framing=FramingMode.none stale=false
00:04 +99: /Users/leeyi/project/imboy.pub/imboyapp/test/unit_test/service/websocket_send_session_test.dart: pending ACK retry framing=FramingMode.none stale=false
00:05 +99: /Users/leeyi/project/imboy.pub/imboyapp/test/unit_test/service/e2ee/retry_plaintext_guard_c2g_test.dart: (setUpAll)
🔍 [RETRY_SCAN] 开始扫描失败消息...
[38;5;196m┌───────────────────────────────────────────────────────────────────────────────────────────────────────────────────────[0m
[38;5;196m│ #0   AppLogger.error (package:imboy/service/app_logger.dart:115:18)[0m
[38;5;196m│ #1   SqliteService.query (package:imboy/service/sqlite.dart:894:17)[0m
[38;5;196m├┄┄┄┄┄┄┄┄┄┄┄┄┄┄┄┄┄┄┄┄┄┄┄┄┄┄┄┄┄┄┄┄┄┄┄┄┄┄┄┄┄┄┄┄┄┄┄┄┄┄┄┄┄┄┄┄┄┄┄┄┄┄┄┄┄┄┄┄┄┄┄┄┄┄┄┄┄┄┄┄┄┄┄┄┄┄┄┄┄┄┄┄┄┄┄┄┄┄┄┄┄┄┄┄┄┄┄┄┄┄┄┄┄┄┄┄┄┄┄[0m
[38;5;196m│ ⛔ SQL query error: table=msg_c2c, error=SqfliteFfiException(sqlite_error: 1, , SqliteException(1): while preparing statement, no such table: msg_c2c, SQL logic error (code 1)[0m
[38;5;196m│ ⛔   Causing statement: SELECT auto_id, id, type, from_id, to_id, payload, created_at, is_author, status, conversation_uk3, topic_id, msg_type, "action", e2ee, sender_did FROM msg_c2c WHERE status IN (?,?) AND is_author=? ORDER BY created_at DESC, auto_id DESC LIMIT 100}) DatabaseException(SqliteException(1): while preparing statement, no such table: msg_c2c, SQL logic error (code 1)[0m
[38;5;196m│ ⛔   Causing statement: SELECT auto_id, id, type, from_id, to_id, payload, created_at, is_author, status, conversation_uk3, topic_id, msg_type, "action", e2ee, sender_did FROM msg_c2c WHERE status IN (?,?) AND is_author=? ORDER BY created_at DESC, auto_id DESC LIMIT 100) sql 'SELECT auto_id, id, type, from_id, to_id, payload, created_at, is_author, status, conversation_uk3, topic_id, msg_type, "action", e2ee, sender_did FROM msg_c2c WHERE status IN (?,?) AND is_author=? ORDER BY created_at DESC, auto_id DESC LIMIT 100' args [10, 12, 1] {details: {database: {path: :memory:, id: 1, readOnly: false, singleInstance: false}}}[0m
[38;5;196m└───────────────────────────────────────────────────────────────────────────────────────────────────────────────────────[0m
⚠️ [RETRY_SCAN] 扫描表 c2c 失败: SqfliteFfiException(sqlite_error: 1, , SqliteException(1): while preparing statement, no such table: msg_c2c, SQL logic error (code 1)
  Causing statement: SELECT auto_id, id, type, from_id, to_id, payload, created_at, is_author, status, conversation_uk3, topic_id, msg_type, "action", e2ee, sender_did FROM msg_c2c WHERE status IN (?,?) AND is_author=? ORDER BY created_at DESC, auto_id DESC LIMIT 100}) DatabaseException(SqliteException(1): while preparing statement, no such table: msg_c2c, SQL logic error (code 1)
  Causing statement: SELECT auto_id, id, type, from_id, to_id, payload, created_at, is_author, status, conversation_uk3, topic_id, msg_type, "action", e2ee, sender_did FROM msg_c2c WHERE status IN (?,?) AND is_author=? ORDER BY created_at DESC, auto_id DESC LIMIT 100) sql 'SELECT auto_id, id, type, from_id, to_id, payload, created_at, is_author, status, conversation_uk3, topic_id, msg_type, "action", e2ee, sender_did FROM msg_c2c WHERE status IN (?,?) AND is_author=? ORDER BY created_at DESC, auto_id DESC LIMIT 100' args [10, 12, 1] {details: {database: {path: :memory:, id: 1, readOnly: false, singleInstance: false}}}
00:05 +99: /Users/leeyi/project/imboy.pub/imboyapp/test/unit_test/service/websocket_send_session_test.dart: pending ACK retry framing=FramingMode.none stale=false
00:05 +99: /Users/leeyi/project/imboy.pub/imboyapp/test/unit_test/service/e2ee/retry_plaintext_guard_c2g_test.dart: 重发明文闸门 · C2G 群级 E2EE 分支 实际发送入口：群已开 E2EE 时不受全局 plaintext 绕过
[group_session] 群 90210 E2EE 已开启
00:05 +100: /Users/leeyi/project/imboy.pub/imboyapp/test/unit_test/service/websocket_send_session_test.dart: pending ACK retry framing=FramingMode.none stale=false
00:05 +100: /Users/leeyi/project/imboy.pub/imboyapp/test/unit_test/service/e2ee/retry_plaintext_guard_c2g_test.dart: (setUpAll)
[38;5;196m┌───────────────────────────────────────────────────────────────────────────────────────────────────────────────────────[0m
[38;5;196m│ #0   AppLogger.error (package:imboy/service/app_logger.dart:115:18)[0m
[38;5;196m│ #1   SqliteService.query (package:imboy/service/sqlite.dart:894:17)[0m
[38;5;196m├┄┄┄┄┄┄┄┄┄┄┄┄┄┄┄┄┄┄┄┄┄┄┄┄┄┄┄┄┄┄┄┄┄┄┄┄┄┄┄┄┄┄┄┄┄┄┄┄┄┄┄┄┄┄┄┄┄┄┄┄┄┄┄┄┄┄┄┄┄┄┄┄┄┄┄┄┄┄┄┄┄┄┄┄┄┄┄┄┄┄┄┄┄┄┄┄┄┄┄┄┄┄┄┄┄┄┄┄┄┄┄┄┄┄┄┄┄┄┄[0m
[38;5;196m│ ⛔ SQL query error: table=msg_c2s, error=SqfliteFfiException(sqlite_error: 1, , SqliteException(1): while preparing statement, no such table: msg_c2s, SQL logic error (code 1)[0m
[38;5;196m│ ⛔   Causing statement: SELECT auto_id, id, type, from_id, to_id, payload, created_at, is_author, status, conversation_uk3, topic_id, msg_type, "action", e2ee FROM msg_c2s WHERE status IN (?,?) AND is_author=? ORDER BY created_at DESC, auto_id DESC LIMIT 100}) DatabaseException(SqliteException(1): while preparing statement, no such table: msg_c2s, SQL logic error (code 1)[0m
[38;5;196m│ ⛔   Causing statement: SELECT auto_id, id, type, from_id, to_id, payload, created_at, is_author, status, conversation_uk3, topic_id, msg_type, "action", e2ee FROM msg_c2s WHERE status IN (?,?) AND is_author=? ORDER BY created_at DESC, auto_id DESC LIMIT 100) sql 'SELECT auto_id, id, type, from_id, to_id, payload, created_at, is_author, status, conversation_uk3, topic_id, msg_type, "action", e2ee FROM msg_c2s WHERE status IN (?,?) AND is_author=? ORDER BY created_at DESC, auto_id DESC LIMIT 100' args [10, 12, 1] {details: {database: {path: :memory:, id: 1, readOnly: false, singleInstance: false}}}[0m
[38;5;196m└───────────────────────────────────────────────────────────────────────────────────────────────────────────────────────[0m
⚠️ [RETRY_SCAN] 扫描表 c2s 失败: SqfliteFfiException(sqlite_error: 1, , SqliteException(1): while preparing statement, no such table: msg_c2s, SQL logic error (code 1)
  Causing statement: SELECT auto_id, id, type, from_id, to_id, payload, created_at, is_author, status, conversation_uk3, topic_id, msg_type, "action", e2ee FROM msg_c2s WHERE status IN (?,?) AND is_author=? ORDER BY created_at DESC, auto_id DESC LIMIT 100}) DatabaseException(SqliteException(1): while preparing statement, no such table: msg_c2s, SQL logic error (code 1)
  Causing statement: SELECT auto_id, id, type, from_id, to_id, payload, created_at, is_author, status, conversation_uk3, topic_id, msg_type, "action", e2ee FROM msg_c2s WHERE status IN (?,?) AND is_author=? ORDER BY created_at DESC, auto_id DESC LIMIT 100) sql 'SELECT auto_id, id, type, from_id, to_id, payload, created_at, is_author, status, conversation_uk3, topic_id, msg_type, "action", e2ee FROM msg_c2s WHERE status IN (?,?) AND is_author=? ORDER BY created_at DESC, auto_id DESC LIMIT 100' args [10, 12, 1] {details: {database: {path: :memory:, id: 1, readOnly: false, singleInstance: false}}}
📊 [RETRY_SCAN] 扫描完成: 发现 0 条失败消息，添加 0 条到重试队列
00:05 +100: /Users/leeyi/project/imboy.pub/imboyapp/test/unit_test/service/e2ee/retry_plaintext_guard_c2g_test.dart: 重发明文闸门 · C2G 群级 E2EE 分支 对照组：群未开 E2EE + 全局 plaintext → 明文行必须照常重投
清除缓存: msg_c2g, 移除了 0 个缓存条目
消息加入重试队列: gg0000000000000ct01, type=C2G
[38;5;196m┌───────────────────────────────────────────────────────────────────────────────────────────────────────────────────────[0m
[38;5;196m│ #0   AppLogger.error (package:imboy/service/app_logger.dart:115:18)[0m
[38;5;196m│ #1   SqliteService.execute.<anonymous closure> (package:imboy/service/sqlite.dart:831:21)[0m
[38;5;196m├┄┄┄┄┄┄┄┄┄┄┄┄┄┄┄┄┄┄┄┄┄┄┄┄┄┄┄┄┄┄┄┄┄┄┄┄┄┄┄┄┄┄┄┄┄┄┄┄┄┄┄┄┄┄┄┄┄┄┄┄┄┄┄┄┄┄┄┄┄┄┄┄┄┄┄┄┄┄┄┄┄┄┄┄┄┄┄┄┄┄┄┄┄┄┄┄┄┄┄┄┄┄┄┄┄┄┄┄┄┄┄┄┄┄┄┄┄┄┄[0m
[38;5;196m│ ⛔ Execute error: SqfliteFfiException(sqlite_error: 1, , SqliteException(1): while preparing statement, no such table: msg_c2g_fts, SQL logic error (code 1)[0m
[38;5;196m│ ⛔   Causing statement: DELETE FROM msg_c2g_fts WHERE id = ?}) DatabaseException(SqliteException(1): while preparing statement, no such table: msg_c2g_fts, SQL logic error (code 1)[0m
[38;5;196m│ ⛔   Causing statement: DELETE FROM msg_c2g_fts WHERE id = ?) sql 'DELETE FROM msg_c2g_fts WHERE id = ?' args [gg0000000000000ct01] {details: {database: {path: :memory:, id: 1, readOnly: false, singleInstance: false}}}[0m
[38;5;196m└───────────────────────────────────────────────────────────────────────────────────────────────────────────────────────[0m
[FTS] C2G 索引写入失败: SqfliteFfiException(sqlite_error: 1, , SqliteException(1): while preparing statement, no such table: msg_c2g_fts, SQL logic error (code 1)
  Causing statement: DELETE FROM msg_c2g_fts WHERE id = ?}) DatabaseException(SqliteException(1): while preparing statement, no such table: msg_c2g_fts, SQL logic error (code 1)
  Causing statement: DELETE FROM msg_c2g_fts WHERE id = ?) sql 'DELETE FROM msg_c2g_fts WHERE id = ?' args [gg0000000000000ct01] {details: {database: {path: :memory:, id: 1, readOnly: false, singleInstance: false}}}
message_repo/updateWithConditions msg_c2g ; where: id = ? AND status = ?
message_repo/updateWithConditions msg_c2g ; where: id = ? AND status IN (?, ?, ?)
清除缓存: msg_c2g, 移除了 0 个缓存条目
重试发送消息: gg0000000000000ct01, 第1次重试
消息重试已提交，等待确认: gg0000000000000ct01
✅ [MessageTypeNormalizer] 有效类型: text
*** Request ***
uri: http://127.0.0.1:9800/api/v1/user/show?id=1001
method: GET
responseType: ResponseType.json
followRedirects: true
persistentConnection: true
connectTimeout: 0:01:00.000000
sendTimeout: 0:01:00.000000
receiveTimeout: 0:01:00.000000
transformTimeout: null
receiveDataWhenStatusError: true
extra: {}

*** Response ***
uri: http://127.0.0.1:9800/api/v1/user/show?id=1001

00:05 +101: /Users/leeyi/project/imboy.pub/imboyapp/test/unit_test/service/websocket_send_session_test.dart: pending ACK retry framing=FramingMode.none stale=false
00:05 +101: /Users/leeyi/project/imboy.pub/imboyapp/test/unit_test/service/e2ee/retry_plaintext_guard_c2g_test.dart: 重发明文闸门 · C2G 群级 E2EE 分支 群已开 E2EE + 全局 plaintext + 明文行 → 不得出网
[group_session] 群 90210 E2EE 已开启
清除缓存: msg_c2g, 移除了 0 个缓存条目
消息加入重试队列: gg0000000000000ct02, type=C2G
[38;5;196m┌───────────────────────────────────────────────────────────────────────────────────────────────────────────────────────[0m
[38;5;196m│ #0   AppLogger.error (package:imboy/service/app_logger.dart:115:18)[0m
[38;5;196m│ #1   SqliteService.execute.<anonymous closure> (package:imboy/service/sqlite.dart:831:21)[0m
[38;5;196m├┄┄┄┄┄┄┄┄┄┄┄┄┄┄┄┄┄┄┄┄┄┄┄┄┄┄┄┄┄┄┄┄┄┄┄┄┄┄┄┄┄┄┄┄┄┄┄┄┄┄┄┄┄┄┄┄┄┄┄┄┄┄┄┄┄┄┄┄┄┄┄┄┄┄┄┄┄┄┄┄┄┄┄┄┄┄┄┄┄┄┄┄┄┄┄┄┄┄┄┄┄┄┄┄┄┄┄┄┄┄┄┄┄┄┄┄┄┄┄[0m
[38;5;196m│ ⛔ Execute error: SqfliteFfiException(sqlite_error: 1, , SqliteException(1): while preparing statement, no such table: msg_c2g_fts, SQL logic error (code 1)[0m
[38;5;196m│ ⛔   Causing statement: DELETE FROM msg_c2g_fts WHERE id = ?}) DatabaseException(SqliteException(1): while preparing statement, no such table: msg_c2g_fts, SQL logic error (code 1)[0m
[38;5;196m│ ⛔   Causing statement: DELETE FROM msg_c2g_fts WHERE id = ?) sql 'DELETE FROM msg_c2g_fts WHERE id = ?' args [gg0000000000000ct02] {details: {database: {path: :memory:, id: 1, readOnly: false, singleInstance: false}}}[0m
[38;5;196m└───────────────────────────────────────────────────────────────────────────────────────────────────────────────────────[0m
[FTS] C2G 索引写入失败: SqfliteFfiException(sqlite_error: 1, , SqliteException(1): while preparing statement, no such table: msg_c2g_fts, SQL logic error (code 1)
  Causing statement: DELETE FROM msg_c2g_fts WHERE id = ?}) DatabaseException(SqliteException(1): while preparing statement, no such table: msg_c2g_fts, SQL logic error (code 1)
  Causing statement: DELETE FROM msg_c2g_fts WHERE id = ?) sql 'DELETE FROM msg_c2g_fts WHERE id = ?' args [gg0000000000000ct02] {details: {database: {path: :memory:, id: 1, readOnly: false, singleInstance: false}}}
message_repo/updateWithConditions msg_c2g ; where: id = ? AND status = ?
🚫 [RETRY] 未加密消息不得重发，已拦下: gg0000000000000ct02
message_repo/update msg_c2g ;
清除缓存: msg_c2g, 移除了 0 个缓存条目
✅ [MessageTypeNormalizer] 有效类型: text
*** Request ***
uri: http://127.0.0.1:9800/api/v1/user/show?id=1001
method: GET
responseType: ResponseType.json
followRedirects: true
persistentConnection: true
connectTimeout: 0:01:00.000000
sendTimeout: 0:01:00.000000
receiveTimeout: 0:01:00.000000
transformTimeout: null
receiveDataWhenStatusError: true
extra: {}

*** Response ***
uri: http://127.0.0.1:9800/api/v1/user/show?id=1001

❌ [RETRY] 达到最大重试次数，标记消息失败: gg0000000000000ct02
00:05 +102: /Users/leeyi/project/imboy.pub/imboyapp/test/unit_test/service/websocket_send_session_test.dart: pending ACK retry framing=FramingMode.none stale=false
00:05 +102: /Users/leeyi/project/imboy.pub/imboyapp/test/unit_test/service/e2ee/retry_plaintext_guard_c2g_test.dart: 重发明文闸门 · C2G 群级 E2EE 分支 手动重试：群已开 E2EE + 明文行 → 不得出网
[group_session] 群 90210 E2EE 已开启
清除缓存: msg_c2g, 移除了 0 个缓存条目
[38;5;196m┌───────────────────────────────────────────────────────────────────────────────────────────────────────────────────────[0m
[38;5;196m│ #0   AppLogger.error (package:imboy/service/app_logger.dart:115:18)[0m
[38;5;196m│ #1   SqliteService.execute.<anonymous closure> (package:imboy/service/sqlite.dart:831:21)[0m
[38;5;196m├┄┄┄┄┄┄┄┄┄┄┄┄┄┄┄┄┄┄┄┄┄┄┄┄┄┄┄┄┄┄┄┄┄┄┄┄┄┄┄┄┄┄┄┄┄┄┄┄┄┄┄┄┄┄┄┄┄┄┄┄┄┄┄┄┄┄┄┄┄┄┄┄┄┄┄┄┄┄┄┄┄┄┄┄┄┄┄┄┄┄┄┄┄┄┄┄┄┄┄┄┄┄┄┄┄┄┄┄┄┄┄┄┄┄┄┄┄┄┄[0m
[38;5;196m│ ⛔ Execute error: SqfliteFfiException(sqlite_error: 1, , SqliteException(1): while preparing statement, no such table: msg_c2g_fts, SQL logic error (code 1)[0m
[38;5;196m│ ⛔   Causing statement: DELETE FROM msg_c2g_fts WHERE id = ?}) DatabaseException(SqliteException(1): while preparing statement, no such table: msg_c2g_fts, SQL logic error (code 1)[0m
[38;5;196m│ ⛔   Causing statement: DELETE FROM msg_c2g_fts WHERE id = ?) sql 'DELETE FROM msg_c2g_fts WHERE id = ?' args [gg0000000000000ct04] {details: {database: {path: :memory:, id: 1, readOnly: false, singleInstance: false}}}[0m
[38;5;196m└───────────────────────────────────────────────────────────────────────────────────────────────────────────────────────[0m
[FTS] C2G 索引写入失败: SqfliteFfiException(sqlite_error: 1, , SqliteException(1): while preparing statement, no such table: msg_c2g_fts, SQL logic error (code 1)
  Causing statement: DELETE FROM msg_c2g_fts WHERE id = ?}) DatabaseException(SqliteException(1): while preparing statement, no such table: msg_c2g_fts, SQL logic error (code 1)
  Causing statement: DELETE FROM msg_c2g_fts WHERE id = ?) sql 'DELETE FROM msg_c2g_fts WHERE id = ?' args [gg0000000000000ct04] {details: {database: {path: :memory:, id: 1, readOnly: false, singleInstance: false}}}
🚫 [MANUAL_RETRY] 未加密消息不得重发，已拦下: gg0000000000000ct04
00:05 +103: /Users/leeyi/project/imboy.pub/imboyapp/test/unit_test/service/websocket_send_session_test.dart: pending ACK retry framing=FramingMode.none stale=false
00:05 +103: /Users/leeyi/project/imboy.pub/imboyapp/test/unit_test/service/e2ee/retry_plaintext_guard_c2g_test.dart: 重发明文闸门 · C2G 群级 E2EE 分支 正向可用性：群已开 E2EE + 已加密行 → 必须照常重投
[group_session] 群 90210 E2EE 已开启
清除缓存: msg_c2g, 移除了 0 个缓存条目
消息加入重试队列: gg0000000000000ct03, type=C2G
[38;5;196m┌───────────────────────────────────────────────────────────────────────────────────────────────────────────────────────[0m
[38;5;196m│ #0   AppLogger.error (package:imboy/service/app_logger.dart:115:18)[0m
[38;5;196m│ #1   SqliteService.execute.<anonymous closure> (package:imboy/service/sqlite.dart:831:21)[0m
[38;5;196m├┄┄┄┄┄┄┄┄┄┄┄┄┄┄┄┄┄┄┄┄┄┄┄┄┄┄┄┄┄┄┄┄┄┄┄┄┄┄┄┄┄┄┄┄┄┄┄┄┄┄┄┄┄┄┄┄┄┄┄┄┄┄┄┄┄┄┄┄┄┄┄┄┄┄┄┄┄┄┄┄┄┄┄┄┄┄┄┄┄┄┄┄┄┄┄┄┄┄┄┄┄┄┄┄┄┄┄┄┄┄┄┄┄┄┄┄┄┄┄[0m
[38;5;196m│ ⛔ Execute error: SqfliteFfiException(sqlite_error: 1, , SqliteException(1): while preparing statement, no such table: msg_c2g_fts, SQL logic error (code 1)[0m
[38;5;196m│ ⛔   Causing statement: DELETE FROM msg_c2g_fts WHERE id = ?}) DatabaseException(SqliteException(1): while preparing statement, no such table: msg_c2g_fts, SQL logic error (code 1)[0m
[38;5;196m│ ⛔   Causing statement: DELETE FROM msg_c2g_fts WHERE id = ?) sql 'DELETE FROM msg_c2g_fts WHERE id = ?' args [gg0000000000000ct03] {details: {database: {path: :memory:, id: 1, readOnly: false, singleInstance: false}}}[0m
[38;5;196m└───────────────────────────────────────────────────────────────────────────────────────────────────────────────────────[0m
[FTS] C2G 索引写入失败: SqfliteFfiException(sqlite_error: 1, , SqliteException(1): while preparing statement, no such table: msg_c2g_fts, SQL logic error (code 1)
  Causing statement: DELETE FROM msg_c2g_fts WHERE id = ?}) DatabaseException(SqliteException(1): while preparing statement, no such table: msg_c2g_fts, SQL logic error (code 1)
  Causing statement: DELETE FROM msg_c2g_fts WHERE id = ?) sql 'DELETE FROM msg_c2g_fts WHERE id = ?' args [gg0000000000000ct03] {details: {database: {path: :memory:, id: 1, readOnly: false, singleInstance: false}}}
message_repo/updateWithConditions msg_c2g ; where: id = ? AND status = ?
message_repo/updateWithConditions msg_c2g ; where: id = ? AND status IN (?, ?, ?)
清除缓存: msg_c2g, 移除了 0 个缓存条目
重试发送消息: gg0000000000000ct03, 第1次重试
消息重试已提交，等待确认: gg0000000000000ct03
✅ [MessageTypeNormalizer] 有效类型: text
*** Request ***
uri: http://127.0.0.1:9800/api/v1/user/show?id=1001
method: GET
responseType: ResponseType.json
followRedirects: true
persistentConnection: true
connectTimeout: 0:01:00.000000
sendTimeout: 0:01:00.000000
receiveTimeout: 0:01:00.000000
transformTimeout: null
receiveDataWhenStatusError: true
extra: {}

*** Response ***
uri: http://127.0.0.1:9800/api/v1/user/show?id=1001

00:05 +104: /Users/leeyi/project/imboy.pub/imboyapp/test/unit_test/service/websocket_send_session_test.dart: pending ACK retry framing=FramingMode.none stale=false
00:05 +105: /Users/leeyi/project/imboy.pub/imboyapp/test/unit_test/service/websocket_send_session_test.dart: pending ACK retry framing=FramingMode.none stale=false
00:05 +106: /Users/leeyi/project/imboy.pub/imboyapp/test/unit_test/service/websocket_send_session_test.dart: pending ACK retry framing=FramingMode.none stale=false
00:05 +107: /Users/leeyi/project/imboy.pub/imboyapp/test/unit_test/service/websocket_send_session_test.dart: pending ACK retry framing=FramingMode.none stale=false
00:05 +108: /Users/leeyi/project/imboy.pub/imboyapp/test/unit_test/service/websocket_send_session_test.dart: pending ACK retry framing=FramingMode.none stale=false
00:05 +109: /Users/leeyi/project/imboy.pub/imboyapp/test/unit_test/service/websocket_send_session_test.dart: pending ACK retry framing=FramingMode.none stale=false
🔄 [ACK_MANAGER] ACK重试 1/4: msgId=1001
✅ [ACK_MANAGER] ACK发送成功: msgId=1001, retryCount=1
> ws: 消息已发送 (1001) [UNKNOWN] [36 bytes]
00:05 +109: /Users/leeyi/project/imboy.pub/imboyapp/test/unit_test/service/e2ee/retry_plaintext_guard_integration_test.dart: (setUpAll)
🔍 [RETRY_SCAN] 开始扫描失败消息...
00:05 +109: /Users/leeyi/project/imboy.pub/imboyapp/test/unit_test/service/websocket_send_session_test.dart: pending ACK retry framing=FramingMode.none stale=false
🗑️ [ACK_MANAGER] 已取消所有 Timer
🛑 [QUEUE] 停止定期清理 Timer
🧹 [QUEUE] 清空队列
00:05 +110: /Users/leeyi/project/imboy.pub/imboyapp/test/unit_test/service/websocket_heartbeat_test.dart: WebSocket 心跳机制测试 心跳超时检测 应该检测心跳超时
00:05 +110: /Users/leeyi/project/imboy.pub/imboyapp/test/unit_test/service/websocket_send_session_test.dart: pending ACK retry framing=FramingMode.none stale=true
✅ [ACK_MANAGER] AckManager initialized
📤 [ACK_MANAGER] 发送ACK: msgId=1001, type=C2C, retryCount=0
✅ [ACK_MANAGER] ACK发送成功: msgId=1001, retryCount=0
> ws: 消息已发送 (1001) [UNKNOWN] [36 bytes]
00:05 +110: /Users/leeyi/project/imboy.pub/imboyapp/test/unit_test/service/e2ee/retry_plaintext_guard_integration_test.dart: (setUpAll)
[38;5;196m┌───────────────────────────────────────────────────────────────────────────────────────────────────────────────────────[0m
[38;5;196m│ #0   AppLogger.error (package:imboy/service/app_logger.dart:115:18)[0m
[38;5;196m│ #1   SqliteService.query (package:imboy/service/sqlite.dart:894:17)[0m
[38;5;196m├┄┄┄┄┄┄┄┄┄┄┄┄┄┄┄┄┄┄┄┄┄┄┄┄┄┄┄┄┄┄┄┄┄┄┄┄┄┄┄┄┄┄┄┄┄┄┄┄┄┄┄┄┄┄┄┄┄┄┄┄┄┄┄┄┄┄┄┄┄┄┄┄┄┄┄┄┄┄┄┄┄┄┄┄┄┄┄┄┄┄┄┄┄┄┄┄┄┄┄┄┄┄┄┄┄┄┄┄┄┄┄┄┄┄┄┄┄┄┄[0m
[38;5;196m│ ⛔ SQL query error: table=msg_c2g, error=SqfliteFfiException(sqlite_error: 1, , SqliteException(1): while preparing statement, no such table: msg_c2g, SQL logic error (code 1)[0m
[38;5;196m│ ⛔   Causing statement: SELECT auto_id, id, type, from_id, to_id, payload, created_at, is_author, status, conversation_uk3, topic_id, msg_type, "action", e2ee FROM msg_c2g WHERE status IN (?,?) AND is_author=? ORDER BY created_at DESC, auto_id DESC LIMIT 100}) DatabaseException(SqliteException(1): while preparing statement, no such table: msg_c2g, SQL logic error (code 1)[0m
[38;5;196m│ ⛔   Causing statement: SELECT auto_id, id, type, from_id, to_id, payload, created_at, is_author, status, conversation_uk3, topic_id, msg_type, "action", e2ee FROM msg_c2g WHERE status IN (?,?) AND is_author=? ORDER BY created_at DESC, auto_id DESC LIMIT 100) sql 'SELECT auto_id, id, type, from_id, to_id, payload, created_at, is_author, status, conversation_uk3, topic_id, msg_type, "action", e2ee FROM msg_c2g WHERE status IN (?,?) AND is_author=? ORDER BY created_at DESC, auto_id DESC LIMIT 100' args [10, 12, 1] {details: {database: {path: :memory:, id: 1, readOnly: false, singleInstance: false}}}[0m
[38;5;196m└───────────────────────────────────────────────────────────────────────────────────────────────────────────────────────[0m
⚠️ [RETRY_SCAN] 扫描表 c2g 失败: SqfliteFfiException(sqlite_error: 1, , SqliteException(1): while preparing statement, no such table: msg_c2g, SQL logic error (code 1)
  Causing statement: SELECT auto_id, id, type, from_id, to_id, payload, created_at, is_author, status, conversation_uk3, topic_id, msg_type, "action", e2ee FROM msg_c2g WHERE status IN (?,?) AND is_author=? ORDER BY created_at DESC, auto_id DESC LIMIT 100}) DatabaseException(SqliteException(1): while preparing statement, no such table: msg_c2g, SQL logic error (code 1)
  Causing statement: SELECT auto_id, id, type, from_id, to_id, payload, created_at, is_author, status, conversation_uk3, topic_id, msg_type, "action", e2ee FROM msg_c2g WHERE status IN (?,?) AND is_author=? ORDER BY created_at DESC, auto_id DESC LIMIT 100) sql 'SELECT auto_id, id, type, from_id, to_id, payload, created_at, is_author, status, conversation_uk3, topic_id, msg_type, "action", e2ee FROM msg_c2g WHERE status IN (?,?) AND is_author=? ORDER BY created_at DESC, auto_id DESC LIMIT 100' args [10, 12, 1] {details: {database: {path: :memory:, id: 1, readOnly: false, singleInstance: false}}}
[38;5;196m┌───────────────────────────────────────────────────────────────────────────────────────────────────────────────────────[0m
[38;5;196m│ #0   AppLogger.error (package:imboy/service/app_logger.dart:115:18)[0m
[38;5;196m│ #1   SqliteService.query (package:imboy/service/sqlite.dart:894:17)[0m
[38;5;196m├┄┄┄┄┄┄┄┄┄┄┄┄┄┄┄┄┄┄┄┄┄┄┄┄┄┄┄┄┄┄┄┄┄┄┄┄┄┄┄┄┄┄┄┄┄┄┄┄┄┄┄┄┄┄┄┄┄┄┄┄┄┄┄┄┄┄┄┄┄┄┄┄┄┄┄┄┄┄┄┄┄┄┄┄┄┄┄┄┄┄┄┄┄┄┄┄┄┄┄┄┄┄┄┄┄┄┄┄┄┄┄┄┄┄┄┄┄┄┄[0m
[38;5;196m│ ⛔ SQL query error: table=msg_c2s, error=SqfliteFfiException(sqlite_error: 1, , SqliteException(1): while preparing statement, no such table: msg_c2s, SQL logic error (code 1)[0m
[38;5;196m│ ⛔   Causing statement: SELECT auto_id, id, type, from_id, to_id, payload, created_at, is_author, status, conversation_uk3, topic_id, msg_type, "action", e2ee FROM msg_c2s WHERE status IN (?,?) AND is_author=? ORDER BY created_at DESC, auto_id DESC LIMIT 100}) DatabaseException(SqliteException(1): while preparing statement, no such table: msg_c2s, SQL logic error (code 1)[0m
[38;5;196m│ ⛔   Causing statement: SELECT auto_id, id, type, from_id, to_id, payload, created_at, is_author, status, conversation_uk3, topic_id, msg_type, "action", e2ee FROM msg_c2s WHERE status IN (?,?) AND is_author=? ORDER BY created_at DESC, auto_id DESC LIMIT 100) sql 'SELECT auto_id, id, type, from_id, to_id, payload, created_at, is_author, status, conversation_uk3, topic_id, msg_type, "action", e2ee FROM msg_c2s WHERE status IN (?,?) AND is_author=? ORDER BY created_at DESC, auto_id DESC LIMIT 100' args [10, 12, 1] {details: {database: {path: :memory:, id: 1, readOnly: false, singleInstance: false}}}[0m
[38;5;196m└───────────────────────────────────────────────────────────────────────────────────────────────────────────────────────[0m
⚠️ [RETRY_SCAN] 扫描表 c2s 失败: SqfliteFfiException(sqlite_error: 1, , SqliteException(1): while preparing statement, no such table: msg_c2s, SQL logic error (code 1)
  Causing statement: SELECT auto_id, id, type, from_id, to_id, payload, created_at, is_author, status, conversation_uk3, topic_id, msg_type, "action", e2ee FROM msg_c2s WHERE status IN (?,?) AND is_author=? ORDER BY created_at DESC, auto_id DESC LIMIT 100}) DatabaseException(SqliteException(1): while preparing statement, no such table: msg_c2s, SQL logic error (code 1)
  Causing statement: SELECT auto_id, id, type, from_id, to_id, payload, created_at, is_author, status, conversation_uk3, topic_id, msg_type, "action", e2ee FROM msg_c2s WHERE status IN (?,?) AND is_author=? ORDER BY created_at DESC, auto_id DESC LIMIT 100) sql 'SELECT auto_id, id, type, from_id, to_id, payload, created_at, is_author, status, conversation_uk3, topic_id, msg_type, "action", e2ee FROM msg_c2s WHERE status IN (?,?) AND is_author=? ORDER BY created_at DESC, auto_id DESC LIMIT 100' args [10, 12, 1] {details: {database: {path: :memory:, id: 1, readOnly: false, singleInstance: false}}}
📊 [RETRY_SCAN] 扫描完成: 发现 0 条失败消息，添加 0 条到重试队列
00:05 +110: /Users/leeyi/project/imboy.pub/imboyapp/test/unit_test/service/websocket_heartbeat_test.dart: WebSocket 心跳机制测试 心跳超时检测 应该检测心跳超时
00:05 +110: /Users/leeyi/project/imboy.pub/imboyapp/test/unit_test/service/e2ee/retry_plaintext_guard_integration_test.dart: 重发路径明文闸门（真 SQLite + 真事件总线） 对照组：部署本就明文 → 明文行必须照常重投
清除缓存: msg_c2c, 移除了 0 个缓存条目
消息加入重试队列: gd0000000000000pt01, type=C2C
[38;5;196m┌───────────────────────────────────────────────────────────────────────────────────────────────────────────────────────[0m
[38;5;196m│ #0   AppLogger.error (package:imboy/service/app_logger.dart:115:18)[0m
[38;5;196m│ #1   SqliteService.execute.<anonymous closure> (package:imboy/service/sqlite.dart:831:21)[0m
[38;5;196m├┄┄┄┄┄┄┄┄┄┄┄┄┄┄┄┄┄┄┄┄┄┄┄┄┄┄┄┄┄┄┄┄┄┄┄┄┄┄┄┄┄┄┄┄┄┄┄┄┄┄┄┄┄┄┄┄┄┄┄┄┄┄┄┄┄┄┄┄┄┄┄┄┄┄┄┄┄┄┄┄┄┄┄┄┄┄┄┄┄┄┄┄┄┄┄┄┄┄┄┄┄┄┄┄┄┄┄┄┄┄┄┄┄┄┄┄┄┄┄[0m
[38;5;196m│ ⛔ Execute error: SqfliteFfiException(sqlite_error: 1, , SqliteException(1): while preparing statement, no such table: msg_c2c_fts, SQL logic error (code 1)[0m
[38;5;196m│ ⛔   Causing statement: DELETE FROM msg_c2c_fts WHERE id = ?}) DatabaseException(SqliteException(1): while preparing statement, no such table: msg_c2c_fts, SQL logic error (code 1)[0m
[38;5;196m│ ⛔   Causing statement: DELETE FROM msg_c2c_fts WHERE id = ?) sql 'DELETE FROM msg_c2c_fts WHERE id = ?' args [gd0000000000000pt01] {details: {database: {path: :memory:, id: 1, readOnly: false, singleInstance: false}}}[0m
[38;5;196m└───────────────────────────────────────────────────────────────────────────────────────────────────────────────────────[0m
[FTS] C2C 索引写入失败: SqfliteFfiException(sqlite_error: 1, , SqliteException(1): while preparing statement, no such table: msg_c2c_fts, SQL logic error (code 1)
  Causing statement: DELETE FROM msg_c2c_fts WHERE id = ?}) DatabaseException(SqliteException(1): while preparing statement, no such table: msg_c2c_fts, SQL logic error (code 1)
  Causing statement: DELETE FROM msg_c2c_fts WHERE id = ?) sql 'DELETE FROM msg_c2c_fts WHERE id = ?' args [gd0000000000000pt01] {details: {database: {path: :memory:, id: 1, readOnly: false, singleInstance: false}}}
message_repo/updateWithConditions msg_c2c ; where: id = ? AND status = ?
message_repo/updateWithConditions msg_c2c ; where: id = ? AND status IN (?, ?, ?)
清除缓存: msg_c2c, 移除了 0 个缓存条目
重试发送消息: gd0000000000000pt01, 第1次重试
消息重试已提交，等待确认: gd0000000000000pt01
✅ [MessageTypeNormalizer] 有效类型: text
00:05 +111: /Users/leeyi/project/imboy.pub/imboyapp/test/unit_test/service/websocket_heartbeat_test.dart: WebSocket 心跳机制测试 心跳超时检测 应该检测心跳超时
00:05 +111: /Users/leeyi/project/imboy.pub/imboyapp/test/unit_test/service/e2ee/retry_plaintext_guard_integration_test.dart: 重发路径明文闸门（真 SQLite + 真事件总线） 部署要求加密 + 明文行 → 不得出网
清除缓存: msg_c2c, 移除了 0 个缓存条目
消息加入重试队列: gd0000000000000pt02, type=C2C
[38;5;196m┌───────────────────────────────────────────────────────────────────────────────────────────────────────────────────────[0m
[38;5;196m│ #0   AppLogger.error (package:imboy/service/app_logger.dart:115:18)[0m
[38;5;196m│ #1   SqliteService.execute.<anonymous closure> (package:imboy/service/sqlite.dart:831:21)[0m
[38;5;196m├┄┄┄┄┄┄┄┄┄┄┄┄┄┄┄┄┄┄┄┄┄┄┄┄┄┄┄┄┄┄┄┄┄┄┄┄┄┄┄┄┄┄┄┄┄┄┄┄┄┄┄┄┄┄┄┄┄┄┄┄┄┄┄┄┄┄┄┄┄┄┄┄┄┄┄┄┄┄┄┄┄┄┄┄┄┄┄┄┄┄┄┄┄┄┄┄┄┄┄┄┄┄┄┄┄┄┄┄┄┄┄┄┄┄┄┄┄┄┄[0m
[38;5;196m│ ⛔ Execute error: SqfliteFfiException(sqlite_error: 1, , SqliteException(1): while preparing statement, no such table: msg_c2c_fts, SQL logic error (code 1)[0m
[38;5;196m│ ⛔   Causing statement: DELETE FROM msg_c2c_fts WHERE id = ?}) DatabaseException(SqliteException(1): while preparing statement, no such table: msg_c2c_fts, SQL logic error (code 1)[0m
[38;5;196m│ ⛔   Causing statement: DELETE FROM msg_c2c_fts WHERE id = ?) sql 'DELETE FROM msg_c2c_fts WHERE id = ?' args [gd0000000000000pt02] {details: {database: {path: :memory:, id: 1, readOnly: false, singleInstance: false}}}[0m
[38;5;196m└───────────────────────────────────────────────────────────────────────────────────────────────────────────────────────[0m
[FTS] C2C 索引写入失败: SqfliteFfiException(sqlite_error: 1, , SqliteException(1): while preparing statement, no such table: msg_c2c_fts, SQL logic error (code 1)
  Causing statement: DELETE FROM msg_c2c_fts WHERE id = ?}) DatabaseException(SqliteException(1): while preparing statement, no such table: msg_c2c_fts, SQL logic error (code 1)
  Causing statement: DELETE FROM msg_c2c_fts WHERE id = ?) sql 'DELETE FROM msg_c2c_fts WHERE id = ?' args [gd0000000000000pt02] {details: {database: {path: :memory:, id: 1, readOnly: false, singleInstance: false}}}
message_repo/updateWithConditions msg_c2c ; where: id = ? AND status = ?
🚫 [RETRY] 未加密消息不得重发，已拦下: gd0000000000000pt02
message_repo/update msg_c2c ;
清除缓存: msg_c2c, 移除了 0 个缓存条目
✅ [MessageTypeNormalizer] 有效类型: text
❌ [RETRY] 达到最大重试次数，标记消息失败: gd0000000000000pt02
00:05 +112: /Users/leeyi/project/imboy.pub/imboyapp/test/unit_test/service/websocket_heartbeat_test.dart: WebSocket 心跳机制测试 心跳超时检测 应该检测心跳超时
00:05 +112: /Users/leeyi/project/imboy.pub/imboyapp/test/unit_test/service/e2ee/retry_plaintext_guard_integration_test.dart: 重发路径明文闸门（真 SQLite + 真事件总线） 正向可用性：部署要求加密 + 已加密行 → 必须照常重投
清除缓存: msg_c2c, 移除了 0 个缓存条目
消息加入重试队列: gd0000000000000pt03, type=C2C
[38;5;196m┌───────────────────────────────────────────────────────────────────────────────────────────────────────────────────────[0m
[38;5;196m│ #0   AppLogger.error (package:imboy/service/app_logger.dart:115:18)[0m
[38;5;196m│ #1   SqliteService.execute.<anonymous closure> (package:imboy/service/sqlite.dart:831:21)[0m
[38;5;196m├┄┄┄┄┄┄┄┄┄┄┄┄┄┄┄┄┄┄┄┄┄┄┄┄┄┄┄┄┄┄┄┄┄┄┄┄┄┄┄┄┄┄┄┄┄┄┄┄┄┄┄┄┄┄┄┄┄┄┄┄┄┄┄┄┄┄┄┄┄┄┄┄┄┄┄┄┄┄┄┄┄┄┄┄┄┄┄┄┄┄┄┄┄┄┄┄┄┄┄┄┄┄┄┄┄┄┄┄┄┄┄┄┄┄┄┄┄┄┄[0m
[38;5;196m│ ⛔ Execute error: SqfliteFfiException(sqlite_error: 1, , SqliteException(1): while preparing statement, no such table: msg_c2c_fts, SQL logic error (code 1)[0m
[38;5;196m│ ⛔   Causing statement: DELETE FROM msg_c2c_fts WHERE id = ?}) DatabaseException(SqliteException(1): while preparing statement, no such table: msg_c2c_fts, SQL logic error (code 1)[0m
[38;5;196m│ ⛔   Causing statement: DELETE FROM msg_c2c_fts WHERE id = ?) sql 'DELETE FROM msg_c2c_fts WHERE id = ?' args [gd0000000000000pt03] {details: {database: {path: :memory:, id: 1, readOnly: false, singleInstance: false}}}[0m
[38;5;196m└───────────────────────────────────────────────────────────────────────────────────────────────────────────────────────[0m
[FTS] C2C 索引写入失败: SqfliteFfiException(sqlite_error: 1, , SqliteException(1): while preparing statement, no such table: msg_c2c_fts, SQL logic error (code 1)
  Causing statement: DELETE FROM msg_c2c_fts WHERE id = ?}) DatabaseException(SqliteException(1): while preparing statement, no such table: msg_c2c_fts, SQL logic error (code 1)
  Causing statement: DELETE FROM msg_c2c_fts WHERE id = ?) sql 'DELETE FROM msg_c2c_fts WHERE id = ?' args [gd0000000000000pt03] {details: {database: {path: :memory:, id: 1, readOnly: false, singleInstance: false}}}
message_repo/updateWithConditions msg_c2c ; where: id = ? AND status = ?
message_repo/updateWithConditions msg_c2c ; where: id = ? AND status IN (?, ?, ?)
清除缓存: msg_c2c, 移除了 0 个缓存条目
重试发送消息: gd0000000000000pt03, 第1次重试
消息重试已提交，等待确认: gd0000000000000pt03
✅ [MessageTypeNormalizer] 有效类型: text
00:05 +113: /Users/leeyi/project/imboy.pub/imboyapp/test/unit_test/service/websocket_heartbeat_test.dart: WebSocket 心跳机制测试 心跳超时检测 应该检测心跳超时
00:05 +113: /Users/leeyi/project/imboy.pub/imboyapp/test/unit_test/service/e2ee/retry_plaintext_guard_integration_test.dart: 重发路径明文闸门（真 SQLite + 真事件总线） 对照组：允许重投的行，状态必须被 CAS 翻成 sending
清除缓存: msg_c2c, 移除了 0 个缓存条目
消息加入重试队列: gd0000000000000pt05, type=C2C
[38;5;196m┌───────────────────────────────────────────────────────────────────────────────────────────────────────────────────────[0m
[38;5;196m│ #0   AppLogger.error (package:imboy/service/app_logger.dart:115:18)[0m
[38;5;196m│ #1   SqliteService.execute.<anonymous closure> (package:imboy/service/sqlite.dart:831:21)[0m
[38;5;196m├┄┄┄┄┄┄┄┄┄┄┄┄┄┄┄┄┄┄┄┄┄┄┄┄┄┄┄┄┄┄┄┄┄┄┄┄┄┄┄┄┄┄┄┄┄┄┄┄┄┄┄┄┄┄┄┄┄┄┄┄┄┄┄┄┄┄┄┄┄┄┄┄┄┄┄┄┄┄┄┄┄┄┄┄┄┄┄┄┄┄┄┄┄┄┄┄┄┄┄┄┄┄┄┄┄┄┄┄┄┄┄┄┄┄┄┄┄┄┄[0m
[38;5;196m│ ⛔ Execute error: SqfliteFfiException(sqlite_error: 1, , SqliteException(1): while preparing statement, no such table: msg_c2c_fts, SQL logic error (code 1)[0m
[38;5;196m│ ⛔   Causing statement: DELETE FROM msg_c2c_fts WHERE id = ?}) DatabaseException(SqliteException(1): while preparing statement, no such table: msg_c2c_fts, SQL logic error (code 1)[0m
[38;5;196m│ ⛔   Causing statement: DELETE FROM msg_c2c_fts WHERE id = ?) sql 'DELETE FROM msg_c2c_fts WHERE id = ?' args [gd0000000000000pt05] {details: {database: {path: :memory:, id: 1, readOnly: false, singleInstance: false}}}[0m
[38;5;196m└───────────────────────────────────────────────────────────────────────────────────────────────────────────────────────[0m
[FTS] C2C 索引写入失败: SqfliteFfiException(sqlite_error: 1, , SqliteException(1): while preparing statement, no such table: msg_c2c_fts, SQL logic error (code 1)
  Causing statement: DELETE FROM msg_c2c_fts WHERE id = ?}) DatabaseException(SqliteException(1): while preparing statement, no such table: msg_c2c_fts, SQL logic error (code 1)
  Causing statement: DELETE FROM msg_c2c_fts WHERE id = ?) sql 'DELETE FROM msg_c2c_fts WHERE id = ?' args [gd0000000000000pt05] {details: {database: {path: :memory:, id: 1, readOnly: false, singleInstance: false}}}
message_repo/updateWithConditions msg_c2c ; where: id = ? AND status = ?
message_repo/updateWithConditions msg_c2c ; where: id = ? AND status IN (?, ?, ?)
清除缓存: msg_c2c, 移除了 0 个缓存条目
重试发送消息: gd0000000000000pt05, 第1次重试
消息重试已提交，等待确认: gd0000000000000pt05
✅ [MessageTypeNormalizer] 有效类型: text
00:05 +114: /Users/leeyi/project/imboy.pub/imboyapp/test/unit_test/service/websocket_heartbeat_test.dart: WebSocket 心跳机制测试 心跳超时检测 应该检测心跳超时
00:05 +114: /Users/leeyi/project/imboy.pub/imboyapp/test/unit_test/service/e2ee/retry_plaintext_guard_integration_test.dart: 重发路径明文闸门（真 SQLite + 真事件总线） 被拦下时不得改动 DB 状态（闸门必须排在 CAS 之前）
清除缓存: msg_c2c, 移除了 0 个缓存条目
消息加入重试队列: gd0000000000000pt06, type=C2C
[38;5;196m┌───────────────────────────────────────────────────────────────────────────────────────────────────────────────────────[0m
[38;5;196m│ #0   AppLogger.error (package:imboy/service/app_logger.dart:115:18)[0m
[38;5;196m│ #1   SqliteService.execute.<anonymous closure> (package:imboy/service/sqlite.dart:831:21)[0m
[38;5;196m├┄┄┄┄┄┄┄┄┄┄┄┄┄┄┄┄┄┄┄┄┄┄┄┄┄┄┄┄┄┄┄┄┄┄┄┄┄┄┄┄┄┄┄┄┄┄┄┄┄┄┄┄┄┄┄┄┄┄┄┄┄┄┄┄┄┄┄┄┄┄┄┄┄┄┄┄┄┄┄┄┄┄┄┄┄┄┄┄┄┄┄┄┄┄┄┄┄┄┄┄┄┄┄┄┄┄┄┄┄┄┄┄┄┄┄┄┄┄┄[0m
[38;5;196m│ ⛔ Execute error: SqfliteFfiException(sqlite_error: 1, , SqliteException(1): while preparing statement, no such table: msg_c2c_fts, SQL logic error (code 1)[0m
[38;5;196m│ ⛔   Causing statement: DELETE FROM msg_c2c_fts WHERE id = ?}) DatabaseException(SqliteException(1): while preparing statement, no such table: msg_c2c_fts, SQL logic error (code 1)[0m
[38;5;196m│ ⛔   Causing statement: DELETE FROM msg_c2c_fts WHERE id = ?) sql 'DELETE FROM msg_c2c_fts WHERE id = ?' args [gd0000000000000pt06] {details: {database: {path: :memory:, id: 1, readOnly: false, singleInstance: false}}}[0m
[38;5;196m└───────────────────────────────────────────────────────────────────────────────────────────────────────────────────────[0m
[FTS] C2C 索引写入失败: SqfliteFfiException(sqlite_error: 1, , SqliteException(1): while preparing statement, no such table: msg_c2c_fts, SQL logic error (code 1)
  Causing statement: DELETE FROM msg_c2c_fts WHERE id = ?}) DatabaseException(SqliteException(1): while preparing statement, no such table: msg_c2c_fts, SQL logic error (code 1)
  Causing statement: DELETE FROM msg_c2c_fts WHERE id = ?) sql 'DELETE FROM msg_c2c_fts WHERE id = ?' args [gd0000000000000pt06] {details: {database: {path: :memory:, id: 1, readOnly: false, singleInstance: false}}}
message_repo/updateWithConditions msg_c2c ; where: id = ? AND status = ?
🚫 [RETRY] 未加密消息不得重发，已拦下: gd0000000000000pt06
message_repo/update msg_c2c ;
清除缓存: msg_c2c, 移除了 0 个缓存条目
✅ [MessageTypeNormalizer] 有效类型: text
❌ [RETRY] 达到最大重试次数，标记消息失败: gd0000000000000pt06
00:05 +115: /Users/leeyi/project/imboy.pub/imboyapp/test/unit_test/service/websocket_heartbeat_test.dart: WebSocket 心跳机制测试 心跳超时检测 应该检测心跳超时
00:05 +115: /Users/leeyi/project/imboy.pub/imboyapp/test/unit_test/service/e2ee/retry_plaintext_guard_integration_test.dart: 重发路径明文闸门（真 SQLite + 真事件总线） 策略未就绪（未知）+ 明文行 → 不得出网（未知即拦）
清除缓存: msg_c2c, 移除了 0 个缓存条目
消息加入重试队列: gd0000000000000pt04, type=C2C
[38;5;196m┌───────────────────────────────────────────────────────────────────────────────────────────────────────────────────────[0m
[38;5;196m│ #0   AppLogger.error (package:imboy/service/app_logger.dart:115:18)[0m
[38;5;196m│ #1   SqliteService.execute.<anonymous closure> (package:imboy/service/sqlite.dart:831:21)[0m
[38;5;196m├┄┄┄┄┄┄┄┄┄┄┄┄┄┄┄┄┄┄┄┄┄┄┄┄┄┄┄┄┄┄┄┄┄┄┄┄┄┄┄┄┄┄┄┄┄┄┄┄┄┄┄┄┄┄┄┄┄┄┄┄┄┄┄┄┄┄┄┄┄┄┄┄┄┄┄┄┄┄┄┄┄┄┄┄┄┄┄┄┄┄┄┄┄┄┄┄┄┄┄┄┄┄┄┄┄┄┄┄┄┄┄┄┄┄┄┄┄┄┄[0m
[38;5;196m│ ⛔ Execute error: SqfliteFfiException(sqlite_error: 1, , SqliteException(1): while preparing statement, no such table: msg_c2c_fts, SQL logic error (code 1)[0m
[38;5;196m│ ⛔   Causing statement: DELETE FROM msg_c2c_fts WHERE id = ?}) DatabaseException(SqliteException(1): while preparing statement, no such table: msg_c2c_fts, SQL logic error (code 1)[0m
[38;5;196m│ ⛔   Causing statement: DELETE FROM msg_c2c_fts WHERE id = ?) sql 'DELETE FROM msg_c2c_fts WHERE id = ?' args [gd0000000000000pt04] {details: {database: {path: :memory:, id: 1, readOnly: false, singleInstance: false}}}[0m
[38;5;196m└───────────────────────────────────────────────────────────────────────────────────────────────────────────────────────[0m
[FTS] C2C 索引写入失败: SqfliteFfiException(sqlite_error: 1, , SqliteException(1): while preparing statement, no such table: msg_c2c_fts, SQL logic error (code 1)
  Causing statement: DELETE FROM msg_c2c_fts WHERE id = ?}) DatabaseException(SqliteException(1): while preparing statement, no such table: msg_c2c_fts, SQL logic error (code 1)
  Causing statement: DELETE FROM msg_c2c_fts WHERE id = ?) sql 'DELETE FROM msg_c2c_fts WHERE id = ?' args [gd0000000000000pt04] {details: {database: {path: :memory:, id: 1, readOnly: false, singleInstance: false}}}
message_repo/updateWithConditions msg_c2c ; where: id = ? AND status = ?
🚫 [RETRY] 未加密消息不得重发，已拦下: gd0000000000000pt04
message_repo/update msg_c2c ;
清除缓存: msg_c2c, 移除了 0 个缓存条目
✅ [MessageTypeNormalizer] 有效类型: text
❌ [RETRY] 达到最大重试次数，标记消息失败: gd0000000000000pt04
00:05 +116: /Users/leeyi/project/imboy.pub/imboyapp/test/unit_test/service/websocket_heartbeat_test.dart: WebSocket 心跳机制测试 心跳超时检测 应该检测心跳超时
00:05 +117: /Users/leeyi/project/imboy.pub/imboyapp/test/unit_test/service/websocket_heartbeat_test.dart: WebSocket 心跳机制测试 心跳超时检测 应该检测心跳超时
00:05 +118: /Users/leeyi/project/imboy.pub/imboyapp/test/unit_test/service/websocket_heartbeat_test.dart: WebSocket 心跳机制测试 心跳超时检测 应该检测心跳超时
00:05 +119: /Users/leeyi/project/imboy.pub/imboyapp/test/unit_test/service/websocket_heartbeat_test.dart: WebSocket 心跳机制测试 心跳超时检测 应该检测心跳超时
00:05 +120: /Users/leeyi/project/imboy.pub/imboyapp/test/unit_test/service/websocket_heartbeat_test.dart: WebSocket 心跳机制测试 心跳超时检测 应该检测心跳超时
00:05 +121: /Users/leeyi/project/imboy.pub/imboyapp/test/unit_test/service/websocket_heartbeat_test.dart: WebSocket 心跳机制测试 心跳超时检测 应该检测心跳超时
00:05 +122: /Users/leeyi/project/imboy.pub/imboyapp/test/unit_test/service/websocket_heartbeat_test.dart: WebSocket 心跳机制测试 心跳超时检测 应该检测心跳超时
00:05 +123: /Users/leeyi/project/imboy.pub/imboyapp/test/unit_test/service/websocket_heartbeat_test.dart: WebSocket 心跳机制测试 心跳超时检测 应该检测心跳超时
00:05 +124: /Users/leeyi/project/imboy.pub/imboyapp/test/unit_test/service/websocket_heartbeat_test.dart: WebSocket 心跳机制测试 心跳超时检测 应该检测心跳超时
00:06 +125: /Users/leeyi/project/imboy.pub/imboyapp/test/unit_test/service/websocket_send_session_test.dart: pending ACK retry framing=FramingMode.none stale=true
00:06 +125: /Users/leeyi/project/imboy.pub/imboyapp/test/unit_test/service/e2ee/retry_session_generation_test.dart: retry stage=manual-normal
🔍 [RETRY_SCAN] 开始扫描失败消息...
📊 [RETRY_SCAN] 扫描完成: 发现 0 条失败消息，添加 0 条到重试队列
message_repo/update msg_c2c ;
清除缓存: msg_c2c, 移除了 0 个缓存条目
消息加入重试队列: retry-synthetic, type=C2C
手动重试已提交，等待确认: retry-synthetic
message_repo/updateWithConditions msg_c2c ; where: id = ? AND status = ?
清除缓存: msg_c2c, 移除了 0 个缓存条目
⚠️ toTypeMessage: E2EE 解密失败，error=MissingPluginException
📊 [E2EE_METRICS] decrypt failure: decrypt_failed total=1
00:06 +126: /Users/leeyi/project/imboy.pub/imboyapp/test/unit_test/service/websocket_send_session_test.dart: pending ACK retry framing=FramingMode.none stale=true
00:06 +126: /Users/leeyi/project/imboy.pub/imboyapp/test/unit_test/service/e2ee/retry_session_generation_test.dart: retry stage=manual-stale
🔍 [RETRY_SCAN] 开始扫描失败消息...
📊 [RETRY_SCAN] 扫描完成: 发现 0 条失败消息，添加 0 条到重试队列
00:06 +127: /Users/leeyi/project/imboy.pub/imboyapp/test/unit_test/service/websocket_send_session_test.dart: pending ACK retry framing=FramingMode.none stale=true
00:06 +127: /Users/leeyi/project/imboy.pub/imboyapp/test/unit_test/service/e2ee/retry_session_generation_test.dart: retry stage=auto-normal
🔍 [RETRY_SCAN] 开始扫描失败消息...
📊 [RETRY_SCAN] 扫描完成: 发现 0 条失败消息，添加 0 条到重试队列
消息加入重试队列: retry-synthetic, type=C2C
message_repo/updateWithConditions msg_c2c ; where: id = ? AND status = ?
message_repo/updateWithConditions msg_c2c ; where: id = ? AND status IN (?, ?, ?)
清除缓存: msg_c2c, 移除了 0 个缓存条目
重试发送消息: retry-synthetic, 第1次重试
消息重试已提交，等待确认: retry-synthetic
⚠️ toTypeMessage: E2EE 解密失败，error=MissingPluginException
00:06 +128: /Users/leeyi/project/imboy.pub/imboyapp/test/unit_test/service/websocket_send_session_test.dart: pending ACK retry framing=FramingMode.none stale=true
00:06 +128: /Users/leeyi/project/imboy.pub/imboyapp/test/unit_test/service/e2ee/retry_session_generation_test.dart: retry stage=auto-queued
🔍 [RETRY_SCAN] 开始扫描失败消息...
📊 [RETRY_SCAN] 扫描完成: 发现 0 条失败消息，添加 0 条到重试队列
消息加入重试队列: retry-synthetic, type=C2C
message_repo/updateWithConditions msg_c2c ; where: id = ? AND status = ?
00:06 +129: /Users/leeyi/project/imboy.pub/imboyapp/test/unit_test/service/websocket_send_session_test.dart: pending ACK retry framing=FramingMode.none stale=true
00:06 +129: /Users/leeyi/project/imboy.pub/imboyapp/test/unit_test/service/e2ee/retry_session_generation_test.dart: retry stage=auto-inflight
🔍 [RETRY_SCAN] 开始扫描失败消息...
📊 [RETRY_SCAN] 扫描完成: 发现 0 条失败消息，添加 0 条到重试队列
消息加入重试队列: retry-synthetic, type=C2C
message_repo/updateWithConditions msg_c2c ; where: id = ? AND status = ?
00:06 +130: /Users/leeyi/project/imboy.pub/imboyapp/test/unit_test/service/websocket_send_session_test.dart: pending ACK retry framing=FramingMode.none stale=true
00:06 +130: /Users/leeyi/project/imboy.pub/imboyapp/test/unit_test/service/e2ee/retry_session_generation_test.dart: retry stage=auto-clear
🔍 [RETRY_SCAN] 开始扫描失败消息...
📊 [RETRY_SCAN] 扫描完成: 发现 0 条失败消息，添加 0 条到重试队列
消息加入重试队列: retry-synthetic, type=C2C
message_repo/updateWithConditions msg_c2c ; where: id = ? AND status = ?
00:06 +131: /Users/leeyi/project/imboy.pub/imboyapp/test/unit_test/service/websocket_send_session_test.dart: pending ACK retry framing=FramingMode.none stale=true
00:06 +131: /Users/leeyi/project/imboy.pub/imboyapp/test/unit_test/service/e2ee/retry_session_generation_test.dart: retry stage=scan-normal
🔍 [RETRY_SCAN] 开始扫描失败消息...
📊 [RETRY_SCAN] 扫描完成: 发现 0 条失败消息，添加 0 条到重试队列
🔍 [RETRY_SCAN] 开始扫描失败消息...
消息加入重试队列: retry-synthetic, type=C2C
✅ [RETRY_SCAN] 添加失败消息到重试队列: msgId=retry-synthetic, status=10, table=c2c
message_repo/updateWithConditions msg_c2c ; where: id = ? AND status = ?
清除缓存: msg_c2c, 移除了 0 个缓存条目
📊 [RETRY_SCAN] 扫描完成: 发现 1 条失败消息，添加 1 条到重试队列
🚀 [RETRY_SCAN] 网络已连接，立即重试失败消息...
00:06 +132: /Users/leeyi/project/imboy.pub/imboyapp/test/unit_test/service/websocket_send_session_test.dart: pending ACK retry framing=FramingMode.none stale=true
00:06 +132: /Users/leeyi/project/imboy.pub/imboyapp/test/unit_test/service/e2ee/retry_session_generation_test.dart: retry stage=scan-stale
🔍 [RETRY_SCAN] 开始扫描失败消息...
📊 [RETRY_SCAN] 扫描完成: 发现 0 条失败消息，添加 0 条到重试队列
🔍 [RETRY_SCAN] 开始扫描失败消息...
00:06 +133: /Users/leeyi/project/imboy.pub/imboyapp/test/unit_test/service/websocket_send_session_test.dart: pending ACK retry framing=FramingMode.none stale=true
00:06 +133: /Users/leeyi/project/imboy.pub/imboyapp/test/unit_test/service/e2ee/retry_session_generation_test.dart: retry stage=scan-clear
🔍 [RETRY_SCAN] 开始扫描失败消息...
📊 [RETRY_SCAN] 扫描完成: 发现 0 条失败消息，添加 0 条到重试队列
🔍 [RETRY_SCAN] 开始扫描失败消息...
00:06 +134: /Users/leeyi/project/imboy.pub/imboyapp/test/unit_test/service/websocket_send_session_test.dart: pending ACK retry framing=FramingMode.none stale=true
00:06 +134: /Users/leeyi/project/imboy.pub/imboyapp/test/unit_test/service/e2ee/outbox_read_side_wiring_test.dart: (setUpAll)
🔍 [RETRY_SCAN] 开始扫描失败消息...
00:06 +134: /Users/leeyi/project/imboy.pub/imboyapp/test/unit_test/service/websocket_send_session_test.dart: pending ACK retry framing=FramingMode.none stale=true
00:06 +134: /Users/leeyi/project/imboy.pub/imboyapp/test/unit_test/service/e2ee/outbox_read_side_wiring_test.dart: (setUpAll)
[38;5;196m┌───────────────────────────────────────────────────────────────────────────────────────────────────────────────────────[0m
[38;5;196m│ #0   AppLogger.error (package:imboy/service/app_logger.dart:115:18)[0m
[38;5;196m│ #1   SqliteService.query (package:imboy/service/sqlite.dart:894:17)[0m
[38;5;196m├┄┄┄┄┄┄┄┄┄┄┄┄┄┄┄┄┄┄┄┄┄┄┄┄┄┄┄┄┄┄┄┄┄┄┄┄┄┄┄┄┄┄┄┄┄┄┄┄┄┄┄┄┄┄┄┄┄┄┄┄┄┄┄┄┄┄┄┄┄┄┄┄┄┄┄┄┄┄┄┄┄┄┄┄┄┄┄┄┄┄┄┄┄┄┄┄┄┄┄┄┄┄┄┄┄┄┄┄┄┄┄┄┄┄┄┄┄┄┄[0m
[38;5;196m│ ⛔ SQL query error: table=msg_c2g, error=SqfliteFfiException(sqlite_error: 1, , SqliteException(1): while preparing statement, no such table: msg_c2g, SQL logic error (code 1)[0m
[38;5;196m│ ⛔   Causing statement: SELECT auto_id, id, type, from_id, to_id, payload, created_at, is_author, status, conversation_uk3, topic_id, msg_type, "action", e2ee FROM msg_c2g WHERE status IN (?,?) AND is_author=? ORDER BY created_at DESC, auto_id DESC LIMIT 100}) DatabaseException(SqliteException(1): while preparing statement, no such table: msg_c2g, SQL logic error (code 1)[0m
[38;5;196m│ ⛔   Causing statement: SELECT auto_id, id, type, from_id, to_id, payload, created_at, is_author, status, conversation_uk3, topic_id, msg_type, "action", e2ee FROM msg_c2g WHERE status IN (?,?) AND is_author=? ORDER BY created_at DESC, auto_id DESC LIMIT 100) sql 'SELECT auto_id, id, type, from_id, to_id, payload, created_at, is_author, status, conversation_uk3, topic_id, msg_type, "action", e2ee FROM msg_c2g WHERE status IN (?,?) AND is_author=? ORDER BY created_at DESC, auto_id DESC LIMIT 100' args [10, 12, 1] {details: {database: {path: :memory:, id: 1, readOnly: false, singleInstance: false}}}[0m
[38;5;196m└───────────────────────────────────────────────────────────────────────────────────────────────────────────────────────[0m
⚠️ [RETRY_SCAN] 扫描表 c2g 失败: SqfliteFfiException(sqlite_error: 1, , SqliteException(1): while preparing statement, no such table: msg_c2g, SQL logic error (code 1)
  Causing statement: SELECT auto_id, id, type, from_id, to_id, payload, created_at, is_author, status, conversation_uk3, topic_id, msg_type, "action", e2ee FROM msg_c2g WHERE status IN (?,?) AND is_author=? ORDER BY created_at DESC, auto_id DESC LIMIT 100}) DatabaseException(SqliteException(1): while preparing statement, no such table: msg_c2g, SQL logic error (code 1)
  Causing statement: SELECT auto_id, id, type, from_id, to_id, payload, created_at, is_author, status, conversation_uk3, topic_id, msg_type, "action", e2ee FROM msg_c2g WHERE status IN (?,?) AND is_author=? ORDER BY created_at DESC, auto_id DESC LIMIT 100) sql 'SELECT auto_id, id, type, from_id, to_id, payload, created_at, is_author, status, conversation_uk3, topic_id, msg_type, "action", e2ee FROM msg_c2g WHERE status IN (?,?) AND is_author=? ORDER BY created_at DESC, auto_id DESC LIMIT 100' args [10, 12, 1] {details: {database: {path: :memory:, id: 1, readOnly: false, singleInstance: false}}}
[38;5;196m┌───────────────────────────────────────────────────────────────────────────────────────────────────────────────────────[0m
[38;5;196m│ #0   AppLogger.error (package:imboy/service/app_logger.dart:115:18)[0m
[38;5;196m│ #1   SqliteService.query (package:imboy/service/sqlite.dart:894:17)[0m
[38;5;196m├┄┄┄┄┄┄┄┄┄┄┄┄┄┄┄┄┄┄┄┄┄┄┄┄┄┄┄┄┄┄┄┄┄┄┄┄┄┄┄┄┄┄┄┄┄┄┄┄┄┄┄┄┄┄┄┄┄┄┄┄┄┄┄┄┄┄┄┄┄┄┄┄┄┄┄┄┄┄┄┄┄┄┄┄┄┄┄┄┄┄┄┄┄┄┄┄┄┄┄┄┄┄┄┄┄┄┄┄┄┄┄┄┄┄┄┄┄┄┄[0m
[38;5;196m│ ⛔ SQL query error: table=msg_c2s, error=SqfliteFfiException(sqlite_error: 1, , SqliteException(1): while preparing statement, no such table: msg_c2s, SQL logic error (code 1)[0m
[38;5;196m│ ⛔   Causing statement: SELECT auto_id, id, type, from_id, to_id, payload, created_at, is_author, status, conversation_uk3, topic_id, msg_type, "action", e2ee FROM msg_c2s WHERE status IN (?,?) AND is_author=? ORDER BY created_at DESC, auto_id DESC LIMIT 100}) DatabaseException(SqliteException(1): while preparing statement, no such table: msg_c2s, SQL logic error (code 1)[0m
[38;5;196m│ ⛔   Causing statement: SELECT auto_id, id, type, from_id, to_id, payload, created_at, is_author, status, conversation_uk3, topic_id, msg_type, "action", e2ee FROM msg_c2s WHERE status IN (?,?) AND is_author=? ORDER BY created_at DESC, auto_id DESC LIMIT 100) sql 'SELECT auto_id, id, type, from_id, to_id, payload, created_at, is_author, status, conversation_uk3, topic_id, msg_type, "action", e2ee FROM msg_c2s WHERE status IN (?,?) AND is_author=? ORDER BY created_at DESC, auto_id DESC LIMIT 100' args [10, 12, 1] {details: {database: {path: :memory:, id: 1, readOnly: false, singleInstance: false}}}[0m
[38;5;196m└───────────────────────────────────────────────────────────────────────────────────────────────────────────────────────[0m
⚠️ [RETRY_SCAN] 扫描表 c2s 失败: SqfliteFfiException(sqlite_error: 1, , SqliteException(1): while preparing statement, no such table: msg_c2s, SQL logic error (code 1)
  Causing statement: SELECT auto_id, id, type, from_id, to_id, payload, created_at, is_author, status, conversation_uk3, topic_id, msg_type, "action", e2ee FROM msg_c2s WHERE status IN (?,?) AND is_author=? ORDER BY created_at DESC, auto_id DESC LIMIT 100}) DatabaseException(SqliteException(1): while preparing statement, no such table: msg_c2s, SQL logic error (code 1)
  Causing statement: SELECT auto_id, id, type, from_id, to_id, payload, created_at, is_author, status, conversation_uk3, topic_id, msg_type, "action", e2ee FROM msg_c2s WHERE status IN (?,?) AND is_author=? ORDER BY created_at DESC, auto_id DESC LIMIT 100) sql 'SELECT auto_id, id, type, from_id, to_id, payload, created_at, is_author, status, conversation_uk3, topic_id, msg_type, "action", e2ee FROM msg_c2s WHERE status IN (?,?) AND is_author=? ORDER BY created_at DESC, auto_id DESC LIMIT 100' args [10, 12, 1] {details: {database: {path: :memory:, id: 1, readOnly: false, singleInstance: false}}}
📊 [RETRY_SCAN] 扫描完成: 发现 0 条失败消息，添加 0 条到重试队列
00:06 +134: /Users/leeyi/project/imboy.pub/imboyapp/test/unit_test/service/e2ee/outbox_read_side_wiring_test.dart: 重发复用已提交信封：e2ee 与落库逐字节一致（不重新加密）
消息加入重试队列: msg-resend-1, type=C2C
message_repo/updateWithConditions msg_c2c ; where: id = ? AND status = ?
message_repo/updateWithConditions msg_c2c ; where: id = ? AND status IN (?, ?, ?)
清除缓存: msg_c2c, 移除了 0 个缓存条目
重试发送消息: msg-resend-1, 第1次重试
消息重试已提交，等待确认: msg-resend-1
⚠️ toTypeMessage: v3 解密失败，reason=no_device_envelope
📊 [E2EE_METRICS] decrypt failure: no_device_envelope total=1
00:06 +135: /Users/leeyi/project/imboy.pub/imboyapp/test/unit_test/service/websocket_send_session_test.dart: pending ACK retry framing=FramingMode.none stale=true
00:06 +135: /Users/leeyi/project/imboy.pub/imboyapp/test/unit_test/service/e2ee/outbox_read_side_wiring_test.dart: (setUpAll)
🗑️ [RETRY_QUEUE] 从重试队列移除: messageId=msg-resend-1, reason=SERVER_ACK
00:06 +136: /Users/leeyi/project/imboy.pub/imboyapp/test/unit_test/service/websocket_send_session_test.dart: pending ACK retry framing=FramingMode.none stale=true
00:06 +136: /Users/leeyi/project/imboy.pub/imboyapp/test/unit_test/service/e2ee/outbox_read_side_wiring_test.dart: outbox 表缺失时移除事件照样生效（卫生动作不阻断 ACK）
消息加入重试队列: msg-ghost, type=C2C
00:06 +136: /Users/leeyi/project/imboy.pub/imboyapp/test/unit_test/service/e2ee/outbox_read_side_wiring_test.dart: (setUpAll)
消息从重试队列移除: msg-ghost
🗑️ [RETRY_QUEUE] 从重试队列移除: messageId=msg-ghost, reason=SERVER_ACK
⚠️ [RETRY] outbox 确认失败（不影响 ACK）: msg-ghost, SqfliteFfiException(sqlite_error: 1, , SqliteException(1): while preparing statement, no such table: crypto_outbox, SQL logic error (code 1)
  Causing statement: UPDATE crypto_outbox SET status = 'sent', sent_at = ? WHERE id = ?}) DatabaseException(SqliteException(1): while preparing statement, no such table: crypto_outbox, SQL logic error (code 1)
  Causing statement: UPDATE crypto_outbox SET status = 'sent', sent_at = ? WHERE id = ?) sql 'UPDATE crypto_outbox SET status = 'sent', sent_at = ? WHERE id = ?' args [1791059028455, msg-ghost] {details: {database: {path: :memory:, id: 1, readOnly: false, singleInstance: false}}}
00:06 +137: /Users/leeyi/project/imboy.pub/imboyapp/test/unit_test/service/websocket_send_session_test.dart: pending ACK retry framing=FramingMode.none stale=true
00:07 +137: /Users/leeyi/project/imboy.pub/imboyapp/test/unit_test/service/message_retry_state_test.dart: (setUpAll)
🔍 [RETRY_SCAN] 开始扫描失败消息...
[38;5;196m┌───────────────────────────────────────────────────────────────────────────────────────────────────────────────────────[0m
[38;5;196m│ #0   AppLogger.error (package:imboy/service/app_logger.dart:115:18)[0m
[38;5;196m│ #1   SqliteService.query (package:imboy/service/sqlite.dart:894:17)[0m
[38;5;196m├┄┄┄┄┄┄┄┄┄┄┄┄┄┄┄┄┄┄┄┄┄┄┄┄┄┄┄┄┄┄┄┄┄┄┄┄┄┄┄┄┄┄┄┄┄┄┄┄┄┄┄┄┄┄┄┄┄┄┄┄┄┄┄┄┄┄┄┄┄┄┄┄┄┄┄┄┄┄┄┄┄┄┄┄┄┄┄┄┄┄┄┄┄┄┄┄┄┄┄┄┄┄┄┄┄┄┄┄┄┄┄┄┄┄┄┄┄┄┄[0m
[38;5;196m│ ⛔ SQL query error: table=msg_c2g, error=SqfliteFfiException(sqlite_error: 1, , SqliteException(1): while preparing statement, no such table: msg_c2g, SQL logic error (code 1)[0m
[38;5;196m│ ⛔   Causing statement: SELECT auto_id, id, type, from_id, to_id, payload, created_at, is_author, status, conversation_uk3, topic_id, msg_type, "action", e2ee FROM msg_c2g WHERE status IN (?,?) AND is_author=? ORDER BY created_at DESC, auto_id DESC LIMIT 100}) DatabaseException(SqliteException(1): while preparing statement, no such table: msg_c2g, SQL logic error (code 1)[0m
[38;5;196m│ ⛔   Causing statement: SELECT auto_id, id, type, from_id, to_id, payload, created_at, is_author, status, conversation_uk3, topic_id, msg_type, "action", e2ee FROM msg_c2g WHERE status IN (?,?) AND is_author=? ORDER BY created_at DESC, auto_id DESC LIMIT 100) sql 'SELECT auto_id, id, type, from_id, to_id, payload, created_at, is_author, status, conversation_uk3, topic_id, msg_type, "action", e2ee FROM msg_c2g WHERE status IN (?,?) AND is_author=? ORDER BY created_at DESC, auto_id DESC LIMIT 100' args [10, 12, 1] {details: {database: {path: :memory:, id: 1, readOnly: false, singleInstance: false}}}[0m
[38;5;196m└───────────────────────────────────────────────────────────────────────────────────────────────────────────────────────[0m
⚠️ [RETRY_SCAN] 扫描表 c2g 失败: SqfliteFfiException(sqlite_error: 1, , SqliteException(1): while preparing statement, no such table: msg_c2g, SQL logic error (code 1)
  Causing statement: SELECT auto_id, id, type, from_id, to_id, payload, created_at, is_author, status, conversation_uk3, topic_id, msg_type, "action", e2ee FROM msg_c2g WHERE status IN (?,?) AND is_author=? ORDER BY created_at DESC, auto_id DESC LIMIT 100}) DatabaseException(SqliteException(1): while preparing statement, no such table: msg_c2g, SQL logic error (code 1)
  Causing statement: SELECT auto_id, id, type, from_id, to_id, payload, created_at, is_author, status, conversation_uk3, topic_id, msg_type, "action", e2ee FROM msg_c2g WHERE status IN (?,?) AND is_author=? ORDER BY created_at DESC, auto_id DESC LIMIT 100) sql 'SELECT auto_id, id, type, from_id, to_id, payload, created_at, is_author, status, conversation_uk3, topic_id, msg_type, "action", e2ee FROM msg_c2g WHERE status IN (?,?) AND is_author=? ORDER BY created_at DESC, auto_id DESC LIMIT 100' args [10, 12, 1] {details: {database: {path: :memory:, id: 1, readOnly: false, singleInstance: false}}}
[38;5;196m┌───────────────────────────────────────────────────────────────────────────────────────────────────────────────────────[0m
[38;5;196m│ #0   AppLogger.error (package:imboy/service/app_logger.dart:115:18)[0m
[38;5;196m│ #1   SqliteService.query (package:imboy/service/sqlite.dart:894:17)[0m
[38;5;196m├┄┄┄┄┄┄┄┄┄┄┄┄┄┄┄┄┄┄┄┄┄┄┄┄┄┄┄┄┄┄┄┄┄┄┄┄┄┄┄┄┄┄┄┄┄┄┄┄┄┄┄┄┄┄┄┄┄┄┄┄┄┄┄┄┄┄┄┄┄┄┄┄┄┄┄┄┄┄┄┄┄┄┄┄┄┄┄┄┄┄┄┄┄┄┄┄┄┄┄┄┄┄┄┄┄┄┄┄┄┄┄┄┄┄┄┄┄┄┄[0m
[38;5;196m│ ⛔ SQL query error: table=msg_c2s, error=SqfliteFfiException(sqlite_error: 1, , SqliteException(1): while preparing statement, no such table: msg_c2s, SQL logic error (code 1)[0m
[38;5;196m│ ⛔   Causing statement: SELECT auto_id, id, type, from_id, to_id, payload, created_at, is_author, status, conversation_uk3, topic_id, msg_type, "action", e2ee FROM msg_c2s WHERE status IN (?,?) AND is_author=? ORDER BY created_at DESC, auto_id DESC LIMIT 100}) DatabaseException(SqliteException(1): while preparing statement, no such table: msg_c2s, SQL logic error (code 1)[0m
[38;5;196m│ ⛔   Causing statement: SELECT auto_id, id, type, from_id, to_id, payload, created_at, is_author, status, conversation_uk3, topic_id, msg_type, "action", e2ee FROM msg_c2s WHERE status IN (?,?) AND is_author=? ORDER BY created_at DESC, auto_id DESC LIMIT 100) sql 'SELECT auto_id, id, type, from_id, to_id, payload, created_at, is_author, status, conversation_uk3, topic_id, msg_type, "action", e2ee FROM msg_c2s WHERE status IN (?,?) AND is_author=? ORDER BY created_at DESC, auto_id DESC LIMIT 100' args [10, 12, 1] {details: {database: {path: :memory:, id: 1, readOnly: false, singleInstance: false}}}[0m
[38;5;196m└───────────────────────────────────────────────────────────────────────────────────────────────────────────────────────[0m
⚠️ [RETRY_SCAN] 扫描表 c2s 失败: SqfliteFfiException(sqlite_error: 1, , SqliteException(1): while preparing statement, no such table: msg_c2s, SQL logic error (code 1)
  Causing statement: SELECT auto_id, id, type, from_id, to_id, payload, created_at, is_author, status, conversation_uk3, topic_id, msg_type, "action", e2ee FROM msg_c2s WHERE status IN (?,?) AND is_author=? ORDER BY created_at DESC, auto_id DESC LIMIT 100}) DatabaseException(SqliteException(1): while preparing statement, no such table: msg_c2s, SQL logic error (code 1)
  Causing statement: SELECT auto_id, id, type, from_id, to_id, payload, created_at, is_author, status, conversation_uk3, topic_id, msg_type, "action", e2ee FROM msg_c2s WHERE status IN (?,?) AND is_author=? ORDER BY created_at DESC, auto_id DESC LIMIT 100) sql 'SELECT auto_id, id, type, from_id, to_id, payload, created_at, is_author, status, conversation_uk3, topic_id, msg_type, "action", e2ee FROM msg_c2s WHERE status IN (?,?) AND is_author=? ORDER BY created_at DESC, auto_id DESC LIMIT 100' args [10, 12, 1] {details: {database: {path: :memory:, id: 1, readOnly: false, singleInstance: false}}}
📊 [RETRY_SCAN] 扫描完成: 发现 0 条失败消息，添加 0 条到重试队列
00:07 +137: /Users/leeyi/project/imboy.pub/imboyapp/test/unit_test/service/websocket_send_session_test.dart: pending ACK retry framing=FramingMode.none stale=true
00:07 +137: /Users/leeyi/project/imboy.pub/imboyapp/test/unit_test/service/message_retry_state_test.dart: 出站确认状态机（机制B 唯一化） sending → 确认信号(Remove事件) → 出队且不再重投
清除缓存: msg_c2c, 移除了 0 个缓存条目
消息加入重试队列: sm00000000000000t001, type=C2C
00:07 +137: /Users/leeyi/project/imboy.pub/imboyapp/test/unit_test/service/message_retry_state_test.dart: (setUpAll)
消息从重试队列移除: sm00000000000000t001
🗑️ [RETRY_QUEUE] 从重试队列移除: messageId=sm00000000000000t001, reason=server_ack
00:07 +138: /Users/leeyi/project/imboy.pub/imboyapp/test/unit_test/service/websocket_send_session_test.dart: pending ACK retry framing=FramingMode.none stale=true
00:07 +138: /Users/leeyi/project/imboy.pub/imboyapp/test/unit_test/service/message_retry_state_test.dart: 出站确认状态机（机制B 唯一化） sending → 间隔到期 → 重投且 retryCount 递增；间隔未到不重投
清除缓存: msg_c2c, 移除了 0 个缓存条目
消息加入重试队列: sm00000000000000t002, type=C2C
message_repo/updateWithConditions msg_c2c ; where: id = ? AND status = ?
message_repo/updateWithConditions msg_c2c ; where: id = ? AND status IN (?, ?, ?)
清除缓存: msg_c2c, 移除了 0 个缓存条目
清除缓存: msg_c2c, 移除了 0 个缓存条目
重试发送消息: sm00000000000000t002, 第1次重试
消息重试已提交，等待确认: sm00000000000000t002
✅ [MessageTypeNormalizer] 有效类型: text
00:07 +139: /Users/leeyi/project/imboy.pub/imboyapp/test/unit_test/service/websocket_send_session_test.dart: pending ACK retry framing=FramingMode.none stale=true
00:07 +139: /Users/leeyi/project/imboy.pub/imboyapp/test/unit_test/service/message_retry_state_test.dart: 出站确认状态机（机制B 唯一化） 重投达上限 → error 出队（放弃），不再重投
清除缓存: msg_c2c, 移除了 0 个缓存条目
消息加入重试队列: sm00000000000000t003, type=C2C
message_repo/updateWithConditions msg_c2c ; where: id = ? AND status = ?
message_repo/updateWithConditions msg_c2c ; where: id = ? AND status IN (?, ?, ?)
清除缓存: msg_c2c, 移除了 0 个缓存条目
清除缓存: msg_c2c, 移除了 0 个缓存条目
重试发送消息: sm00000000000000t003, 第1次重试
消息重试已提交，等待确认: sm00000000000000t003
✅ [MessageTypeNormalizer] 有效类型: text
message_repo/updateWithConditions msg_c2c ; where: id = ? AND status IN (?, ?, ?)
清除缓存: msg_c2c, 移除了 0 个缓存条目
重试发送消息: sm00000000000000t003, 第2次重试
消息重试已提交，等待确认: sm00000000000000t003
✅ [MessageTypeNormalizer] 有效类型: text
message_repo/updateWithConditions msg_c2c ; where: id = ? AND status IN (?, ?, ?)
清除缓存: msg_c2c, 移除了 0 个缓存条目
重试发送消息: sm00000000000000t003, 第3次重试
消息重试已提交，等待确认: sm00000000000000t003
✅ [MessageTypeNormalizer] 有效类型: text
message_repo/updateWithConditions msg_c2c ; where: id = ? AND status IN (?, ?, ?)
清除缓存: msg_c2c, 移除了 0 个缓存条目
重试发送消息: sm00000000000000t003, 第4次重试
消息重试已提交，等待确认: sm00000000000000t003
✅ [MessageTypeNormalizer] 有效类型: text
message_repo/update msg_c2c ;
清除缓存: msg_c2c, 移除了 0 个缓存条目
✅ [MessageTypeNormalizer] 有效类型: text
❌ [RETRY] 达到最大重试次数，标记消息失败: sm00000000000000t003
00:07 +140: /Users/leeyi/project/imboy.pub/imboyapp/test/unit_test/service/websocket_send_session_test.dart: pending ACK retry framing=FramingMode.none stale=true
00:07 +140: /Users/leeyi/project/imboy.pub/imboyapp/test/unit_test/service/message_retry_state_test.dart: 出站确认状态机（机制B 唯一化） 幂等：已 sent 的消息即便在队/被扫描，也不重投且状态不回退
清除缓存: msg_c2c, 移除了 0 个缓存条目
消息加入重试队列: sm00000000000000t004, type=C2C
✅ [RETRY] 消息已成功，从重试队列移除: sm00000000000000t004, status=11
00:07 +141: /Users/leeyi/project/imboy.pub/imboyapp/test/unit_test/service/websocket_send_session_test.dart: pending ACK retry framing=FramingMode.none stale=true
00:07 +141: /Users/leeyi/project/imboy.pub/imboyapp/test/unit_test/service/message_retry_state_test.dart: 出站确认状态机（机制B 唯一化） 重复入队幂等：不重置 retryCount
清除缓存: msg_c2c, 移除了 0 个缓存条目
消息加入重试队列: sm00000000000000t005, type=C2C
message_repo/updateWithConditions msg_c2c ; where: id = ? AND status = ?
message_repo/updateWithConditions msg_c2c ; where: id = ? AND status IN (?, ?, ?)
清除缓存: msg_c2c, 移除了 0 个缓存条目
清除缓存: msg_c2c, 移除了 0 个缓存条目
重试发送消息: sm00000000000000t005, 第1次重试
消息重试已提交，等待确认: sm00000000000000t005
✅ [MessageTypeNormalizer] 有效类型: text
⚠️ [RETRY_QUEUE] 消息已在重试队列中，跳过重复添加: sm00000000000000t005, retryCount=1
00:07 +142: /Users/leeyi/project/imboy.pub/imboyapp/test/unit_test/service/websocket_send_session_test.dart: pending ACK retry framing=FramingMode.none stale=true
00:07 +142: /Users/leeyi/project/imboy.pub/imboyapp/test/unit_test/service/message_retry_state_test.dart: 出站确认状态机（机制B 唯一化） error → 手动重试 → 重新进入 sending 并入队等待确认
清除缓存: msg_c2c, 移除了 0 个缓存条目
message_repo/update msg_c2c ;
清除缓存: msg_c2c, 移除了 0 个缓存条目
消息加入重试队列: sm00000000000000t006, type=C2C
手动重试已提交，等待确认: sm00000000000000t006
message_repo/updateWithConditions msg_c2c ; where: id = ? AND status = ?
✅ [MessageTypeNormalizer] 有效类型: text
清除缓存: msg_c2c, 移除了 0 个缓存条目
00:07 +143: /Users/leeyi/project/imboy.pub/imboyapp/test/unit_test/service/websocket_send_session_test.dart: pending ACK retry framing=FramingMode.none stale=true
00:07 +143: /Users/leeyi/project/imboy.pub/imboyapp/test/unit_test/service/message_retry_state_test.dart: 出站确认状态机（机制B 唯一化） 并发扫描互斥：同一到期消息只重投一次
清除缓存: msg_c2c, 移除了 0 个缓存条目
消息加入重试队列: sm00000000000000t009, type=C2C
message_repo/updateWithConditions msg_c2c ; where: id = ? AND status = ?
message_repo/updateWithConditions msg_c2c ; where: id = ? AND status IN (?, ?, ?)
清除缓存: msg_c2c, 移除了 0 个缓存条目
清除缓存: msg_c2c, 移除了 0 个缓存条目
重试发送消息: sm00000000000000t009, 第1次重试
消息重试已提交，等待确认: sm00000000000000t009
✅ [MessageTypeNormalizer] 有效类型: text
00:07 +144: /Users/leeyi/project/imboy.pub/imboyapp/test/unit_test/service/websocket_send_session_test.dart: pending ACK retry framing=FramingMode.none stale=true
00:07 +144: /Users/leeyi/project/imboy.pub/imboyapp/test/unit_test/service/message_retry_state_test.dart: 出站确认状态机（机制B 唯一化） B×D 去重：被状态机跟踪的消息不入离线队列
清除缓存: msg_c2c, 移除了 0 个缓存条目
🧹 [QUEUE] 启动定期清理 Timer
消息加入重试队列: sm00000000000000t008, type=C2C
00:07 +145: /Users/leeyi/project/imboy.pub/imboyapp/test/unit_test/service/websocket_send_session_test.dart: pending ACK retry framing=FramingMode.none stale=true
00:07 +145: /Users/leeyi/project/imboy.pub/imboyapp/test/unit_test/service/message_retry_state_test.dart: 出站确认状态机（机制B 唯一化） B×D 去重：被状态机跟踪的消息不入离线队列
message_repo/updateWithConditions msg_c2c ; where: id = ? AND status = ?
清除缓存: msg_c2c, 移除了 0 个缓存条目
00:07 +145: /Users/leeyi/project/imboy.pub/imboyapp/test/unit_test/service/message_retry_state_test.dart: 出站确认状态机（机制B 唯一化） 手动重试幂等：已 sent 的消息拒绝重试
清除缓存: msg_c2c, 移除了 0 个缓存条目
⚠️ [MANUAL_RETRY] 消息已成功(msgId=sm00000000000000t007, status=11)，无需重试
00:07 +146: /Users/leeyi/project/imboy.pub/imboyapp/test/unit_test/service/websocket_send_session_test.dart: pending ACK retry framing=FramingMode.none stale=true
00:07 +146: /Users/leeyi/project/imboy.pub/imboyapp/test/unit_test/service/message_retry_state_test.dart: LT02-SEC-01（AI-ID=B）：agent 徽章对端的明文重试闸门 ⚠️ strict + 对端 account_type=1（无有效用户确认）→ 明文行不得重发，落终态 error
清除缓存: msg_c2c, 移除了 0 个缓存条目
消息加入重试队列: sm00000000000000t010, type=C2C
message_repo/updateWithConditions msg_c2c ; where: id = ? AND status = ?
🚫 [RETRY] 未加密消息不得重发，已拦下: sm00000000000000t010
message_repo/update msg_c2c ;
清除缓存: msg_c2c, 移除了 0 个缓存条目
✅ [MessageTypeNormalizer] 有效类型: text
❌ [RETRY] 达到最大重试次数，标记消息失败: sm00000000000000t010
00:07 +147: /Users/leeyi/project/imboy.pub/imboyapp/test/unit_test/service/websocket_send_session_test.dart: pending ACK retry framing=FramingMode.none stale=true
00:07 +147: /Users/leeyi/project/imboy.pub/imboyapp/test/unit_test/service/message_retry_terminal_state_test.dart: (setUpAll)
🔍 [RETRY_SCAN] 开始扫描失败消息...
📊 [RETRY_SCAN] 扫描完成: 发现 0 条失败消息，添加 0 条到重试队列
00:07 +147: /Users/leeyi/project/imboy.pub/imboyapp/test/unit_test/service/websocket_send_session_test.dart: pending ACK retry framing=FramingMode.none stale=true
00:07 +147: /Users/leeyi/project/imboy.pub/imboyapp/test/unit_test/service/message_retry_terminal_state_test.dart: 启动扫描的状态集 对照组：pendingRetry 的中间态行必须被捞回队列
清除缓存: msg_c2c, 移除了 0 个缓存条目
🔍 [RETRY_SCAN] 开始扫描失败消息...
消息加入重试队列: ts0000000000000pr01, type=C2C
✅ [RETRY_SCAN] 添加失败消息到重试队列: msgId=ts0000000000000pr01, status=12, table=c2c
📊 [RETRY_SCAN] 扫描完成: 发现 1 条失败消息，添加 1 条到重试队列
🚀 [RETRY_SCAN] 网络已连接，立即重试失败消息...
00:07 +148: /Users/leeyi/project/imboy.pub/imboyapp/test/unit_test/service/websocket_send_session_test.dart: pending ACK retry framing=FramingMode.none stale=true
00:07 +148: /Users/leeyi/project/imboy.pub/imboyapp/test/unit_test/service/message_retry_terminal_state_test.dart: 启动扫描的状态集 sending 的中间态行也必须被捞回（进程被杀留下的）
清除缓存: msg_c2c, 移除了 0 个缓存条目
🔍 [RETRY_SCAN] 开始扫描失败消息...
消息加入重试队列: ts0000000000000sd01, type=C2C
✅ [RETRY_SCAN] 添加失败消息到重试队列: msgId=ts0000000000000sd01, status=10, table=c2c
message_repo/updateWithConditions msg_c2c ; where: id = ? AND status = ?
清除缓存: msg_c2c, 移除了 0 个缓存条目
📊 [RETRY_SCAN] 扫描完成: 发现 1 条失败消息，添加 1 条到重试队列
🚀 [RETRY_SCAN] 网络已连接，立即重试失败消息...
00:07 +149: /Users/leeyi/project/imboy.pub/imboyapp/test/unit_test/service/websocket_send_session_test.dart: pending ACK retry framing=FramingMode.none stale=true
00:07 +149: /Users/leeyi/project/imboy.pub/imboyapp/test/unit_test/service/message_retry_terminal_state_test.dart: 启动扫描的状态集 超过单页 100 条时继续扫描后续页
清除缓存: msg_c2c, 移除了 0 个缓存条目
清除缓存: msg_c2c, 移除了 0 个缓存条目
清除缓存: msg_c2c, 移除了 0 个缓存条目
清除缓存: msg_c2c, 移除了 0 个缓存条目
清除缓存: msg_c2c, 移除了 0 个缓存条目
清除缓存: msg_c2c, 移除了 0 个缓存条目
清除缓存: msg_c2c, 移除了 0 个缓存条目
清除缓存: msg_c2c, 移除了 0 个缓存条目
清除缓存: msg_c2c, 移除了 0 个缓存条目
清除缓存: msg_c2c, 移除了 0 个缓存条目
清除缓存: msg_c2c, 移除了 0 个缓存条目
清除缓存: msg_c2c, 移除了 0 个缓存条目
清除缓存: msg_c2c, 移除了 0 个缓存条目
清除缓存: msg_c2c, 移除了 0 个缓存条目
清除缓存: msg_c2c, 移除了 0 个缓存条目
清除缓存: msg_c2c, 移除了 0 个缓存条目
清除缓存: msg_c2c, 移除了 0 个缓存条目
清除缓存: msg_c2c, 移除了 0 个缓存条目
清除缓存: msg_c2c, 移除了 0 个缓存条目
清除缓存: msg_c2c, 移除了 0 个缓存条目
清除缓存: msg_c2c, 移除了 0 个缓存条目
清除缓存: msg_c2c, 移除了 0 个缓存条目
清除缓存: msg_c2c, 移除了 0 个缓存条目
清除缓存: msg_c2c, 移除了 0 个缓存条目
清除缓存: msg_c2c, 移除了 0 个缓存条目
清除缓存: msg_c2c, 移除了 0 个缓存条目
清除缓存: msg_c2c, 移除了 0 个缓存条目
清除缓存: msg_c2c, 移除了 0 个缓存条目
清除缓存: msg_c2c, 移除了 0 个缓存条目
清除缓存: msg_c2c, 移除了 0 个缓存条目
清除缓存: msg_c2c, 移除了 0 个缓存条目
清除缓存: msg_c2c, 移除了 0 个缓存条目
清除缓存: msg_c2c, 移除了 0 个缓存条目
清除缓存: msg_c2c, 移除了 0 个缓存条目
清除缓存: msg_c2c, 移除了 0 个缓存条目
清除缓存: msg_c2c, 移除了 0 个缓存条目
清除缓存: msg_c2c, 移除了 0 个缓存条目
清除缓存: msg_c2c, 移除了 0 个缓存条目
清除缓存: msg_c2c, 移除了 0 个缓存条目
清除缓存: msg_c2c, 移除了 0 个缓存条目
清除缓存: msg_c2c, 移除了 0 个缓存条目
清除缓存: msg_c2c, 移除了 0 个缓存条目
清除缓存: msg_c2c, 移除了 0 个缓存条目
清除缓存: msg_c2c, 移除了 0 个缓存条目
清除缓存: msg_c2c, 移除了 0 个缓存条目
清除缓存: msg_c2c, 移除了 0 个缓存条目
清除缓存: msg_c2c, 移除了 0 个缓存条目
清除缓存: msg_c2c, 移除了 0 个缓存条目
清除缓存: msg_c2c, 移除了 0 个缓存条目
清除缓存: msg_c2c, 移除了 0 个缓存条目
清除缓存: msg_c2c, 移除了 0 个缓存条目
清除缓存: msg_c2c, 移除了 0 个缓存条目
清除缓存: msg_c2c, 移除了 0 个缓存条目
清除缓存: msg_c2c, 移除了 0 个缓存条目
清除缓存: msg_c2c, 移除了 0 个缓存条目
清除缓存: msg_c2c, 移除了 0 个缓存条目
清除缓存: msg_c2c, 移除了 0 个缓存条目
清除缓存: msg_c2c, 移除了 0 个缓存条目
清除缓存: msg_c2c, 移除了 0 个缓存条目
清除缓存: msg_c2c, 移除了 0 个缓存条目
清除缓存: msg_c2c, 移除了 0 个缓存条目
清除缓存: msg_c2c, 移除了 0 个缓存条目
清除缓存: msg_c2c, 移除了 0 个缓存条目
清除缓存: msg_c2c, 移除了 0 个缓存条目
清除缓存: msg_c2c, 移除了 0 个缓存条目
清除缓存: msg_c2c, 移除了 0 个缓存条目
清除缓存: msg_c2c, 移除了 0 个缓存条目
清除缓存: msg_c2c, 移除了 0 个缓存条目
清除缓存: msg_c2c, 移除了 0 个缓存条目
清除缓存: msg_c2c, 移除了 0 个缓存条目
清除缓存: msg_c2c, 移除了 0 个缓存条目
清除缓存: msg_c2c, 移除了 0 个缓存条目
清除缓存: msg_c2c, 移除了 0 个缓存条目
清除缓存: msg_c2c, 移除了 0 个缓存条目
清除缓存: msg_c2c, 移除了 0 个缓存条目
清除缓存: msg_c2c, 移除了 0 个缓存条目
清除缓存: msg_c2c, 移除了 0 个缓存条目
清除缓存: msg_c2c, 移除了 0 个缓存条目
清除缓存: msg_c2c, 移除了 0 个缓存条目
清除缓存: msg_c2c, 移除了 0 个缓存条目
清除缓存: msg_c2c, 移除了 0 个缓存条目
清除缓存: msg_c2c, 移除了 0 个缓存条目
清除缓存: msg_c2c, 移除了 0 个缓存条目
清除缓存: msg_c2c, 移除了 0 个缓存条目
清除缓存: msg_c2c, 移除了 0 个缓存条目
清除缓存: msg_c2c, 移除了 0 个缓存条目
清除缓存: msg_c2c, 移除了 0 个缓存条目
清除缓存: msg_c2c, 移除了 0 个缓存条目
清除缓存: msg_c2c, 移除了 0 个缓存条目
清除缓存: msg_c2c, 移除了 0 个缓存条目
清除缓存: msg_c2c, 移除了 0 个缓存条目
清除缓存: msg_c2c, 移除了 0 个缓存条目
清除缓存: msg_c2c, 移除了 0 个缓存条目
清除缓存: msg_c2c, 移除了 0 个缓存条目
清除缓存: msg_c2c, 移除了 0 个缓存条目
清除缓存: msg_c2c, 移除了 0 个缓存条目
清除缓存: msg_c2c, 移除了 0 个缓存条目
清除缓存: msg_c2c, 移除了 0 个缓存条目
清除缓存: msg_c2c, 移除了 0 个缓存条目
清除缓存: msg_c2c, 移除了 0 个缓存条目
清除缓存: msg_c2c, 移除了 0 个缓存条目
🔍 [RETRY_SCAN] 开始扫描失败消息...
消息加入重试队列: ts000000000000000100, type=C2C
✅ [RETRY_SCAN] 添加失败消息到重试队列: msgId=ts000000000000000100, status=12, table=c2c
消息加入重试队列: ts000000000000000099, type=C2C
✅ [RETRY_SCAN] 添加失败消息到重试队列: msgId=ts000000000000000099, status=12, table=c2c
消息加入重试队列: ts000000000000000098, type=C2C
✅ [RETRY_SCAN] 添加失败消息到重试队列: msgId=ts000000000000000098, status=12, table=c2c
消息加入重试队列: ts000000000000000097, type=C2C
✅ [RETRY_SCAN] 添加失败消息到重试队列: msgId=ts000000000000000097, status=12, table=c2c
消息加入重试队列: ts000000000000000096, type=C2C
✅ [RETRY_SCAN] 添加失败消息到重试队列: msgId=ts000000000000000096, status=12, table=c2c
消息加入重试队列: ts000000000000000095, type=C2C
✅ [RETRY_SCAN] 添加失败消息到重试队列: msgId=ts000000000000000095, status=12, table=c2c
消息加入重试队列: ts000000000000000094, type=C2C
✅ [RETRY_SCAN] 添加失败消息到重试队列: msgId=ts000000000000000094, status=12, table=c2c
消息加入重试队列: ts000000000000000093, type=C2C
✅ [RETRY_SCAN] 添加失败消息到重试队列: msgId=ts000000000000000093, status=12, table=c2c
消息加入重试队列: ts000000000000000092, type=C2C
✅ [RETRY_SCAN] 添加失败消息到重试队列: msgId=ts000000000000000092, status=12, table=c2c
消息加入重试队列: ts000000000000000091, type=C2C
✅ [RETRY_SCAN] 添加失败消息到重试队列: msgId=ts000000000000000091, status=12, table=c2c
消息加入重试队列: ts000000000000000090, type=C2C
✅ [RETRY_SCAN] 添加失败消息到重试队列: msgId=ts000000000000000090, status=12, table=c2c
消息加入重试队列: ts000000000000000089, type=C2C
✅ [RETRY_SCAN] 添加失败消息到重试队列: msgId=ts000000000000000089, status=12, table=c2c
消息加入重试队列: ts000000000000000088, type=C2C
✅ [RETRY_SCAN] 添加失败消息到重试队列: msgId=ts000000000000000088, status=12, table=c2c
消息加入重试队列: ts000000000000000087, type=C2C
✅ [RETRY_SCAN] 添加失败消息到重试队列: msgId=ts000000000000000087, status=12, table=c2c
消息加入重试队列: ts000000000000000086, type=C2C
✅ [RETRY_SCAN] 添加失败消息到重试队列: msgId=ts000000000000000086, status=12, table=c2c
消息加入重试队列: ts000000000000000085, type=C2C
✅ [RETRY_SCAN] 添加失败消息到重试队列: msgId=ts000000000000000085, status=12, table=c2c
消息加入重试队列: ts000000000000000084, type=C2C
✅ [RETRY_SCAN] 添加失败消息到重试队列: msgId=ts000000000000000084, status=12, table=c2c
消息加入重试队列: ts000000000000000083, type=C2C
✅ [RETRY_SCAN] 添加失败消息到重试队列: msgId=ts000000000000000083, status=12, table=c2c
消息加入重试队列: ts000000000000000082, type=C2C
✅ [RETRY_SCAN] 添加失败消息到重试队列: msgId=ts000000000000000082, status=12, table=c2c
消息加入重试队列: ts000000000000000081, type=C2C
✅ [RETRY_SCAN] 添加失败消息到重试队列: msgId=ts000000000000000081, status=12, table=c2c
消息加入重试队列: ts000000000000000080, type=C2C
✅ [RETRY_SCAN] 添加失败消息到重试队列: msgId=ts000000000000000080, status=12, table=c2c
消息加入重试队列: ts000000000000000079, type=C2C
✅ [RETRY_SCAN] 添加失败消息到重试队列: msgId=ts000000000000000079, status=12, table=c2c
消息加入重试队列: ts000000000000000078, type=C2C
✅ [RETRY_SCAN] 添加失败消息到重试队列: msgId=ts000000000000000078, status=12, table=c2c
消息加入重试队列: ts000000000000000077, type=C2C
✅ [RETRY_SCAN] 添加失败消息到重试队列: msgId=ts000000000000000077, status=12, table=c2c
消息加入重试队列: ts000000000000000076, type=C2C
✅ [RETRY_SCAN] 添加失败消息到重试队列: msgId=ts000000000000000076, status=12, table=c2c
消息加入重试队列: ts000000000000000075, type=C2C
✅ [RETRY_SCAN] 添加失败消息到重试队列: msgId=ts000000000000000075, status=12, table=c2c
消息加入重试队列: ts000000000000000074, type=C2C
✅ [RETRY_SCAN] 添加失败消息到重试队列: msgId=ts000000000000000074, status=12, table=c2c
消息加入重试队列: ts000000000000000073, type=C2C
✅ [RETRY_SCAN] 添加失败消息到重试队列: msgId=ts000000000000000073, status=12, table=c2c
消息加入重试队列: ts000000000000000072, type=C2C
✅ [RETRY_SCAN] 添加失败消息到重试队列: msgId=ts000000000000000072, status=12, table=c2c
消息加入重试队列: ts000000000000000071, type=C2C
✅ [RETRY_SCAN] 添加失败消息到重试队列: msgId=ts000000000000000071, status=12, table=c2c
消息加入重试队列: ts000000000000000070, type=C2C
✅ [RETRY_SCAN] 添加失败消息到重试队列: msgId=ts000000000000000070, status=12, table=c2c
消息加入重试队列: ts000000000000000069, type=C2C
✅ [RETRY_SCAN] 添加失败消息到重试队列: msgId=ts000000000000000069, status=12, table=c2c
消息加入重试队列: ts000000000000000068, type=C2C
✅ [RETRY_SCAN] 添加失败消息到重试队列: msgId=ts000000000000000068, status=12, table=c2c
消息加入重试队列: ts000000000000000067, type=C2C
✅ [RETRY_SCAN] 添加失败消息到重试队列: msgId=ts000000000000000067, status=12, table=c2c
消息加入重试队列: ts000000000000000066, type=C2C
✅ [RETRY_SCAN] 添加失败消息到重试队列: msgId=ts000000000000000066, status=12, table=c2c
消息加入重试队列: ts000000000000000065, type=C2C
✅ [RETRY_SCAN] 添加失败消息到重试队列: msgId=ts000000000000000065, status=12, table=c2c
消息加入重试队列: ts000000000000000064, type=C2C
✅ [RETRY_SCAN] 添加失败消息到重试队列: msgId=ts000000000000000064, status=12, table=c2c
消息加入重试队列: ts000000000000000063, type=C2C
✅ [RETRY_SCAN] 添加失败消息到重试队列: msgId=ts000000000000000063, status=12, table=c2c
消息加入重试队列: ts000000000000000062, type=C2C
✅ [RETRY_SCAN] 添加失败消息到重试队列: msgId=ts000000000000000062, status=12, table=c2c
消息加入重试队列: ts000000000000000061, type=C2C
✅ [RETRY_SCAN] 添加失败消息到重试队列: msgId=ts000000000000000061, status=12, table=c2c
消息加入重试队列: ts000000000000000060, type=C2C
✅ [RETRY_SCAN] 添加失败消息到重试队列: msgId=ts000000000000000060, status=12, table=c2c
消息加入重试队列: ts000000000000000059, type=C2C
✅ [RETRY_SCAN] 添加失败消息到重试队列: msgId=ts000000000000000059, status=12, table=c2c
消息加入重试队列: ts000000000000000058, type=C2C
✅ [RETRY_SCAN] 添加失败消息到重试队列: msgId=ts000000000000000058, status=12, table=c2c
消息加入重试队列: ts000000000000000057, type=C2C
✅ [RETRY_SCAN] 添加失败消息到重试队列: msgId=ts000000000000000057, status=12, table=c2c
消息加入重试队列: ts000000000000000056, type=C2C
✅ [RETRY_SCAN] 添加失败消息到重试队列: msgId=ts000000000000000056, status=12, table=c2c
消息加入重试队列: ts000000000000000055, type=C2C
✅ [RETRY_SCAN] 添加失败消息到重试队列: msgId=ts000000000000000055, status=12, table=c2c
消息加入重试队列: ts000000000000000054, type=C2C
✅ [RETRY_SCAN] 添加失败消息到重试队列: msgId=ts000000000000000054, status=12, table=c2c
消息加入重试队列: ts000000000000000053, type=C2C
✅ [RETRY_SCAN] 添加失败消息到重试队列: msgId=ts000000000000000053, status=12, table=c2c
消息加入重试队列: ts000000000000000052, type=C2C
✅ [RETRY_SCAN] 添加失败消息到重试队列: msgId=ts000000000000000052, status=12, table=c2c
消息加入重试队列: ts000000000000000051, type=C2C
✅ [RETRY_SCAN] 添加失败消息到重试队列: msgId=ts000000000000000051, status=12, table=c2c
消息加入重试队列: ts000000000000000050, type=C2C
✅ [RETRY_SCAN] 添加失败消息到重试队列: msgId=ts000000000000000050, status=12, table=c2c
消息加入重试队列: ts000000000000000049, type=C2C
✅ [RETRY_SCAN] 添加失败消息到重试队列: msgId=ts000000000000000049, status=12, table=c2c
消息加入重试队列: ts000000000000000048, type=C2C
✅ [RETRY_SCAN] 添加失败消息到重试队列: msgId=ts000000000000000048, status=12, table=c2c
消息加入重试队列: ts000000000000000047, type=C2C
✅ [RETRY_SCAN] 添加失败消息到重试队列: msgId=ts000000000000000047, status=12, table=c2c
消息加入重试队列: ts000000000000000046, type=C2C
✅ [RETRY_SCAN] 添加失败消息到重试队列: msgId=ts000000000000000046, status=12, table=c2c
消息加入重试队列: ts000000000000000045, type=C2C
✅ [RETRY_SCAN] 添加失败消息到重试队列: msgId=ts000000000000000045, status=12, table=c2c
消息加入重试队列: ts000000000000000044, type=C2C
✅ [RETRY_SCAN] 添加失败消息到重试队列: msgId=ts000000000000000044, status=12, table=c2c
消息加入重试队列: ts000000000000000043, type=C2C
✅ [RETRY_SCAN] 添加失败消息到重试队列: msgId=ts000000000000000043, status=12, table=c2c
消息加入重试队列: ts000000000000000042, type=C2C
✅ [RETRY_SCAN] 添加失败消息到重试队列: msgId=ts000000000000000042, status=12, table=c2c
消息加入重试队列: ts000000000000000041, type=C2C
✅ [RETRY_SCAN] 添加失败消息到重试队列: msgId=ts000000000000000041, status=12, table=c2c
消息加入重试队列: ts000000000000000040, type=C2C
✅ [RETRY_SCAN] 添加失败消息到重试队列: msgId=ts000000000000000040, status=12, table=c2c
消息加入重试队列: ts000000000000000039, type=C2C
✅ [RETRY_SCAN] 添加失败消息到重试队列: msgId=ts000000000000000039, status=12, table=c2c
消息加入重试队列: ts000000000000000038, type=C2C
✅ [RETRY_SCAN] 添加失败消息到重试队列: msgId=ts000000000000000038, status=12, table=c2c
消息加入重试队列: ts000000000000000037, type=C2C
✅ [RETRY_SCAN] 添加失败消息到重试队列: msgId=ts000000000000000037, status=12, table=c2c
消息加入重试队列: ts000000000000000036, type=C2C
✅ [RETRY_SCAN] 添加失败消息到重试队列: msgId=ts000000000000000036, status=12, table=c2c
消息加入重试队列: ts000000000000000035, type=C2C
✅ [RETRY_SCAN] 添加失败消息到重试队列: msgId=ts000000000000000035, status=12, table=c2c
消息加入重试队列: ts000000000000000034, type=C2C
✅ [RETRY_SCAN] 添加失败消息到重试队列: msgId=ts000000000000000034, status=12, table=c2c
消息加入重试队列: ts000000000000000033, type=C2C
✅ [RETRY_SCAN] 添加失败消息到重试队列: msgId=ts000000000000000033, status=12, table=c2c
消息加入重试队列: ts000000000000000032, type=C2C
✅ [RETRY_SCAN] 添加失败消息到重试队列: msgId=ts000000000000000032, status=12, table=c2c
消息加入重试队列: ts000000000000000031, type=C2C
✅ [RETRY_SCAN] 添加失败消息到重试队列: msgId=ts000000000000000031, status=12, table=c2c
消息加入重试队列: ts000000000000000030, type=C2C
✅ [RETRY_SCAN] 添加失败消息到重试队列: msgId=ts000000000000000030, status=12, table=c2c
消息加入重试队列: ts000000000000000029, type=C2C
✅ [RETRY_SCAN] 添加失败消息到重试队列: msgId=ts000000000000000029, status=12, table=c2c
消息加入重试队列: ts000000000000000028, type=C2C
✅ [RETRY_SCAN] 添加失败消息到重试队列: msgId=ts000000000000000028, status=12, table=c2c
消息加入重试队列: ts000000000000000027, type=C2C
✅ [RETRY_SCAN] 添加失败消息到重试队列: msgId=ts000000000000000027, status=12, table=c2c
消息加入重试队列: ts000000000000000026, type=C2C
✅ [RETRY_SCAN] 添加失败消息到重试队列: msgId=ts000000000000000026, status=12, table=c2c
消息加入重试队列: ts000000000000000025, type=C2C
✅ [RETRY_SCAN] 添加失败消息到重试队列: msgId=ts000000000000000025, status=12, table=c2c
消息加入重试队列: ts000000000000000024, type=C2C
✅ [RETRY_SCAN] 添加失败消息到重试队列: msgId=ts000000000000000024, status=12, table=c2c
消息加入重试队列: ts000000000000000023, type=C2C
✅ [RETRY_SCAN] 添加失败消息到重试队列: msgId=ts000000000000000023, status=12, table=c2c
消息加入重试队列: ts000000000000000022, type=C2C
✅ [RETRY_SCAN] 添加失败消息到重试队列: msgId=ts000000000000000022, status=12, table=c2c
消息加入重试队列: ts000000000000000021, type=C2C
✅ [RETRY_SCAN] 添加失败消息到重试队列: msgId=ts000000000000000021, status=12, table=c2c
消息加入重试队列: ts000000000000000020, type=C2C
✅ [RETRY_SCAN] 添加失败消息到重试队列: msgId=ts000000000000000020, status=12, table=c2c
消息加入重试队列: ts000000000000000019, type=C2C
✅ [RETRY_SCAN] 添加失败消息到重试队列: msgId=ts000000000000000019, status=12, table=c2c
消息加入重试队列: ts000000000000000018, type=C2C
✅ [RETRY_SCAN] 添加失败消息到重试队列: msgId=ts000000000000000018, status=12, table=c2c
消息加入重试队列: ts000000000000000017, type=C2C
✅ [RETRY_SCAN] 添加失败消息到重试队列: msgId=ts000000000000000017, status=12, table=c2c
消息加入重试队列: ts000000000000000016, type=C2C
✅ [RETRY_SCAN] 添加失败消息到重试队列: msgId=ts000000000000000016, status=12, table=c2c
消息加入重试队列: ts000000000000000015, type=C2C
✅ [RETRY_SCAN] 添加失败消息到重试队列: msgId=ts000000000000000015, status=12, table=c2c
消息加入重试队列: ts000000000000000014, type=C2C
✅ [RETRY_SCAN] 添加失败消息到重试队列: msgId=ts000000000000000014, status=12, table=c2c
消息加入重试队列: ts000000000000000013, type=C2C
✅ [RETRY_SCAN] 添加失败消息到重试队列: msgId=ts000000000000000013, status=12, table=c2c
消息加入重试队列: ts000000000000000012, type=C2C
✅ [RETRY_SCAN] 添加失败消息到重试队列: msgId=ts000000000000000012, status=12, table=c2c
消息加入重试队列: ts000000000000000011, type=C2C
✅ [RETRY_SCAN] 添加失败消息到重试队列: msgId=ts000000000000000011, status=12, table=c2c
消息加入重试队列: ts000000000000000010, type=C2C
✅ [RETRY_SCAN] 添加失败消息到重试队列: msgId=ts000000000000000010, status=12, table=c2c
消息加入重试队列: ts000000000000000009, type=C2C
✅ [RETRY_SCAN] 添加失败消息到重试队列: msgId=ts000000000000000009, status=12, table=c2c
消息加入重试队列: ts000000000000000008, type=C2C
✅ [RETRY_SCAN] 添加失败消息到重试队列: msgId=ts000000000000000008, status=12, table=c2c
消息加入重试队列: ts000000000000000007, type=C2C
✅ [RETRY_SCAN] 添加失败消息到重试队列: msgId=ts000000000000000007, status=12, table=c2c
消息加入重试队列: ts000000000000000006, type=C2C
✅ [RETRY_SCAN] 添加失败消息到重试队列: msgId=ts000000000000000006, status=12, table=c2c
消息加入重试队列: ts000000000000000005, type=C2C
✅ [RETRY_SCAN] 添加失败消息到重试队列: msgId=ts000000000000000005, status=12, table=c2c
消息加入重试队列: ts000000000000000004, type=C2C
✅ [RETRY_SCAN] 添加失败消息到重试队列: msgId=ts000000000000000004, status=12, table=c2c
消息加入重试队列: ts000000000000000003, type=C2C
✅ [RETRY_SCAN] 添加失败消息到重试队列: msgId=ts000000000000000003, status=12, table=c2c
消息加入重试队列: ts000000000000000002, type=C2C
✅ [RETRY_SCAN] 添加失败消息到重试队列: msgId=ts000000000000000002, status=12, table=c2c
消息加入重试队列: ts000000000000000001, type=C2C
✅ [RETRY_SCAN] 添加失败消息到重试队列: msgId=ts000000000000000001, status=12, table=c2c
消息加入重试队列: ts000000000000000000, type=C2C
✅ [RETRY_SCAN] 添加失败消息到重试队列: msgId=ts000000000000000000, status=12, table=c2c
📊 [RETRY_SCAN] 扫描完成: 发现 101 条失败消息，添加 101 条到重试队列
🚀 [RETRY_SCAN] 网络已连接，立即重试失败消息...
00:07 +150: /Users/leeyi/project/imboy.pub/imboyapp/test/unit_test/service/websocket_send_session_test.dart: pending ACK retry framing=FramingMode.none stale=true
00:07 +150: /Users/leeyi/project/imboy.pub/imboyapp/test/unit_test/service/message_retry_terminal_state_test.dart: 启动扫描的状态集 终态 error 不得被捞回 —— 否则放弃上限形同虚设
清除缓存: msg_c2c, 移除了 0 个缓存条目
🔍 [RETRY_SCAN] 开始扫描失败消息...
📊 [RETRY_SCAN] 扫描完成: 发现 0 条失败消息，添加 0 条到重试队列
00:07 +151: /Users/leeyi/project/imboy.pub/imboyapp/test/unit_test/service/websocket_send_session_test.dart: pending ACK retry framing=FramingMode.none stale=true
00:07 +151: /Users/leeyi/project/imboy.pub/imboyapp/test/unit_test/service/message_retry_terminal_state_test.dart: 达到重试上限后落终态 retryCount 到上限 → 行被置为 error 且出队
清除缓存: msg_c2c, 移除了 0 个缓存条目
消息加入重试队列: ts0000000000000mx01, type=C2C
message_repo/update msg_c2c ;
清除缓存: msg_c2c, 移除了 0 个缓存条目
✅ [MessageTypeNormalizer] 有效类型: text
❌ [RETRY] 达到最大重试次数，标记消息失败: ts0000000000000mx01
🔍 [RETRY_SCAN] 开始扫描失败消息...
📊 [RETRY_SCAN] 扫描完成: 发现 0 条失败消息，添加 0 条到重试队列
00:07 +152: /Users/leeyi/project/imboy.pub/imboyapp/test/unit_test/service/websocket_send_session_test.dart: pending ACK retry framing=FramingMode.none stale=true
00:08 +152: /Users/leeyi/project/imboy.pub/imboyapp/test/unit_test/service/ack_manager_enhanced_test.dart: AckManager 增强测试 ACK 发送和重试 应该正确生成 ACK 消息格式
✅ [ACK_MANAGER] AckManager initialized
🗑️ [ACK_MANAGER] 已取消所有 Timer
🗑️ [ACK_MANAGER] 已清理 0 个待确认ACK
🗑️ [ACK_MANAGER] 已取消所有 Timer
🗑️ [ACK_MANAGER] 已清理 0 个待确认ACK
00:08 +153: /Users/leeyi/project/imboy.pub/imboyapp/test/unit_test/service/websocket_send_session_test.dart: pending ACK retry framing=FramingMode.none stale=true
00:08 +153: /Users/leeyi/project/imboy.pub/imboyapp/test/unit_test/service/ack_manager_enhanced_test.dart: AckManager 增强测试 ACK 发送和重试 应该在参数为空时抛出异常
🗑️ [ACK_MANAGER] 已取消所有 Timer
🗑️ [ACK_MANAGER] 已清理 0 个待确认ACK
❌ [ACK_MANAGER] generateAckMessage 参数无效: type=, msgId=msg_123
❌ [ACK_MANAGER] generateAckMessage 参数无效: type=C2C, msgId=
🗑️ [ACK_MANAGER] 已取消所有 Timer
🗑️ [ACK_MANAGER] 已清理 0 个待确认ACK
00:08 +154: /Users/leeyi/project/imboy.pub/imboyapp/test/unit_test/service/websocket_send_session_test.dart: pending ACK retry framing=FramingMode.none stale=true
00:08 +154: /Users/leeyi/project/imboy.pub/imboyapp/test/unit_test/service/ack_manager_enhanced_test.dart: AckManager 增强测试 ACK 发送和重试 应该发送 ACK 并记录待确认
🗑️ [ACK_MANAGER] 已取消所有 Timer
🗑️ [ACK_MANAGER] 已清理 0 个待确认ACK
📤 [ACK_MANAGER] 发送ACK: msgId=msg_123, type=C2C, retryCount=0
🧹 [QUEUE] 启动定期清理 Timer
✅ [ACK_MANAGER] ACK发送成功: msgId=msg_123, retryCount=0
🗑️ [ACK_MANAGER] 已取消所有 Timer
🗑️ [ACK_MANAGER] 已清理 1 个待确认ACK
00:08 +155: /Users/leeyi/project/imboy.pub/imboyapp/test/unit_test/service/websocket_send_session_test.dart: pending ACK retry framing=FramingMode.none stale=true
00:08 +155: /Users/leeyi/project/imboy.pub/imboyapp/test/unit_test/service/ack_manager_enhanced_test.dart: AckManager 增强测试 ACK 发送和重试 应该在最大重试次数后停止重试
🗑️ [ACK_MANAGER] 已取消所有 Timer
🗑️ [ACK_MANAGER] 已清理 0 个待确认ACK
🗑️ [ACK_MANAGER] 已取消所有 Timer
🗑️ [ACK_MANAGER] 已清理 0 个待确认ACK
00:08 +156: /Users/leeyi/project/imboy.pub/imboyapp/test/unit_test/service/websocket_send_session_test.dart: pending ACK retry framing=FramingMode.none stale=true
00:08 +156: /Users/leeyi/project/imboy.pub/imboyapp/test/unit_test/service/ack_manager_enhanced_test.dart: AckManager 增强测试 ACK 发送和重试 应该记录每次重试的时间戳
🗑️ [ACK_MANAGER] 已取消所有 Timer
🗑️ [ACK_MANAGER] 已清理 0 个待确认ACK
🗑️ [ACK_MANAGER] 已取消所有 Timer
🗑️ [ACK_MANAGER] 已清理 0 个待确认ACK
00:08 +157: /Users/leeyi/project/imboy.pub/imboyapp/test/unit_test/service/websocket_send_session_test.dart: pending ACK retry framing=FramingMode.none stale=true
00:08 +157: /Users/leeyi/project/imboy.pub/imboyapp/test/unit_test/service/ack_manager_enhanced_test.dart: AckManager 增强测试 ACK 超时处理 应该在 ACK 超时后清理记录
🗑️ [ACK_MANAGER] 已取消所有 Timer
🗑️ [ACK_MANAGER] 已清理 0 个待确认ACK
📤 [ACK_MANAGER] 发送ACK: msgId=msg_timeout, type=C2C, retryCount=0
✅ [ACK_MANAGER] ACK发送成功: msgId=msg_timeout, retryCount=0
🗑️ [ACK_MANAGER] 已取消所有 Timer
🗑️ [ACK_MANAGER] 已清理 1 个待确认ACK
00:08 +158: /Users/leeyi/project/imboy.pub/imboyapp/test/unit_test/service/websocket_send_session_test.dart: pending ACK retry framing=FramingMode.none stale=true
00:08 +158: /Users/leeyi/project/imboy.pub/imboyapp/test/unit_test/service/ack_manager_enhanced_test.dart: AckManager 增强测试 ACK 超时处理 应该计算 ACK 超时时间
🗑️ [ACK_MANAGER] 已取消所有 Timer
🗑️ [ACK_MANAGER] 已清理 0 个待确认ACK
🗑️ [ACK_MANAGER] 已取消所有 Timer
🗑️ [ACK_MANAGER] 已清理 0 个待确认ACK
00:08 +159: /Users/leeyi/project/imboy.pub/imboyapp/test/unit_test/service/websocket_send_session_test.dart: pending ACK retry framing=FramingMode.none stale=true
00:08 +159: /Users/leeyi/project/imboy.pub/imboyapp/test/unit_test/service/ack_manager_enhanced_test.dart: AckManager 增强测试 ACK 超时处理 应该记录超时的 ACK 统计
🗑️ [ACK_MANAGER] 已取消所有 Timer
🗑️ [ACK_MANAGER] 已清理 0 个待确认ACK
🗑️ [ACK_MANAGER] 已取消所有 Timer
🗑️ [ACK_MANAGER] 已清理 0 个待确认ACK
00:08 +160: /Users/leeyi/project/imboy.pub/imboyapp/test/unit_test/service/websocket_send_session_test.dart: pending ACK retry framing=FramingMode.none stale=true
00:08 +160: /Users/leeyi/project/imboy.pub/imboyapp/test/unit_test/service/ack_manager_enhanced_test.dart: AckManager 增强测试 ACK 状态跟踪 应该提供待确认 ACK 列表
🗑️ [ACK_MANAGER] 已取消所有 Timer
🗑️ [ACK_MANAGER] 已清理 0 个待确认ACK
📤 [ACK_MANAGER] 发送ACK: msgId=msg_1, type=C2C, retryCount=0
✅ [ACK_MANAGER] ACK发送成功: msgId=msg_1, retryCount=0
📤 [ACK_MANAGER] 发送ACK: msgId=msg_2, type=C2G, retryCount=0
✅ [ACK_MANAGER] ACK发送成功: msgId=msg_2, retryCount=0
🗑️ [ACK_MANAGER] 已取消所有 Timer
🗑️ [ACK_MANAGER] 已清理 2 个待确认ACK
00:08 +161: /Users/leeyi/project/imboy.pub/imboyapp/test/unit_test/service/websocket_send_session_test.dart: pending ACK retry framing=FramingMode.none stale=true
00:08 +161: /Users/leeyi/project/imboy.pub/imboyapp/test/unit_test/service/ack_manager_enhanced_test.dart: AckManager 增强测试 ACK 状态跟踪 应该提供 ACK 统计信息
🗑️ [ACK_MANAGER] 已取消所有 Timer
🗑️ [ACK_MANAGER] 已清理 0 个待确认ACK
📤 [ACK_MANAGER] 发送ACK: msgId=msg_1, type=C2C, retryCount=0
✅ [ACK_MANAGER] ACK发送成功: msgId=msg_1, retryCount=0
📤 [ACK_MANAGER] 发送ACK: msgId=msg_2, type=C2G, retryCount=0
✅ [ACK_MANAGER] ACK发送成功: msgId=msg_2, retryCount=0
🗑️ [ACK_MANAGER] 已取消所有 Timer
🗑️ [ACK_MANAGER] 已清理 2 个待确认ACK
00:08 +162: /Users/leeyi/project/imboy.pub/imboyapp/test/unit_test/service/websocket_send_session_test.dart: pending ACK retry framing=FramingMode.none stale=true
00:08 +162: /Users/leeyi/project/imboy.pub/imboyapp/test/unit_test/service/ack_manager_enhanced_test.dart: AckManager 增强测试 ACK 状态跟踪 应该更新 ACK 状态
🗑️ [ACK_MANAGER] 已取消所有 Timer
🗑️ [ACK_MANAGER] 已清理 0 个待确认ACK
🗑️ [ACK_MANAGER] 已取消所有 Timer
🗑️ [ACK_MANAGER] 已清理 0 个待确认ACK
00:08 +163: /Users/leeyi/project/imboy.pub/imboyapp/test/unit_test/service/websocket_send_session_test.dart: pending ACK retry framing=FramingMode.none stale=true
00:08 +163: /Users/leeyi/project/imboy.pub/imboyapp/test/unit_test/service/ack_manager_enhanced_test.dart: AckManager 增强测试 ACK 状态跟踪 应该记录 ACK 发送延迟
🗑️ [ACK_MANAGER] 已取消所有 Timer
🗑️ [ACK_MANAGER] 已清理 0 个待确认ACK
🗑️ [ACK_MANAGER] 已取消所有 Timer
🗑️ [ACK_MANAGER] 已清理 0 个待确认ACK
00:08 +164: /Users/leeyi/project/imboy.pub/imboyapp/test/unit_test/service/websocket_send_session_test.dart: pending ACK retry framing=FramingMode.none stale=true
00:08 +164: /Users/leeyi/project/imboy.pub/imboyapp/test/unit_test/service/ack_manager_enhanced_test.dart: AckManager 增强测试 资源清理（Timer 清理） 应该取消所有 Timer
🗑️ [ACK_MANAGER] 已取消所有 Timer
🗑️ [ACK_MANAGER] 已清理 0 个待确认ACK
🗑️ [ACK_MANAGER] 已取消所有 Timer
🗑️ [ACK_MANAGER] 已清理 0 个待确认ACK
00:08 +165: /Users/leeyi/project/imboy.pub/imboyapp/test/unit_test/service/websocket_send_session_test.dart: pending ACK retry framing=FramingMode.none stale=true
00:08 +165: /Users/leeyi/project/imboy.pub/imboyapp/test/unit_test/service/ack_manager_enhanced_test.dart: AckManager 增强测试 资源清理（Timer 清理） 应该清理孤立的 Timer
🗑️ [ACK_MANAGER] 已取消所有 Timer
🗑️ [ACK_MANAGER] 已清理 0 个待确认ACK
🗑️ [ACK_MANAGER] 已取消所有 Timer
🗑️ [ACK_MANAGER] 已清理 0 个待确认ACK
00:08 +166: /Users/leeyi/project/imboy.pub/imboyapp/test/unit_test/service/websocket_send_session_test.dart: pending ACK retry framing=FramingMode.none stale=true
00:08 +166: /Users/leeyi/project/imboy.pub/imboyapp/test/unit_test/service/ack_manager_enhanced_test.dart: AckManager 增强测试 资源清理（Timer 清理） 应该定期清理资源
🗑️ [ACK_MANAGER] 已取消所有 Timer
🗑️ [ACK_MANAGER] 已清理 0 个待确认ACK
00:08 +167: /Users/leeyi/project/imboy.pub/imboyapp/test/unit_test/service/websocket_send_session_test.dart: pending ACK retry framing=FramingMode.none stale=true
00:08 +168: /Users/leeyi/project/imboy.pub/imboyapp/test/unit_test/service/websocket_send_session_test.dart: pending ACK retry framing=FramingMode.none stale=true
00:08 +169: /Users/leeyi/project/imboy.pub/imboyapp/test/unit_test/service/websocket_send_session_test.dart: pending ACK retry framing=FramingMode.none stale=true
00:08 +170: /Users/leeyi/project/imboy.pub/imboyapp/test/unit_test/service/websocket_send_session_test.dart: pending ACK retry framing=FramingMode.none stale=true
00:08 +171: /Users/leeyi/project/imboy.pub/imboyapp/test/unit_test/service/websocket_send_session_test.dart: pending ACK retry framing=FramingMode.none stale=true
00:08 +172: /Users/leeyi/project/imboy.pub/imboyapp/test/unit_test/service/websocket_send_session_test.dart: pending ACK retry framing=FramingMode.none stale=true
00:08 +173: /Users/leeyi/project/imboy.pub/imboyapp/test/unit_test/service/websocket_send_session_test.dart: pending ACK retry framing=FramingMode.none stale=true
00:08 +174: /Users/leeyi/project/imboy.pub/imboyapp/test/unit_test/service/websocket_send_session_test.dart: pending ACK retry framing=FramingMode.none stale=true
00:08 +175: /Users/leeyi/project/imboy.pub/imboyapp/test/unit_test/service/websocket_send_session_test.dart: pending ACK retry framing=FramingMode.none stale=true
00:08 +176: /Users/leeyi/project/imboy.pub/imboyapp/test/unit_test/service/websocket_send_session_test.dart: pending ACK retry framing=FramingMode.none stale=true
00:08 +177: /Users/leeyi/project/imboy.pub/imboyapp/test/unit_test/service/websocket_send_session_test.dart: pending ACK retry framing=FramingMode.none stale=true
00:08 +178: /Users/leeyi/project/imboy.pub/imboyapp/test/unit_test/service/websocket_send_session_test.dart: pending ACK retry framing=FramingMode.none stale=true
00:08 +179: /Users/leeyi/project/imboy.pub/imboyapp/test/unit_test/service/websocket_send_session_test.dart: pending ACK retry framing=FramingMode.none stale=true
00:08 +180: /Users/leeyi/project/imboy.pub/imboyapp/test/unit_test/service/websocket_send_session_test.dart: pending ACK retry framing=FramingMode.none stale=true
🗑️ [ACK_MANAGER] 已取消所有 Timer
🛑 [QUEUE] 停止定期清理 Timer
🧹 [QUEUE] 清空队列
00:08 +181: /Users/leeyi/project/imboy.pub/imboyapp/test/unit_test/service/websocket_heartbeat_test.dart: WebSocket 心跳机制测试 心跳超时检测 应该在心跳超时后触发重连
00:08 +181: /Users/leeyi/project/imboy.pub/imboyapp/test/unit_test/service/websocket_send_session_test.dart: pending ACK retry framing=FramingMode.v2 stale=false
✅ [ACK_MANAGER] AckManager initialized
📤 [ACK_MANAGER] 发送ACK: msgId=1001, type=C2C, retryCount=0
✅ [ACK_MANAGER] v2 二进制 ACK 发送成功: msgId=1001, retryCount=0
00:09 +182: /Users/leeyi/project/imboy.pub/imboyapp/test/unit_test/service/ack_manager_enhanced_test.dart: AckManager 增强测试 资源清理（Timer 清理） 应该定期清理资源
00:09 +183: /Users/leeyi/project/imboy.pub/imboyapp/test/unit_test/service/ack_manager_enhanced_test.dart: AckManager 增强测试 资源清理（Timer 清理） 应该定期清理资源
00:09 +184: /Users/leeyi/project/imboy.pub/imboyapp/test/unit_test/service/ack_manager_enhanced_test.dart: AckManager 增强测试 资源清理（Timer 清理） 应该定期清理资源
00:09 +185: /Users/leeyi/project/imboy.pub/imboyapp/test/unit_test/service/ack_manager_enhanced_test.dart: AckManager 增强测试 资源清理（Timer 清理） 应该定期清理资源
00:09 +186: /Users/leeyi/project/imboy.pub/imboyapp/test/unit_test/service/ack_manager_enhanced_test.dart: AckManager 增强测试 资源清理（Timer 清理） 应该定期清理资源
00:09 +187: /Users/leeyi/project/imboy.pub/imboyapp/test/unit_test/service/ack_manager_enhanced_test.dart: AckManager 增强测试 资源清理（Timer 清理） 应该定期清理资源
00:09 +188: /Users/leeyi/project/imboy.pub/imboyapp/test/unit_test/service/ack_manager_enhanced_test.dart: AckManager 增强测试 资源清理（Timer 清理） 应该定期清理资源
00:09 +189: /Users/leeyi/project/imboy.pub/imboyapp/test/unit_test/service/ack_manager_enhanced_test.dart: AckManager 增强测试 资源清理（Timer 清理） 应该定期清理资源
00:09 +190: /Users/leeyi/project/imboy.pub/imboyapp/test/unit_test/service/ack_manager_enhanced_test.dart: AckManager 增强测试 资源清理（Timer 清理） 应该定期清理资源
00:09 +191: /Users/leeyi/project/imboy.pub/imboyapp/test/unit_test/service/ack_manager_enhanced_test.dart: AckManager 增强测试 资源清理（Timer 清理） 应该定期清理资源
00:09 +192: /Users/leeyi/project/imboy.pub/imboyapp/test/unit_test/service/ack_manager_enhanced_test.dart: AckManager 增强测试 资源清理（Timer 清理） 应该定期清理资源
00:09 +193: /Users/leeyi/project/imboy.pub/imboyapp/test/unit_test/service/ack_manager_enhanced_test.dart: AckManager 增强测试 资源清理（Timer 清理） 应该定期清理资源
00:09 +194: /Users/leeyi/project/imboy.pub/imboyapp/test/unit_test/service/ack_manager_enhanced_test.dart: AckManager 增强测试 资源清理（Timer 清理） 应该定期清理资源
00:09 +195: /Users/leeyi/project/imboy.pub/imboyapp/test/unit_test/service/ack_manager_enhanced_test.dart: AckManager 增强测试 资源清理（Timer 清理） 应该定期清理资源
00:09 +196: /Users/leeyi/project/imboy.pub/imboyapp/test/unit_test/service/ack_manager_enhanced_test.dart: AckManager 增强测试 资源清理（Timer 清理） 应该定期清理资源
00:09 +197: /Users/leeyi/project/imboy.pub/imboyapp/test/unit_test/service/ack_manager_enhanced_test.dart: AckManager 增强测试 资源清理（Timer 清理） 应该定期清理资源
00:11 +197: /Users/leeyi/project/imboy.pub/imboyapp/test/unit_test/service/websocket_send_session_test.dart: pending ACK retry framing=FramingMode.v2 stale=false
🔄 [ACK_MANAGER] ACK重试 1/4: msgId=1001
✅ [ACK_MANAGER] v2 二进制 ACK 发送成功: msgId=1001, retryCount=1
🗑️ [ACK_MANAGER] 已取消所有 Timer
🛑 [QUEUE] 停止定期清理 Timer
🧹 [QUEUE] 清空队列
00:11 +198: /Users/leeyi/project/imboy.pub/imboyapp/test/unit_test/service/ack_manager_enhanced_test.dart: AckManager 增强测试 资源清理（Timer 清理） 应该定期清理资源
00:12 +198: /Users/leeyi/project/imboy.pub/imboyapp/test/unit_test/service/websocket_send_session_test.dart: pending ACK retry framing=FramingMode.v2 stale=true
✅ [ACK_MANAGER] AckManager initialized
📤 [ACK_MANAGER] 发送ACK: msgId=1001, type=C2C, retryCount=0
✅ [ACK_MANAGER] v2 二进制 ACK 发送成功: msgId=1001, retryCount=0
00:12 +198: /Users/leeyi/project/imboy.pub/imboyapp/test/unit_test/service/ack_manager_enhanced_test.dart: AckManager 增强测试 资源清理（Timer 清理） 应该定期清理资源
🗑️ [ACK_MANAGER] 已取消所有 Timer
🗑️ [ACK_MANAGER] 已清理 0 个待确认ACK
00:12 +199: /Users/leeyi/project/imboy.pub/imboyapp/test/unit_test/service/websocket_send_session_test.dart: pending ACK retry framing=FramingMode.v2 stale=true
00:12 +199: /Users/leeyi/project/imboy.pub/imboyapp/test/unit_test/service/ack_manager_enhanced_test.dart: AckManager 增强测试 资源清理（Timer 清理） 应该在 dispose 时清理所有资源
🗑️ [ACK_MANAGER] 已取消所有 Timer
🗑️ [ACK_MANAGER] 已清理 0 个待确认ACK
📤 [ACK_MANAGER] 发送ACK: msgId=msg_1, type=C2C, retryCount=0
✅ [ACK_MANAGER] ACK发送成功: msgId=msg_1, retryCount=0
📤 [ACK_MANAGER] 发送ACK: msgId=msg_2, type=C2G, retryCount=0
✅ [ACK_MANAGER] ACK发送成功: msgId=msg_2, retryCount=0
🗑️ [ACK_MANAGER] 已取消所有 Timer
🗑️ [ACK_MANAGER] 已取消所有 Timer
🗑️ [ACK_MANAGER] 已清理 0 个待确认ACK
00:12 +200: /Users/leeyi/project/imboy.pub/imboyapp/test/unit_test/service/websocket_send_session_test.dart: pending ACK retry framing=FramingMode.v2 stale=true
00:12 +200: /Users/leeyi/project/imboy.pub/imboyapp/test/unit_test/service/ack_manager_enhanced_test.dart: AckManager 增强测试 ACK 确认处理 应该在收到确认时停止重试
✅ [ACK_MANAGER] AckManager initialized
🗑️ [ACK_MANAGER] 已取消所有 Timer
🗑️ [ACK_MANAGER] 已清理 0 个待确认ACK
📤 [ACK_MANAGER] 发送ACK: msgId=msg_confirmed, type=C2C, retryCount=0
✅ [ACK_MANAGER] ACK发送成功: msgId=msg_confirmed, retryCount=0
📈 [ACK_MANAGER] ACK RTT: msgId=msg_confirmed, rtt=1ms, p50=1ms, p95=1ms
✅ [ACK_MANAGER] ACK已确认: msgId=msg_confirmed
🗑️ [ACK_MANAGER] 已取消所有 Timer
🗑️ [ACK_MANAGER] 已清理 0 个待确认ACK
00:12 +201: /Users/leeyi/project/imboy.pub/imboyapp/test/unit_test/service/websocket_send_session_test.dart: pending ACK retry framing=FramingMode.v2 stale=true
00:12 +201: /Users/leeyi/project/imboy.pub/imboyapp/test/unit_test/service/ack_manager_enhanced_test.dart: AckManager 增强测试 ACK 确认处理 应该处理确认超时
🗑️ [ACK_MANAGER] 已取消所有 Timer
🗑️ [ACK_MANAGER] 已清理 0 个待确认ACK
📤 [ACK_MANAGER] 发送ACK: msgId=msg_timeout, type=C2C, retryCount=0
✅ [ACK_MANAGER] ACK发送成功: msgId=msg_timeout, retryCount=0
🗑️ [ACK_MANAGER] 已取消所有 Timer
🗑️ [ACK_MANAGER] 已清理 1 个待确认ACK
00:12 +202: /Users/leeyi/project/imboy.pub/imboyapp/test/unit_test/service/websocket_send_session_test.dart: pending ACK retry framing=FramingMode.v2 stale=true
00:12 +202: /Users/leeyi/project/imboy.pub/imboyapp/test/unit_test/service/ack_manager_enhanced_test.dart: AckManager 增强测试 ACK 确认处理 应该记录确认接收时间
🗑️ [ACK_MANAGER] 已取消所有 Timer
🗑️ [ACK_MANAGER] 已清理 0 个待确认ACK
🗑️ [ACK_MANAGER] 已取消所有 Timer
🗑️ [ACK_MANAGER] 已清理 0 个待确认ACK
00:12 +203: /Users/leeyi/project/imboy.pub/imboyapp/test/unit_test/service/websocket_send_session_test.dart: pending ACK retry framing=FramingMode.v2 stale=true
00:12 +203: /Users/leeyi/project/imboy.pub/imboyapp/test/unit_test/service/ack_manager_enhanced_test.dart: AckManager 增强测试 ACK 性能优化 应该批量发送 ACK
🗑️ [ACK_MANAGER] 已取消所有 Timer
🗑️ [ACK_MANAGER] 已清理 0 个待确认ACK
🗑️ [ACK_MANAGER] 已取消所有 Timer
🗑️ [ACK_MANAGER] 已清理 0 个待确认ACK
00:12 +204: /Users/leeyi/project/imboy.pub/imboyapp/test/unit_test/service/websocket_send_session_test.dart: pending ACK retry framing=FramingMode.v2 stale=true
00:12 +204: /Users/leeyi/project/imboy.pub/imboyapp/test/unit_test/service/ack_manager_enhanced_test.dart: AckManager 增强测试 ACK 性能优化 应该限制批量发送大小
🗑️ [ACK_MANAGER] 已取消所有 Timer
🗑️ [ACK_MANAGER] 已清理 0 个待确认ACK
🗑️ [ACK_MANAGER] 已取消所有 Timer
🗑️ [ACK_MANAGER] 已清理 0 个待确认ACK
00:12 +205: /Users/leeyi/project/imboy.pub/imboyapp/test/unit_test/service/websocket_send_session_test.dart: pending ACK retry framing=FramingMode.v2 stale=true
00:12 +205: /Users/leeyi/project/imboy.pub/imboyapp/test/unit_test/service/ack_manager_enhanced_test.dart: AckManager 增强测试 ACK 性能优化 应该记录 ACK 发送性能指标
🗑️ [ACK_MANAGER] 已取消所有 Timer
🗑️ [ACK_MANAGER] 已清理 0 个待确认ACK
🗑️ [ACK_MANAGER] 已取消所有 Timer
🗑️ [ACK_MANAGER] 已清理 0 个待确认ACK
00:12 +206: /Users/leeyi/project/imboy.pub/imboyapp/test/unit_test/service/websocket_send_session_test.dart: pending ACK retry framing=FramingMode.v2 stale=true
00:12 +206: /Users/leeyi/project/imboy.pub/imboyapp/test/unit_test/service/ack_manager_enhanced_test.dart: AckManager 增强测试 ACK 错误处理 应该处理发送失败
🗑️ [ACK_MANAGER] 已取消所有 Timer
🗑️ [ACK_MANAGER] 已清理 0 个待确认ACK
🗑️ [ACK_MANAGER] 已取消所有 Timer
🗑️ [ACK_MANAGER] 已清理 0 个待确认ACK
00:12 +207: /Users/leeyi/project/imboy.pub/imboyapp/test/unit_test/service/websocket_send_session_test.dart: pending ACK retry framing=FramingMode.v2 stale=true
00:12 +207: /Users/leeyi/project/imboy.pub/imboyapp/test/unit_test/service/ack_manager_enhanced_test.dart: AckManager 增强测试 ACK 错误处理 应该记录失败次数
🗑️ [ACK_MANAGER] 已取消所有 Timer
🗑️ [ACK_MANAGER] 已清理 0 个待确认ACK
🗑️ [ACK_MANAGER] 已取消所有 Timer
🗑️ [ACK_MANAGER] 已清理 0 个待确认ACK
00:12 +208: /Users/leeyi/project/imboy.pub/imboyapp/test/unit_test/service/websocket_send_session_test.dart: pending ACK retry framing=FramingMode.v2 stale=true
00:12 +208: /Users/leeyi/project/imboy.pub/imboyapp/test/unit_test/service/ack_manager_enhanced_test.dart: AckManager 增强测试 ACK 错误处理 应该在多次失败后放弃重试
🗑️ [ACK_MANAGER] 已取消所有 Timer
🗑️ [ACK_MANAGER] 已清理 0 个待确认ACK
🗑️ [ACK_MANAGER] 已取消所有 Timer
🗑️ [ACK_MANAGER] 已清理 0 个待确认ACK
00:12 +209: /Users/leeyi/project/imboy.pub/imboyapp/test/unit_test/service/websocket_send_session_test.dart: pending ACK retry framing=FramingMode.v2 stale=true
00:12 +209: /Users/leeyi/project/imboy.pub/imboyapp/test/unit_test/service/ack_manager_enhanced_test.dart: AckManager 增强测试 ACK 网络状态感知 应该在网络恢复时重发待确认 ACK
🗑️ [ACK_MANAGER] 已取消所有 Timer
🗑️ [ACK_MANAGER] 已清理 0 个待确认ACK
🗑️ [ACK_MANAGER] 已取消所有 Timer
🗑️ [ACK_MANAGER] 已清理 0 个待确认ACK
00:12 +210: /Users/leeyi/project/imboy.pub/imboyapp/test/unit_test/service/websocket_send_session_test.dart: pending ACK retry framing=FramingMode.v2 stale=true
00:12 +210: /Users/leeyi/project/imboy.pub/imboyapp/test/unit_test/service/ack_manager_enhanced_test.dart: AckManager 增强测试 ACK 网络状态感知 应该在网络断开时暂停重试
🗑️ [ACK_MANAGER] 已取消所有 Timer
🗑️ [ACK_MANAGER] 已清理 0 个待确认ACK
🗑️ [ACK_MANAGER] 已取消所有 Timer
🗑️ [ACK_MANAGER] 已清理 0 个待确认ACK
00:12 +211: /Users/leeyi/project/imboy.pub/imboyapp/test/unit_test/service/websocket_send_session_test.dart: pending ACK retry framing=FramingMode.v2 stale=true
00:12 +211: /Users/leeyi/project/imboy.pub/imboyapp/test/unit_test/service/ack_manager_enhanced_test.dart: AckManager 增强测试 ACK 网络状态感知 应该记录网络状态变化
🗑️ [ACK_MANAGER] 已取消所有 Timer
🗑️ [ACK_MANAGER] 已清理 0 个待确认ACK
🗑️ [ACK_MANAGER] 已取消所有 Timer
🗑️ [ACK_MANAGER] 已清理 0 个待确认ACK
00:12 +212: /Users/leeyi/project/imboy.pub/imboyapp/test/unit_test/service/websocket_send_session_test.dart: pending ACK retry framing=FramingMode.v2 stale=true
🗑️ [ACK_MANAGER] 已取消所有 Timer
🛑 [QUEUE] 停止定期清理 Timer
🧹 [QUEUE] 清空队列
00:15 +213: /Users/leeyi/project/imboy.pub/imboyapp/test/unit_test/service/websocket_send_session_test.dart: same ID ACK keeps timer in session and replaces it across sessions
✅ [ACK_MANAGER] AckManager initialized
📤 [ACK_MANAGER] 发送ACK: msgId=1001, type=C2C, retryCount=0
✅ [ACK_MANAGER] ACK发送成功: msgId=1001, retryCount=0
> ws: 消息已发送 (1001) [UNKNOWN] [36 bytes]
📤 [ACK_MANAGER] 发送ACK: msgId=1001, type=C2C, retryCount=0
✅ [ACK_MANAGER] ACK发送成功: msgId=1001, retryCount=0
> ws: 消息已发送 (1001) [UNKNOWN] [36 bytes]
🔄 [ACK_MANAGER] ACK重试 1/4: msgId=1001
✅ [ACK_MANAGER] ACK发送成功: msgId=1001, retryCount=1
> ws: 消息已发送 (1001) [UNKNOWN] [36 bytes]
📤 [ACK_MANAGER] 发送ACK: msgId=1001, type=C2C, retryCount=0
✅ [ACK_MANAGER] ACK发送成功: msgId=1001, retryCount=0
> ws: 消息已发送 (1001) [UNKNOWN] [36 bytes]
🔄 [ACK_MANAGER] ACK重试 1/4: msgId=1001
✅ [ACK_MANAGER] ACK发送成功: msgId=1001, retryCount=1
> ws: 消息已发送 (1001) [UNKNOWN] [36 bytes]
🗑️ [ACK_MANAGER] 已取消所有 Timer
🛑 [QUEUE] 停止定期清理 Timer
🧹 [QUEUE] 清空队列
00:23 +214: /Users/leeyi/project/imboy.pub/imboyapp/test/unit_test/service/websocket_send_session_test.dart: send event consumption session changed=false
> ws: 消息已发送 (synthetic-event) [C2C/unknown/PLAIN] [60 bytes]
🛑 [QUEUE] 停止定期清理 Timer
🧹 [QUEUE] 清空队列
00:23 +215: /Users/leeyi/project/imboy.pub/imboyapp/test/unit_test/service/websocket_send_session_test.dart: send event consumption session changed=true
🛑 [QUEUE] 停止定期清理 Timer
🧹 [QUEUE] 清空队列
00:23 +216: /Users/leeyi/project/imboy.pub/imboyapp/test/unit_test/service/websocket_send_session_test.dart: offline queue normal
📥 [QUEUE] 入队: offline-normal, priority=0, 总数=1
🛑 [QUEUE] 停止定期清理 Timer
🧹 [QUEUE] 清空队列
00:23 +217: /Users/leeyi/project/imboy.pub/imboyapp/test/unit_test/service/websocket_send_session_test.dart: offline queue other-owner
📥 [QUEUE] 入队: offline-other-owner, priority=0, 总数=1
🛑 [QUEUE] 停止定期清理 Timer
🧹 [QUEUE] 清空队列
00:23 +218: /Users/leeyi/project/imboy.pub/imboyapp/test/unit_test/service/websocket_send_session_test.dart: offline queue old-generation
📥 [QUEUE] 入队: offline-old-generation, priority=0, 总数=1
🛑 [QUEUE] 停止定期清理 Timer
🧹 [QUEUE] 清空队列
00:23 +219: /Users/leeyi/project/imboy.pub/imboyapp/test/unit_test/service/websocket_send_session_test.dart: offline queue unowned
📥 [QUEUE] 入队: offline-unowned, priority=0, 总数=1
🛑 [QUEUE] 停止定期清理 Timer
🧹 [QUEUE] 清空队列
00:23 +220: /Users/leeyi/project/imboy.pub/imboyapp/test/unit_test/service/websocket_send_session_test.dart: offline persistence restore-normal
🛑 [QUEUE] 停止定期清理 Timer
🧹 [QUEUE] 清空队列
00:23 +221: /Users/leeyi/project/imboy.pub/imboyapp/test/unit_test/service/websocket_send_session_test.dart: offline persistence restore-other
🛑 [QUEUE] 停止定期清理 Timer
🧹 [QUEUE] 清空队列
00:23 +222: /Users/leeyi/project/imboy.pub/imboyapp/test/unit_test/service/websocket_send_session_test.dart: offline persistence restore-legacy
🛑 [QUEUE] 停止定期清理 Timer
🧹 [QUEUE] 清空队列
00:23 +223: /Users/leeyi/project/imboy.pub/imboyapp/test/unit_test/service/websocket_send_session_test.dart: failed flush preserves original when sink fills queue priority=0
📥 [QUEUE] 入队: original, priority=0, 总数=1
📥 [QUEUE] 入队: competing-0, priority=0, 总数=2
📥 [QUEUE] 入队: competing-1, priority=0, 总数=3
📥 [QUEUE] 入队: competing-2, priority=0, 总数=4
📥 [QUEUE] 入队: competing-3, priority=0, 总数=5
📥 [QUEUE] 入队: competing-4, priority=0, 总数=6
📥 [QUEUE] 入队: competing-5, priority=0, 总数=7
📥 [QUEUE] 入队: competing-6, priority=0, 总数=8
📥 [QUEUE] 入队: competing-7, priority=0, 总数=9
📥 [QUEUE] 入队: competing-8, priority=0, 总数=10
📥 [QUEUE] 入队: competing-9, priority=0, 总数=11
📥 [QUEUE] 入队: competing-10, priority=0, 总数=12
📥 [QUEUE] 入队: competing-11, priority=0, 总数=13
📥 [QUEUE] 入队: competing-12, priority=0, 总数=14
📥 [QUEUE] 入队: competing-13, priority=0, 总数=15
📥 [QUEUE] 入队: competing-14, priority=0, 总数=16
📥 [QUEUE] 入队: competing-15, priority=0, 总数=17
📥 [QUEUE] 入队: competing-16, priority=0, 总数=18
📥 [QUEUE] 入队: competing-17, priority=0, 总数=19
📥 [QUEUE] 入队: competing-18, priority=0, 总数=20
📥 [QUEUE] 入队: competing-19, priority=0, 总数=21
📥 [QUEUE] 入队: competing-20, priority=0, 总数=22
📥 [QUEUE] 入队: competing-21, priority=0, 总数=23
📥 [QUEUE] 入队: competing-22, priority=0, 总数=24
📥 [QUEUE] 入队: competing-23, priority=0, 总数=25
📥 [QUEUE] 入队: competing-24, priority=0, 总数=26
📥 [QUEUE] 入队: competing-25, priority=0, 总数=27
📥 [QUEUE] 入队: competing-26, priority=0, 总数=28
📥 [QUEUE] 入队: competing-27, priority=0, 总数=29
📥 [QUEUE] 入队: competing-28, priority=0, 总数=30
📥 [QUEUE] 入队: competing-29, priority=0, 总数=31
📥 [QUEUE] 入队: competing-30, priority=0, 总数=32
📥 [QUEUE] 入队: competing-31, priority=0, 总数=33
📥 [QUEUE] 入队: competing-32, priority=0, 总数=34
📥 [QUEUE] 入队: competing-33, priority=0, 总数=35
📥 [QUEUE] 入队: competing-34, priority=0, 总数=36
📥 [QUEUE] 入队: competing-35, priority=0, 总数=37
📥 [QUEUE] 入队: competing-36, priority=0, 总数=38
📥 [QUEUE] 入队: competing-37, priority=0, 总数=39
📥 [QUEUE] 入队: competing-38, priority=0, 总数=40
📥 [QUEUE] 入队: competing-39, priority=0, 总数=41
📥 [QUEUE] 入队: competing-40, priority=0, 总数=42
📥 [QUEUE] 入队: competing-41, priority=0, 总数=43
📥 [QUEUE] 入队: competing-42, priority=0, 总数=44
📥 [QUEUE] 入队: competing-43, priority=0, 总数=45
📥 [QUEUE] 入队: competing-44, priority=0, 总数=46
📥 [QUEUE] 入队: competing-45, priority=0, 总数=47
📥 [QUEUE] 入队: competing-46, priority=0, 总数=48
📥 [QUEUE] 入队: competing-47, priority=0, 总数=49
📥 [QUEUE] 入队: competing-48, priority=0, 总数=50
📥 [QUEUE] 入队: competing-49, priority=0, 总数=51
📥 [QUEUE] 入队: competing-50, priority=0, 总数=52
📥 [QUEUE] 入队: competing-51, priority=0, 总数=53
📥 [QUEUE] 入队: competing-52, priority=0, 总数=54
📥 [QUEUE] 入队: competing-53, priority=0, 总数=55
📥 [QUEUE] 入队: competing-54, priority=0, 总数=56
📥 [QUEUE] 入队: competing-55, priority=0, 总数=57
📥 [QUEUE] 入队: competing-56, priority=0, 总数=58
📥 [QUEUE] 入队: competing-57, priority=0, 总数=59
📥 [QUEUE] 入队: competing-58, priority=0, 总数=60
📥 [QUEUE] 入队: competing-59, priority=0, 总数=61
📥 [QUEUE] 入队: competing-60, priority=0, 总数=62
📥 [QUEUE] 入队: competing-61, priority=0, 总数=63
📥 [QUEUE] 入队: competing-62, priority=0, 总数=64
📥 [QUEUE] 入队: competing-63, priority=0, 总数=65
📥 [QUEUE] 入队: competing-64, priority=0, 总数=66
📥 [QUEUE] 入队: competing-65, priority=0, 总数=67
📥 [QUEUE] 入队: competing-66, priority=0, 总数=68
📥 [QUEUE] 入队: competing-67, priority=0, 总数=69
📥 [QUEUE] 入队: competing-68, priority=0, 总数=70
📥 [QUEUE] 入队: competing-69, priority=0, 总数=71
📥 [QUEUE] 入队: competing-70, priority=0, 总数=72
📥 [QUEUE] 入队: competing-71, priority=0, 总数=73
📥 [QUEUE] 入队: competing-72, priority=0, 总数=74
📥 [QUEUE] 入队: competing-73, priority=0, 总数=75
📥 [QUEUE] 入队: competing-74, priority=0, 总数=76
📥 [QUEUE] 入队: competing-75, priority=0, 总数=77
📥 [QUEUE] 入队: competing-76, priority=0, 总数=78
📥 [QUEUE] 入队: competing-77, priority=0, 总数=79
📥 [QUEUE] 入队: competing-78, priority=0, 总数=80
📥 [QUEUE] 入队: competing-79, priority=0, 总数=81
📥 [QUEUE] 入队: competing-80, priority=0, 总数=82
📥 [QUEUE] 入队: competing-81, priority=0, 总数=83
📥 [QUEUE] 入队: competing-82, priority=0, 总数=84
📥 [QUEUE] 入队: competing-83, priority=0, 总数=85
📥 [QUEUE] 入队: competing-84, priority=0, 总数=86
📥 [QUEUE] 入队: competing-85, priority=0, 总数=87
📥 [QUEUE] 入队: competing-86, priority=0, 总数=88
📥 [QUEUE] 入队: competing-87, priority=0, 总数=89
📥 [QUEUE] 入队: competing-88, priority=0, 总数=90
📥 [QUEUE] 入队: competing-89, priority=0, 总数=91
📥 [QUEUE] 入队: competing-90, priority=0, 总数=92
📥 [QUEUE] 入队: competing-91, priority=0, 总数=93
📥 [QUEUE] 入队: competing-92, priority=0, 总数=94
📥 [QUEUE] 入队: competing-93, priority=0, 总数=95
📥 [QUEUE] 入队: competing-94, priority=0, 总数=96
📥 [QUEUE] 入队: competing-95, priority=0, 总数=97
📥 [QUEUE] 入队: competing-96, priority=0, 总数=98
📥 [QUEUE] 入队: competing-97, priority=0, 总数=99
📥 [QUEUE] 入队: competing-98, priority=0, 总数=100
📥 [QUEUE] 入队: competing-99, priority=0, 总数=101
📥 [QUEUE] 入队: competing-100, priority=0, 总数=102
📥 [QUEUE] 入队: competing-101, priority=0, 总数=103
📥 [QUEUE] 入队: competing-102, priority=0, 总数=104
📥 [QUEUE] 入队: competing-103, priority=0, 总数=105
📥 [QUEUE] 入队: competing-104, priority=0, 总数=106
📥 [QUEUE] 入队: competing-105, priority=0, 总数=107
📥 [QUEUE] 入队: competing-106, priority=0, 总数=108
📥 [QUEUE] 入队: competing-107, priority=0, 总数=109
📥 [QUEUE] 入队: competing-108, priority=0, 总数=110
📥 [QUEUE] 入队: competing-109, priority=0, 总数=111
📥 [QUEUE] 入队: competing-110, priority=0, 总数=112
📥 [QUEUE] 入队: competing-111, priority=0, 总数=113
📥 [QUEUE] 入队: competing-112, priority=0, 总数=114
📥 [QUEUE] 入队: competing-113, priority=0, 总数=115
📥 [QUEUE] 入队: competing-114, priority=0, 总数=116
📥 [QUEUE] 入队: competing-115, priority=0, 总数=117
📥 [QUEUE] 入队: competing-116, priority=0, 总数=118
📥 [QUEUE] 入队: competing-117, priority=0, 总数=119
📥 [QUEUE] 入队: competing-118, priority=0, 总数=120
📥 [QUEUE] 入队: competing-119, priority=0, 总数=121
📥 [QUEUE] 入队: competing-120, priority=0, 总数=122
📥 [QUEUE] 入队: competing-121, priority=0, 总数=123
📥 [QUEUE] 入队: competing-122, priority=0, 总数=124
📥 [QUEUE] 入队: competing-123, priority=0, 总数=125
📥 [QUEUE] 入队: competing-124, priority=0, 总数=126
📥 [QUEUE] 入队: competing-125, priority=0, 总数=127
📥 [QUEUE] 入队: competing-126, priority=0, 总数=128
📥 [QUEUE] 入队: competing-127, priority=0, 总数=129
📥 [QUEUE] 入队: competing-128, priority=0, 总数=130
📥 [QUEUE] 入队: competing-129, priority=0, 总数=131
📥 [QUEUE] 入队: competing-130, priority=0, 总数=132
📥 [QUEUE] 入队: competing-131, priority=0, 总数=133
📥 [QUEUE] 入队: competing-132, priority=0, 总数=134
📥 [QUEUE] 入队: competing-133, priority=0, 总数=135
📥 [QUEUE] 入队: competing-134, priority=0, 总数=136
📥 [QUEUE] 入队: competing-135, priority=0, 总数=137
📥 [QUEUE] 入队: competing-136, priority=0, 总数=138
📥 [QUEUE] 入队: competing-137, priority=0, 总数=139
📥 [QUEUE] 入队: competing-138, priority=0, 总数=140
📥 [QUEUE] 入队: competing-139, priority=0, 总数=141
📥 [QUEUE] 入队: competing-140, priority=0, 总数=142
📥 [QUEUE] 入队: competing-141, priority=0, 总数=143
📥 [QUEUE] 入队: competing-142, priority=0, 总数=144
📥 [QUEUE] 入队: competing-143, priority=0, 总数=145
📥 [QUEUE] 入队: competing-144, priority=0, 总数=146
📥 [QUEUE] 入队: competing-145, priority=0, 总数=147
📥 [QUEUE] 入队: competing-146, priority=0, 总数=148
📥 [QUEUE] 入队: competing-147, priority=0, 总数=149
📥 [QUEUE] 入队: competing-148, priority=0, 总数=150
📥 [QUEUE] 入队: competing-149, priority=0, 总数=151
📥 [QUEUE] 入队: competing-150, priority=0, 总数=152
📥 [QUEUE] 入队: competing-151, priority=0, 总数=153
📥 [QUEUE] 入队: competing-152, priority=0, 总数=154
📥 [QUEUE] 入队: competing-153, priority=0, 总数=155
📥 [QUEUE] 入队: competing-154, priority=0, 总数=156
📥 [QUEUE] 入队: competing-155, priority=0, 总数=157
📥 [QUEUE] 入队: competing-156, priority=0, 总数=158
📥 [QUEUE] 入队: competing-157, priority=0, 总数=159
📥 [QUEUE] 入队: competing-158, priority=0, 总数=160
📥 [QUEUE] 入队: competing-159, priority=0, 总数=161
📥 [QUEUE] 入队: competing-160, priority=0, 总数=162
📥 [QUEUE] 入队: competing-161, priority=0, 总数=163
📥 [QUEUE] 入队: competing-162, priority=0, 总数=164
📥 [QUEUE] 入队: competing-163, priority=0, 总数=165
📥 [QUEUE] 入队: competing-164, priority=0, 总数=166
📥 [QUEUE] 入队: competing-165, priority=0, 总数=167
📥 [QUEUE] 入队: competing-166, priority=0, 总数=168
📥 [QUEUE] 入队: competing-167, priority=0, 总数=169
📥 [QUEUE] 入队: competing-168, priority=0, 总数=170
📥 [QUEUE] 入队: competing-169, priority=0, 总数=171
📥 [QUEUE] 入队: competing-170, priority=0, 总数=172
📥 [QUEUE] 入队: competing-171, priority=0, 总数=173
📥 [QUEUE] 入队: competing-172, priority=0, 总数=174
📥 [QUEUE] 入队: competing-173, priority=0, 总数=175
📥 [QUEUE] 入队: competing-174, priority=0, 总数=176
📥 [QUEUE] 入队: competing-175, priority=0, 总数=177
📥 [QUEUE] 入队: competing-176, priority=0, 总数=178
📥 [QUEUE] 入队: competing-177, priority=0, 总数=179
📥 [QUEUE] 入队: competing-178, priority=0, 总数=180
📥 [QUEUE] 入队: competing-179, priority=0, 总数=181
📥 [QUEUE] 入队: competing-180, priority=0, 总数=182
📥 [QUEUE] 入队: competing-181, priority=0, 总数=183
📥 [QUEUE] 入队: competing-182, priority=0, 总数=184
📥 [QUEUE] 入队: competing-183, priority=0, 总数=185
📥 [QUEUE] 入队: competing-184, priority=0, 总数=186
📥 [QUEUE] 入队: competing-185, priority=0, 总数=187
📥 [QUEUE] 入队: competing-186, priority=0, 总数=188
📥 [QUEUE] 入队: competing-187, priority=0, 总数=189
📥 [QUEUE] 入队: competing-188, priority=0, 总数=190
📥 [QUEUE] 入队: competing-189, priority=0, 总数=191
📥 [QUEUE] 入队: competing-190, priority=0, 总数=192
📥 [QUEUE] 入队: competing-191, priority=0, 总数=193
📥 [QUEUE] 入队: competing-192, priority=0, 总数=194
📥 [QUEUE] 入队: competing-193, priority=0, 总数=195
📥 [QUEUE] 入队: competing-194, priority=0, 总数=196
📥 [QUEUE] 入队: competing-195, priority=0, 总数=197
📥 [QUEUE] 入队: competing-196, priority=0, 总数=198
📥 [QUEUE] 入队: competing-197, priority=0, 总数=199
📥 [QUEUE] 入队: competing-198, priority=0, 总数=200
> ws: flushMessageQueue failed: StateError
> ws: 状态变化: connected -> disconnected
[38;5;12m┌───────────────────────────────────────────────────────────────────────────────────────────────────────────────────────[0m
[38;5;12m│ #0   AppLogger.info (package:imboy/service/app_logger.dart:94:20)[0m
[38;5;12m│ #1   WebSocketService._scheduleReconnection (package:imboy/service/websocket.dart:1086:15)[0m
[38;5;12m├┄┄┄┄┄┄┄┄┄┄┄┄┄┄┄┄┄┄┄┄┄┄┄┄┄┄┄┄┄┄┄┄┄┄┄┄┄┄┄┄┄┄┄┄┄┄┄┄┄┄┄┄┄┄┄┄┄┄┄┄┄┄┄┄┄┄┄┄┄┄┄┄┄┄┄┄┄┄┄┄┄┄┄┄┄┄┄┄┄┄┄┄┄┄┄┄┄┄┄┄┄┄┄┄┄┄┄┄┄┄┄┄┄┄┄┄┄┄┄[0m
[38;5;12m│ 💡 WebSocket 将在 0 秒后重连 (第 1/999999 次尝试)[0m
[38;5;12m└───────────────────────────────────────────────────────────────────────────────────────────────────────────────────────[0m
🛑 [QUEUE] 停止定期清理 Timer
🧹 [QUEUE] 清空队列
00:23 +224: /Users/leeyi/project/imboy.pub/imboyapp/test/unit_test/service/websocket_send_session_test.dart: failed flush preserves original when sink fills queue priority=1
📥 [QUEUE] 入队: original, priority=0, 总数=1
📥 [QUEUE] 入队: competing-0, priority=1, 总数=2
📥 [QUEUE] 入队: competing-1, priority=1, 总数=3
📥 [QUEUE] 入队: competing-2, priority=1, 总数=4
📥 [QUEUE] 入队: competing-3, priority=1, 总数=5
📥 [QUEUE] 入队: competing-4, priority=1, 总数=6
📥 [QUEUE] 入队: competing-5, priority=1, 总数=7
📥 [QUEUE] 入队: competing-6, priority=1, 总数=8
📥 [QUEUE] 入队: competing-7, priority=1, 总数=9
📥 [QUEUE] 入队: competing-8, priority=1, 总数=10
📥 [QUEUE] 入队: competing-9, priority=1, 总数=11
📥 [QUEUE] 入队: competing-10, priority=1, 总数=12
📥 [QUEUE] 入队: competing-11, priority=1, 总数=13
📥 [QUEUE] 入队: competing-12, priority=1, 总数=14
📥 [QUEUE] 入队: competing-13, priority=1, 总数=15
📥 [QUEUE] 入队: competing-14, priority=1, 总数=16
📥 [QUEUE] 入队: competing-15, priority=1, 总数=17
📥 [QUEUE] 入队: competing-16, priority=1, 总数=18
📥 [QUEUE] 入队: competing-17, priority=1, 总数=19
📥 [QUEUE] 入队: competing-18, priority=1, 总数=20
📥 [QUEUE] 入队: competing-19, priority=1, 总数=21
📥 [QUEUE] 入队: competing-20, priority=1, 总数=22
📥 [QUEUE] 入队: competing-21, priority=1, 总数=23
📥 [QUEUE] 入队: competing-22, priority=1, 总数=24
📥 [QUEUE] 入队: competing-23, priority=1, 总数=25
📥 [QUEUE] 入队: competing-24, priority=1, 总数=26
📥 [QUEUE] 入队: competing-25, priority=1, 总数=27
📥 [QUEUE] 入队: competing-26, priority=1, 总数=28
📥 [QUEUE] 入队: competing-27, priority=1, 总数=29
📥 [QUEUE] 入队: competing-28, priority=1, 总数=30
📥 [QUEUE] 入队: competing-29, priority=1, 总数=31
📥 [QUEUE] 入队: competing-30, priority=1, 总数=32
📥 [QUEUE] 入队: competing-31, priority=1, 总数=33
📥 [QUEUE] 入队: competing-32, priority=1, 总数=34
📥 [QUEUE] 入队: competing-33, priority=1, 总数=35
📥 [QUEUE] 入队: competing-34, priority=1, 总数=36
📥 [QUEUE] 入队: competing-35, priority=1, 总数=37
📥 [QUEUE] 入队: competing-36, priority=1, 总数=38
📥 [QUEUE] 入队: competing-37, priority=1, 总数=39
📥 [QUEUE] 入队: competing-38, priority=1, 总数=40
📥 [QUEUE] 入队: competing-39, priority=1, 总数=41
📥 [QUEUE] 入队: competing-40, priority=1, 总数=42
📥 [QUEUE] 入队: competing-41, priority=1, 总数=43
📥 [QUEUE] 入队: competing-42, priority=1, 总数=44
📥 [QUEUE] 入队: competing-43, priority=1, 总数=45
📥 [QUEUE] 入队: competing-44, priority=1, 总数=46
📥 [QUEUE] 入队: competing-45, priority=1, 总数=47
📥 [QUEUE] 入队: competing-46, priority=1, 总数=48
📥 [QUEUE] 入队: competing-47, priority=1, 总数=49
📥 [QUEUE] 入队: competing-48, priority=1, 总数=50
📥 [QUEUE] 入队: competing-49, priority=1, 总数=51
📥 [QUEUE] 入队: competing-50, priority=1, 总数=52
📥 [QUEUE] 入队: competing-51, priority=1, 总数=53
📥 [QUEUE] 入队: competing-52, priority=1, 总数=54
📥 [QUEUE] 入队: competing-53, priority=1, 总数=55
📥 [QUEUE] 入队: competing-54, priority=1, 总数=56
📥 [QUEUE] 入队: competing-55, priority=1, 总数=57
📥 [QUEUE] 入队: competing-56, priority=1, 总数=58
📥 [QUEUE] 入队: competing-57, priority=1, 总数=59
📥 [QUEUE] 入队: competing-58, priority=1, 总数=60
📥 [QUEUE] 入队: competing-59, priority=1, 总数=61
📥 [QUEUE] 入队: competing-60, priority=1, 总数=62
📥 [QUEUE] 入队: competing-61, priority=1, 总数=63
📥 [QUEUE] 入队: competing-62, priority=1, 总数=64
📥 [QUEUE] 入队: competing-63, priority=1, 总数=65
📥 [QUEUE] 入队: competing-64, priority=1, 总数=66
📥 [QUEUE] 入队: competing-65, priority=1, 总数=67
📥 [QUEUE] 入队: competing-66, priority=1, 总数=68
📥 [QUEUE] 入队: competing-67, priority=1, 总数=69
📥 [QUEUE] 入队: competing-68, priority=1, 总数=70
📥 [QUEUE] 入队: competing-69, priority=1, 总数=71
📥 [QUEUE] 入队: competing-70, priority=1, 总数=72
📥 [QUEUE] 入队: competing-71, priority=1, 总数=73
📥 [QUEUE] 入队: competing-72, priority=1, 总数=74
📥 [QUEUE] 入队: competing-73, priority=1, 总数=75
📥 [QUEUE] 入队: competing-74, priority=1, 总数=76
📥 [QUEUE] 入队: competing-75, priority=1, 总数=77
📥 [QUEUE] 入队: competing-76, priority=1, 总数=78
📥 [QUEUE] 入队: competing-77, priority=1, 总数=79
📥 [QUEUE] 入队: competing-78, priority=1, 总数=80
📥 [QUEUE] 入队: competing-79, priority=1, 总数=81
📥 [QUEUE] 入队: competing-80, priority=1, 总数=82
📥 [QUEUE] 入队: competing-81, priority=1, 总数=83
📥 [QUEUE] 入队: competing-82, priority=1, 总数=84
📥 [QUEUE] 入队: competing-83, priority=1, 总数=85
📥 [QUEUE] 入队: competing-84, priority=1, 总数=86
📥 [QUEUE] 入队: competing-85, priority=1, 总数=87
📥 [QUEUE] 入队: competing-86, priority=1, 总数=88
📥 [QUEUE] 入队: competing-87, priority=1, 总数=89
📥 [QUEUE] 入队: competing-88, priority=1, 总数=90
📥 [QUEUE] 入队: competing-89, priority=1, 总数=91
📥 [QUEUE] 入队: competing-90, priority=1, 总数=92
📥 [QUEUE] 入队: competing-91, priority=1, 总数=93
📥 [QUEUE] 入队: competing-92, priority=1, 总数=94
📥 [QUEUE] 入队: competing-93, priority=1, 总数=95
📥 [QUEUE] 入队: competing-94, priority=1, 总数=96
📥 [QUEUE] 入队: competing-95, priority=1, 总数=97
📥 [QUEUE] 入队: competing-96, priority=1, 总数=98
📥 [QUEUE] 入队: competing-97, priority=1, 总数=99
📥 [QUEUE] 入队: competing-98, priority=1, 总数=100
📥 [QUEUE] 入队: competing-99, priority=1, 总数=101
📥 [QUEUE] 入队: competing-100, priority=1, 总数=102
📥 [QUEUE] 入队: competing-101, priority=1, 总数=103
📥 [QUEUE] 入队: competing-102, priority=1, 总数=104
📥 [QUEUE] 入队: competing-103, priority=1, 总数=105
📥 [QUEUE] 入队: competing-104, priority=1, 总数=106
📥 [QUEUE] 入队: competing-105, priority=1, 总数=107
📥 [QUEUE] 入队: competing-106, priority=1, 总数=108
📥 [QUEUE] 入队: competing-107, priority=1, 总数=109
📥 [QUEUE] 入队: competing-108, priority=1, 总数=110
📥 [QUEUE] 入队: competing-109, priority=1, 总数=111
📥 [QUEUE] 入队: competing-110, priority=1, 总数=112
📥 [QUEUE] 入队: competing-111, priority=1, 总数=113
📥 [QUEUE] 入队: competing-112, priority=1, 总数=114
📥 [QUEUE] 入队: competing-113, priority=1, 总数=115
📥 [QUEUE] 入队: competing-114, priority=1, 总数=116
📥 [QUEUE] 入队: competing-115, priority=1, 总数=117
📥 [QUEUE] 入队: competing-116, priority=1, 总数=118
📥 [QUEUE] 入队: competing-117, priority=1, 总数=119
📥 [QUEUE] 入队: competing-118, priority=1, 总数=120
📥 [QUEUE] 入队: competing-119, priority=1, 总数=121
📥 [QUEUE] 入队: competing-120, priority=1, 总数=122
📥 [QUEUE] 入队: competing-121, priority=1, 总数=123
📥 [QUEUE] 入队: competing-122, priority=1, 总数=124
📥 [QUEUE] 入队: competing-123, priority=1, 总数=125
📥 [QUEUE] 入队: competing-124, priority=1, 总数=126
📥 [QUEUE] 入队: competing-125, priority=1, 总数=127
📥 [QUEUE] 入队: competing-126, priority=1, 总数=128
📥 [QUEUE] 入队: competing-127, priority=1, 总数=129
📥 [QUEUE] 入队: competing-128, priority=1, 总数=130
📥 [QUEUE] 入队: competing-129, priority=1, 总数=131
📥 [QUEUE] 入队: competing-130, priority=1, 总数=132
📥 [QUEUE] 入队: competing-131, priority=1, 总数=133
📥 [QUEUE] 入队: competing-132, priority=1, 总数=134
📥 [QUEUE] 入队: competing-133, priority=1, 总数=135
📥 [QUEUE] 入队: competing-134, priority=1, 总数=136
📥 [QUEUE] 入队: competing-135, priority=1, 总数=137
📥 [QUEUE] 入队: competing-136, priority=1, 总数=138
📥 [QUEUE] 入队: competing-137, priority=1, 总数=139
📥 [QUEUE] 入队: competing-138, priority=1, 总数=140
📥 [QUEUE] 入队: competing-139, priority=1, 总数=141
📥 [QUEUE] 入队: competing-140, priority=1, 总数=142
📥 [QUEUE] 入队: competing-141, priority=1, 总数=143
📥 [QUEUE] 入队: competing-142, priority=1, 总数=144
📥 [QUEUE] 入队: competing-143, priority=1, 总数=145
📥 [QUEUE] 入队: competing-144, priority=1, 总数=146
📥 [QUEUE] 入队: competing-145, priority=1, 总数=147
📥 [QUEUE] 入队: competing-146, priority=1, 总数=148
📥 [QUEUE] 入队: competing-147, priority=1, 总数=149
📥 [QUEUE] 入队: competing-148, priority=1, 总数=150
📥 [QUEUE] 入队: competing-149, priority=1, 总数=151
📥 [QUEUE] 入队: competing-150, priority=1, 总数=152
📥 [QUEUE] 入队: competing-151, priority=1, 总数=153
📥 [QUEUE] 入队: competing-152, priority=1, 总数=154
📥 [QUEUE] 入队: competing-153, priority=1, 总数=155
📥 [QUEUE] 入队: competing-154, priority=1, 总数=156
📥 [QUEUE] 入队: competing-155, priority=1, 总数=157
📥 [QUEUE] 入队: competing-156, priority=1, 总数=158
📥 [QUEUE] 入队: competing-157, priority=1, 总数=159
📥 [QUEUE] 入队: competing-158, priority=1, 总数=160
📥 [QUEUE] 入队: competing-159, priority=1, 总数=161
📥 [QUEUE] 入队: competing-160, priority=1, 总数=162
📥 [QUEUE] 入队: competing-161, priority=1, 总数=163
📥 [QUEUE] 入队: competing-162, priority=1, 总数=164
📥 [QUEUE] 入队: competing-163, priority=1, 总数=165
📥 [QUEUE] 入队: competing-164, priority=1, 总数=166
📥 [QUEUE] 入队: competing-165, priority=1, 总数=167
📥 [QUEUE] 入队: competing-166, priority=1, 总数=168
📥 [QUEUE] 入队: competing-167, priority=1, 总数=169
📥 [QUEUE] 入队: competing-168, priority=1, 总数=170
📥 [QUEUE] 入队: competing-169, priority=1, 总数=171
📥 [QUEUE] 入队: competing-170, priority=1, 总数=172
📥 [QUEUE] 入队: competing-171, priority=1, 总数=173
📥 [QUEUE] 入队: competing-172, priority=1, 总数=174
📥 [QUEUE] 入队: competing-173, priority=1, 总数=175
📥 [QUEUE] 入队: competing-174, priority=1, 总数=176
📥 [QUEUE] 入队: competing-175, priority=1, 总数=177
📥 [QUEUE] 入队: competing-176, priority=1, 总数=178
📥 [QUEUE] 入队: competing-177, priority=1, 总数=179
📥 [QUEUE] 入队: competing-178, priority=1, 总数=180
📥 [QUEUE] 入队: competing-179, priority=1, 总数=181
📥 [QUEUE] 入队: competing-180, priority=1, 总数=182
📥 [QUEUE] 入队: competing-181, priority=1, 总数=183
📥 [QUEUE] 入队: competing-182, priority=1, 总数=184
📥 [QUEUE] 入队: competing-183, priority=1, 总数=185
📥 [QUEUE] 入队: competing-184, priority=1, 总数=186
📥 [QUEUE] 入队: competing-185, priority=1, 总数=187
📥 [QUEUE] 入队: competing-186, priority=1, 总数=188
📥 [QUEUE] 入队: competing-187, priority=1, 总数=189
📥 [QUEUE] 入队: competing-188, priority=1, 总数=190
📥 [QUEUE] 入队: competing-189, priority=1, 总数=191
📥 [QUEUE] 入队: competing-190, priority=1, 总数=192
📥 [QUEUE] 入队: competing-191, priority=1, 总数=193
📥 [QUEUE] 入队: competing-192, priority=1, 总数=194
📥 [QUEUE] 入队: competing-193, priority=1, 总数=195
📥 [QUEUE] 入队: competing-194, priority=1, 总数=196
📥 [QUEUE] 入队: competing-195, priority=1, 总数=197
📥 [QUEUE] 入队: competing-196, priority=1, 总数=198
📥 [QUEUE] 入队: competing-197, priority=1, 总数=199
📥 [QUEUE] 入队: competing-198, priority=1, 总数=200
> ws: flushMessageQueue failed: StateError
> ws: 状态变化: connected -> disconnected
[38;5;12m┌───────────────────────────────────────────────────────────────────────────────────────────────────────────────────────[0m
[38;5;12m│ #0   AppLogger.info (package:imboy/service/app_logger.dart:94:20)[0m
[38;5;12m│ #1   WebSocketService._scheduleReconnection (package:imboy/service/websocket.dart:1086:15)[0m
[38;5;12m├┄┄┄┄┄┄┄┄┄┄┄┄┄┄┄┄┄┄┄┄┄┄┄┄┄┄┄┄┄┄┄┄┄┄┄┄┄┄┄┄┄┄┄┄┄┄┄┄┄┄┄┄┄┄┄┄┄┄┄┄┄┄┄┄┄┄┄┄┄┄┄┄┄┄┄┄┄┄┄┄┄┄┄┄┄┄┄┄┄┄┄┄┄┄┄┄┄┄┄┄┄┄┄┄┄┄┄┄┄┄┄┄┄┄┄┄┄┄┄[0m
[38;5;12m│ 💡 WebSocket 将在 0 秒后重连 (第 1/999999 次尝试)[0m
[38;5;12m└───────────────────────────────────────────────────────────────────────────────────────────────────────────────────────[0m
🛑 [QUEUE] 停止定期清理 Timer
🧹 [QUEUE] 清空队列
00:23 +225: /Users/leeyi/project/imboy.pub/imboyapp/test/unit_test/service/websocket_send_session_test.dart: in-flight priority update cannot duplicate accepted message
📥 [QUEUE] 入队: original, priority=0, 总数=1
🛑 [QUEUE] 停止定期清理 Timer
🧹 [QUEUE] 清空队列
00:23 +226: /Users/leeyi/project/imboy.pub/imboyapp/test/unit_test/service/websocket_send_session_test.dart: flush stops after first frame changes session generation
📥 [QUEUE] 入队: first, priority=0, 总数=1
📥 [QUEUE] 入队: second, priority=0, 总数=2
🛑 [QUEUE] 停止定期清理 Timer
🧹 [QUEUE] 清空队列
00:23 +227: /Users/leeyi/project/imboy.pub/imboyapp/test/unit_test/service/websocket_send_session_test.dart: retained stale ID does not block fresh session enqueue
📥 [QUEUE] 入队: same-id, priority=0, 总数=1
📥 [QUEUE] 入队: same-id, priority=0, 总数=2
⚠️ [QUEUE] 消息已存在: same-id
🛑 [QUEUE] 停止定期清理 Timer
🧹 [QUEUE] 清空队列
00:23 +228: /Users/leeyi/project/imboy.pub/imboyapp/test/unit_test/service/websocket_send_session_test.dart: priority updates require unambiguous account/session scope
📥 [QUEUE] 入队: priority-id, priority=0, 总数=1
📥 [QUEUE] 入队: priority-id, priority=0, 总数=2
🔄 [QUEUE] 更新优先级: priority-id, 0 -> 2
🛑 [QUEUE] 停止定期清理 Timer
🧹 [QUEUE] 清空队列
00:23 +229: /Users/leeyi/project/imboy.pub/imboyapp/test/unit_test/service/websocket_send_session_test.dart: restore same owner ID conflicting=false
🛑 [QUEUE] 停止定期清理 Timer
🧹 [QUEUE] 清空队列
00:23 +230: /Users/leeyi/project/imboy.pub/imboyapp/test/unit_test/service/websocket_send_session_test.dart: restore same owner ID conflicting=true
🛑 [QUEUE] 停止定期清理 Timer
🧹 [QUEUE] 清空队列
00:23 +231: /Users/leeyi/project/imboy.pub/imboyapp/test/unit_test/service/websocket_send_session_test.dart: conflict remains quarantined after expiry leaves one restored row
🗑️ [QUEUE] 清理优先级 0 的 1 条过期消息
🧹 [QUEUE] 总共清理 1 条过期消息
🧹 [QUEUE] 清空队列
🛑 [QUEUE] 停止定期清理 Timer
🧹 [QUEUE] 清空队列
00:23 +232: /Users/leeyi/project/imboy.pub/imboyapp/test/unit_test/service/websocket_send_session_test.dart: queue initialization repeat-normal
🛑 [QUEUE] 停止定期清理 Timer
🧹 [QUEUE] 清空队列
00:24 +233: /Users/leeyi/project/imboy.pub/imboyapp/test/unit_test/service/websocket_send_session_test.dart: queue initialization repeat-conflict
🛑 [QUEUE] 停止定期清理 Timer
🧹 [QUEUE] 清空队列
00:24 +234: /Users/leeyi/project/imboy.pub/imboyapp/test/unit_test/service/websocket_send_session_test.dart: queue initialization merge-conflict
📥 [QUEUE] 入队: init-id, priority=0, 总数=1
🛑 [QUEUE] 停止定期清理 Timer
🧹 [QUEUE] 清空队列
00:24 +235: /Users/leeyi/project/imboy.pub/imboyapp/test/unit_test/service/websocket_send_session_test.dart: bounded queue same-priority
📥 [QUEUE] 入队: capacity-0, priority=0, 总数=1
📥 [QUEUE] 入队: capacity-1, priority=0, 总数=2
📥 [QUEUE] 入队: capacity-2, priority=0, 总数=3
📥 [QUEUE] 入队: capacity-3, priority=0, 总数=4
📥 [QUEUE] 入队: capacity-4, priority=0, 总数=5
📥 [QUEUE] 入队: capacity-5, priority=0, 总数=6
📥 [QUEUE] 入队: capacity-6, priority=0, 总数=7
📥 [QUEUE] 入队: capacity-7, priority=0, 总数=8
📥 [QUEUE] 入队: capacity-8, priority=0, 总数=9
📥 [QUEUE] 入队: capacity-9, priority=0, 总数=10
📥 [QUEUE] 入队: capacity-10, priority=0, 总数=11
📥 [QUEUE] 入队: capacity-11, priority=0, 总数=12
📥 [QUEUE] 入队: capacity-12, priority=0, 总数=13
📥 [QUEUE] 入队: capacity-13, priority=0, 总数=14
📥 [QUEUE] 入队: capacity-14, priority=0, 总数=15
📥 [QUEUE] 入队: capacity-15, priority=0, 总数=16
📥 [QUEUE] 入队: capacity-16, priority=0, 总数=17
📥 [QUEUE] 入队: capacity-17, priority=0, 总数=18
📥 [QUEUE] 入队: capacity-18, priority=0, 总数=19
📥 [QUEUE] 入队: capacity-19, priority=0, 总数=20
📥 [QUEUE] 入队: capacity-20, priority=0, 总数=21
📥 [QUEUE] 入队: capacity-21, priority=0, 总数=22
📥 [QUEUE] 入队: capacity-22, priority=0, 总数=23
📥 [QUEUE] 入队: capacity-23, priority=0, 总数=24
📥 [QUEUE] 入队: capacity-24, priority=0, 总数=25
📥 [QUEUE] 入队: capacity-25, priority=0, 总数=26
📥 [QUEUE] 入队: capacity-26, priority=0, 总数=27
📥 [QUEUE] 入队: capacity-27, priority=0, 总数=28
📥 [QUEUE] 入队: capacity-28, priority=0, 总数=29
📥 [QUEUE] 入队: capacity-29, priority=0, 总数=30
📥 [QUEUE] 入队: capacity-30, priority=0, 总数=31
📥 [QUEUE] 入队: capacity-31, priority=0, 总数=32
📥 [QUEUE] 入队: capacity-32, priority=0, 总数=33
📥 [QUEUE] 入队: capacity-33, priority=0, 总数=34
📥 [QUEUE] 入队: capacity-34, priority=0, 总数=35
📥 [QUEUE] 入队: capacity-35, priority=0, 总数=36
📥 [QUEUE] 入队: capacity-36, priority=0, 总数=37
📥 [QUEUE] 入队: capacity-37, priority=0, 总数=38
📥 [QUEUE] 入队: capacity-38, priority=0, 总数=39
📥 [QUEUE] 入队: capacity-39, priority=0, 总数=40
📥 [QUEUE] 入队: capacity-40, priority=0, 总数=41
📥 [QUEUE] 入队: capacity-41, priority=0, 总数=42
📥 [QUEUE] 入队: capacity-42, priority=0, 总数=43
📥 [QUEUE] 入队: capacity-43, priority=0, 总数=44
📥 [QUEUE] 入队: capacity-44, priority=0, 总数=45
📥 [QUEUE] 入队: capacity-45, priority=0, 总数=46
📥 [QUEUE] 入队: capacity-46, priority=0, 总数=47
📥 [QUEUE] 入队: capacity-47, priority=0, 总数=48
📥 [QUEUE] 入队: capacity-48, priority=0, 总数=49
📥 [QUEUE] 入队: capacity-49, priority=0, 总数=50
📥 [QUEUE] 入队: capacity-50, priority=0, 总数=51
📥 [QUEUE] 入队: capacity-51, priority=0, 总数=52
📥 [QUEUE] 入队: capacity-52, priority=0, 总数=53
📥 [QUEUE] 入队: capacity-53, priority=0, 总数=54
📥 [QUEUE] 入队: capacity-54, priority=0, 总数=55
📥 [QUEUE] 入队: capacity-55, priority=0, 总数=56
📥 [QUEUE] 入队: capacity-56, priority=0, 总数=57
📥 [QUEUE] 入队: capacity-57, priority=0, 总数=58
📥 [QUEUE] 入队: capacity-58, priority=0, 总数=59
📥 [QUEUE] 入队: capacity-59, priority=0, 总数=60
📥 [QUEUE] 入队: capacity-60, priority=0, 总数=61
📥 [QUEUE] 入队: capacity-61, priority=0, 总数=62
📥 [QUEUE] 入队: capacity-62, priority=0, 总数=63
📥 [QUEUE] 入队: capacity-63, priority=0, 总数=64
📥 [QUEUE] 入队: capacity-64, priority=0, 总数=65
📥 [QUEUE] 入队: capacity-65, priority=0, 总数=66
📥 [QUEUE] 入队: capacity-66, priority=0, 总数=67
📥 [QUEUE] 入队: capacity-67, priority=0, 总数=68
📥 [QUEUE] 入队: capacity-68, priority=0, 总数=69
📥 [QUEUE] 入队: capacity-69, priority=0, 总数=70
📥 [QUEUE] 入队: capacity-70, priority=0, 总数=71
📥 [QUEUE] 入队: capacity-71, priority=0, 总数=72
📥 [QUEUE] 入队: capacity-72, priority=0, 总数=73
📥 [QUEUE] 入队: capacity-73, priority=0, 总数=74
📥 [QUEUE] 入队: capacity-74, priority=0, 总数=75
📥 [QUEUE] 入队: capacity-75, priority=0, 总数=76
📥 [QUEUE] 入队: capacity-76, priority=0, 总数=77
📥 [QUEUE] 入队: capacity-77, priority=0, 总数=78
📥 [QUEUE] 入队: capacity-78, priority=0, 总数=79
📥 [QUEUE] 入队: capacity-79, priority=0, 总数=80
📥 [QUEUE] 入队: capacity-80, priority=0, 总数=81
📥 [QUEUE] 入队: capacity-81, priority=0, 总数=82
📥 [QUEUE] 入队: capacity-82, priority=0, 总数=83
📥 [QUEUE] 入队: capacity-83, priority=0, 总数=84
📥 [QUEUE] 入队: capacity-84, priority=0, 总数=85
📥 [QUEUE] 入队: capacity-85, priority=0, 总数=86
📥 [QUEUE] 入队: capacity-86, priority=0, 总数=87
📥 [QUEUE] 入队: capacity-87, priority=0, 总数=88
📥 [QUEUE] 入队: capacity-88, priority=0, 总数=89
📥 [QUEUE] 入队: capacity-89, priority=0, 总数=90
📥 [QUEUE] 入队: capacity-90, priority=0, 总数=91
📥 [QUEUE] 入队: capacity-91, priority=0, 总数=92
📥 [QUEUE] 入队: capacity-92, priority=0, 总数=93
📥 [QUEUE] 入队: capacity-93, priority=0, 总数=94
📥 [QUEUE] 入队: capacity-94, priority=0, 总数=95
📥 [QUEUE] 入队: capacity-95, priority=0, 总数=96
📥 [QUEUE] 入队: capacity-96, priority=0, 总数=97
📥 [QUEUE] 入队: capacity-97, priority=0, 总数=98
📥 [QUEUE] 入队: capacity-98, priority=0, 总数=99
📥 [QUEUE] 入队: capacity-99, priority=0, 总数=100
📥 [QUEUE] 入队: capacity-100, priority=0, 总数=101
📥 [QUEUE] 入队: capacity-101, priority=0, 总数=102
📥 [QUEUE] 入队: capacity-102, priority=0, 总数=103
📥 [QUEUE] 入队: capacity-103, priority=0, 总数=104
📥 [QUEUE] 入队: capacity-104, priority=0, 总数=105
📥 [QUEUE] 入队: capacity-105, priority=0, 总数=106
📥 [QUEUE] 入队: capacity-106, priority=0, 总数=107
📥 [QUEUE] 入队: capacity-107, priority=0, 总数=108
📥 [QUEUE] 入队: capacity-108, priority=0, 总数=109
📥 [QUEUE] 入队: capacity-109, priority=0, 总数=110
📥 [QUEUE] 入队: capacity-110, priority=0, 总数=111
📥 [QUEUE] 入队: capacity-111, priority=0, 总数=112
📥 [QUEUE] 入队: capacity-112, priority=0, 总数=113
📥 [QUEUE] 入队: capacity-113, priority=0, 总数=114
📥 [QUEUE] 入队: capacity-114, priority=0, 总数=115
📥 [QUEUE] 入队: capacity-115, priority=0, 总数=116
📥 [QUEUE] 入队: capacity-116, priority=0, 总数=117
📥 [QUEUE] 入队: capacity-117, priority=0, 总数=118
📥 [QUEUE] 入队: capacity-118, priority=0, 总数=119
📥 [QUEUE] 入队: capacity-119, priority=0, 总数=120
📥 [QUEUE] 入队: capacity-120, priority=0, 总数=121
📥 [QUEUE] 入队: capacity-121, priority=0, 总数=122
📥 [QUEUE] 入队: capacity-122, priority=0, 总数=123
📥 [QUEUE] 入队: capacity-123, priority=0, 总数=124
📥 [QUEUE] 入队: capacity-124, priority=0, 总数=125
📥 [QUEUE] 入队: capacity-125, priority=0, 总数=126
📥 [QUEUE] 入队: capacity-126, priority=0, 总数=127
📥 [QUEUE] 入队: capacity-127, priority=0, 总数=128
📥 [QUEUE] 入队: capacity-128, priority=0, 总数=129
📥 [QUEUE] 入队: capacity-129, priority=0, 总数=130
📥 [QUEUE] 入队: capacity-130, priority=0, 总数=131
📥 [QUEUE] 入队: capacity-131, priority=0, 总数=132
📥 [QUEUE] 入队: capacity-132, priority=0, 总数=133
📥 [QUEUE] 入队: capacity-133, priority=0, 总数=134
📥 [QUEUE] 入队: capacity-134, priority=0, 总数=135
📥 [QUEUE] 入队: capacity-135, priority=0, 总数=136
📥 [QUEUE] 入队: capacity-136, priority=0, 总数=137
📥 [QUEUE] 入队: capacity-137, priority=0, 总数=138
📥 [QUEUE] 入队: capacity-138, priority=0, 总数=139
📥 [QUEUE] 入队: capacity-139, priority=0, 总数=140
📥 [QUEUE] 入队: capacity-140, priority=0, 总数=141
📥 [QUEUE] 入队: capacity-141, priority=0, 总数=142
📥 [QUEUE] 入队: capacity-142, priority=0, 总数=143
📥 [QUEUE] 入队: capacity-143, priority=0, 总数=144
📥 [QUEUE] 入队: capacity-144, priority=0, 总数=145
📥 [QUEUE] 入队: capacity-145, priority=0, 总数=146
📥 [QUEUE] 入队: capacity-146, priority=0, 总数=147
📥 [QUEUE] 入队: capacity-147, priority=0, 总数=148
📥 [QUEUE] 入队: capacity-148, priority=0, 总数=149
📥 [QUEUE] 入队: capacity-149, priority=0, 总数=150
📥 [QUEUE] 入队: capacity-150, priority=0, 总数=151
📥 [QUEUE] 入队: capacity-151, priority=0, 总数=152
📥 [QUEUE] 入队: capacity-152, priority=0, 总数=153
📥 [QUEUE] 入队: capacity-153, priority=0, 总数=154
📥 [QUEUE] 入队: capacity-154, priority=0, 总数=155
📥 [QUEUE] 入队: capacity-155, priority=0, 总数=156
📥 [QUEUE] 入队: capacity-156, priority=0, 总数=157
📥 [QUEUE] 入队: capacity-157, priority=0, 总数=158
📥 [QUEUE] 入队: capacity-158, priority=0, 总数=159
📥 [QUEUE] 入队: capacity-159, priority=0, 总数=160
📥 [QUEUE] 入队: capacity-160, priority=0, 总数=161
📥 [QUEUE] 入队: capacity-161, priority=0, 总数=162
📥 [QUEUE] 入队: capacity-162, priority=0, 总数=163
📥 [QUEUE] 入队: capacity-163, priority=0, 总数=164
📥 [QUEUE] 入队: capacity-164, priority=0, 总数=165
📥 [QUEUE] 入队: capacity-165, priority=0, 总数=166
📥 [QUEUE] 入队: capacity-166, priority=0, 总数=167
📥 [QUEUE] 入队: capacity-167, priority=0, 总数=168
📥 [QUEUE] 入队: capacity-168, priority=0, 总数=169
📥 [QUEUE] 入队: capacity-169, priority=0, 总数=170
📥 [QUEUE] 入队: capacity-170, priority=0, 总数=171
📥 [QUEUE] 入队: capacity-171, priority=0, 总数=172
📥 [QUEUE] 入队: capacity-172, priority=0, 总数=173
📥 [QUEUE] 入队: capacity-173, priority=0, 总数=174
📥 [QUEUE] 入队: capacity-174, priority=0, 总数=175
📥 [QUEUE] 入队: capacity-175, priority=0, 总数=176
📥 [QUEUE] 入队: capacity-176, priority=0, 总数=177
📥 [QUEUE] 入队: capacity-177, priority=0, 总数=178
📥 [QUEUE] 入队: capacity-178, priority=0, 总数=179
📥 [QUEUE] 入队: capacity-179, priority=0, 总数=180
📥 [QUEUE] 入队: capacity-180, priority=0, 总数=181
📥 [QUEUE] 入队: capacity-181, priority=0, 总数=182
📥 [QUEUE] 入队: capacity-182, priority=0, 总数=183
📥 [QUEUE] 入队: capacity-183, priority=0, 总数=184
📥 [QUEUE] 入队: capacity-184, priority=0, 总数=185
📥 [QUEUE] 入队: capacity-185, priority=0, 总数=186
📥 [QUEUE] 入队: capacity-186, priority=0, 总数=187
📥 [QUEUE] 入队: capacity-187, priority=0, 总数=188
📥 [QUEUE] 入队: capacity-188, priority=0, 总数=189
📥 [QUEUE] 入队: capacity-189, priority=0, 总数=190
📥 [QUEUE] 入队: capacity-190, priority=0, 总数=191
📥 [QUEUE] 入队: capacity-191, priority=0, 总数=192
📥 [QUEUE] 入队: capacity-192, priority=0, 总数=193
📥 [QUEUE] 入队: capacity-193, priority=0, 总数=194
📥 [QUEUE] 入队: capacity-194, priority=0, 总数=195
📥 [QUEUE] 入队: capacity-195, priority=0, 总数=196
📥 [QUEUE] 入队: capacity-196, priority=0, 总数=197
📥 [QUEUE] 入队: capacity-197, priority=0, 总数=198
📥 [QUEUE] 入队: capacity-198, priority=0, 总数=199
📥 [QUEUE] 入队: capacity-199, priority=0, 总数=200
🛑 [QUEUE] 停止定期清理 Timer
🧹 [QUEUE] 清空队列
00:24 +236: /Users/leeyi/project/imboy.pub/imboyapp/test/unit_test/service/websocket_send_session_test.dart: bounded queue lower-priority
📥 [QUEUE] 入队: capacity-0, priority=2, 总数=1
📥 [QUEUE] 入队: capacity-1, priority=2, 总数=2
📥 [QUEUE] 入队: capacity-2, priority=2, 总数=3
📥 [QUEUE] 入队: capacity-3, priority=2, 总数=4
📥 [QUEUE] 入队: capacity-4, priority=2, 总数=5
📥 [QUEUE] 入队: capacity-5, priority=2, 总数=6
📥 [QUEUE] 入队: capacity-6, priority=2, 总数=7
📥 [QUEUE] 入队: capacity-7, priority=2, 总数=8
📥 [QUEUE] 入队: capacity-8, priority=2, 总数=9
📥 [QUEUE] 入队: capacity-9, priority=2, 总数=10
📥 [QUEUE] 入队: capacity-10, priority=2, 总数=11
📥 [QUEUE] 入队: capacity-11, priority=2, 总数=12
📥 [QUEUE] 入队: capacity-12, priority=2, 总数=13
📥 [QUEUE] 入队: capacity-13, priority=2, 总数=14
📥 [QUEUE] 入队: capacity-14, priority=2, 总数=15
📥 [QUEUE] 入队: capacity-15, priority=2, 总数=16
📥 [QUEUE] 入队: capacity-16, priority=2, 总数=17
📥 [QUEUE] 入队: capacity-17, priority=2, 总数=18
📥 [QUEUE] 入队: capacity-18, priority=2, 总数=19
📥 [QUEUE] 入队: capacity-19, priority=2, 总数=20
📥 [QUEUE] 入队: capacity-20, priority=2, 总数=21
📥 [QUEUE] 入队: capacity-21, priority=2, 总数=22
📥 [QUEUE] 入队: capacity-22, priority=2, 总数=23
📥 [QUEUE] 入队: capacity-23, priority=2, 总数=24
📥 [QUEUE] 入队: capacity-24, priority=2, 总数=25
📥 [QUEUE] 入队: capacity-25, priority=2, 总数=26
📥 [QUEUE] 入队: capacity-26, priority=2, 总数=27
📥 [QUEUE] 入队: capacity-27, priority=2, 总数=28
📥 [QUEUE] 入队: capacity-28, priority=2, 总数=29
📥 [QUEUE] 入队: capacity-29, priority=2, 总数=30
📥 [QUEUE] 入队: capacity-30, priority=2, 总数=31
📥 [QUEUE] 入队: capacity-31, priority=2, 总数=32
📥 [QUEUE] 入队: capacity-32, priority=2, 总数=33
📥 [QUEUE] 入队: capacity-33, priority=2, 总数=34
📥 [QUEUE] 入队: capacity-34, priority=2, 总数=35
📥 [QUEUE] 入队: capacity-35, priority=2, 总数=36
📥 [QUEUE] 入队: capacity-36, priority=2, 总数=37
📥 [QUEUE] 入队: capacity-37, priority=2, 总数=38
📥 [QUEUE] 入队: capacity-38, priority=2, 总数=39
📥 [QUEUE] 入队: capacity-39, priority=2, 总数=40
📥 [QUEUE] 入队: capacity-40, priority=2, 总数=41
📥 [QUEUE] 入队: capacity-41, priority=2, 总数=42
📥 [QUEUE] 入队: capacity-42, priority=2, 总数=43
📥 [QUEUE] 入队: capacity-43, priority=2, 总数=44
📥 [QUEUE] 入队: capacity-44, priority=2, 总数=45
📥 [QUEUE] 入队: capacity-45, priority=2, 总数=46
📥 [QUEUE] 入队: capacity-46, priority=2, 总数=47
📥 [QUEUE] 入队: capacity-47, priority=2, 总数=48
📥 [QUEUE] 入队: capacity-48, priority=2, 总数=49
📥 [QUEUE] 入队: capacity-49, priority=2, 总数=50
📥 [QUEUE] 入队: capacity-50, priority=2, 总数=51
📥 [QUEUE] 入队: capacity-51, priority=2, 总数=52
📥 [QUEUE] 入队: capacity-52, priority=2, 总数=53
📥 [QUEUE] 入队: capacity-53, priority=2, 总数=54
📥 [QUEUE] 入队: capacity-54, priority=2, 总数=55
📥 [QUEUE] 入队: capacity-55, priority=2, 总数=56
📥 [QUEUE] 入队: capacity-56, priority=2, 总数=57
📥 [QUEUE] 入队: capacity-57, priority=2, 总数=58
📥 [QUEUE] 入队: capacity-58, priority=2, 总数=59
📥 [QUEUE] 入队: capacity-59, priority=2, 总数=60
📥 [QUEUE] 入队: capacity-60, priority=2, 总数=61
📥 [QUEUE] 入队: capacity-61, priority=2, 总数=62
📥 [QUEUE] 入队: capacity-62, priority=2, 总数=63
📥 [QUEUE] 入队: capacity-63, priority=2, 总数=64
📥 [QUEUE] 入队: capacity-64, priority=2, 总数=65
📥 [QUEUE] 入队: capacity-65, priority=2, 总数=66
📥 [QUEUE] 入队: capacity-66, priority=2, 总数=67
📥 [QUEUE] 入队: capacity-67, priority=2, 总数=68
📥 [QUEUE] 入队: capacity-68, priority=2, 总数=69
📥 [QUEUE] 入队: capacity-69, priority=2, 总数=70
📥 [QUEUE] 入队: capacity-70, priority=2, 总数=71
📥 [QUEUE] 入队: capacity-71, priority=2, 总数=72
📥 [QUEUE] 入队: capacity-72, priority=2, 总数=73
📥 [QUEUE] 入队: capacity-73, priority=2, 总数=74
📥 [QUEUE] 入队: capacity-74, priority=2, 总数=75
📥 [QUEUE] 入队: capacity-75, priority=2, 总数=76
📥 [QUEUE] 入队: capacity-76, priority=2, 总数=77
📥 [QUEUE] 入队: capacity-77, priority=2, 总数=78
📥 [QUEUE] 入队: capacity-78, priority=2, 总数=79
📥 [QUEUE] 入队: capacity-79, priority=2, 总数=80
📥 [QUEUE] 入队: capacity-80, priority=2, 总数=81
📥 [QUEUE] 入队: capacity-81, priority=2, 总数=82
📥 [QUEUE] 入队: capacity-82, priority=2, 总数=83
📥 [QUEUE] 入队: capacity-83, priority=2, 总数=84
📥 [QUEUE] 入队: capacity-84, priority=2, 总数=85
📥 [QUEUE] 入队: capacity-85, priority=2, 总数=86
📥 [QUEUE] 入队: capacity-86, priority=2, 总数=87
📥 [QUEUE] 入队: capacity-87, priority=2, 总数=88
📥 [QUEUE] 入队: capacity-88, priority=2, 总数=89
📥 [QUEUE] 入队: capacity-89, priority=2, 总数=90
📥 [QUEUE] 入队: capacity-90, priority=2, 总数=91
📥 [QUEUE] 入队: capacity-91, priority=2, 总数=92
📥 [QUEUE] 入队: capacity-92, priority=2, 总数=93
📥 [QUEUE] 入队: capacity-93, priority=2, 总数=94
📥 [QUEUE] 入队: capacity-94, priority=2, 总数=95
📥 [QUEUE] 入队: capacity-95, priority=2, 总数=96
📥 [QUEUE] 入队: capacity-96, priority=2, 总数=97
📥 [QUEUE] 入队: capacity-97, priority=2, 总数=98
📥 [QUEUE] 入队: capacity-98, priority=2, 总数=99
📥 [QUEUE] 入队: capacity-99, priority=2, 总数=100
📥 [QUEUE] 入队: capacity-100, priority=2, 总数=101
📥 [QUEUE] 入队: capacity-101, priority=2, 总数=102
📥 [QUEUE] 入队: capacity-102, priority=2, 总数=103
📥 [QUEUE] 入队: capacity-103, priority=2, 总数=104
📥 [QUEUE] 入队: capacity-104, priority=2, 总数=105
📥 [QUEUE] 入队: capacity-105, priority=2, 总数=106
📥 [QUEUE] 入队: capacity-106, priority=2, 总数=107
📥 [QUEUE] 入队: capacity-107, priority=2, 总数=108
📥 [QUEUE] 入队: capacity-108, priority=2, 总数=109
📥 [QUEUE] 入队: capacity-109, priority=2, 总数=110
📥 [QUEUE] 入队: capacity-110, priority=2, 总数=111
📥 [QUEUE] 入队: capacity-111, priority=2, 总数=112
📥 [QUEUE] 入队: capacity-112, priority=2, 总数=113
📥 [QUEUE] 入队: capacity-113, priority=2, 总数=114
📥 [QUEUE] 入队: capacity-114, priority=2, 总数=115
📥 [QUEUE] 入队: capacity-115, priority=2, 总数=116
📥 [QUEUE] 入队: capacity-116, priority=2, 总数=117
📥 [QUEUE] 入队: capacity-117, priority=2, 总数=118
📥 [QUEUE] 入队: capacity-118, priority=2, 总数=119
📥 [QUEUE] 入队: capacity-119, priority=2, 总数=120
📥 [QUEUE] 入队: capacity-120, priority=2, 总数=121
📥 [QUEUE] 入队: capacity-121, priority=2, 总数=122
📥 [QUEUE] 入队: capacity-122, priority=2, 总数=123
📥 [QUEUE] 入队: capacity-123, priority=2, 总数=124
📥 [QUEUE] 入队: capacity-124, priority=2, 总数=125
📥 [QUEUE] 入队: capacity-125, priority=2, 总数=126
📥 [QUEUE] 入队: capacity-126, priority=2, 总数=127
📥 [QUEUE] 入队: capacity-127, priority=2, 总数=128
📥 [QUEUE] 入队: capacity-128, priority=2, 总数=129
📥 [QUEUE] 入队: capacity-129, priority=2, 总数=130
📥 [QUEUE] 入队: capacity-130, priority=2, 总数=131
📥 [QUEUE] 入队: capacity-131, priority=2, 总数=132
📥 [QUEUE] 入队: capacity-132, priority=2, 总数=133
📥 [QUEUE] 入队: capacity-133, priority=2, 总数=134
📥 [QUEUE] 入队: capacity-134, priority=2, 总数=135
📥 [QUEUE] 入队: capacity-135, priority=2, 总数=136
📥 [QUEUE] 入队: capacity-136, priority=2, 总数=137
📥 [QUEUE] 入队: capacity-137, priority=2, 总数=138
📥 [QUEUE] 入队: capacity-138, priority=2, 总数=139
📥 [QUEUE] 入队: capacity-139, priority=2, 总数=140
📥 [QUEUE] 入队: capacity-140, priority=2, 总数=141
📥 [QUEUE] 入队: capacity-141, priority=2, 总数=142
📥 [QUEUE] 入队: capacity-142, priority=2, 总数=143
📥 [QUEUE] 入队: capacity-143, priority=2, 总数=144
📥 [QUEUE] 入队: capacity-144, priority=2, 总数=145
📥 [QUEUE] 入队: capacity-145, priority=2, 总数=146
📥 [QUEUE] 入队: capacity-146, priority=2, 总数=147
📥 [QUEUE] 入队: capacity-147, priority=2, 总数=148
📥 [QUEUE] 入队: capacity-148, priority=2, 总数=149
📥 [QUEUE] 入队: capacity-149, priority=2, 总数=150
📥 [QUEUE] 入队: capacity-150, priority=2, 总数=151
📥 [QUEUE] 入队: capacity-151, priority=2, 总数=152
📥 [QUEUE] 入队: capacity-152, priority=2, 总数=153
📥 [QUEUE] 入队: capacity-153, priority=2, 总数=154
📥 [QUEUE] 入队: capacity-154, priority=2, 总数=155
📥 [QUEUE] 入队: capacity-155, priority=2, 总数=156
📥 [QUEUE] 入队: capacity-156, priority=2, 总数=157
📥 [QUEUE] 入队: capacity-157, priority=2, 总数=158
📥 [QUEUE] 入队: capacity-158, priority=2, 总数=159
📥 [QUEUE] 入队: capacity-159, priority=2, 总数=160
📥 [QUEUE] 入队: capacity-160, priority=2, 总数=161
📥 [QUEUE] 入队: capacity-161, priority=2, 总数=162
📥 [QUEUE] 入队: capacity-162, priority=2, 总数=163
📥 [QUEUE] 入队: capacity-163, priority=2, 总数=164
📥 [QUEUE] 入队: capacity-164, priority=2, 总数=165
📥 [QUEUE] 入队: capacity-165, priority=2, 总数=166
📥 [QUEUE] 入队: capacity-166, priority=2, 总数=167
📥 [QUEUE] 入队: capacity-167, priority=2, 总数=168
📥 [QUEUE] 入队: capacity-168, priority=2, 总数=169
📥 [QUEUE] 入队: capacity-169, priority=2, 总数=170
📥 [QUEUE] 入队: capacity-170, priority=2, 总数=171
📥 [QUEUE] 入队: capacity-171, priority=2, 总数=172
📥 [QUEUE] 入队: capacity-172, priority=2, 总数=173
📥 [QUEUE] 入队: capacity-173, priority=2, 总数=174
📥 [QUEUE] 入队: capacity-174, priority=2, 总数=175
📥 [QUEUE] 入队: capacity-175, priority=2, 总数=176
📥 [QUEUE] 入队: capacity-176, priority=2, 总数=177
📥 [QUEUE] 入队: capacity-177, priority=2, 总数=178
📥 [QUEUE] 入队: capacity-178, priority=2, 总数=179
📥 [QUEUE] 入队: capacity-179, priority=2, 总数=180
📥 [QUEUE] 入队: capacity-180, priority=2, 总数=181
📥 [QUEUE] 入队: capacity-181, priority=2, 总数=182
📥 [QUEUE] 入队: capacity-182, priority=2, 总数=183
📥 [QUEUE] 入队: capacity-183, priority=2, 总数=184
📥 [QUEUE] 入队: capacity-184, priority=2, 总数=185
📥 [QUEUE] 入队: capacity-185, priority=2, 总数=186
📥 [QUEUE] 入队: capacity-186, priority=2, 总数=187
📥 [QUEUE] 入队: capacity-187, priority=2, 总数=188
📥 [QUEUE] 入队: capacity-188, priority=2, 总数=189
📥 [QUEUE] 入队: capacity-189, priority=2, 总数=190
📥 [QUEUE] 入队: capacity-190, priority=2, 总数=191
📥 [QUEUE] 入队: capacity-191, priority=2, 总数=192
📥 [QUEUE] 入队: capacity-192, priority=2, 总数=193
📥 [QUEUE] 入队: capacity-193, priority=2, 总数=194
📥 [QUEUE] 入队: capacity-194, priority=2, 总数=195
📥 [QUEUE] 入队: capacity-195, priority=2, 总数=196
📥 [QUEUE] 入队: capacity-196, priority=2, 总数=197
📥 [QUEUE] 入队: capacity-197, priority=2, 总数=198
📥 [QUEUE] 入队: capacity-198, priority=2, 总数=199
📥 [QUEUE] 入队: capacity-199, priority=2, 总数=200
🛑 [QUEUE] 停止定期清理 Timer
🧹 [QUEUE] 清空队列
00:24 +237: /Users/leeyi/project/imboy.pub/imboyapp/test/unit_test/service/websocket_send_session_test.dart: bounded queue evicted-reenqueue
📥 [QUEUE] 入队: capacity-0, priority=0, 总数=1
📥 [QUEUE] 入队: capacity-1, priority=0, 总数=2
📥 [QUEUE] 入队: capacity-2, priority=0, 总数=3
📥 [QUEUE] 入队: capacity-3, priority=0, 总数=4
📥 [QUEUE] 入队: capacity-4, priority=0, 总数=5
📥 [QUEUE] 入队: capacity-5, priority=0, 总数=6
📥 [QUEUE] 入队: capacity-6, priority=0, 总数=7
📥 [QUEUE] 入队: capacity-7, priority=0, 总数=8
📥 [QUEUE] 入队: capacity-8, priority=0, 总数=9
📥 [QUEUE] 入队: capacity-9, priority=0, 总数=10
📥 [QUEUE] 入队: capacity-10, priority=0, 总数=11
📥 [QUEUE] 入队: capacity-11, priority=0, 总数=12
📥 [QUEUE] 入队: capacity-12, priority=0, 总数=13
📥 [QUEUE] 入队: capacity-13, priority=0, 总数=14
📥 [QUEUE] 入队: capacity-14, priority=0, 总数=15
📥 [QUEUE] 入队: capacity-15, priority=0, 总数=16
📥 [QUEUE] 入队: capacity-16, priority=0, 总数=17
📥 [QUEUE] 入队: capacity-17, priority=0, 总数=18
📥 [QUEUE] 入队: capacity-18, priority=0, 总数=19
📥 [QUEUE] 入队: capacity-19, priority=0, 总数=20
📥 [QUEUE] 入队: capacity-20, priority=0, 总数=21
📥 [QUEUE] 入队: capacity-21, priority=0, 总数=22
📥 [QUEUE] 入队: capacity-22, priority=0, 总数=23
📥 [QUEUE] 入队: capacity-23, priority=0, 总数=24
📥 [QUEUE] 入队: capacity-24, priority=0, 总数=25
📥 [QUEUE] 入队: capacity-25, priority=0, 总数=26
📥 [QUEUE] 入队: capacity-26, priority=0, 总数=27
📥 [QUEUE] 入队: capacity-27, priority=0, 总数=28
📥 [QUEUE] 入队: capacity-28, priority=0, 总数=29
📥 [QUEUE] 入队: capacity-29, priority=0, 总数=30
📥 [QUEUE] 入队: capacity-30, priority=0, 总数=31
📥 [QUEUE] 入队: capacity-31, priority=0, 总数=32
📥 [QUEUE] 入队: capacity-32, priority=0, 总数=33
📥 [QUEUE] 入队: capacity-33, priority=0, 总数=34
📥 [QUEUE] 入队: capacity-34, priority=0, 总数=35
📥 [QUEUE] 入队: capacity-35, priority=0, 总数=36
📥 [QUEUE] 入队: capacity-36, priority=0, 总数=37
📥 [QUEUE] 入队: capacity-37, priority=0, 总数=38
📥 [QUEUE] 入队: capacity-38, priority=0, 总数=39
📥 [QUEUE] 入队: capacity-39, priority=0, 总数=40
📥 [QUEUE] 入队: capacity-40, priority=0, 总数=41
📥 [QUEUE] 入队: capacity-41, priority=0, 总数=42
📥 [QUEUE] 入队: capacity-42, priority=0, 总数=43
📥 [QUEUE] 入队: capacity-43, priority=0, 总数=44
📥 [QUEUE] 入队: capacity-44, priority=0, 总数=45
📥 [QUEUE] 入队: capacity-45, priority=0, 总数=46
📥 [QUEUE] 入队: capacity-46, priority=0, 总数=47
📥 [QUEUE] 入队: capacity-47, priority=0, 总数=48
📥 [QUEUE] 入队: capacity-48, priority=0, 总数=49
📥 [QUEUE] 入队: capacity-49, priority=0, 总数=50
📥 [QUEUE] 入队: capacity-50, priority=0, 总数=51
📥 [QUEUE] 入队: capacity-51, priority=0, 总数=52
📥 [QUEUE] 入队: capacity-52, priority=0, 总数=53
📥 [QUEUE] 入队: capacity-53, priority=0, 总数=54
📥 [QUEUE] 入队: capacity-54, priority=0, 总数=55
📥 [QUEUE] 入队: capacity-55, priority=0, 总数=56
📥 [QUEUE] 入队: capacity-56, priority=0, 总数=57
📥 [QUEUE] 入队: capacity-57, priority=0, 总数=58
📥 [QUEUE] 入队: capacity-58, priority=0, 总数=59
📥 [QUEUE] 入队: capacity-59, priority=0, 总数=60
📥 [QUEUE] 入队: capacity-60, priority=0, 总数=61
📥 [QUEUE] 入队: capacity-61, priority=0, 总数=62
📥 [QUEUE] 入队: capacity-62, priority=0, 总数=63
📥 [QUEUE] 入队: capacity-63, priority=0, 总数=64
📥 [QUEUE] 入队: capacity-64, priority=0, 总数=65
📥 [QUEUE] 入队: capacity-65, priority=0, 总数=66
📥 [QUEUE] 入队: capacity-66, priority=0, 总数=67
📥 [QUEUE] 入队: capacity-67, priority=0, 总数=68
📥 [QUEUE] 入队: capacity-68, priority=0, 总数=69
📥 [QUEUE] 入队: capacity-69, priority=0, 总数=70
📥 [QUEUE] 入队: capacity-70, priority=0, 总数=71
📥 [QUEUE] 入队: capacity-71, priority=0, 总数=72
📥 [QUEUE] 入队: capacity-72, priority=0, 总数=73
📥 [QUEUE] 入队: capacity-73, priority=0, 总数=74
📥 [QUEUE] 入队: capacity-74, priority=0, 总数=75
📥 [QUEUE] 入队: capacity-75, priority=0, 总数=76
📥 [QUEUE] 入队: capacity-76, priority=0, 总数=77
📥 [QUEUE] 入队: capacity-77, priority=0, 总数=78
📥 [QUEUE] 入队: capacity-78, priority=0, 总数=79
📥 [QUEUE] 入队: capacity-79, priority=0, 总数=80
📥 [QUEUE] 入队: capacity-80, priority=0, 总数=81
📥 [QUEUE] 入队: capacity-81, priority=0, 总数=82
📥 [QUEUE] 入队: capacity-82, priority=0, 总数=83
📥 [QUEUE] 入队: capacity-83, priority=0, 总数=84
📥 [QUEUE] 入队: capacity-84, priority=0, 总数=85
📥 [QUEUE] 入队: capacity-85, priority=0, 总数=86
📥 [QUEUE] 入队: capacity-86, priority=0, 总数=87
📥 [QUEUE] 入队: capacity-87, priority=0, 总数=88
📥 [QUEUE] 入队: capacity-88, priority=0, 总数=89
📥 [QUEUE] 入队: capacity-89, priority=0, 总数=90
📥 [QUEUE] 入队: capacity-90, priority=0, 总数=91
📥 [QUEUE] 入队: capacity-91, priority=0, 总数=92
📥 [QUEUE] 入队: capacity-92, priority=0, 总数=93
📥 [QUEUE] 入队: capacity-93, priority=0, 总数=94
📥 [QUEUE] 入队: capacity-94, priority=0, 总数=95
📥 [QUEUE] 入队: capacity-95, priority=0, 总数=96
📥 [QUEUE] 入队: capacity-96, priority=0, 总数=97
📥 [QUEUE] 入队: capacity-97, priority=0, 总数=98
📥 [QUEUE] 入队: capacity-98, priority=0, 总数=99
📥 [QUEUE] 入队: capacity-99, priority=0, 总数=100
📥 [QUEUE] 入队: capacity-100, priority=0, 总数=101
📥 [QUEUE] 入队: capacity-101, priority=0, 总数=102
📥 [QUEUE] 入队: capacity-102, priority=0, 总数=103
📥 [QUEUE] 入队: capacity-103, priority=0, 总数=104
📥 [QUEUE] 入队: capacity-104, priority=0, 总数=105
📥 [QUEUE] 入队: capacity-105, priority=0, 总数=106
📥 [QUEUE] 入队: capacity-106, priority=0, 总数=107
📥 [QUEUE] 入队: capacity-107, priority=0, 总数=108
📥 [QUEUE] 入队: capacity-108, priority=0, 总数=109
📥 [QUEUE] 入队: capacity-109, priority=0, 总数=110
📥 [QUEUE] 入队: capacity-110, priority=0, 总数=111
📥 [QUEUE] 入队: capacity-111, priority=0, 总数=112
📥 [QUEUE] 入队: capacity-112, priority=0, 总数=113
📥 [QUEUE] 入队: capacity-113, priority=0, 总数=114
📥 [QUEUE] 入队: capacity-114, priority=0, 总数=115
📥 [QUEUE] 入队: capacity-115, priority=0, 总数=116
📥 [QUEUE] 入队: capacity-116, priority=0, 总数=117
📥 [QUEUE] 入队: capacity-117, priority=0, 总数=118
📥 [QUEUE] 入队: capacity-118, priority=0, 总数=119
📥 [QUEUE] 入队: capacity-119, priority=0, 总数=120
📥 [QUEUE] 入队: capacity-120, priority=0, 总数=121
📥 [QUEUE] 入队: capacity-121, priority=0, 总数=122
📥 [QUEUE] 入队: capacity-122, priority=0, 总数=123
📥 [QUEUE] 入队: capacity-123, priority=0, 总数=124
📥 [QUEUE] 入队: capacity-124, priority=0, 总数=125
📥 [QUEUE] 入队: capacity-125, priority=0, 总数=126
📥 [QUEUE] 入队: capacity-126, priority=0, 总数=127
📥 [QUEUE] 入队: capacity-127, priority=0, 总数=128
📥 [QUEUE] 入队: capacity-128, priority=0, 总数=129
📥 [QUEUE] 入队: capacity-129, priority=0, 总数=130
📥 [QUEUE] 入队: capacity-130, priority=0, 总数=131
📥 [QUEUE] 入队: capacity-131, priority=0, 总数=132
📥 [QUEUE] 入队: capacity-132, priority=0, 总数=133
📥 [QUEUE] 入队: capacity-133, priority=0, 总数=134
📥 [QUEUE] 入队: capacity-134, priority=0, 总数=135
📥 [QUEUE] 入队: capacity-135, priority=0, 总数=136
📥 [QUEUE] 入队: capacity-136, priority=0, 总数=137
📥 [QUEUE] 入队: capacity-137, priority=0, 总数=138
📥 [QUEUE] 入队: capacity-138, priority=0, 总数=139
📥 [QUEUE] 入队: capacity-139, priority=0, 总数=140
📥 [QUEUE] 入队: capacity-140, priority=0, 总数=141
📥 [QUEUE] 入队: capacity-141, priority=0, 总数=142
📥 [QUEUE] 入队: capacity-142, priority=0, 总数=143
📥 [QUEUE] 入队: capacity-143, priority=0, 总数=144
📥 [QUEUE] 入队: capacity-144, priority=0, 总数=145
📥 [QUEUE] 入队: capacity-145, priority=0, 总数=146
📥 [QUEUE] 入队: capacity-146, priority=0, 总数=147
📥 [QUEUE] 入队: capacity-147, priority=0, 总数=148
📥 [QUEUE] 入队: capacity-148, priority=0, 总数=149
📥 [QUEUE] 入队: capacity-149, priority=0, 总数=150
📥 [QUEUE] 入队: capacity-150, priority=0, 总数=151
📥 [QUEUE] 入队: capacity-151, priority=0, 总数=152
📥 [QUEUE] 入队: capacity-152, priority=0, 总数=153
📥 [QUEUE] 入队: capacity-153, priority=0, 总数=154
📥 [QUEUE] 入队: capacity-154, priority=0, 总数=155
📥 [QUEUE] 入队: capacity-155, priority=0, 总数=156
📥 [QUEUE] 入队: capacity-156, priority=0, 总数=157
📥 [QUEUE] 入队: capacity-157, priority=0, 总数=158
📥 [QUEUE] 入队: capacity-158, priority=0, 总数=159
📥 [QUEUE] 入队: capacity-159, priority=0, 总数=160
📥 [QUEUE] 入队: capacity-160, priority=0, 总数=161
📥 [QUEUE] 入队: capacity-161, priority=0, 总数=162
📥 [QUEUE] 入队: capacity-162, priority=0, 总数=163
📥 [QUEUE] 入队: capacity-163, priority=0, 总数=164
📥 [QUEUE] 入队: capacity-164, priority=0, 总数=165
📥 [QUEUE] 入队: capacity-165, priority=0, 总数=166
📥 [QUEUE] 入队: capacity-166, priority=0, 总数=167
📥 [QUEUE] 入队: capacity-167, priority=0, 总数=168
📥 [QUEUE] 入队: capacity-168, priority=0, 总数=169
📥 [QUEUE] 入队: capacity-169, priority=0, 总数=170
📥 [QUEUE] 入队: capacity-170, priority=0, 总数=171
📥 [QUEUE] 入队: capacity-171, priority=0, 总数=172
📥 [QUEUE] 入队: capacity-172, priority=0, 总数=173
📥 [QUEUE] 入队: capacity-173, priority=0, 总数=174
📥 [QUEUE] 入队: capacity-174, priority=0, 总数=175
📥 [QUEUE] 入队: capacity-175, priority=0, 总数=176
📥 [QUEUE] 入队: capacity-176, priority=0, 总数=177
📥 [QUEUE] 入队: capacity-177, priority=0, 总数=178
📥 [QUEUE] 入队: capacity-178, priority=0, 总数=179
📥 [QUEUE] 入队: capacity-179, priority=0, 总数=180
📥 [QUEUE] 入队: capacity-180, priority=0, 总数=181
📥 [QUEUE] 入队: capacity-181, priority=0, 总数=182
📥 [QUEUE] 入队: capacity-182, priority=0, 总数=183
📥 [QUEUE] 入队: capacity-183, priority=0, 总数=184
📥 [QUEUE] 入队: capacity-184, priority=0, 总数=185
📥 [QUEUE] 入队: capacity-185, priority=0, 总数=186
📥 [QUEUE] 入队: capacity-186, priority=0, 总数=187
📥 [QUEUE] 入队: capacity-187, priority=0, 总数=188
📥 [QUEUE] 入队: capacity-188, priority=0, 总数=189
📥 [QUEUE] 入队: capacity-189, priority=0, 总数=190
📥 [QUEUE] 入队: capacity-190, priority=0, 总数=191
📥 [QUEUE] 入队: capacity-191, priority=0, 总数=192
📥 [QUEUE] 入队: capacity-192, priority=0, 总数=193
📥 [QUEUE] 入队: capacity-193, priority=0, 总数=194
📥 [QUEUE] 入队: capacity-194, priority=0, 总数=195
📥 [QUEUE] 入队: capacity-195, priority=0, 总数=196
📥 [QUEUE] 入队: capacity-196, priority=0, 总数=197
📥 [QUEUE] 入队: capacity-197, priority=0, 总数=198
📥 [QUEUE] 入队: capacity-198, priority=0, 总数=199
📥 [QUEUE] 入队: capacity-199, priority=0, 总数=200
🗑️ [QUEUE] 移除低优先级消息: priority=0
📥 [QUEUE] 入队: high, priority=1, 总数=200
📥 [QUEUE] 入队: capacity-0, priority=0, 总数=200
🛑 [QUEUE] 停止定期清理 Timer
🧹 [QUEUE] 清空队列
00:24 +238: All tests passed!
